[2026-08-16T05:10:32Z] Discovering complete competition season from the selected results page...
[2026-08-16T05:10:32Z] Discovering tournament matches...
[2026-08-16T05:10:32Z] Discovery navigate: https://www.flashscore.com/football/italy/serie-a-2023-2024/results/
[2026-08-16T05:10:34Z] Tournament page loaded. Waiting for match list...
[2026-08-16T05:10:36Z] Reading tournament match list...
[2026-08-16T05:10:36Z] Script [discover_matches] result prefix: {"section":"match_discovery","page_url":"https://www.flashscore.com/football/italy/serie-a-2023-2024/results/","page_title":"Serie A 2023/2024 Results - Football/Italy","body_text_length":6133,"event_node_count":105,"anchor_count":135,"match_count":105,"final_tournament_limit":0,"load_more_clicked":true,"matches":[{"match_id":"0OKRs71U","url":"https://www.flashscore.com/match/football/atalanta-8C9JjMXu/fiorentina-Q3A3IbXH/summary/stats/overall/?mid=0OKRs71U","text":"02.06.2024 Atalanta Fiorentin
[2026-08-16T05:10:36Z] WARNING: Discovery anchor was not found on the results page: 
[2026-08-16T05:10:36Z] Discovery page returned 105 matches; 0 added. Event nodes: 105; anchors: 135; body text: 6133.
[2026-08-16T05:10:36Z] Flashscore Show more clicked; waiting for additional matches...
[2026-08-16T05:10:37Z] Reading tournament match list...
[2026-08-16T05:10:37Z] Script [discover_matches] result prefix: {"section":"match_discovery","page_url":"https://www.flashscore.com/football/italy/serie-a-2023-2024/results/","page_title":"Serie A 2023/2024 Results - Football/Italy","body_text_length":9188,"event_node_count":200,"anchor_count":230,"match_count":200,"final_tournament_limit":0,"load_more_clicked":true,"matches":[{"match_id":"0OKRs71U","url":"https://www.flashscore.com/match/football/atalanta-8C9JjMXu/fiorentina-Q3A3IbXH/summary/stats/overall/?mid=0OKRs71U","text":"02.06.2024 Atalanta Fiorentin
[2026-08-16T05:10:37Z] WARNING: Discovery anchor was not found on the results page: 
[2026-08-16T05:10:37Z] Discovery page returned 200 matches; 0 added. Event nodes: 200; anchors: 230; body text: 9188.
[2026-08-16T05:10:37Z] Flashscore Show more clicked; waiting for additional matches...
[2026-08-16T05:10:39Z] Reading tournament match list...
[2026-08-16T05:10:39Z] Script [discover_matches] result prefix: {"section":"match_discovery","page_url":"https://www.flashscore.com/football/italy/serie-a-2023-2024/results/","page_title":"Serie A 2023/2024 Results - Football/Italy","body_text_length":12381,"event_node_count":300,"anchor_count":330,"match_count":300,"final_tournament_limit":0,"load_more_clicked":true,"matches":[{"match_id":"0OKRs71U","url":"https://www.flashscore.com/match/football/atalanta-8C9JjMXu/fiorentina-Q3A3IbXH/summary/stats/overall/?mid=0OKRs71U","text":"02.06.2024 Atalanta Fiorenti
[2026-08-16T05:10:39Z] WARNING: Discovery anchor was not found on the results page: 
[2026-08-16T05:10:39Z] Discovery page returned 300 matches; 0 added. Event nodes: 300; anchors: 330; body text: 12381.
[2026-08-16T05:10:39Z] Flashscore Show more clicked; waiting for additional matches...
[2026-08-16T05:10:41Z] Reading tournament match list...
[2026-08-16T05:10:41Z] Script [discover_matches] result prefix: {"section":"match_discovery","page_url":"https://www.flashscore.com/football/italy/serie-a-2023-2024/results/","page_title":"Serie A 2023/2024 Results - Football/Italy","body_text_length":14907,"event_node_count":380,"anchor_count":410,"match_count":380,"final_tournament_limit":0,"load_more_clicked":false,"matches":[{"match_id":"0OKRs71U","url":"https://www.flashscore.com/match/football/atalanta-8C9JjMXu/fiorentina-Q3A3IbXH/summary/stats/overall/?mid=0OKRs71U","text":"02.06.2024 Atalanta Fiorent
[2026-08-16T05:10:41Z] WARNING: Discovery anchor was not found on the results page: 
[2026-08-16T05:10:41Z] Discovery page returned 380 matches; 0 added. Event nodes: 380; anchors: 410; body text: 14907.
[2026-08-16T05:10:41Z] Season discovery finished. Discovered 0 matches.
[2026-08-16T05:10:41Z] Italian Serie A 2023/2024 discovery is incomplete: expected 380 matches, discovered 0. Collection was not started.
[2026-08-16T05:13:56Z] Discovering complete competition season from the selected results page...
[2026-08-16T05:13:56Z] Discovering tournament matches...
[2026-08-16T05:13:56Z] Discovery navigate: https://www.flashscore.com/football/italy/serie-a-2023-2024/results/
[2026-08-16T05:13:57Z] Tournament page loaded. Waiting for match list...
[2026-08-16T05:13:59Z] Reading tournament match list...
[2026-08-16T05:13:59Z] Script [discover_matches] result prefix: {"section":"match_discovery","page_url":"https://www.flashscore.com/football/italy/serie-a-2023-2024/results/","page_title":"Serie A 2023/2024 Results - Football/Italy","body_text_length":6133,"event_node_count":105,"anchor_count":135,"match_count":105,"final_tournament_limit":0,"load_more_clicked":true,"matches":[{"match_id":"0OKRs71U","url":"https://www.flashscore.com/match/football/atalanta-8C9JjMXu/fiorentina-Q3A3IbXH/summary/stats/overall/?mid=0OKRs71U","text":"02.06.2024 Atalanta Fiorentin
[2026-08-16T05:13:59Z] WARNING: Discovery anchor was not found on the results page: 
[2026-08-16T05:13:59Z] Discovery page returned 105 matches; 0 added. Event nodes: 105; anchors: 135; body text: 6133.
[2026-08-16T05:13:59Z] Flashscore Show more clicked; waiting for additional matches...
[2026-08-16T05:14:00Z] Reading tournament match list...
[2026-08-16T05:14:00Z] Script [discover_matches] result prefix: {"section":"match_discovery","page_url":"https://www.flashscore.com/football/italy/serie-a-2023-2024/results/","page_title":"Serie A 2023/2024 Results - Football/Italy","body_text_length":6115,"event_node_count":105,"anchor_count":135,"match_count":105,"final_tournament_limit":0,"load_more_clicked":false,"matches":[{"match_id":"0OKRs71U","url":"https://www.flashscore.com/match/football/atalanta-8C9JjMXu/fiorentina-Q3A3IbXH/summary/stats/overall/?mid=0OKRs71U","text":"02.06.2024 Atalanta Fiorenti
[2026-08-16T05:14:00Z] WARNING: Discovery anchor was not found on the results page: 
[2026-08-16T05:14:00Z] Discovery page returned 105 matches; 0 added. Event nodes: 105; anchors: 135; body text: 6115.
[2026-08-16T05:14:00Z] Season discovery finished. Discovered 0 matches.
[2026-08-16T05:14:00Z] Italian Serie A 2023/2024 discovery is incomplete: expected 380 matches, discovered 0. Collection was not started.
[2026-08-16T05:59:58Z] Discovering complete competition season from the selected results page...
[2026-08-16T05:59:58Z] Discovering tournament matches...
[2026-08-16T05:59:58Z] Discovery navigate: https://www.flashscore.com/football/italy/serie-a-2023-2024/results/
[2026-08-16T06:00:01Z] Tournament page loaded. Waiting for match list...
[2026-08-16T06:00:02Z] Reading tournament match list...
[2026-08-16T06:00:03Z] Script [discover_matches] result prefix: {"section":"match_discovery","page_url":"https://www.flashscore.com/football/italy/serie-a-2023-2024/results/","page_title":"Serie A 2023/2024 Results - Football/Italy","body_text_length":6133,"event_node_count":105,"anchor_count":135,"match_count":105,"final_tournament_limit":0,"load_more_clicked":true,"matches":[{"match_id":"0OKRs71U","url":"https://www.flashscore.com/match/football/atalanta-8C9JjMXu/fiorentina-Q3A3IbXH/summary/stats/overall/?mid=0OKRs71U","text":"02.06.2024 Atalanta Fiorentin
[2026-08-16T06:00:03Z] Discovery snapshot is partial (105 matches rendered). Flashscore Show more clicked; waiting for earlier rounds...
[2026-08-16T06:00:04Z] Reading tournament match list...
[2026-08-16T06:00:04Z] Script [discover_matches] result prefix: {"section":"match_discovery","page_url":"https://www.flashscore.com/football/italy/serie-a-2023-2024/results/","page_title":"Serie A 2023/2024 Results - Football/Italy","body_text_length":9188,"event_node_count":200,"anchor_count":230,"match_count":200,"final_tournament_limit":0,"load_more_clicked":true,"matches":[{"match_id":"0OKRs71U","url":"https://www.flashscore.com/match/football/atalanta-8C9JjMXu/fiorentina-Q3A3IbXH/summary/stats/overall/?mid=0OKRs71U","text":"02.06.2024 Atalanta Fiorentin
[2026-08-16T06:00:04Z] Discovery snapshot is partial (200 matches rendered). Flashscore Show more clicked; waiting for earlier rounds...
[2026-08-16T06:00:06Z] Reading tournament match list...
[2026-08-16T06:00:06Z] Script [discover_matches] result prefix: {"section":"match_discovery","page_url":"https://www.flashscore.com/football/italy/serie-a-2023-2024/results/","page_title":"Serie A 2023/2024 Results - Football/Italy","body_text_length":12381,"event_node_count":300,"anchor_count":330,"match_count":300,"final_tournament_limit":0,"load_more_clicked":true,"matches":[{"match_id":"0OKRs71U","url":"https://www.flashscore.com/match/football/atalanta-8C9JjMXu/fiorentina-Q3A3IbXH/summary/stats/overall/?mid=0OKRs71U","text":"02.06.2024 Atalanta Fiorenti
[2026-08-16T06:00:06Z] Discovery snapshot is partial (300 matches rendered). Flashscore Show more clicked; waiting for earlier rounds...
[2026-08-16T06:00:07Z] Reading tournament match list...
[2026-08-16T06:00:08Z] Script [discover_matches] result prefix: {"section":"match_discovery","page_url":"https://www.flashscore.com/football/italy/serie-a-2023-2024/results/","page_title":"Serie A 2023/2024 Results - Football/Italy","body_text_length":14907,"event_node_count":380,"anchor_count":410,"match_count":380,"final_tournament_limit":0,"load_more_clicked":false,"matches":[{"match_id":"0OKRs71U","url":"https://www.flashscore.com/match/football/atalanta-8C9JjMXu/fiorentina-Q3A3IbXH/summary/stats/overall/?mid=0OKRs71U","text":"02.06.2024 Atalanta Fiorent
[2026-08-16T06:00:08Z] Discovery expanded from 300 to 380 rendered matches; waiting for the next Show more state...
[2026-08-16T06:00:09Z] Reading tournament match list...
[2026-08-16T06:00:09Z] Script [discover_matches] result prefix: {"section":"match_discovery","page_url":"https://www.flashscore.com/football/italy/serie-a-2023-2024/results/","page_title":"Serie A 2023/2024 Results - Football/Italy","body_text_length":14907,"event_node_count":380,"anchor_count":410,"match_count":380,"final_tournament_limit":0,"load_more_clicked":false,"matches":[{"match_id":"0OKRs71U","url":"https://www.flashscore.com/match/football/atalanta-8C9JjMXu/fiorentina-Q3A3IbXH/summary/stats/overall/?mid=0OKRs71U","text":"02.06.2024 Atalanta Fiorent
[2026-08-16T06:00:11Z] Reading tournament match list...
[2026-08-16T06:00:11Z] Script [discover_matches] result prefix: {"section":"match_discovery","page_url":"https://www.flashscore.com/football/italy/serie-a-2023-2024/results/","page_title":"Serie A 2023/2024 Results - Football/Italy","body_text_length":14907,"event_node_count":380,"anchor_count":410,"match_count":380,"final_tournament_limit":0,"load_more_clicked":false,"matches":[{"match_id":"0OKRs71U","url":"https://www.flashscore.com/match/football/atalanta-8C9JjMXu/fiorentina-Q3A3IbXH/summary/stats/overall/?mid=0OKRs71U","text":"02.06.2024 Atalanta Fiorent
[2026-08-16T06:00:12Z] Reading tournament match list...
[2026-08-16T06:00:12Z] Script [discover_matches] result prefix: {"section":"match_discovery","page_url":"https://www.flashscore.com/football/italy/serie-a-2023-2024/results/","page_title":"Serie A 2023/2024 Results - Football/Italy","body_text_length":14907,"event_node_count":380,"anchor_count":410,"match_count":380,"final_tournament_limit":0,"load_more_clicked":false,"matches":[{"match_id":"0OKRs71U","url":"https://www.flashscore.com/match/football/atalanta-8C9JjMXu/fiorentina-Q3A3IbXH/summary/stats/overall/?mid=0OKRs71U","text":"02.06.2024 Atalanta Fiorent
[2026-08-16T06:00:14Z] Reading tournament match list...
[2026-08-16T06:00:14Z] Script [discover_matches] result prefix: {"section":"match_discovery","page_url":"https://www.flashscore.com/football/italy/serie-a-2023-2024/results/","page_title":"Serie A 2023/2024 Results - Football/Italy","body_text_length":14907,"event_node_count":380,"anchor_count":410,"match_count":380,"final_tournament_limit":0,"load_more_clicked":false,"matches":[{"match_id":"0OKRs71U","url":"https://www.flashscore.com/match/football/atalanta-8C9JjMXu/fiorentina-Q3A3IbXH/summary/stats/overall/?mid=0OKRs71U","text":"02.06.2024 Atalanta Fiorent
[2026-08-16T06:00:15Z] Reading tournament match list...
[2026-08-16T06:00:15Z] Script [discover_matches] result prefix: {"section":"match_discovery","page_url":"https://www.flashscore.com/football/italy/serie-a-2023-2024/results/","page_title":"Serie A 2023/2024 Results - Football/Italy","body_text_length":14907,"event_node_count":380,"anchor_count":410,"match_count":380,"final_tournament_limit":0,"load_more_clicked":false,"matches":[{"match_id":"0OKRs71U","url":"https://www.flashscore.com/match/football/atalanta-8C9JjMXu/fiorentina-Q3A3IbXH/summary/stats/overall/?mid=0OKRs71U","text":"02.06.2024 Atalanta Fiorent
[2026-08-16T06:00:17Z] Reading tournament match list...
[2026-08-16T06:00:17Z] Script [discover_matches] result prefix: {"section":"match_discovery","page_url":"https://www.flashscore.com/football/italy/serie-a-2023-2024/results/","page_title":"Serie A 2023/2024 Results - Football/Italy","body_text_length":14907,"event_node_count":380,"anchor_count":410,"match_count":380,"final_tournament_limit":0,"load_more_clicked":false,"matches":[{"match_id":"0OKRs71U","url":"https://www.flashscore.com/match/football/atalanta-8C9JjMXu/fiorentina-Q3A3IbXH/summary/stats/overall/?mid=0OKRs71U","text":"02.06.2024 Atalanta Fiorent
[2026-08-16T06:00:17Z] Discovery list stabilized at 380 rendered matches; processing the final snapshot.
[2026-08-16T06:00:25Z] Discovery page returned 380 matches; 380 added. Event nodes: 380; anchors: 410; body text: 14907.
[2026-08-16T06:00:25Z] Season discovery finished. Discovered 380 matches.
[2026-08-16T06:00:25Z] Discovery finished: 380 matches.
[2026-08-16T06:00:46Z] Discovering complete competition season from the selected results page...
[2026-08-16T06:00:46Z] Discovering tournament matches...
[2026-08-16T06:00:46Z] Discovery navigate: https://www.flashscore.com/football/italy/serie-a-2023-2024/results/
[2026-08-16T06:00:47Z] Tournament page loaded. Waiting for match list...
[2026-08-16T06:00:49Z] Reading tournament match list...
[2026-08-16T06:00:49Z] Script [discover_matches] result prefix: {"section":"match_discovery","page_url":"https://www.flashscore.com/football/italy/serie-a-2023-2024/results/","page_title":"Serie A 2023/2024 Results - Football/Italy","body_text_length":6133,"event_node_count":105,"anchor_count":135,"match_count":105,"final_tournament_limit":0,"load_more_clicked":true,"matches":[{"match_id":"0OKRs71U","url":"https://www.flashscore.com/match/football/atalanta-8C9JjMXu/fiorentina-Q3A3IbXH/summary/stats/overall/?mid=0OKRs71U","text":"02.06.2024 Atalanta Fiorentin
[2026-08-16T06:00:49Z] Discovery snapshot is partial (105 matches rendered). Flashscore Show more clicked; waiting for earlier rounds...
[2026-08-16T06:00:50Z] Reading tournament match list...
[2026-08-16T06:00:50Z] Script [discover_matches] result prefix: {"section":"match_discovery","page_url":"https://www.flashscore.com/football/italy/serie-a-2023-2024/results/","page_title":"Serie A 2023/2024 Results - Football/Italy","body_text_length":9188,"event_node_count":200,"anchor_count":230,"match_count":200,"final_tournament_limit":0,"load_more_clicked":true,"matches":[{"match_id":"0OKRs71U","url":"https://www.flashscore.com/match/football/atalanta-8C9JjMXu/fiorentina-Q3A3IbXH/summary/stats/overall/?mid=0OKRs71U","text":"02.06.2024 Atalanta Fiorentin
[2026-08-16T06:00:50Z] Discovery snapshot is partial (200 matches rendered). Flashscore Show more clicked; waiting for earlier rounds...
[2026-08-16T06:00:52Z] Reading tournament match list...
[2026-08-16T06:00:52Z] Script [discover_matches] result prefix: {"section":"match_discovery","page_url":"https://www.flashscore.com/football/italy/serie-a-2023-2024/results/","page_title":"Serie A 2023/2024 Results - Football/Italy","body_text_length":12381,"event_node_count":300,"anchor_count":330,"match_count":300,"final_tournament_limit":0,"load_more_clicked":true,"matches":[{"match_id":"0OKRs71U","url":"https://www.flashscore.com/match/football/atalanta-8C9JjMXu/fiorentina-Q3A3IbXH/summary/stats/overall/?mid=0OKRs71U","text":"02.06.2024 Atalanta Fiorenti
[2026-08-16T06:00:52Z] Discovery snapshot is partial (300 matches rendered). Flashscore Show more clicked; waiting for earlier rounds...
[2026-08-16T06:00:54Z] Reading tournament match list...
[2026-08-16T06:00:54Z] Script [discover_matches] result prefix: {"section":"match_discovery","page_url":"https://www.flashscore.com/football/italy/serie-a-2023-2024/results/","page_title":"Serie A 2023/2024 Results - Football/Italy","body_text_length":14907,"event_node_count":380,"anchor_count":410,"match_count":380,"final_tournament_limit":0,"load_more_clicked":false,"matches":[{"match_id":"0OKRs71U","url":"https://www.flashscore.com/match/football/atalanta-8C9JjMXu/fiorentina-Q3A3IbXH/summary/stats/overall/?mid=0OKRs71U","text":"02.06.2024 Atalanta Fiorent
[2026-08-16T06:00:54Z] Discovery expanded from 300 to 380 rendered matches; waiting for the next Show more state...
[2026-08-16T06:00:55Z] Reading tournament match list...
[2026-08-16T06:00:55Z] Script [discover_matches] result prefix: {"section":"match_discovery","page_url":"https://www.flashscore.com/football/italy/serie-a-2023-2024/results/","page_title":"Serie A 2023/2024 Results - Football/Italy","body_text_length":14907,"event_node_count":380,"anchor_count":410,"match_count":380,"final_tournament_limit":0,"load_more_clicked":false,"matches":[{"match_id":"0OKRs71U","url":"https://www.flashscore.com/match/football/atalanta-8C9JjMXu/fiorentina-Q3A3IbXH/summary/stats/overall/?mid=0OKRs71U","text":"02.06.2024 Atalanta Fiorent
[2026-08-16T06:00:57Z] Reading tournament match list...
[2026-08-16T06:00:57Z] Script [discover_matches] result prefix: {"section":"match_discovery","page_url":"https://www.flashscore.com/football/italy/serie-a-2023-2024/results/","page_title":"Serie A 2023/2024 Results - Football/Italy","body_text_length":14907,"event_node_count":380,"anchor_count":410,"match_count":380,"final_tournament_limit":0,"load_more_clicked":false,"matches":[{"match_id":"0OKRs71U","url":"https://www.flashscore.com/match/football/atalanta-8C9JjMXu/fiorentina-Q3A3IbXH/summary/stats/overall/?mid=0OKRs71U","text":"02.06.2024 Atalanta Fiorent
[2026-08-16T06:00:58Z] Reading tournament match list...
[2026-08-16T06:00:58Z] Script [discover_matches] result prefix: {"section":"match_discovery","page_url":"https://www.flashscore.com/football/italy/serie-a-2023-2024/results/","page_title":"Serie A 2023/2024 Results - Football/Italy","body_text_length":14907,"event_node_count":380,"anchor_count":410,"match_count":380,"final_tournament_limit":0,"load_more_clicked":false,"matches":[{"match_id":"0OKRs71U","url":"https://www.flashscore.com/match/football/atalanta-8C9JjMXu/fiorentina-Q3A3IbXH/summary/stats/overall/?mid=0OKRs71U","text":"02.06.2024 Atalanta Fiorent
[2026-08-16T06:01:00Z] Reading tournament match list...
[2026-08-16T06:01:00Z] Script [discover_matches] result prefix: {"section":"match_discovery","page_url":"https://www.flashscore.com/football/italy/serie-a-2023-2024/results/","page_title":"Serie A 2023/2024 Results - Football/Italy","body_text_length":14907,"event_node_count":380,"anchor_count":410,"match_count":380,"final_tournament_limit":0,"load_more_clicked":false,"matches":[{"match_id":"0OKRs71U","url":"https://www.flashscore.com/match/football/atalanta-8C9JjMXu/fiorentina-Q3A3IbXH/summary/stats/overall/?mid=0OKRs71U","text":"02.06.2024 Atalanta Fiorent
[2026-08-16T06:01:01Z] Reading tournament match list...
[2026-08-16T06:01:01Z] Script [discover_matches] result prefix: {"section":"match_discovery","page_url":"https://www.flashscore.com/football/italy/serie-a-2023-2024/results/","page_title":"Serie A 2023/2024 Results - Football/Italy","body_text_length":14907,"event_node_count":380,"anchor_count":410,"match_count":380,"final_tournament_limit":0,"load_more_clicked":false,"matches":[{"match_id":"0OKRs71U","url":"https://www.flashscore.com/match/football/atalanta-8C9JjMXu/fiorentina-Q3A3IbXH/summary/stats/overall/?mid=0OKRs71U","text":"02.06.2024 Atalanta Fiorent
[2026-08-16T06:01:03Z] Reading tournament match list...
[2026-08-16T06:01:03Z] Script [discover_matches] result prefix: {"section":"match_discovery","page_url":"https://www.flashscore.com/football/italy/serie-a-2023-2024/results/","page_title":"Serie A 2023/2024 Results - Football/Italy","body_text_length":14907,"event_node_count":380,"anchor_count":410,"match_count":380,"final_tournament_limit":0,"load_more_clicked":false,"matches":[{"match_id":"0OKRs71U","url":"https://www.flashscore.com/match/football/atalanta-8C9JjMXu/fiorentina-Q3A3IbXH/summary/stats/overall/?mid=0OKRs71U","text":"02.06.2024 Atalanta Fiorent
[2026-08-16T06:01:03Z] Discovery list stabilized at 380 rendered matches; processing the final snapshot.
[2026-08-16T06:01:12Z] Discovery page returned 380 matches; 380 added. Event nodes: 380; anchors: 410; body text: 14907.
[2026-08-16T06:01:12Z] Season discovery finished. Discovered 380 matches.
[2026-08-16T06:01:12Z] Starting collection from the earliest unprocessed match: OCfhiAuc
[2026-08-16T06:01:12Z] Opening overall statistics...
[2026-08-16T06:01:12Z] Navigate: https://www.flashscore.com/match/football/frosinone-pfo9H1Wp/napoli-69Dxbc61/summary/stats/overall/?mid=OCfhiAuc
[2026-08-16T06:01:15Z] Page loaded. Waiting for statistics DOM...
[2026-08-16T06:01:16Z] Script [readiness] result prefix: {"body_text_length":3258,"ready":true,"row_count":19,"section":"statistics_overall","title":"FRO 1-3 NAP | Frosinone v Napoli 19/08/2023, Stats - Flashscore.com | Match"}
[2026-08-16T06:01:16Z] Reading rendered DOM...
[2026-08-16T06:01:16Z] Executing extraction script for phase 0; length: 5174.
[2026-08-16T06:01:16Z] Script [extract] result prefix: {"schema_version":"1.3","section":"statistics_overall","statistic_period":"overall","source_url":"https://www.flashscore.com/match/football/frosinone-pfo9H1Wp/napoli-69Dxbc61/summary/stats/overall/?mid=OCfhiAuc","match_id":"OCfhiAuc","collected_at_utc":"2026-08-16T06:01:16.567Z","page_title":"FRO 1-3 NAP | Frosinone v Napoli 19/08/2023, Stats - Flashscore.com | Match","competition":"WORLD CUP","status":"FINISHED","date_time":"19.08.2023 20:30","home_team":"Frosinone","away_team":"Napoli","score"
[2026-08-16T06:01:16Z] Stored overall statistics: 14 rows.
[2026-08-16T06:01:16Z] Merged section: statistics_overall
[2026-08-16T06:01:16Z] Opening 1st half statistics...
[2026-08-16T06:01:16Z] Navigate: https://www.flashscore.com/match/football/frosinone-pfo9H1Wp/napoli-69Dxbc61/summary/stats/1st-half/?mid=OCfhiAuc
[2026-08-16T06:01:18Z] Page loaded. Waiting for statistics DOM...
[2026-08-16T06:01:20Z] Script [readiness] result prefix: {"body_text_length":3252,"ready":true,"row_count":19,"section":"statistics_first_half","title":"FRO 1-3 NAP | Frosinone v Napoli 19/08/2023, Stats - Flashscore.com | Match"}
[2026-08-16T06:01:20Z] Reading rendered DOM...
[2026-08-16T06:01:20Z] Executing extraction script for phase 1; length: 5174.
[2026-08-16T06:01:20Z] Script [extract] result prefix: {"schema_version":"1.3","section":"statistics_first_half","statistic_period":"first_half","source_url":"https://www.flashscore.com/match/football/frosinone-pfo9H1Wp/napoli-69Dxbc61/summary/stats/1st-half/?mid=OCfhiAuc","match_id":"OCfhiAuc","collected_at_utc":"2026-08-16T06:01:20.368Z","page_title":"FRO 1-3 NAP | Frosinone v Napoli 19/08/2023, Stats - Flashscore.com | Match","competition":"WORLD CUP","status":"FINISHED","date_time":"19.08.2023 20:30","home_team":"Frosinone","away_team":"Napoli",
[2026-08-16T06:01:20Z] Stored first_half statistics: 14 rows.
[2026-08-16T06:01:20Z] Merged section: statistics_first_half
[2026-08-16T06:01:20Z] Opening 2nd half statistics...
[2026-08-16T06:01:20Z] Navigate: https://www.flashscore.com/match/football/frosinone-pfo9H1Wp/napoli-69Dxbc61/summary/stats/2nd-half/?mid=OCfhiAuc
[2026-08-16T06:01:22Z] Page loaded. Waiting for statistics DOM...
[2026-08-16T06:01:23Z] Script [readiness] result prefix: {"body_text_length":3255,"ready":true,"row_count":19,"section":"statistics_second_half","title":"FRO 1-3 NAP | Frosinone v Napoli 19/08/2023, Stats - Flashscore.com | Match"}
[2026-08-16T06:01:23Z] Reading rendered DOM...
[2026-08-16T06:01:24Z] Executing extraction script for phase 2; length: 5174.
[2026-08-16T06:01:24Z] Script [extract] result prefix: {"schema_version":"1.3","section":"statistics_second_half","statistic_period":"second_half","source_url":"https://www.flashscore.com/match/football/frosinone-pfo9H1Wp/napoli-69Dxbc61/summary/stats/2nd-half/?mid=OCfhiAuc","match_id":"OCfhiAuc","collected_at_utc":"2026-08-16T06:01:24.020Z","page_title":"FRO 1-3 NAP | Frosinone v Napoli 19/08/2023, Stats - Flashscore.com | Match","competition":"WORLD CUP","status":"FINISHED","date_time":"19.08.2023 20:30","home_team":"Frosinone","away_team":"Napoli
[2026-08-16T06:01:24Z] Stored second_half statistics: 14 rows.
[2026-08-16T06:01:24Z] Merged section: statistics_second_half
[2026-08-16T06:01:24Z] Opening lineups...
[2026-08-16T06:01:24Z] Navigate: https://www.flashscore.com/match/football/frosinone-pfo9H1Wp/napoli-69Dxbc61/summary/lineups/?mid=OCfhiAuc
[2026-08-16T06:01:26Z] Page loaded. Waiting for statistics DOM...
[2026-08-16T06:01:28Z] Script [readiness] result prefix: {"body_text_length":4309,"ready":true,"row_count":119,"section":"lineups","title":"FRO 1-3 NAP | Frosinone v Napoli 19/08/2023, Lineups - Flashscore.com | Match"}
[2026-08-16T06:01:28Z] Reading rendered DOM...
[2026-08-16T06:01:28Z] Executing extraction script for phase 4; length: 20701.
[2026-08-16T06:01:28Z] Script [extract] result prefix: {"schema_version":"1.3","section":"lineups","statistic_period":null,"source_url":"https://www.flashscore.com/match/football/frosinone-pfo9H1Wp/napoli-69Dxbc61/summary/lineups/?mid=OCfhiAuc","match_id":"OCfhiAuc","collected_at_utc":"2026-08-16T06:01:28.235Z","page_title":"FRO 1-3 NAP | Frosinone v Napoli 19/08/2023, Lineups - Flashscore.com | Match","competition":"WORLD CUP","status":"FINISHED","date_time":"19.08.2023 20:30","home_team":"Frosinone","away_team":"Napoli","score":{"home":"1","away":
[2026-08-16T06:01:28Z] Merged section: lineups
[2026-08-16T06:01:28Z] Italian Serie A 2023/2024: Player Stats are unavailable in the source profile.
[2026-08-16T06:01:28Z] Marked all Player Stats categories as not_available; collection continues.
[2026-08-16T06:01:28Z] Opening commentary...
[2026-08-16T06:01:28Z] Navigate: https://www.flashscore.com/match/football/frosinone-pfo9H1Wp/napoli-69Dxbc61/summary/live-commentary/?mid=OCfhiAuc
[2026-08-16T06:01:30Z] Page loaded. Waiting for statistics DOM...
[2026-08-16T06:01:31Z] Script [readiness] result prefix: {"body_text_length":12058,"ready":true,"row_count":245,"section":"commentary","title":"FRO 1-3 NAP | Frosinone v Napoli 19/08/2023 | Football - Flashscore | Match"}
[2026-08-16T06:01:31Z] Reading rendered DOM...
[2026-08-16T06:01:31Z] Executing extraction script for phase 12; length: 11834.
[2026-08-16T06:01:31Z] Script [extract] result prefix: {"schema_version":"1.3","section":"commentary","statistic_period":null,"source_url":"https://www.flashscore.com/match/football/frosinone-pfo9H1Wp/napoli-69Dxbc61/summary/live-commentary/all-comments/?mid=OCfhiAuc","match_id":"OCfhiAuc","collected_at_utc":"2026-08-16T06:01:31.667Z","page_title":"FRO 1-3 NAP | Frosinone v Napoli 19/08/2023 | Football - Flashscore | Match","competition":"WORLD CUP","status":"FINISHED","date_time":"19.08.2023 20:30","home_team":"Frosinone","away_team":"Napoli","scor
[2026-08-16T06:01:31Z] Merged section: commentary
[2026-08-16T06:01:31Z] Saving complete match JSON...
[2026-08-16T06:01:31Z] Player Stats category unavailable; status=not_available: top_stats
[2026-08-16T06:01:31Z] Player Stats category unavailable; status=not_available: shots
[2026-08-16T06:01:31Z] Player Stats category unavailable; status=not_available: attack
[2026-08-16T06:01:31Z] Player Stats category unavailable; status=not_available: passes
[2026-08-16T06:01:31Z] Player Stats category unavailable; status=not_available: defense
[2026-08-16T06:01:31Z] Player Stats category unavailable; status=not_available: goalkeeping
[2026-08-16T06:01:31Z] Player Stats category unavailable; status=not_available: general
[2026-08-16T06:01:31Z] Structured goals, cards and VAR events enriched.
[2026-08-16T06:01:31Z] Saved match JSON with 14 statistics: G:\Mirza\VSCode\FlashscoreFootballCollector_\Data\Matches\SerieA\2023_2024\2023-08-19_Frosinone_vs_Napoli_OCfhiAuc.json
[2026-08-16T06:01:31Z] Finished: 2023-08-19_Frosinone_vs_Napoli_OCfhiAuc.json
[2026-08-16T06:01:31Z] Opening overall statistics...
[2026-08-16T06:01:31Z] Navigate: https://www.flashscore.com/match/football/empoli-0ESCnI1H/verona-rJVAIaHo/summary/stats/overall/?mid=neB9SQ2d
[2026-08-16T06:01:34Z] Page loaded. Waiting for statistics DOM...
[2026-08-16T06:01:35Z] Script [readiness] result prefix: {"body_text_length":3247,"ready":true,"row_count":19,"section":"statistics_overall","title":"EMP 0-1 VER | Empoli v Verona 19/08/2023, Stats - Flashscore.com | Match"}
[2026-08-16T06:01:35Z] Reading rendered DOM...
[2026-08-16T06:01:35Z] Executing extraction script for phase 0; length: 5174.
[2026-08-16T06:01:35Z] Script [extract] result prefix: {"schema_version":"1.3","section":"statistics_overall","statistic_period":"overall","source_url":"https://www.flashscore.com/match/football/empoli-0ESCnI1H/verona-rJVAIaHo/summary/stats/overall/?mid=neB9SQ2d","match_id":"neB9SQ2d","collected_at_utc":"2026-08-16T06:01:35.736Z","page_title":"EMP 0-1 VER | Empoli v Verona 19/08/2023, Stats - Flashscore.com | Match","competition":"WORLD CUP","status":"FINISHED","date_time":"19.08.2023 20:30","home_team":"Empoli","away_team":"Verona","score":{"home":
[2026-08-16T06:01:35Z] Stored overall statistics: 14 rows.
[2026-08-16T06:01:35Z] Merged section: statistics_overall
[2026-08-16T06:01:35Z] Opening 1st half statistics...
[2026-08-16T06:01:35Z] Navigate: https://www.flashscore.com/match/football/empoli-0ESCnI1H/verona-rJVAIaHo/summary/stats/1st-half/?mid=neB9SQ2d
[2026-08-16T06:01:37Z] Page loaded. Waiting for statistics DOM...
[2026-08-16T06:01:39Z] Script [readiness] result prefix: {"body_text_length":3242,"ready":true,"row_count":19,"section":"statistics_first_half","title":"EMP 0-1 VER | Empoli v Verona 19/08/2023, Stats - Flashscore.com | Match"}
[2026-08-16T06:01:39Z] Reading rendered DOM...
[2026-08-16T06:01:39Z] Executing extraction script for phase 1; length: 5174.
[2026-08-16T06:01:39Z] Script [extract] result prefix: {"schema_version":"1.3","section":"statistics_first_half","statistic_period":"first_half","source_url":"https://www.flashscore.com/match/football/empoli-0ESCnI1H/verona-rJVAIaHo/summary/stats/1st-half/?mid=neB9SQ2d","match_id":"neB9SQ2d","collected_at_utc":"2026-08-16T06:01:39.408Z","page_title":"EMP 0-1 VER | Empoli v Verona 19/08/2023, Stats - Flashscore.com | Match","competition":"WORLD CUP","status":"FINISHED","date_time":"19.08.2023 20:30","home_team":"Empoli","away_team":"Verona","score":{
[2026-08-16T06:01:39Z] Stored first_half statistics: 14 rows.
[2026-08-16T06:01:39Z] Merged section: statistics_first_half
[2026-08-16T06:01:39Z] Opening 2nd half statistics...
[2026-08-16T06:01:39Z] Navigate: https://www.flashscore.com/match/football/empoli-0ESCnI1H/verona-rJVAIaHo/summary/stats/2nd-half/?mid=neB9SQ2d
[2026-08-16T06:01:41Z] Page loaded. Waiting for statistics DOM...
[2026-08-16T06:01:43Z] Script [readiness] result prefix: {"body_text_length":3238,"ready":true,"row_count":19,"section":"statistics_second_half","title":"EMP 0-1 VER | Empoli v Verona 19/08/2023, Stats - Flashscore.com | Match"}
[2026-08-16T06:01:43Z] Reading rendered DOM...
[2026-08-16T06:01:43Z] Executing extraction script for phase 2; length: 5174.
[2026-08-16T06:01:43Z] Script [extract] result prefix: {"schema_version":"1.3","section":"statistics_second_half","statistic_period":"second_half","source_url":"https://www.flashscore.com/match/football/empoli-0ESCnI1H/verona-rJVAIaHo/summary/stats/2nd-half/?mid=neB9SQ2d","match_id":"neB9SQ2d","collected_at_utc":"2026-08-16T06:01:43.197Z","page_title":"EMP 0-1 VER | Empoli v Verona 19/08/2023, Stats - Flashscore.com | Match","competition":"WORLD CUP","status":"FINISHED","date_time":"19.08.2023 20:30","home_team":"Empoli","away_team":"Verona","score"
[2026-08-16T06:01:43Z] Stored second_half statistics: 14 rows.
[2026-08-16T06:01:43Z] Merged section: statistics_second_half
[2026-08-16T06:01:43Z] Opening lineups...
[2026-08-16T06:01:43Z] Navigate: https://www.flashscore.com/match/football/empoli-0ESCnI1H/verona-rJVAIaHo/summary/lineups/?mid=neB9SQ2d
[2026-08-16T06:01:45Z] Page loaded. Waiting for statistics DOM...
[2026-08-16T06:01:47Z] Script [readiness] result prefix: {"body_text_length":4322,"ready":true,"row_count":121,"section":"lineups","title":"EMP 0-1 VER | Empoli v Verona 19/08/2023, Lineups - Flashscore.com | Match"}
[2026-08-16T06:01:47Z] Reading rendered DOM...
[2026-08-16T06:01:47Z] Executing extraction script for phase 4; length: 20701.
[2026-08-16T06:01:47Z] Script [extract] result prefix: {"schema_version":"1.3","section":"lineups","statistic_period":null,"source_url":"https://www.flashscore.com/match/football/empoli-0ESCnI1H/verona-rJVAIaHo/summary/lineups/?mid=neB9SQ2d","match_id":"neB9SQ2d","collected_at_utc":"2026-08-16T06:01:47.312Z","page_title":"EMP 0-1 VER | Empoli v Verona 19/08/2023, Lineups - Flashscore.com | Match","competition":"WORLD CUP","status":"FINISHED","date_time":"19.08.2023 20:30","home_team":"Empoli","away_team":"Verona","score":{"home":"0","away":"1","disp
[2026-08-16T06:01:47Z] Merged section: lineups
[2026-08-16T06:01:47Z] Italian Serie A 2023/2024: Player Stats are unavailable in the source profile.
[2026-08-16T06:01:47Z] Marked all Player Stats categories as not_available; collection continues.
[2026-08-16T06:01:47Z] Opening commentary...
[2026-08-16T06:01:47Z] Navigate: https://www.flashscore.com/match/football/empoli-0ESCnI1H/verona-rJVAIaHo/summary/live-commentary/?mid=neB9SQ2d
[2026-08-16T06:01:48Z] Page loaded. Waiting for statistics DOM...
[2026-08-16T06:01:50Z] Script [readiness] result prefix: {"body_text_length":11307,"ready":true,"row_count":217,"section":"commentary","title":"EMP 0-1 VER | Empoli v Verona 19/08/2023 | Football - Flashscore | Match"}
[2026-08-16T06:01:50Z] Reading rendered DOM...
[2026-08-16T06:01:50Z] Executing extraction script for phase 12; length: 11834.
[2026-08-16T06:01:50Z] Script [extract] result prefix: {"schema_version":"1.3","section":"commentary","statistic_period":null,"source_url":"https://www.flashscore.com/match/football/empoli-0ESCnI1H/verona-rJVAIaHo/summary/live-commentary/all-comments/?mid=neB9SQ2d","match_id":"neB9SQ2d","collected_at_utc":"2026-08-16T06:01:50.298Z","page_title":"EMP 0-1 VER | Empoli v Verona 19/08/2023 | Football - Flashscore | Match","competition":"WORLD CUP","status":"FINISHED","date_time":"19.08.2023 20:30","home_team":"Empoli","away_team":"Verona","score":{"home
[2026-08-16T06:01:50Z] Merged section: commentary
[2026-08-16T06:01:50Z] Saving complete match JSON...
[2026-08-16T06:01:50Z] Player Stats category unavailable; status=not_available: top_stats
[2026-08-16T06:01:50Z] Player Stats category unavailable; status=not_available: shots
[2026-08-16T06:01:50Z] Player Stats category unavailable; status=not_available: attack
[2026-08-16T06:01:50Z] Player Stats category unavailable; status=not_available: passes
[2026-08-16T06:01:50Z] Player Stats category unavailable; status=not_available: defense
[2026-08-16T06:01:50Z] Player Stats category unavailable; status=not_available: goalkeeping
[2026-08-16T06:01:50Z] Player Stats category unavailable; status=not_available: general
[2026-08-16T06:01:50Z] Structured goals, cards and VAR events enriched.
[2026-08-16T06:01:50Z] Saved match JSON with 14 statistics: G:\Mirza\VSCode\FlashscoreFootballCollector_\Data\Matches\SerieA\2023_2024\2023-08-19_Empoli_vs_Verona_neB9SQ2d.json
[2026-08-16T06:01:50Z] Finished: 2023-08-19_Empoli_vs_Verona_neB9SQ2d.json
[2026-08-16T06:01:50Z] Opening overall statistics...
[2026-08-16T06:01:50Z] Navigate: https://www.flashscore.com/match/football/inter-Iw7eKK25/monza-4YSMlwj7/summary/stats/overall/?mid=dQh0klA9
[2026-08-16T06:01:52Z] Page loaded. Waiting for statistics DOM...
[2026-08-16T06:01:54Z] Script [readiness] result prefix: {"body_text_length":3235,"ready":true,"row_count":19,"section":"statistics_overall","title":"INT 2-0 MON | Inter v Monza 19/08/2023, Stats - Flashscore.com | Match"}
[2026-08-16T06:01:54Z] Reading rendered DOM...
[2026-08-16T06:01:54Z] Executing extraction script for phase 0; length: 5174.
[2026-08-16T06:01:54Z] Script [extract] result prefix: {"schema_version":"1.3","section":"statistics_overall","statistic_period":"overall","source_url":"https://www.flashscore.com/match/football/inter-Iw7eKK25/monza-4YSMlwj7/summary/stats/overall/?mid=dQh0klA9","match_id":"dQh0klA9","collected_at_utc":"2026-08-16T06:01:54.235Z","page_title":"INT 2-0 MON | Inter v Monza 19/08/2023, Stats - Flashscore.com | Match","competition":"WORLD CUP","status":"FINISHED","date_time":"19.08.2023 22:45","home_team":"Inter","away_team":"Monza","score":{"home":"2","a
[2026-08-16T06:01:54Z] Stored overall statistics: 14 rows.
[2026-08-16T06:01:54Z] Merged section: statistics_overall
[2026-08-16T06:01:54Z] Opening 1st half statistics...
[2026-08-16T06:01:54Z] Navigate: https://www.flashscore.com/match/football/inter-Iw7eKK25/monza-4YSMlwj7/summary/stats/1st-half/?mid=dQh0klA9
[2026-08-16T06:01:56Z] Page loaded. Waiting for statistics DOM...
[2026-08-16T06:01:57Z] Script [readiness] result prefix: {"body_text_length":3229,"ready":true,"row_count":19,"section":"statistics_first_half","title":"INT 2-0 MON | Inter v Monza 19/08/2023, Stats - Flashscore.com | Match"}
[2026-08-16T06:01:57Z] Reading rendered DOM...
[2026-08-16T06:01:57Z] Executing extraction script for phase 1; length: 5174.
[2026-08-16T06:01:57Z] Script [extract] result prefix: {"schema_version":"1.3","section":"statistics_first_half","statistic_period":"first_half","source_url":"https://www.flashscore.com/match/football/inter-Iw7eKK25/monza-4YSMlwj7/summary/stats/1st-half/?mid=dQh0klA9","match_id":"dQh0klA9","collected_at_utc":"2026-08-16T06:01:57.980Z","page_title":"INT 2-0 MON | Inter v Monza 19/08/2023, Stats - Flashscore.com | Match","competition":"WORLD CUP","status":"FINISHED","date_time":"19.08.2023 22:45","home_team":"Inter","away_team":"Monza","score":{"home"
[2026-08-16T06:01:58Z] Stored first_half statistics: 14 rows.
[2026-08-16T06:01:58Z] Merged section: statistics_first_half
[2026-08-16T06:01:58Z] Opening 2nd half statistics...
[2026-08-16T06:01:58Z] Navigate: https://www.flashscore.com/match/football/inter-Iw7eKK25/monza-4YSMlwj7/summary/stats/2nd-half/?mid=dQh0klA9
[2026-08-16T06:02:00Z] Page loaded. Waiting for statistics DOM...
[2026-08-16T06:02:01Z] Script [readiness] result prefix: {"body_text_length":3212,"ready":true,"row_count":18,"section":"statistics_second_half","title":"INT 2-0 MON | Inter v Monza 19/08/2023, Stats - Flashscore.com | Match"}
[2026-08-16T06:02:01Z] Reading rendered DOM...
[2026-08-16T06:02:01Z] Executing extraction script for phase 2; length: 5174.
[2026-08-16T06:02:01Z] Script [extract] result prefix: {"schema_version":"1.3","section":"statistics_second_half","statistic_period":"second_half","source_url":"https://www.flashscore.com/match/football/inter-Iw7eKK25/monza-4YSMlwj7/summary/stats/2nd-half/?mid=dQh0klA9","match_id":"dQh0klA9","collected_at_utc":"2026-08-16T06:02:01.810Z","page_title":"INT 2-0 MON | Inter v Monza 19/08/2023, Stats - Flashscore.com | Match","competition":"WORLD CUP","status":"FINISHED","date_time":"19.08.2023 22:45","home_team":"Inter","away_team":"Monza","score":{"hom
[2026-08-16T06:02:01Z] Stored second_half statistics: 13 rows.
[2026-08-16T06:02:01Z] Merged section: statistics_second_half
[2026-08-16T06:02:01Z] Opening lineups...
[2026-08-16T06:02:01Z] Navigate: https://www.flashscore.com/match/football/inter-Iw7eKK25/monza-4YSMlwj7/summary/lineups/?mid=dQh0klA9
[2026-08-16T06:02:03Z] Page loaded. Waiting for statistics DOM...
[2026-08-16T06:02:04Z] Script [readiness] result prefix: {"body_text_length":4302,"ready":true,"row_count":118,"section":"lineups","title":"INT 2-0 MON | Inter v Monza 19/08/2023, Lineups - Flashscore.com | Match"}
[2026-08-16T06:02:04Z] Reading rendered DOM...
[2026-08-16T06:02:05Z] Executing extraction script for phase 4; length: 20701.
[2026-08-16T06:02:05Z] Script [extract] result prefix: {"schema_version":"1.3","section":"lineups","statistic_period":null,"source_url":"https://www.flashscore.com/match/football/inter-Iw7eKK25/monza-4YSMlwj7/summary/lineups/?mid=dQh0klA9","match_id":"dQh0klA9","collected_at_utc":"2026-08-16T06:02:05.025Z","page_title":"INT 2-0 MON | Inter v Monza 19/08/2023, Lineups - Flashscore.com | Match","competition":"WORLD CUP","status":"FINISHED","date_time":"19.08.2023 22:45","home_team":"Inter","away_team":"Monza","score":{"home":"2","away":"0","display":"
[2026-08-16T06:02:05Z] Merged section: lineups
[2026-08-16T06:02:05Z] Italian Serie A 2023/2024: Player Stats are unavailable in the source profile.
[2026-08-16T06:02:05Z] Marked all Player Stats categories as not_available; collection continues.
[2026-08-16T06:02:05Z] Opening commentary...
[2026-08-16T06:02:05Z] Navigate: https://www.flashscore.com/match/football/inter-Iw7eKK25/monza-4YSMlwj7/summary/live-commentary/?mid=dQh0klA9
[2026-08-16T06:02:07Z] Page loaded. Waiting for statistics DOM...
[2026-08-16T06:02:09Z] Script [readiness] result prefix: {"body_text_length":10206,"ready":true,"row_count":198,"section":"commentary","title":"INT 2-0 MON | Inter v Monza 19/08/2023 | Football - Flashscore | Match"}
[2026-08-16T06:02:09Z] Reading rendered DOM...
[2026-08-16T06:02:09Z] Executing extraction script for phase 12; length: 11834.
[2026-08-16T06:02:09Z] Script [extract] result prefix: {"schema_version":"1.3","section":"commentary","statistic_period":null,"source_url":"https://www.flashscore.com/match/football/inter-Iw7eKK25/monza-4YSMlwj7/summary/live-commentary/all-comments/?mid=dQh0klA9","match_id":"dQh0klA9","collected_at_utc":"2026-08-16T06:02:09.115Z","page_title":"INT 2-0 MON | Inter v Monza 19/08/2023 | Football - Flashscore | Match","competition":"WORLD CUP","status":"FINISHED","date_time":"19.08.2023 22:45","home_team":"Inter","away_team":"Monza","score":{"home":"2",
[2026-08-16T06:02:09Z] Merged section: commentary
[2026-08-16T06:02:09Z] Saving complete match JSON...
[2026-08-16T06:02:09Z] Player Stats category unavailable; status=not_available: top_stats
[2026-08-16T06:02:09Z] Player Stats category unavailable; status=not_available: shots
[2026-08-16T06:02:09Z] Player Stats category unavailable; status=not_available: attack
[2026-08-16T06:02:09Z] Player Stats category unavailable; status=not_available: passes
[2026-08-16T06:02:09Z] Player Stats category unavailable; status=not_available: defense
[2026-08-16T06:02:09Z] Player Stats category unavailable; status=not_available: goalkeeping
[2026-08-16T06:02:09Z] Player Stats category unavailable; status=not_available: general
[2026-08-16T06:02:09Z] Structured goals, cards and VAR events enriched.
[2026-08-16T06:02:09Z] Saved match JSON with 14 statistics: G:\Mirza\VSCode\FlashscoreFootballCollector_\Data\Matches\SerieA\2023_2024\2023-08-19_Inter_vs_Monza_dQh0klA9.json
[2026-08-16T06:02:09Z] Finished: 2023-08-19_Inter_vs_Monza_dQh0klA9.json
[2026-08-16T06:02:09Z] Opening overall statistics...
[2026-08-16T06:02:09Z] Navigate: https://www.flashscore.com/match/football/fiorentina-Q3A3IbXH/genoa-d0PJxeie/summary/stats/overall/?mid=23gdjUf3
[2026-08-16T06:02:12Z] Page loaded. Waiting for statistics DOM...
[2026-08-16T06:02:13Z] Script [readiness] result prefix: {"body_text_length":3258,"ready":true,"row_count":19,"section":"statistics_overall","title":"GEN 1-4 FIO | Genoa v Fiorentina 19/08/2023, Stats - Flashscore.com | Match"}
[2026-08-16T06:02:13Z] Reading rendered DOM...
[2026-08-16T06:02:14Z] Executing extraction script for phase 0; length: 5174.
[2026-08-16T06:02:14Z] Script [extract] result prefix: {"schema_version":"1.3","section":"statistics_overall","statistic_period":"overall","source_url":"https://www.flashscore.com/match/football/fiorentina-Q3A3IbXH/genoa-d0PJxeie/summary/stats/overall/?mid=23gdjUf3","match_id":"23gdjUf3","collected_at_utc":"2026-08-16T06:02:14.042Z","page_title":"GEN 1-4 FIO | Genoa v Fiorentina 19/08/2023, Stats - Flashscore.com | Match","competition":"WORLD CUP","status":"FINISHED","date_time":"19.08.2023 22:45","home_team":"Genoa","away_team":"Fiorentina","score"
[2026-08-16T06:02:14Z] Stored overall statistics: 14 rows.
[2026-08-16T06:02:14Z] Merged section: statistics_overall
[2026-08-16T06:02:14Z] Opening 1st half statistics...
[2026-08-16T06:02:14Z] Navigate: https://www.flashscore.com/match/football/fiorentina-Q3A3IbXH/genoa-d0PJxeie/summary/stats/1st-half/?mid=23gdjUf3
[2026-08-16T06:02:16Z] Page loaded. Waiting for statistics DOM...
[2026-08-16T06:02:18Z] Script [readiness] result prefix: {"body_text_length":3194,"ready":true,"row_count":17,"section":"statistics_first_half","title":"GEN 1-4 FIO | Genoa v Fiorentina 19/08/2023, Stats - Flashscore.com | Match"}
[2026-08-16T06:02:18Z] Reading rendered DOM...
[2026-08-16T06:02:18Z] Executing extraction script for phase 1; length: 5174.
[2026-08-16T06:02:18Z] Script [extract] result prefix: {"schema_version":"1.3","section":"statistics_first_half","statistic_period":"first_half","source_url":"https://www.flashscore.com/match/football/fiorentina-Q3A3IbXH/genoa-d0PJxeie/summary/stats/1st-half/?mid=23gdjUf3","match_id":"23gdjUf3","collected_at_utc":"2026-08-16T06:02:18.328Z","page_title":"GEN 1-4 FIO | Genoa v Fiorentina 19/08/2023, Stats - Flashscore.com | Match","competition":"WORLD CUP","status":"FINISHED","date_time":"19.08.2023 22:45","home_team":"Genoa","away_team":"Fiorentina",
[2026-08-16T06:02:18Z] Stored first_half statistics: 13 rows.
[2026-08-16T06:02:18Z] Merged section: statistics_first_half
[2026-08-16T06:02:18Z] Opening 2nd half statistics...
[2026-08-16T06:02:18Z] Navigate: https://www.flashscore.com/match/football/fiorentina-Q3A3IbXH/genoa-d0PJxeie/summary/stats/2nd-half/?mid=23gdjUf3
[2026-08-16T06:02:19Z] Page loaded. Waiting for statistics DOM...
[2026-08-16T06:02:21Z] Script [readiness] result prefix: {"body_text_length":3252,"ready":true,"row_count":19,"section":"statistics_second_half","title":"GEN 1-4 FIO | Genoa v Fiorentina 19/08/2023, Stats - Flashscore.com | Match"}
[2026-08-16T06:02:21Z] Reading rendered DOM...
[2026-08-16T06:02:21Z] Executing extraction script for phase 2; length: 5174.
[2026-08-16T06:02:21Z] Script [extract] result prefix: {"schema_version":"1.3","section":"statistics_second_half","statistic_period":"second_half","source_url":"https://www.flashscore.com/match/football/fiorentina-Q3A3IbXH/genoa-d0PJxeie/summary/stats/2nd-half/?mid=23gdjUf3","match_id":"23gdjUf3","collected_at_utc":"2026-08-16T06:02:21.530Z","page_title":"GEN 1-4 FIO | Genoa v Fiorentina 19/08/2023, Stats - Flashscore.com | Match","competition":"WORLD CUP","status":"FINISHED","date_time":"19.08.2023 22:45","home_team":"Genoa","away_team":"Fiorentina
[2026-08-16T06:02:21Z] Stored second_half statistics: 14 rows.
[2026-08-16T06:02:21Z] Merged section: statistics_second_half
[2026-08-16T06:02:21Z] Opening lineups...
[2026-08-16T06:02:21Z] Navigate: https://www.flashscore.com/match/football/fiorentina-Q3A3IbXH/genoa-d0PJxeie/summary/lineups/?mid=23gdjUf3
[2026-08-16T06:02:24Z] Page loaded. Waiting for statistics DOM...
[2026-08-16T06:02:25Z] Script [readiness] result prefix: {"body_text_length":4330,"ready":true,"row_count":118,"section":"lineups","title":"GEN 1-4 FIO | Genoa v Fiorentina 19/08/2023, Lineups - Flashscore.com | Match"}
[2026-08-16T06:02:25Z] Reading rendered DOM...
[2026-08-16T06:02:25Z] Executing extraction script for phase 4; length: 20701.
[2026-08-16T06:02:26Z] Script [extract] result prefix: {"schema_version":"1.3","section":"lineups","statistic_period":null,"source_url":"https://www.flashscore.com/match/football/fiorentina-Q3A3IbXH/genoa-d0PJxeie/summary/lineups/?mid=23gdjUf3","match_id":"23gdjUf3","collected_at_utc":"2026-08-16T06:02:26.004Z","page_title":"GEN 1-4 FIO | Genoa v Fiorentina 19/08/2023, Lineups - Flashscore.com | Match","competition":"WORLD CUP","status":"FINISHED","date_time":"19.08.2023 22:45","home_team":"Genoa","away_team":"Fiorentina","score":{"home":"1","away":
[2026-08-16T06:02:26Z] Merged section: lineups
[2026-08-16T06:02:26Z] Italian Serie A 2023/2024: Player Stats are unavailable in the source profile.
[2026-08-16T06:02:26Z] Marked all Player Stats categories as not_available; collection continues.
[2026-08-16T06:02:26Z] Opening commentary...
[2026-08-16T06:02:26Z] Navigate: https://www.flashscore.com/match/football/fiorentina-Q3A3IbXH/genoa-d0PJxeie/summary/live-commentary/?mid=23gdjUf3
[2026-08-16T06:02:28Z] Page loaded. Waiting for statistics DOM...
[2026-08-16T06:02:30Z] Script [readiness] result prefix: {"body_text_length":10469,"ready":true,"row_count":200,"section":"commentary","title":"GEN 1-4 FIO | Genoa v Fiorentina 19/08/2023 | Football - Flashscore | Match"}
[2026-08-16T06:02:30Z] Reading rendered DOM...
[2026-08-16T06:02:30Z] Executing extraction script for phase 12; length: 11834.
[2026-08-16T06:02:30Z] Script [extract] result prefix: {"schema_version":"1.3","section":"commentary","statistic_period":null,"source_url":"https://www.flashscore.com/match/football/fiorentina-Q3A3IbXH/genoa-d0PJxeie/summary/live-commentary/all-comments/?mid=23gdjUf3","match_id":"23gdjUf3","collected_at_utc":"2026-08-16T06:02:30.112Z","page_title":"GEN 1-4 FIO | Genoa v Fiorentina 19/08/2023 | Football - Flashscore | Match","competition":"WORLD CUP","status":"FINISHED","date_time":"19.08.2023 22:45","home_team":"Genoa","away_team":"Fiorentina","scor
[2026-08-16T06:02:30Z] Merged section: commentary
[2026-08-16T06:02:30Z] Saving complete match JSON...
[2026-08-16T06:02:30Z] Player Stats category unavailable; status=not_available: top_stats
[2026-08-16T06:02:30Z] Player Stats category unavailable; status=not_available: shots
[2026-08-16T06:02:30Z] Player Stats category unavailable; status=not_available: attack
[2026-08-16T06:02:30Z] Player Stats category unavailable; status=not_available: passes
[2026-08-16T06:02:30Z] Player Stats category unavailable; status=not_available: defense
[2026-08-16T06:02:30Z] Player Stats category unavailable; status=not_available: goalkeeping
[2026-08-16T06:02:30Z] Player Stats category unavailable; status=not_available: general
[2026-08-16T06:02:30Z] Structured goals, cards and VAR events enriched.
[2026-08-16T06:02:30Z] Saved match JSON with 14 statistics: G:\Mirza\VSCode\FlashscoreFootballCollector_\Data\Matches\SerieA\2023_2024\2023-08-19_Genoa_vs_Fiorentina_23gdjUf3.json
[2026-08-16T06:02:30Z] Finished: 2023-08-19_Genoa_vs_Fiorentina_23gdjUf3.json
[2026-08-16T06:02:30Z] Opening overall statistics...
[2026-08-16T06:02:30Z] Navigate: https://www.flashscore.com/match/football/atalanta-8C9JjMXu/sassuolo-QDdvI0zl/summary/stats/overall/?mid=Sl9xWa9l
[2026-08-16T06:02:32Z] Page loaded. Waiting for statistics DOM...
[2026-08-16T06:02:34Z] Script [readiness] result prefix: {"body_text_length":3248,"ready":true,"row_count":18,"section":"statistics_overall","title":"SAS 0-2 ATA | Sassuolo v Atalanta 20/08/2023, Stats - Flashscore.com | Match"}
[2026-08-16T06:02:34Z] Reading rendered DOM...
[2026-08-16T06:02:34Z] Executing extraction script for phase 0; length: 5174.
[2026-08-16T06:02:34Z] Script [extract] result prefix: {"schema_version":"1.3","section":"statistics_overall","statistic_period":"overall","source_url":"https://www.flashscore.com/match/football/atalanta-8C9JjMXu/sassuolo-QDdvI0zl/summary/stats/overall/?mid=Sl9xWa9l","match_id":"Sl9xWa9l","collected_at_utc":"2026-08-16T06:02:34.343Z","page_title":"SAS 0-2 ATA | Sassuolo v Atalanta 20/08/2023, Stats - Flashscore.com | Match","competition":"WORLD CUP","status":"FINISHED","date_time":"20.08.2023 20:30","home_team":"Sassuolo","away_team":"Atalanta","sco
[2026-08-16T06:02:34Z] Stored overall statistics: 13 rows.
[2026-08-16T06:02:34Z] Merged section: statistics_overall
[2026-08-16T06:02:34Z] Opening 1st half statistics...
[2026-08-16T06:02:34Z] Navigate: https://www.flashscore.com/match/football/atalanta-8C9JjMXu/sassuolo-QDdvI0zl/summary/stats/1st-half/?mid=Sl9xWa9l
[2026-08-16T06:02:36Z] Page loaded. Waiting for statistics DOM...
[2026-08-16T06:02:37Z] Script [readiness] result prefix: {"body_text_length":3240,"ready":true,"row_count":18,"section":"statistics_first_half","title":"SAS 0-2 ATA | Sassuolo v Atalanta 20/08/2023, Stats - Flashscore.com | Match"}
[2026-08-16T06:02:37Z] Reading rendered DOM...
[2026-08-16T06:02:37Z] Executing extraction script for phase 1; length: 5174.
[2026-08-16T06:02:37Z] Script [extract] result prefix: {"schema_version":"1.3","section":"statistics_first_half","statistic_period":"first_half","source_url":"https://www.flashscore.com/match/football/atalanta-8C9JjMXu/sassuolo-QDdvI0zl/summary/stats/1st-half/?mid=Sl9xWa9l","match_id":"Sl9xWa9l","collected_at_utc":"2026-08-16T06:02:37.971Z","page_title":"SAS 0-2 ATA | Sassuolo v Atalanta 20/08/2023, Stats - Flashscore.com | Match","competition":"WORLD CUP","status":"FINISHED","date_time":"20.08.2023 20:30","home_team":"Sassuolo","away_team":"Atalant
[2026-08-16T06:02:38Z] Stored first_half statistics: 13 rows.
[2026-08-16T06:02:38Z] Merged section: statistics_first_half
[2026-08-16T06:02:38Z] Opening 2nd half statistics...
[2026-08-16T06:02:38Z] Navigate: https://www.flashscore.com/match/football/atalanta-8C9JjMXu/sassuolo-QDdvI0zl/summary/stats/2nd-half/?mid=Sl9xWa9l
[2026-08-16T06:02:40Z] Page loaded. Waiting for statistics DOM...
[2026-08-16T06:02:41Z] Script [readiness] result prefix: {"body_text_length":3240,"ready":true,"row_count":18,"section":"statistics_second_half","title":"SAS 0-2 ATA | Sassuolo v Atalanta 20/08/2023, Stats - Flashscore.com | Match"}
[2026-08-16T06:02:41Z] Reading rendered DOM...
[2026-08-16T06:02:41Z] Executing extraction script for phase 2; length: 5174.
[2026-08-16T06:02:41Z] Script [extract] result prefix: {"schema_version":"1.3","section":"statistics_second_half","statistic_period":"second_half","source_url":"https://www.flashscore.com/match/football/atalanta-8C9JjMXu/sassuolo-QDdvI0zl/summary/stats/2nd-half/?mid=Sl9xWa9l","match_id":"Sl9xWa9l","collected_at_utc":"2026-08-16T06:02:41.579Z","page_title":"SAS 0-2 ATA | Sassuolo v Atalanta 20/08/2023, Stats - Flashscore.com | Match","competition":"WORLD CUP","status":"FINISHED","date_time":"20.08.2023 20:30","home_team":"Sassuolo","away_team":"Atala
[2026-08-16T06:02:41Z] Stored second_half statistics: 13 rows.
[2026-08-16T06:02:41Z] Merged section: statistics_second_half
[2026-08-16T06:02:41Z] Opening lineups...
[2026-08-16T06:02:42Z] Navigate: https://www.flashscore.com/match/football/atalanta-8C9JjMXu/sassuolo-QDdvI0zl/summary/lineups/?mid=Sl9xWa9l
[2026-08-16T06:02:44Z] Page loaded. Waiting for statistics DOM...
[2026-08-16T06:02:45Z] Script [readiness] result prefix: {"body_text_length":4377,"ready":true,"row_count":120,"section":"lineups","title":"SAS 0-2 ATA | Sassuolo v Atalanta 20/08/2023, Lineups - Flashscore.com | Match"}
[2026-08-16T06:02:45Z] Reading rendered DOM...
[2026-08-16T06:02:45Z] Executing extraction script for phase 4; length: 20701.
[2026-08-16T06:02:45Z] Script [extract] result prefix: {"schema_version":"1.3","section":"lineups","statistic_period":null,"source_url":"https://www.flashscore.com/match/football/atalanta-8C9JjMXu/sassuolo-QDdvI0zl/summary/lineups/?mid=Sl9xWa9l","match_id":"Sl9xWa9l","collected_at_utc":"2026-08-16T06:02:45.935Z","page_title":"SAS 0-2 ATA | Sassuolo v Atalanta 20/08/2023, Lineups - Flashscore.com | Match","competition":"WORLD CUP","status":"FINISHED","date_time":"20.08.2023 20:30","home_team":"Sassuolo","away_team":"Atalanta","score":{"home":"0","awa
[2026-08-16T06:02:46Z] Merged section: lineups
[2026-08-16T06:02:46Z] Italian Serie A 2023/2024: Player Stats are unavailable in the source profile.
[2026-08-16T06:02:46Z] Marked all Player Stats categories as not_available; collection continues.
[2026-08-16T06:02:46Z] Opening commentary...
[2026-08-16T06:02:46Z] Navigate: https://www.flashscore.com/match/football/atalanta-8C9JjMXu/sassuolo-QDdvI0zl/summary/live-commentary/?mid=Sl9xWa9l
[2026-08-16T06:02:48Z] Page loaded. Waiting for statistics DOM...
[2026-08-16T06:02:49Z] Script [readiness] result prefix: {"body_text_length":10902,"ready":true,"row_count":201,"section":"commentary","title":"SAS 0-2 ATA | Sassuolo v Atalanta 20/08/2023 | Football - Flashscore | Match"}
[2026-08-16T06:02:49Z] Reading rendered DOM...
[2026-08-16T06:02:49Z] Executing extraction script for phase 12; length: 11834.
[2026-08-16T06:02:50Z] Script [extract] result prefix: {"schema_version":"1.3","section":"commentary","statistic_period":null,"source_url":"https://www.flashscore.com/match/football/atalanta-8C9JjMXu/sassuolo-QDdvI0zl/summary/live-commentary/all-comments/?mid=Sl9xWa9l","match_id":"Sl9xWa9l","collected_at_utc":"2026-08-16T06:02:50.014Z","page_title":"SAS 0-2 ATA | Sassuolo v Atalanta 20/08/2023 | Football - Flashscore | Match","competition":"WORLD CUP","status":"FINISHED","date_time":"20.08.2023 20:30","home_team":"Sassuolo","away_team":"Atalanta","s
[2026-08-16T06:02:50Z] Merged section: commentary
[2026-08-16T06:02:50Z] Saving complete match JSON...
[2026-08-16T06:02:50Z] Player Stats category unavailable; status=not_available: top_stats
[2026-08-16T06:02:50Z] Player Stats category unavailable; status=not_available: shots
[2026-08-16T06:02:50Z] Player Stats category unavailable; status=not_available: attack
[2026-08-16T06:02:50Z] Player Stats category unavailable; status=not_available: passes
[2026-08-16T06:02:50Z] Player Stats category unavailable; status=not_available: defense
[2026-08-16T06:02:50Z] Player Stats category unavailable; status=not_available: goalkeeping
[2026-08-16T06:02:50Z] Player Stats category unavailable; status=not_available: general
[2026-08-16T06:02:50Z] Structured goals, cards and VAR events enriched.
[2026-08-16T06:02:50Z] Saved match JSON with 13 statistics: G:\Mirza\VSCode\FlashscoreFootballCollector_\Data\Matches\SerieA\2023_2024\2023-08-20_Sassuolo_vs_Atalanta_Sl9xWa9l.json
[2026-08-16T06:02:50Z] Finished: 2023-08-20_Sassuolo_vs_Atalanta_Sl9xWa9l.json
[2026-08-16T06:02:50Z] Opening overall statistics...
[2026-08-16T06:02:50Z] Navigate: https://www.flashscore.com/match/football/as-roma-zVqqL0ma/salernitana-Mq05g4BP/summary/stats/overall/?mid=lbAYWufr
[2026-08-16T06:02:53Z] Page loaded. Waiting for statistics DOM...
[2026-08-16T06:02:54Z] Script [readiness] result prefix: {"body_text_length":3273,"ready":true,"row_count":19,"section":"statistics_overall","title":"ROM 2-2 SAL | AS Roma v Salernitana 20/08/2023, Stats - Flashscore.com | Match"}
[2026-08-16T06:02:54Z] Reading rendered DOM...
[2026-08-16T06:02:54Z] Executing extraction script for phase 0; length: 5174.
[2026-08-16T06:02:54Z] Script [extract] result prefix: {"schema_version":"1.3","section":"statistics_overall","statistic_period":"overall","source_url":"https://www.flashscore.com/match/football/as-roma-zVqqL0ma/salernitana-Mq05g4BP/summary/stats/overall/?mid=lbAYWufr","match_id":"lbAYWufr","collected_at_utc":"2026-08-16T06:02:54.801Z","page_title":"ROM 2-2 SAL | AS Roma v Salernitana 20/08/2023, Stats - Flashscore.com | Match","competition":"WORLD CUP","status":"FINISHED","date_time":"20.08.2023 20:30","home_team":"AS Roma","away_team":"Salernitana
[2026-08-16T06:02:54Z] Stored overall statistics: 14 rows.
[2026-08-16T06:02:54Z] Merged section: statistics_overall
[2026-08-16T06:02:55Z] Opening 1st half statistics...
[2026-08-16T06:02:55Z] Navigate: https://www.flashscore.com/match/football/as-roma-zVqqL0ma/salernitana-Mq05g4BP/summary/stats/1st-half/?mid=lbAYWufr
[2026-08-16T06:02:56Z] Page loaded. Waiting for statistics DOM...
[2026-08-16T06:02:58Z] Script [readiness] result prefix: {"body_text_length":3268,"ready":true,"row_count":19,"section":"statistics_first_half","title":"ROM 2-2 SAL | AS Roma v Salernitana 20/08/2023, Stats - Flashscore.com | Match"}
[2026-08-16T06:02:58Z] Reading rendered DOM...
[2026-08-16T06:02:58Z] Executing extraction script for phase 1; length: 5174.
[2026-08-16T06:02:58Z] Script [extract] result prefix: {"schema_version":"1.3","section":"statistics_first_half","statistic_period":"first_half","source_url":"https://www.flashscore.com/match/football/as-roma-zVqqL0ma/salernitana-Mq05g4BP/summary/stats/1st-half/?mid=lbAYWufr","match_id":"lbAYWufr","collected_at_utc":"2026-08-16T06:02:58.262Z","page_title":"ROM 2-2 SAL | AS Roma v Salernitana 20/08/2023, Stats - Flashscore.com | Match","competition":"WORLD CUP","status":"FINISHED","date_time":"20.08.2023 20:30","home_team":"AS Roma","away_team":"Sale
[2026-08-16T06:02:58Z] Stored first_half statistics: 14 rows.
[2026-08-16T06:02:58Z] Merged section: statistics_first_half
[2026-08-16T06:02:58Z] Opening 2nd half statistics...
[2026-08-16T06:02:58Z] Navigate: https://www.flashscore.com/match/football/as-roma-zVqqL0ma/salernitana-Mq05g4BP/summary/stats/2nd-half/?mid=lbAYWufr
[2026-08-16T06:02:59Z] Page loaded. Waiting for statistics DOM...
[2026-08-16T06:03:01Z] Script [readiness] result prefix: {"body_text_length":3267,"ready":true,"row_count":19,"section":"statistics_second_half","title":"ROM 2-2 SAL | AS Roma v Salernitana 20/08/2023, Stats - Flashscore.com | Match"}
[2026-08-16T06:03:01Z] Reading rendered DOM...
[2026-08-16T06:03:01Z] Executing extraction script for phase 2; length: 5174.
[2026-08-16T06:03:01Z] Script [extract] result prefix: {"schema_version":"1.3","section":"statistics_second_half","statistic_period":"second_half","source_url":"https://www.flashscore.com/match/football/as-roma-zVqqL0ma/salernitana-Mq05g4BP/summary/stats/2nd-half/?mid=lbAYWufr","match_id":"lbAYWufr","collected_at_utc":"2026-08-16T06:03:01.523Z","page_title":"ROM 2-2 SAL | AS Roma v Salernitana 20/08/2023, Stats - Flashscore.com | Match","competition":"WORLD CUP","status":"FINISHED","date_time":"20.08.2023 20:30","home_team":"AS Roma","away_team":"Sa
[2026-08-16T06:03:01Z] Stored second_half statistics: 14 rows.
[2026-08-16T06:03:01Z] Merged section: statistics_second_half
[2026-08-16T06:03:01Z] Opening lineups...
[2026-08-16T06:03:01Z] Navigate: https://www.flashscore.com/match/football/as-roma-zVqqL0ma/salernitana-Mq05g4BP/summary/lineups/?mid=lbAYWufr
[2026-08-16T06:03:02Z] Page loaded. Waiting for statistics DOM...
[2026-08-16T06:03:04Z] Script [readiness] result prefix: {"body_text_length":4338,"ready":true,"row_count":117,"section":"lineups","title":"ROM 2-2 SAL | AS Roma v Salernitana 20/08/2023, Lineups - Flashscore.com | Match"}
[2026-08-16T06:03:04Z] Reading rendered DOM...
[2026-08-16T06:03:04Z] Executing extraction script for phase 4; length: 20701.
[2026-08-16T06:03:04Z] Script [extract] result prefix: {"schema_version":"1.3","section":"lineups","statistic_period":null,"source_url":"https://www.flashscore.com/match/football/as-roma-zVqqL0ma/salernitana-Mq05g4BP/summary/lineups/?mid=lbAYWufr","match_id":"lbAYWufr","collected_at_utc":"2026-08-16T06:03:04.616Z","page_title":"ROM 2-2 SAL | AS Roma v Salernitana 20/08/2023, Lineups - Flashscore.com | Match","competition":"WORLD CUP","status":"FINISHED","date_time":"20.08.2023 20:30","home_team":"AS Roma","away_team":"Salernitana","score":{"home":"2
[2026-08-16T06:03:04Z] Merged section: lineups
[2026-08-16T06:03:04Z] Italian Serie A 2023/2024: Player Stats are unavailable in the source profile.
[2026-08-16T06:03:04Z] Marked all Player Stats categories as not_available; collection continues.
[2026-08-16T06:03:04Z] Opening commentary...
[2026-08-16T06:03:04Z] Navigate: https://www.flashscore.com/match/football/as-roma-zVqqL0ma/salernitana-Mq05g4BP/summary/live-commentary/?mid=lbAYWufr
[2026-08-16T06:03:07Z] Page loaded. Waiting for statistics DOM...
[2026-08-16T06:03:08Z] Script [readiness] result prefix: {"body_text_length":12819,"ready":true,"row_count":240,"section":"commentary","title":"ROM 2-2 SAL | AS Roma v Salernitana 20/08/2023 | Football - Flashscore | Match"}
[2026-08-16T06:03:08Z] Reading rendered DOM...
[2026-08-16T06:03:08Z] Executing extraction script for phase 12; length: 11834.
[2026-08-16T06:03:08Z] Script [extract] result prefix: {"schema_version":"1.3","section":"commentary","statistic_period":null,"source_url":"https://www.flashscore.com/match/football/as-roma-zVqqL0ma/salernitana-Mq05g4BP/summary/live-commentary/all-comments/?mid=lbAYWufr","match_id":"lbAYWufr","collected_at_utc":"2026-08-16T06:03:08.906Z","page_title":"ROM 2-2 SAL | AS Roma v Salernitana 20/08/2023 | Football - Flashscore | Match","competition":"WORLD CUP","status":"FINISHED","date_time":"20.08.2023 20:30","home_team":"AS Roma","away_team":"Salernita
[2026-08-16T06:03:08Z] Merged section: commentary
[2026-08-16T06:03:08Z] Saving complete match JSON...
[2026-08-16T06:03:08Z] Player Stats category unavailable; status=not_available: top_stats
[2026-08-16T06:03:08Z] Player Stats category unavailable; status=not_available: shots
[2026-08-16T06:03:08Z] Player Stats category unavailable; status=not_available: attack
[2026-08-16T06:03:09Z] Player Stats category unavailable; status=not_available: passes
[2026-08-16T06:03:09Z] Player Stats category unavailable; status=not_available: defense
[2026-08-16T06:03:09Z] Player Stats category unavailable; status=not_available: goalkeeping
[2026-08-16T06:03:09Z] Player Stats category unavailable; status=not_available: general
[2026-08-16T06:03:09Z] Structured goals, cards and VAR events enriched.
[2026-08-16T06:03:09Z] Saved match JSON with 14 statistics: G:\Mirza\VSCode\FlashscoreFootballCollector_\Data\Matches\SerieA\2023_2024\2023-08-20_AS_Roma_vs_Salernitana_lbAYWufr.json
[2026-08-16T06:03:09Z] Finished: 2023-08-20_AS_Roma_vs_Salernitana_lbAYWufr.json
[2026-08-16T06:03:09Z] Opening overall statistics...
[2026-08-16T06:03:09Z] Navigate: https://www.flashscore.com/match/football/juventus-C06aJvIB/udinese-rXw8YKDE/summary/stats/overall/?mid=zFCpUwv1
[2026-08-16T06:03:12Z] Page loaded. Waiting for statistics DOM...
[2026-08-16T06:03:13Z] Script [readiness] result prefix: {"body_text_length":3259,"ready":true,"row_count":19,"section":"statistics_overall","title":"UDI 0-3 JUV | Udinese v Juventus 20/08/2023, Stats - Flashscore.com | Match"}
[2026-08-16T06:03:13Z] Reading rendered DOM...
[2026-08-16T06:03:13Z] Executing extraction script for phase 0; length: 5174.
[2026-08-16T06:03:14Z] Script [extract] result prefix: {"schema_version":"1.3","section":"statistics_overall","statistic_period":"overall","source_url":"https://www.flashscore.com/match/football/juventus-C06aJvIB/udinese-rXw8YKDE/summary/stats/overall/?mid=zFCpUwv1","match_id":"zFCpUwv1","collected_at_utc":"2026-08-16T06:03:14.000Z","page_title":"UDI 0-3 JUV | Udinese v Juventus 20/08/2023, Stats - Flashscore.com | Match","competition":"WORLD CUP","status":"FINISHED","date_time":"20.08.2023 22:45","home_team":"Udinese","away_team":"Juventus","score"
[2026-08-16T06:03:14Z] Stored overall statistics: 14 rows.
[2026-08-16T06:03:14Z] Merged section: statistics_overall
[2026-08-16T06:03:14Z] Opening 1st half statistics...
[2026-08-16T06:03:14Z] Navigate: https://www.flashscore.com/match/football/juventus-C06aJvIB/udinese-rXw8YKDE/summary/stats/1st-half/?mid=zFCpUwv1
[2026-08-16T06:03:15Z] Page loaded. Waiting for statistics DOM...
[2026-08-16T06:03:17Z] Script [readiness] result prefix: {"body_text_length":3252,"ready":true,"row_count":19,"section":"statistics_first_half","title":"UDI 0-3 JUV | Udinese v Juventus 20/08/2023, Stats - Flashscore.com | Match"}
[2026-08-16T06:03:17Z] Reading rendered DOM...
[2026-08-16T06:03:17Z] Executing extraction script for phase 1; length: 5174.
[2026-08-16T06:03:17Z] Script [extract] result prefix: {"schema_version":"1.3","section":"statistics_first_half","statistic_period":"first_half","source_url":"https://www.flashscore.com/match/football/juventus-C06aJvIB/udinese-rXw8YKDE/summary/stats/1st-half/?mid=zFCpUwv1","match_id":"zFCpUwv1","collected_at_utc":"2026-08-16T06:03:17.365Z","page_title":"UDI 0-3 JUV | Udinese v Juventus 20/08/2023, Stats - Flashscore.com | Match","competition":"WORLD CUP","status":"FINISHED","date_time":"20.08.2023 22:45","home_team":"Udinese","away_team":"Juventus",
[2026-08-16T06:03:17Z] Stored first_half statistics: 14 rows.
[2026-08-16T06:03:17Z] Merged section: statistics_first_half
[2026-08-16T06:03:17Z] Opening 2nd half statistics...
[2026-08-16T06:03:17Z] Navigate: https://www.flashscore.com/match/football/juventus-C06aJvIB/udinese-rXw8YKDE/summary/stats/2nd-half/?mid=zFCpUwv1
[2026-08-16T06:03:19Z] Page loaded. Waiting for statistics DOM...
[2026-08-16T06:03:20Z] Script [readiness] result prefix: {"body_text_length":3254,"ready":true,"row_count":19,"section":"statistics_second_half","title":"UDI 0-3 JUV | Udinese v Juventus 20/08/2023, Stats - Flashscore.com | Match"}
[2026-08-16T06:03:20Z] Reading rendered DOM...
[2026-08-16T06:03:20Z] Executing extraction script for phase 2; length: 5174.
[2026-08-16T06:03:20Z] Script [extract] result prefix: {"schema_version":"1.3","section":"statistics_second_half","statistic_period":"second_half","source_url":"https://www.flashscore.com/match/football/juventus-C06aJvIB/udinese-rXw8YKDE/summary/stats/2nd-half/?mid=zFCpUwv1","match_id":"zFCpUwv1","collected_at_utc":"2026-08-16T06:03:20.623Z","page_title":"UDI 0-3 JUV | Udinese v Juventus 20/08/2023, Stats - Flashscore.com | Match","competition":"WORLD CUP","status":"FINISHED","date_time":"20.08.2023 22:45","home_team":"Udinese","away_team":"Juventus
[2026-08-16T06:03:20Z] Stored second_half statistics: 14 rows.
[2026-08-16T06:03:20Z] Merged section: statistics_second_half
[2026-08-16T06:03:20Z] Opening lineups...
[2026-08-16T06:03:21Z] Navigate: https://www.flashscore.com/match/football/juventus-C06aJvIB/udinese-rXw8YKDE/summary/lineups/?mid=zFCpUwv1
[2026-08-16T06:03:24Z] Page loaded. Waiting for statistics DOM...
[2026-08-16T06:03:25Z] Script [readiness] result prefix: {"body_text_length":4417,"ready":true,"row_count":128,"section":"lineups","title":"UDI 0-3 JUV | Udinese v Juventus 20/08/2023, Lineups - Flashscore.com | Match"}
[2026-08-16T06:03:25Z] Reading rendered DOM...
[2026-08-16T06:03:25Z] Executing extraction script for phase 4; length: 20701.
[2026-08-16T06:03:25Z] Script [extract] result prefix: {"schema_version":"1.3","section":"lineups","statistic_period":null,"source_url":"https://www.flashscore.com/match/football/juventus-C06aJvIB/udinese-rXw8YKDE/summary/lineups/?mid=zFCpUwv1","match_id":"zFCpUwv1","collected_at_utc":"2026-08-16T06:03:25.745Z","page_title":"UDI 0-3 JUV | Udinese v Juventus 20/08/2023, Lineups - Flashscore.com | Match","competition":"WORLD CUP","status":"FINISHED","date_time":"20.08.2023 22:45","home_team":"Udinese","away_team":"Juventus","score":{"home":"0","away":
[2026-08-16T06:03:25Z] Merged section: lineups
[2026-08-16T06:03:25Z] Italian Serie A 2023/2024: Player Stats are unavailable in the source profile.
[2026-08-16T06:03:25Z] Marked all Player Stats categories as not_available; collection continues.
[2026-08-16T06:03:26Z] Opening commentary...
[2026-08-16T06:03:26Z] Navigate: https://www.flashscore.com/match/football/juventus-C06aJvIB/udinese-rXw8YKDE/summary/live-commentary/?mid=zFCpUwv1
[2026-08-16T06:03:27Z] Page loaded. Waiting for statistics DOM...
[2026-08-16T06:03:29Z] Script [readiness] result prefix: {"body_text_length":12454,"ready":true,"row_count":228,"section":"commentary","title":"UDI 0-3 JUV | Udinese v Juventus 20/08/2023 | Football - Flashscore | Match"}
[2026-08-16T06:03:29Z] Reading rendered DOM...
[2026-08-16T06:03:29Z] Executing extraction script for phase 12; length: 11834.
[2026-08-16T06:03:29Z] Script [extract] result prefix: {"schema_version":"1.3","section":"commentary","statistic_period":null,"source_url":"https://www.flashscore.com/match/football/juventus-C06aJvIB/udinese-rXw8YKDE/summary/live-commentary/all-comments/?mid=zFCpUwv1","match_id":"zFCpUwv1","collected_at_utc":"2026-08-16T06:03:29.486Z","page_title":"UDI 0-3 JUV | Udinese v Juventus 20/08/2023 | Football - Flashscore | Match","competition":"WORLD CUP","status":"FINISHED","date_time":"20.08.2023 22:45","home_team":"Udinese","away_team":"Juventus","scor
[2026-08-16T06:03:29Z] Merged section: commentary
[2026-08-16T06:03:29Z] Saving complete match JSON...
[2026-08-16T06:03:29Z] Player Stats category unavailable; status=not_available: top_stats
[2026-08-16T06:03:29Z] Player Stats category unavailable; status=not_available: shots
[2026-08-16T06:03:29Z] Player Stats category unavailable; status=not_available: attack
[2026-08-16T06:03:29Z] Player Stats category unavailable; status=not_available: passes
[2026-08-16T06:03:29Z] Player Stats category unavailable; status=not_available: defense
[2026-08-16T06:03:29Z] Player Stats category unavailable; status=not_available: goalkeeping
[2026-08-16T06:03:29Z] Player Stats category unavailable; status=not_available: general
[2026-08-16T06:03:29Z] Structured goals, cards and VAR events enriched.
[2026-08-16T06:03:29Z] Saved match JSON with 14 statistics: G:\Mirza\VSCode\FlashscoreFootballCollector_\Data\Matches\SerieA\2023_2024\2023-08-20_Udinese_vs_Juventus_zFCpUwv1.json
[2026-08-16T06:03:30Z] Finished: 2023-08-20_Udinese_vs_Juventus_zFCpUwv1.json
[2026-08-16T06:03:30Z] Opening overall statistics...
[2026-08-16T06:03:30Z] Navigate: https://www.flashscore.com/match/football/lazio-URcSl02h/lecce-G8lYsMgU/summary/stats/overall/?mid=80d4l8PF
[2026-08-16T06:03:32Z] Page loaded. Waiting for statistics DOM...
[2026-08-16T06:03:34Z] Script [readiness] result prefix: {"body_text_length":3237,"ready":true,"row_count":19,"section":"statistics_overall","title":"LEC 2-1 LAZ | Lecce v Lazio 20/08/2023, Stats - Flashscore.com | Match"}
[2026-08-16T06:03:34Z] Reading rendered DOM...
[2026-08-16T06:03:34Z] Executing extraction script for phase 0; length: 5174.
[2026-08-16T06:03:34Z] Script [extract] result prefix: {"schema_version":"1.3","section":"statistics_overall","statistic_period":"overall","source_url":"https://www.flashscore.com/match/football/lazio-URcSl02h/lecce-G8lYsMgU/summary/stats/overall/?mid=80d4l8PF","match_id":"80d4l8PF","collected_at_utc":"2026-08-16T06:03:34.349Z","page_title":"LEC 2-1 LAZ | Lecce v Lazio 20/08/2023, Stats - Flashscore.com | Match","competition":"WORLD CUP","status":"FINISHED","date_time":"20.08.2023 22:45","home_team":"Lecce","away_team":"Lazio","score":{"home":"2","a
[2026-08-16T06:03:34Z] Stored overall statistics: 14 rows.
[2026-08-16T06:03:34Z] Merged section: statistics_overall
[2026-08-16T06:03:34Z] Opening 1st half statistics...
[2026-08-16T06:03:34Z] Navigate: https://www.flashscore.com/match/football/lazio-URcSl02h/lecce-G8lYsMgU/summary/stats/1st-half/?mid=80d4l8PF
[2026-08-16T06:03:36Z] Page loaded. Waiting for statistics DOM...
[2026-08-16T06:03:38Z] Script [readiness] result prefix: {"body_text_length":3211,"ready":true,"row_count":18,"section":"statistics_first_half","title":"LEC 2-1 LAZ | Lecce v Lazio 20/08/2023, Stats - Flashscore.com | Match"}
[2026-08-16T06:03:38Z] Reading rendered DOM...
[2026-08-16T06:03:38Z] Executing extraction script for phase 1; length: 5174.
[2026-08-16T06:03:38Z] Script [extract] result prefix: {"schema_version":"1.3","section":"statistics_first_half","statistic_period":"first_half","source_url":"https://www.flashscore.com/match/football/lazio-URcSl02h/lecce-G8lYsMgU/summary/stats/1st-half/?mid=80d4l8PF","match_id":"80d4l8PF","collected_at_utc":"2026-08-16T06:03:38.500Z","page_title":"LEC 2-1 LAZ | Lecce v Lazio 20/08/2023, Stats - Flashscore.com | Match","competition":"WORLD CUP","status":"FINISHED","date_time":"20.08.2023 22:45","home_team":"Lecce","away_team":"Lazio","score":{"home"
[2026-08-16T06:03:38Z] Stored first_half statistics: 13 rows.
[2026-08-16T06:03:38Z] Merged section: statistics_first_half
[2026-08-16T06:03:38Z] Opening 2nd half statistics...
[2026-08-16T06:03:38Z] Navigate: https://www.flashscore.com/match/football/lazio-URcSl02h/lecce-G8lYsMgU/summary/stats/2nd-half/?mid=80d4l8PF
[2026-08-16T06:03:41Z] Page loaded. Waiting for statistics DOM...
[2026-08-16T06:03:42Z] Script [readiness] result prefix: {"body_text_length":3231,"ready":true,"row_count":19,"section":"statistics_second_half","title":"LEC 2-1 LAZ | Lecce v Lazio 20/08/2023, Stats - Flashscore.com | Match"}
[2026-08-16T06:03:42Z] Reading rendered DOM...
[2026-08-16T06:03:42Z] Executing extraction script for phase 2; length: 5174.
[2026-08-16T06:03:42Z] Script [extract] result prefix: {"schema_version":"1.3","section":"statistics_second_half","statistic_period":"second_half","source_url":"https://www.flashscore.com/match/football/lazio-URcSl02h/lecce-G8lYsMgU/summary/stats/2nd-half/?mid=80d4l8PF","match_id":"80d4l8PF","collected_at_utc":"2026-08-16T06:03:42.615Z","page_title":"LEC 2-1 LAZ | Lecce v Lazio 20/08/2023, Stats - Flashscore.com | Match","competition":"WORLD CUP","status":"FINISHED","date_time":"20.08.2023 22:45","home_team":"Lecce","away_team":"Lazio","score":{"hom
[2026-08-16T06:03:42Z] Stored second_half statistics: 14 rows.
[2026-08-16T06:03:42Z] Merged section: statistics_second_half
[2026-08-16T06:03:42Z] Opening lineups...
[2026-08-16T06:03:42Z] Navigate: https://www.flashscore.com/match/football/lazio-URcSl02h/lecce-G8lYsMgU/summary/lineups/?mid=80d4l8PF
[2026-08-16T06:03:44Z] Page loaded. Waiting for statistics DOM...
[2026-08-16T06:03:46Z] Script [readiness] result prefix: {"body_text_length":4270,"ready":true,"row_count":119,"section":"lineups","title":"LEC 2-1 LAZ | Lecce v Lazio 20/08/2023, Lineups - Flashscore.com | Match"}
[2026-08-16T06:03:46Z] Reading rendered DOM...
[2026-08-16T06:03:46Z] Executing extraction script for phase 4; length: 20701.
[2026-08-16T06:03:46Z] Script [extract] result prefix: {"schema_version":"1.3","section":"lineups","statistic_period":null,"source_url":"https://www.flashscore.com/match/football/lazio-URcSl02h/lecce-G8lYsMgU/summary/lineups/?mid=80d4l8PF","match_id":"80d4l8PF","collected_at_utc":"2026-08-16T06:03:46.349Z","page_title":"LEC 2-1 LAZ | Lecce v Lazio 20/08/2023, Lineups - Flashscore.com | Match","competition":"WORLD CUP","status":"FINISHED","date_time":"20.08.2023 22:45","home_team":"Lecce","away_team":"Lazio","score":{"home":"2","away":"1","display":"
[2026-08-16T06:03:46Z] Merged section: lineups
[2026-08-16T06:03:46Z] Italian Serie A 2023/2024: Player Stats are unavailable in the source profile.
[2026-08-16T06:03:46Z] Marked all Player Stats categories as not_available; collection continues.
[2026-08-16T06:03:46Z] Opening commentary...
[2026-08-16T06:03:46Z] Navigate: https://www.flashscore.com/match/football/lazio-URcSl02h/lecce-G8lYsMgU/summary/live-commentary/?mid=80d4l8PF
[2026-08-16T06:03:48Z] Page loaded. Waiting for statistics DOM...
[2026-08-16T06:03:49Z] Script [readiness] result prefix: {"body_text_length":10564,"ready":true,"row_count":199,"section":"commentary","title":"LEC 2-1 LAZ | Lecce v Lazio 20/08/2023 | Football - Flashscore | Match"}
[2026-08-16T06:03:49Z] Reading rendered DOM...
[2026-08-16T06:03:49Z] Executing extraction script for phase 12; length: 11834.
[2026-08-16T06:03:49Z] Script [extract] result prefix: {"schema_version":"1.3","section":"commentary","statistic_period":null,"source_url":"https://www.flashscore.com/match/football/lazio-URcSl02h/lecce-G8lYsMgU/summary/live-commentary/all-comments/?mid=80d4l8PF","match_id":"80d4l8PF","collected_at_utc":"2026-08-16T06:03:49.745Z","page_title":"LEC 2-1 LAZ | Lecce v Lazio 20/08/2023 | Football - Flashscore | Match","competition":"WORLD CUP","status":"FINISHED","date_time":"20.08.2023 22:45","home_team":"Lecce","away_team":"Lazio","score":{"home":"2",
[2026-08-16T06:03:49Z] Merged section: commentary
[2026-08-16T06:03:49Z] Saving complete match JSON...
[2026-08-16T06:03:49Z] Player Stats category unavailable; status=not_available: top_stats
[2026-08-16T06:03:49Z] Player Stats category unavailable; status=not_available: shots
[2026-08-16T06:03:49Z] Player Stats category unavailable; status=not_available: attack
[2026-08-16T06:03:49Z] Player Stats category unavailable; status=not_available: passes
[2026-08-16T06:03:49Z] Player Stats category unavailable; status=not_available: defense
[2026-08-16T06:03:49Z] Player Stats category unavailable; status=not_available: goalkeeping
[2026-08-16T06:03:49Z] Player Stats category unavailable; status=not_available: general
[2026-08-16T06:03:50Z] Structured goals, cards and VAR events enriched.
[2026-08-16T06:03:50Z] Saved match JSON with 14 statistics: G:\Mirza\VSCode\FlashscoreFootballCollector_\Data\Matches\SerieA\2023_2024\2023-08-20_Lecce_vs_Lazio_80d4l8PF.json
[2026-08-16T06:03:50Z] Finished: 2023-08-20_Lecce_vs_Lazio_80d4l8PF.json
[2026-08-16T06:03:50Z] Opening overall statistics...
[2026-08-16T06:03:50Z] Navigate: https://www.flashscore.com/match/football/cagliari-SCGVmKHb/torino-MZFZnvX4/summary/stats/overall/?mid=dODtVJOf
[2026-08-16T06:03:52Z] Page loaded. Waiting for statistics DOM...
[2026-08-16T06:03:53Z] Script [readiness] result prefix: {"body_text_length":3253,"ready":true,"row_count":19,"section":"statistics_overall","title":"TOR 0-0 CAG | Torino v Cagliari 21/08/2023, Stats - Flashscore.com | Match"}
[2026-08-16T06:03:53Z] Reading rendered DOM...
[2026-08-16T06:03:53Z] Executing extraction script for phase 0; length: 5174.
[2026-08-16T06:03:53Z] Script [extract] result prefix: {"schema_version":"1.3","section":"statistics_overall","statistic_period":"overall","source_url":"https://www.flashscore.com/match/football/cagliari-SCGVmKHb/torino-MZFZnvX4/summary/stats/overall/?mid=dODtVJOf","match_id":"dODtVJOf","collected_at_utc":"2026-08-16T06:03:53.972Z","page_title":"TOR 0-0 CAG | Torino v Cagliari 21/08/2023, Stats - Flashscore.com | Match","competition":"WORLD CUP","status":"FINISHED","date_time":"21.08.2023 20:30","home_team":"Torino","away_team":"Cagliari","score":{"
[2026-08-16T06:03:54Z] Stored overall statistics: 14 rows.
[2026-08-16T06:03:54Z] Merged section: statistics_overall
[2026-08-16T06:03:54Z] Opening 1st half statistics...
[2026-08-16T06:03:54Z] Navigate: https://www.flashscore.com/match/football/cagliari-SCGVmKHb/torino-MZFZnvX4/summary/stats/1st-half/?mid=dODtVJOf
[2026-08-16T06:03:56Z] Page loaded. Waiting for statistics DOM...
[2026-08-16T06:03:58Z] Script [readiness] result prefix: {"body_text_length":3248,"ready":true,"row_count":19,"section":"statistics_first_half","title":"TOR 0-0 CAG | Torino v Cagliari 21/08/2023, Stats - Flashscore.com | Match"}
[2026-08-16T06:03:58Z] Reading rendered DOM...
[2026-08-16T06:03:58Z] Executing extraction script for phase 1; length: 5174.
[2026-08-16T06:03:58Z] Script [extract] result prefix: {"schema_version":"1.3","section":"statistics_first_half","statistic_period":"first_half","source_url":"https://www.flashscore.com/match/football/cagliari-SCGVmKHb/torino-MZFZnvX4/summary/stats/1st-half/?mid=dODtVJOf","match_id":"dODtVJOf","collected_at_utc":"2026-08-16T06:03:58.361Z","page_title":"TOR 0-0 CAG | Torino v Cagliari 21/08/2023, Stats - Flashscore.com | Match","competition":"WORLD CUP","status":"FINISHED","date_time":"21.08.2023 20:30","home_team":"Torino","away_team":"Cagliari","sc
[2026-08-16T06:03:58Z] Stored first_half statistics: 14 rows.
[2026-08-16T06:03:58Z] Merged section: statistics_first_half
[2026-08-16T06:03:58Z] Opening 2nd half statistics...
[2026-08-16T06:03:58Z] Navigate: https://www.flashscore.com/match/football/cagliari-SCGVmKHb/torino-MZFZnvX4/summary/stats/2nd-half/?mid=dODtVJOf
[2026-08-16T06:03:59Z] Page loaded. Waiting for statistics DOM...
[2026-08-16T06:04:01Z] Script [readiness] result prefix: {"body_text_length":3248,"ready":true,"row_count":19,"section":"statistics_second_half","title":"TOR 0-0 CAG | Torino v Cagliari 21/08/2023, Stats - Flashscore.com | Match"}
[2026-08-16T06:04:01Z] Reading rendered DOM...
[2026-08-16T06:04:01Z] Executing extraction script for phase 2; length: 5174.
[2026-08-16T06:04:01Z] Script [extract] result prefix: {"schema_version":"1.3","section":"statistics_second_half","statistic_period":"second_half","source_url":"https://www.flashscore.com/match/football/cagliari-SCGVmKHb/torino-MZFZnvX4/summary/stats/2nd-half/?mid=dODtVJOf","match_id":"dODtVJOf","collected_at_utc":"2026-08-16T06:04:01.594Z","page_title":"TOR 0-0 CAG | Torino v Cagliari 21/08/2023, Stats - Flashscore.com | Match","competition":"WORLD CUP","status":"FINISHED","date_time":"21.08.2023 20:30","home_team":"Torino","away_team":"Cagliari","
[2026-08-16T06:04:01Z] Stored second_half statistics: 14 rows.
[2026-08-16T06:04:01Z] Merged section: statistics_second_half
[2026-08-16T06:04:01Z] Opening lineups...
[2026-08-16T06:04:01Z] Navigate: https://www.flashscore.com/match/football/cagliari-SCGVmKHb/torino-MZFZnvX4/summary/lineups/?mid=dODtVJOf
[2026-08-16T06:04:03Z] Page loaded. Waiting for statistics DOM...
[2026-08-16T06:04:05Z] Script [readiness] result prefix: {"body_text_length":4350,"ready":true,"row_count":121,"section":"lineups","title":"TOR 0-0 CAG | Torino v Cagliari 21/08/2023, Lineups - Flashscore.com | Match"}
[2026-08-16T06:04:05Z] Reading rendered DOM...
[2026-08-16T06:04:05Z] Executing extraction script for phase 4; length: 20701.
[2026-08-16T06:04:05Z] Script [extract] result prefix: {"schema_version":"1.3","section":"lineups","statistic_period":null,"source_url":"https://www.flashscore.com/match/football/cagliari-SCGVmKHb/torino-MZFZnvX4/summary/lineups/?mid=dODtVJOf","match_id":"dODtVJOf","collected_at_utc":"2026-08-16T06:04:05.145Z","page_title":"TOR 0-0 CAG | Torino v Cagliari 21/08/2023, Lineups - Flashscore.com | Match","competition":"WORLD CUP","status":"FINISHED","date_time":"21.08.2023 20:30","home_team":"Torino","away_team":"Cagliari","score":{"home":"0","away":"0"
[2026-08-16T06:04:05Z] Merged section: lineups
[2026-08-16T06:04:05Z] Italian Serie A 2023/2024: Player Stats are unavailable in the source profile.
[2026-08-16T06:04:05Z] Marked all Player Stats categories as not_available; collection continues.
[2026-08-16T06:04:05Z] Opening commentary...
[2026-08-16T06:04:05Z] Navigate: https://www.flashscore.com/match/football/cagliari-SCGVmKHb/torino-MZFZnvX4/summary/live-commentary/?mid=dODtVJOf
[2026-08-16T06:04:07Z] Page loaded. Waiting for statistics DOM...
[2026-08-16T06:04:08Z] Script [readiness] result prefix: {"body_text_length":12929,"ready":true,"row_count":213,"section":"commentary","title":"TOR 0-0 CAG | Torino v Cagliari 21/08/2023 | Football - Flashscore | Match"}
[2026-08-16T06:04:08Z] Reading rendered DOM...
[2026-08-16T06:04:08Z] Executing extraction script for phase 12; length: 11834.
[2026-08-16T06:04:08Z] Script [extract] result prefix: {"schema_version":"1.3","section":"commentary","statistic_period":null,"source_url":"https://www.flashscore.com/match/football/cagliari-SCGVmKHb/torino-MZFZnvX4/summary/live-commentary/all-comments/?mid=dODtVJOf","match_id":"dODtVJOf","collected_at_utc":"2026-08-16T06:04:08.964Z","page_title":"TOR 0-0 CAG | Torino v Cagliari 21/08/2023 | Football - Flashscore | Match","competition":"WORLD CUP","status":"FINISHED","date_time":"21.08.2023 20:30","home_team":"Torino","away_team":"Cagliari","score":
[2026-08-16T06:04:08Z] Merged section: commentary
[2026-08-16T06:04:09Z] Saving complete match JSON...
[2026-08-16T06:04:09Z] Player Stats category unavailable; status=not_available: top_stats
[2026-08-16T06:04:09Z] Player Stats category unavailable; status=not_available: shots
[2026-08-16T06:04:09Z] Player Stats category unavailable; status=not_available: attack
[2026-08-16T06:04:09Z] Player Stats category unavailable; status=not_available: passes
[2026-08-16T06:04:09Z] Player Stats category unavailable; status=not_available: defense
[2026-08-16T06:04:09Z] Player Stats category unavailable; status=not_available: goalkeeping
[2026-08-16T06:04:09Z] Player Stats category unavailable; status=not_available: general
[2026-08-16T06:04:09Z] Structured goals, cards and VAR events enriched.
[2026-08-16T06:04:09Z] Saved match JSON with 14 statistics: G:\Mirza\VSCode\FlashscoreFootballCollector_\Data\Matches\SerieA\2023_2024\2023-08-21_Torino_vs_Cagliari_dODtVJOf.json
[2026-08-16T06:04:09Z] Finished: 2023-08-21_Torino_vs_Cagliari_dODtVJOf.json
[2026-08-16T06:04:09Z] Opening overall statistics...
[2026-08-16T06:04:09Z] Navigate: https://www.flashscore.com/match/football/ac-milan-8Sa8HInO/bologna-0M9xNN8N/summary/stats/overall/?mid=84C5T6mj
[2026-08-16T06:04:11Z] Page loaded. Waiting for statistics DOM...
[2026-08-16T06:04:13Z] Script [readiness] result prefix: {"body_text_length":3260,"ready":true,"row_count":19,"section":"statistics_overall","title":"BOL 0-2 ACM | Bologna v AC Milan 21/08/2023, Stats - Flashscore.com | Match"}
[2026-08-16T06:04:13Z] Reading rendered DOM...
[2026-08-16T06:04:13Z] Executing extraction script for phase 0; length: 5174.
[2026-08-16T06:04:13Z] Script [extract] result prefix: {"schema_version":"1.3","section":"statistics_overall","statistic_period":"overall","source_url":"https://www.flashscore.com/match/football/ac-milan-8Sa8HInO/bologna-0M9xNN8N/summary/stats/overall/?mid=84C5T6mj","match_id":"84C5T6mj","collected_at_utc":"2026-08-16T06:04:13.133Z","page_title":"BOL 0-2 ACM | Bologna v AC Milan 21/08/2023, Stats - Flashscore.com | Match","competition":"WORLD CUP","status":"FINISHED","date_time":"21.08.2023 22:45","home_team":"Bologna","away_team":"AC Milan","score"
[2026-08-16T06:04:13Z] Stored overall statistics: 14 rows.
[2026-08-16T06:04:13Z] Merged section: statistics_overall
[2026-08-16T06:04:13Z] Opening 1st half statistics...
[2026-08-16T06:04:13Z] Navigate: https://www.flashscore.com/match/football/ac-milan-8Sa8HInO/bologna-0M9xNN8N/summary/stats/1st-half/?mid=84C5T6mj
[2026-08-16T06:04:16Z] Page loaded. Waiting for statistics DOM...
[2026-08-16T06:04:17Z] Script [readiness] result prefix: {"body_text_length":3252,"ready":true,"row_count":19,"section":"statistics_first_half","title":"BOL 0-2 ACM | Bologna v AC Milan 21/08/2023, Stats - Flashscore.com | Match"}
[2026-08-16T06:04:17Z] Reading rendered DOM...
[2026-08-16T06:04:17Z] Executing extraction script for phase 1; length: 5174.
[2026-08-16T06:04:17Z] Script [extract] result prefix: {"schema_version":"1.3","section":"statistics_first_half","statistic_period":"first_half","source_url":"https://www.flashscore.com/match/football/ac-milan-8Sa8HInO/bologna-0M9xNN8N/summary/stats/1st-half/?mid=84C5T6mj","match_id":"84C5T6mj","collected_at_utc":"2026-08-16T06:04:17.840Z","page_title":"BOL 0-2 ACM | Bologna v AC Milan 21/08/2023, Stats - Flashscore.com | Match","competition":"WORLD CUP","status":"FINISHED","date_time":"21.08.2023 22:45","home_team":"Bologna","away_team":"AC Milan",
[2026-08-16T06:04:17Z] Stored first_half statistics: 14 rows.
[2026-08-16T06:04:17Z] Merged section: statistics_first_half
[2026-08-16T06:04:17Z] Opening 2nd half statistics...
[2026-08-16T06:04:17Z] Navigate: https://www.flashscore.com/match/football/ac-milan-8Sa8HInO/bologna-0M9xNN8N/summary/stats/2nd-half/?mid=84C5T6mj
[2026-08-16T06:04:20Z] Page loaded. Waiting for statistics DOM...
[2026-08-16T06:04:22Z] Script [readiness] result prefix: {"body_text_length":3252,"ready":true,"row_count":19,"section":"statistics_second_half","title":"BOL 0-2 ACM | Bologna v AC Milan 21/08/2023, Stats - Flashscore.com | Match"}
[2026-08-16T06:04:22Z] Reading rendered DOM...
[2026-08-16T06:04:22Z] Executing extraction script for phase 2; length: 5174.
[2026-08-16T06:04:22Z] Script [extract] result prefix: {"schema_version":"1.3","section":"statistics_second_half","statistic_period":"second_half","source_url":"https://www.flashscore.com/match/football/ac-milan-8Sa8HInO/bologna-0M9xNN8N/summary/stats/2nd-half/?mid=84C5T6mj","match_id":"84C5T6mj","collected_at_utc":"2026-08-16T06:04:22.201Z","page_title":"BOL 0-2 ACM | Bologna v AC Milan 21/08/2023, Stats - Flashscore.com | Match","competition":"WORLD CUP","status":"FINISHED","date_time":"21.08.2023 22:45","home_team":"Bologna","away_team":"AC Milan
[2026-08-16T06:04:22Z] Stored second_half statistics: 14 rows.
[2026-08-16T06:04:22Z] Merged section: statistics_second_half
[2026-08-16T06:04:22Z] Opening lineups...
[2026-08-16T06:04:22Z] Navigate: https://www.flashscore.com/match/football/ac-milan-8Sa8HInO/bologna-0M9xNN8N/summary/lineups/?mid=84C5T6mj
[2026-08-16T06:04:24Z] Page loaded. Waiting for statistics DOM...
[2026-08-16T06:04:25Z] Script [readiness] result prefix: {"body_text_length":4297,"ready":true,"row_count":118,"section":"lineups","title":"BOL 0-2 ACM | Bologna v AC Milan 21/08/2023, Lineups - Flashscore.com | Match"}
[2026-08-16T06:04:25Z] Reading rendered DOM...
[2026-08-16T06:04:25Z] Executing extraction script for phase 4; length: 20701.
[2026-08-16T06:04:26Z] Script [extract] result prefix: {"schema_version":"1.3","section":"lineups","statistic_period":null,"source_url":"https://www.flashscore.com/match/football/ac-milan-8Sa8HInO/bologna-0M9xNN8N/summary/lineups/?mid=84C5T6mj","match_id":"84C5T6mj","collected_at_utc":"2026-08-16T06:04:25.977Z","page_title":"BOL 0-2 ACM | Bologna v AC Milan 21/08/2023, Lineups - Flashscore.com | Match","competition":"WORLD CUP","status":"FINISHED","date_time":"21.08.2023 22:45","home_team":"Bologna","away_team":"AC Milan","score":{"home":"0","away":
[2026-08-16T06:04:26Z] Merged section: lineups
[2026-08-16T06:04:26Z] Italian Serie A 2023/2024: Player Stats are unavailable in the source profile.
[2026-08-16T06:04:26Z] Marked all Player Stats categories as not_available; collection continues.
[2026-08-16T06:04:26Z] Opening commentary...
[2026-08-16T06:04:26Z] Navigate: https://www.flashscore.com/match/football/ac-milan-8Sa8HInO/bologna-0M9xNN8N/summary/live-commentary/?mid=84C5T6mj
[2026-08-16T06:04:28Z] Page loaded. Waiting for statistics DOM...
[2026-08-16T06:04:30Z] Script [readiness] result prefix: {"body_text_length":11716,"ready":true,"row_count":203,"section":"commentary","title":"BOL 0-2 ACM | Bologna v AC Milan 21/08/2023 | Football - Flashscore | Match"}
[2026-08-16T06:04:30Z] Reading rendered DOM...
[2026-08-16T06:04:30Z] Executing extraction script for phase 12; length: 11834.
[2026-08-16T06:04:30Z] Script [extract] result prefix: {"schema_version":"1.3","section":"commentary","statistic_period":null,"source_url":"https://www.flashscore.com/match/football/ac-milan-8Sa8HInO/bologna-0M9xNN8N/summary/live-commentary/all-comments/?mid=84C5T6mj","match_id":"84C5T6mj","collected_at_utc":"2026-08-16T06:04:30.678Z","page_title":"BOL 0-2 ACM | Bologna v AC Milan 21/08/2023 | Football - Flashscore | Match","competition":"WORLD CUP","status":"FINISHED","date_time":"21.08.2023 22:45","home_team":"Bologna","away_team":"AC Milan","scor
[2026-08-16T06:04:30Z] Merged section: commentary
[2026-08-16T06:04:30Z] Saving complete match JSON...
[2026-08-16T06:04:30Z] Player Stats category unavailable; status=not_available: top_stats
[2026-08-16T06:04:30Z] Player Stats category unavailable; status=not_available: shots
[2026-08-16T06:04:30Z] Player Stats category unavailable; status=not_available: attack
[2026-08-16T06:04:31Z] Player Stats category unavailable; status=not_available: passes
[2026-08-16T06:04:31Z] Player Stats category unavailable; status=not_available: defense
[2026-08-16T06:04:31Z] Player Stats category unavailable; status=not_available: goalkeeping
[2026-08-16T06:04:31Z] Player Stats category unavailable; status=not_available: general
[2026-08-16T06:04:31Z] Structured goals, cards and VAR events enriched.
[2026-08-16T06:04:31Z] Saved match JSON with 14 statistics: G:\Mirza\VSCode\FlashscoreFootballCollector_\Data\Matches\SerieA\2023_2024\2023-08-21_Bologna_vs_AC_Milan_84C5T6mj.json
[2026-08-16T06:04:31Z] Finished: 2023-08-21_Bologna_vs_AC_Milan_84C5T6mj.json
[2026-08-16T06:04:31Z] Opening overall statistics...
[2026-08-16T06:04:31Z] Navigate: https://www.flashscore.com/match/football/empoli-0ESCnI1H/monza-4YSMlwj7/summary/stats/overall/?mid=0Ie8qJwl
[2026-08-16T06:04:33Z] Page loaded. Waiting for statistics DOM...
[2026-08-16T06:04:34Z] Script [readiness] result prefix: {"body_text_length":3235,"ready":true,"row_count":19,"section":"statistics_overall","title":"MON 2-0 EMP | Monza v Empoli 26/08/2023, Stats - Flashscore.com | Match"}
[2026-08-16T06:04:34Z] Reading rendered DOM...
[2026-08-16T06:04:35Z] Executing extraction script for phase 0; length: 5174.
[2026-08-16T06:04:35Z] Script [extract] result prefix: {"schema_version":"1.3","section":"statistics_overall","statistic_period":"overall","source_url":"https://www.flashscore.com/match/football/empoli-0ESCnI1H/monza-4YSMlwj7/summary/stats/overall/?mid=0Ie8qJwl","match_id":"0Ie8qJwl","collected_at_utc":"2026-08-16T06:04:35.100Z","page_title":"MON 2-0 EMP | Monza v Empoli 26/08/2023, Stats - Flashscore.com | Match","competition":"WORLD CUP","status":"FINISHED","date_time":"26.08.2023 20:30","home_team":"Monza","away_team":"Empoli","score":{"home":"2"
[2026-08-16T06:04:35Z] Stored overall statistics: 14 rows.
[2026-08-16T06:04:35Z] Merged section: statistics_overall
[2026-08-16T06:04:35Z] Opening 1st half statistics...
[2026-08-16T06:04:35Z] Navigate: https://www.flashscore.com/match/football/empoli-0ESCnI1H/monza-4YSMlwj7/summary/stats/1st-half/?mid=0Ie8qJwl
[2026-08-16T06:04:37Z] Page loaded. Waiting for statistics DOM...
[2026-08-16T06:04:38Z] Script [readiness] result prefix: {"body_text_length":3230,"ready":true,"row_count":19,"section":"statistics_first_half","title":"MON 2-0 EMP | Monza v Empoli 26/08/2023, Stats - Flashscore.com | Match"}
[2026-08-16T06:04:38Z] Reading rendered DOM...
[2026-08-16T06:04:38Z] Executing extraction script for phase 1; length: 5174.
[2026-08-16T06:04:38Z] Script [extract] result prefix: {"schema_version":"1.3","section":"statistics_first_half","statistic_period":"first_half","source_url":"https://www.flashscore.com/match/football/empoli-0ESCnI1H/monza-4YSMlwj7/summary/stats/1st-half/?mid=0Ie8qJwl","match_id":"0Ie8qJwl","collected_at_utc":"2026-08-16T06:04:38.791Z","page_title":"MON 2-0 EMP | Monza v Empoli 26/08/2023, Stats - Flashscore.com | Match","competition":"WORLD CUP","status":"FINISHED","date_time":"26.08.2023 20:30","home_team":"Monza","away_team":"Empoli","score":{"ho
[2026-08-16T06:04:38Z] Stored first_half statistics: 14 rows.
[2026-08-16T06:04:38Z] Merged section: statistics_first_half
[2026-08-16T06:04:38Z] Opening 2nd half statistics...
[2026-08-16T06:04:38Z] Navigate: https://www.flashscore.com/match/football/empoli-0ESCnI1H/monza-4YSMlwj7/summary/stats/2nd-half/?mid=0Ie8qJwl
[2026-08-16T06:04:40Z] Page loaded. Waiting for statistics DOM...
[2026-08-16T06:04:42Z] Script [readiness] result prefix: {"body_text_length":3233,"ready":true,"row_count":19,"section":"statistics_second_half","title":"MON 2-0 EMP | Monza v Empoli 26/08/2023, Stats - Flashscore.com | Match"}
[2026-08-16T06:04:42Z] Reading rendered DOM...
[2026-08-16T06:04:42Z] Executing extraction script for phase 2; length: 5174.
[2026-08-16T06:04:42Z] Script [extract] result prefix: {"schema_version":"1.3","section":"statistics_second_half","statistic_period":"second_half","source_url":"https://www.flashscore.com/match/football/empoli-0ESCnI1H/monza-4YSMlwj7/summary/stats/2nd-half/?mid=0Ie8qJwl","match_id":"0Ie8qJwl","collected_at_utc":"2026-08-16T06:04:42.311Z","page_title":"MON 2-0 EMP | Monza v Empoli 26/08/2023, Stats - Flashscore.com | Match","competition":"WORLD CUP","status":"FINISHED","date_time":"26.08.2023 20:30","home_team":"Monza","away_team":"Empoli","score":{"
[2026-08-16T06:04:42Z] Stored second_half statistics: 14 rows.
[2026-08-16T06:04:42Z] Merged section: statistics_second_half
[2026-08-16T06:04:42Z] Opening lineups...
[2026-08-16T06:04:42Z] Navigate: https://www.flashscore.com/match/football/empoli-0ESCnI1H/monza-4YSMlwj7/summary/lineups/?mid=0Ie8qJwl
[2026-08-16T06:04:45Z] Page loaded. Waiting for statistics DOM...
[2026-08-16T06:04:46Z] Script [readiness] result prefix: {"body_text_length":4296,"ready":true,"row_count":120,"section":"lineups","title":"MON 2-0 EMP | Monza v Empoli 26/08/2023, Lineups - Flashscore.com | Match"}
[2026-08-16T06:04:46Z] Reading rendered DOM...
[2026-08-16T06:04:46Z] Executing extraction script for phase 4; length: 20701.
[2026-08-16T06:04:47Z] Script [extract] result prefix: {"schema_version":"1.3","section":"lineups","statistic_period":null,"source_url":"https://www.flashscore.com/match/football/empoli-0ESCnI1H/monza-4YSMlwj7/summary/lineups/?mid=0Ie8qJwl","match_id":"0Ie8qJwl","collected_at_utc":"2026-08-16T06:04:47.022Z","page_title":"MON 2-0 EMP | Monza v Empoli 26/08/2023, Lineups - Flashscore.com | Match","competition":"WORLD CUP","status":"FINISHED","date_time":"26.08.2023 20:30","home_team":"Monza","away_team":"Empoli","score":{"home":"2","away":"0","display
[2026-08-16T06:04:47Z] Merged section: lineups
[2026-08-16T06:04:47Z] Italian Serie A 2023/2024: Player Stats are unavailable in the source profile.
[2026-08-16T06:04:47Z] Marked all Player Stats categories as not_available; collection continues.
[2026-08-16T06:04:47Z] Opening commentary...
[2026-08-16T06:04:47Z] Navigate: https://www.flashscore.com/match/football/empoli-0ESCnI1H/monza-4YSMlwj7/summary/live-commentary/?mid=0Ie8qJwl
[2026-08-16T06:04:49Z] Page loaded. Waiting for statistics DOM...
[2026-08-16T06:04:50Z] Script [readiness] result prefix: {"body_text_length":11000,"ready":true,"row_count":218,"section":"commentary","title":"MON 2-0 EMP | Monza v Empoli 26/08/2023 | Football - Flashscore | Match"}
[2026-08-16T06:04:50Z] Reading rendered DOM...
[2026-08-16T06:04:50Z] Executing extraction script for phase 12; length: 11834.
[2026-08-16T06:04:50Z] Script [extract] result prefix: {"schema_version":"1.3","section":"commentary","statistic_period":null,"source_url":"https://www.flashscore.com/match/football/empoli-0ESCnI1H/monza-4YSMlwj7/summary/live-commentary/all-comments/?mid=0Ie8qJwl","match_id":"0Ie8qJwl","collected_at_utc":"2026-08-16T06:04:50.979Z","page_title":"MON 2-0 EMP | Monza v Empoli 26/08/2023 | Football - Flashscore | Match","competition":"WORLD CUP","status":"FINISHED","date_time":"26.08.2023 20:30","home_team":"Monza","away_team":"Empoli","score":{"home":"
[2026-08-16T06:04:51Z] Merged section: commentary
[2026-08-16T06:04:51Z] Saving complete match JSON...
[2026-08-16T06:04:51Z] Player Stats category unavailable; status=not_available: top_stats
[2026-08-16T06:04:51Z] Player Stats category unavailable; status=not_available: shots
[2026-08-16T06:04:51Z] Player Stats category unavailable; status=not_available: attack
[2026-08-16T06:04:51Z] Player Stats category unavailable; status=not_available: passes
[2026-08-16T06:04:51Z] Player Stats category unavailable; status=not_available: defense
[2026-08-16T06:04:51Z] Player Stats category unavailable; status=not_available: goalkeeping
[2026-08-16T06:04:51Z] Player Stats category unavailable; status=not_available: general
[2026-08-16T06:04:51Z] Structured goals, cards and VAR events enriched.
[2026-08-16T06:04:51Z] Saved match JSON with 14 statistics: G:\Mirza\VSCode\FlashscoreFootballCollector_\Data\Matches\SerieA\2023_2024\2023-08-26_Monza_vs_Empoli_0Ie8qJwl.json
[2026-08-16T06:04:51Z] Finished: 2023-08-26_Monza_vs_Empoli_0Ie8qJwl.json
[2026-08-16T06:04:51Z] Opening overall statistics...
[2026-08-16T06:04:51Z] Navigate: https://www.flashscore.com/match/football/atalanta-8C9JjMXu/frosinone-pfo9H1Wp/summary/stats/overall/?mid=ppfyi1oE
[2026-08-16T06:04:53Z] Page loaded. Waiting for statistics DOM...
[2026-08-16T06:04:55Z] Script [readiness] result prefix: {"body_text_length":3267,"ready":true,"row_count":19,"section":"statistics_overall","title":"FRO 2-1 ATA | Frosinone v Atalanta 26/08/2023, Stats - Flashscore.com | Match"}
[2026-08-16T06:04:55Z] Reading rendered DOM...
[2026-08-16T06:04:55Z] Executing extraction script for phase 0; length: 5174.
[2026-08-16T06:04:55Z] Script [extract] result prefix: {"schema_version":"1.3","section":"statistics_overall","statistic_period":"overall","source_url":"https://www.flashscore.com/match/football/atalanta-8C9JjMXu/frosinone-pfo9H1Wp/summary/stats/overall/?mid=ppfyi1oE","match_id":"ppfyi1oE","collected_at_utc":"2026-08-16T06:04:55.290Z","page_title":"FRO 2-1 ATA | Frosinone v Atalanta 26/08/2023, Stats - Flashscore.com | Match","competition":"WORLD CUP","status":"FINISHED","date_time":"26.08.2023 20:30","home_team":"Frosinone","away_team":"Atalanta","
[2026-08-16T06:04:55Z] Stored overall statistics: 14 rows.
[2026-08-16T06:04:55Z] Merged section: statistics_overall
[2026-08-16T06:04:55Z] Opening 1st half statistics...
[2026-08-16T06:04:55Z] Navigate: https://www.flashscore.com/match/football/atalanta-8C9JjMXu/frosinone-pfo9H1Wp/summary/stats/1st-half/?mid=ppfyi1oE
[2026-08-16T06:04:57Z] Page loaded. Waiting for statistics DOM...
[2026-08-16T06:04:58Z] Script [readiness] result prefix: {"body_text_length":3258,"ready":true,"row_count":19,"section":"statistics_first_half","title":"FRO 2-1 ATA | Frosinone v Atalanta 26/08/2023, Stats - Flashscore.com | Match"}
[2026-08-16T06:04:58Z] Reading rendered DOM...
[2026-08-16T06:04:58Z] Executing extraction script for phase 1; length: 5174.
[2026-08-16T06:04:58Z] Script [extract] result prefix: {"schema_version":"1.3","section":"statistics_first_half","statistic_period":"first_half","source_url":"https://www.flashscore.com/match/football/atalanta-8C9JjMXu/frosinone-pfo9H1Wp/summary/stats/1st-half/?mid=ppfyi1oE","match_id":"ppfyi1oE","collected_at_utc":"2026-08-16T06:04:58.970Z","page_title":"FRO 2-1 ATA | Frosinone v Atalanta 26/08/2023, Stats - Flashscore.com | Match","competition":"WORLD CUP","status":"FINISHED","date_time":"26.08.2023 20:30","home_team":"Frosinone","away_team":"Atal
[2026-08-16T06:04:59Z] Stored first_half statistics: 14 rows.
[2026-08-16T06:04:59Z] Merged section: statistics_first_half
[2026-08-16T06:04:59Z] Opening 2nd half statistics...
[2026-08-16T06:04:59Z] Navigate: https://www.flashscore.com/match/football/atalanta-8C9JjMXu/frosinone-pfo9H1Wp/summary/stats/2nd-half/?mid=ppfyi1oE
[2026-08-16T06:05:00Z] Page loaded. Waiting for statistics DOM...
[2026-08-16T06:05:02Z] Script [readiness] result prefix: {"body_text_length":3242,"ready":true,"row_count":18,"section":"statistics_second_half","title":"FRO 2-1 ATA | Frosinone v Atalanta 26/08/2023, Stats - Flashscore.com | Match"}
[2026-08-16T06:05:02Z] Reading rendered DOM...
[2026-08-16T06:05:02Z] Executing extraction script for phase 2; length: 5174.
[2026-08-16T06:05:02Z] Script [extract] result prefix: {"schema_version":"1.3","section":"statistics_second_half","statistic_period":"second_half","source_url":"https://www.flashscore.com/match/football/atalanta-8C9JjMXu/frosinone-pfo9H1Wp/summary/stats/2nd-half/?mid=ppfyi1oE","match_id":"ppfyi1oE","collected_at_utc":"2026-08-16T06:05:02.500Z","page_title":"FRO 2-1 ATA | Frosinone v Atalanta 26/08/2023, Stats - Flashscore.com | Match","competition":"WORLD CUP","status":"FINISHED","date_time":"26.08.2023 20:30","home_team":"Frosinone","away_team":"At
[2026-08-16T06:05:02Z] Stored second_half statistics: 13 rows.
[2026-08-16T06:05:02Z] Merged section: statistics_second_half
[2026-08-16T06:05:02Z] Opening lineups...
[2026-08-16T06:05:02Z] Navigate: https://www.flashscore.com/match/football/atalanta-8C9JjMXu/frosinone-pfo9H1Wp/summary/lineups/?mid=ppfyi1oE
[2026-08-16T06:05:05Z] Page loaded. Waiting for statistics DOM...
[2026-08-16T06:05:07Z] Script [readiness] result prefix: {"body_text_length":4353,"ready":true,"row_count":117,"section":"lineups","title":"FRO 2-1 ATA | Frosinone v Atalanta 26/08/2023, Lineups - Flashscore.com | Match"}
[2026-08-16T06:05:07Z] Reading rendered DOM...
[2026-08-16T06:05:07Z] Executing extraction script for phase 4; length: 20701.
[2026-08-16T06:05:07Z] Script [extract] result prefix: {"schema_version":"1.3","section":"lineups","statistic_period":null,"source_url":"https://www.flashscore.com/match/football/atalanta-8C9JjMXu/frosinone-pfo9H1Wp/summary/lineups/?mid=ppfyi1oE","match_id":"ppfyi1oE","collected_at_utc":"2026-08-16T06:05:07.465Z","page_title":"FRO 2-1 ATA | Frosinone v Atalanta 26/08/2023, Lineups - Flashscore.com | Match","competition":"WORLD CUP","status":"FINISHED","date_time":"26.08.2023 20:30","home_team":"Frosinone","away_team":"Atalanta","score":{"home":"2","
[2026-08-16T06:05:07Z] Merged section: lineups
[2026-08-16T06:05:07Z] Italian Serie A 2023/2024: Player Stats are unavailable in the source profile.
[2026-08-16T06:05:07Z] Marked all Player Stats categories as not_available; collection continues.
[2026-08-16T06:05:07Z] Opening commentary...
[2026-08-16T06:05:07Z] Navigate: https://www.flashscore.com/match/football/atalanta-8C9JjMXu/frosinone-pfo9H1Wp/summary/live-commentary/?mid=ppfyi1oE
[2026-08-16T06:05:09Z] Page loaded. Waiting for statistics DOM...
[2026-08-16T06:05:10Z] Script [readiness] result prefix: {"body_text_length":13663,"ready":true,"row_count":225,"section":"commentary","title":"FRO 2-1 ATA | Frosinone v Atalanta 26/08/2023 | Football - Flashscore | Match"}
[2026-08-16T06:05:10Z] Reading rendered DOM...
[2026-08-16T06:05:11Z] Executing extraction script for phase 12; length: 11834.
[2026-08-16T06:05:11Z] Script [extract] result prefix: {"schema_version":"1.3","section":"commentary","statistic_period":null,"source_url":"https://www.flashscore.com/match/football/atalanta-8C9JjMXu/frosinone-pfo9H1Wp/summary/live-commentary/all-comments/?mid=ppfyi1oE","match_id":"ppfyi1oE","collected_at_utc":"2026-08-16T06:05:11.039Z","page_title":"FRO 2-1 ATA | Frosinone v Atalanta 26/08/2023 | Football - Flashscore | Match","competition":"WORLD CUP","status":"FINISHED","date_time":"26.08.2023 20:30","home_team":"Frosinone","away_team":"Atalanta"
[2026-08-16T06:05:11Z] Merged section: commentary
[2026-08-16T06:05:11Z] Saving complete match JSON...
[2026-08-16T06:05:11Z] Player Stats category unavailable; status=not_available: top_stats
[2026-08-16T06:05:11Z] Player Stats category unavailable; status=not_available: shots
[2026-08-16T06:05:11Z] Player Stats category unavailable; status=not_available: attack
[2026-08-16T06:05:11Z] Player Stats category unavailable; status=not_available: passes
[2026-08-16T06:05:11Z] Player Stats category unavailable; status=not_available: defense
[2026-08-16T06:05:11Z] Player Stats category unavailable; status=not_available: goalkeeping
[2026-08-16T06:05:11Z] Player Stats category unavailable; status=not_available: general
[2026-08-16T06:05:11Z] Structured goals, cards and VAR events enriched.
[2026-08-16T06:05:11Z] Saved match JSON with 14 statistics: G:\Mirza\VSCode\FlashscoreFootballCollector_\Data\Matches\SerieA\2023_2024\2023-08-26_Frosinone_vs_Atalanta_ppfyi1oE.json
[2026-08-16T06:05:11Z] Finished: 2023-08-26_Frosinone_vs_Atalanta_ppfyi1oE.json
[2026-08-16T06:05:11Z] Opening overall statistics...
[2026-08-16T06:05:11Z] Navigate: https://www.flashscore.com/match/football/as-roma-zVqqL0ma/verona-rJVAIaHo/summary/stats/overall/?mid=zylLtHN6
[2026-08-16T06:05:14Z] Page loaded. Waiting for statistics DOM...
[2026-08-16T06:05:15Z] Script [readiness] result prefix: {"body_text_length":3267,"ready":true,"row_count":20,"section":"statistics_overall","title":"VER 2-1 ROM | Verona v AS Roma 26/08/2023, Stats - Flashscore.com | Match"}
[2026-08-16T06:05:15Z] Reading rendered DOM...
[2026-08-16T06:05:15Z] Executing extraction script for phase 0; length: 5174.
[2026-08-16T06:05:15Z] Script [extract] result prefix: {"schema_version":"1.3","section":"statistics_overall","statistic_period":"overall","source_url":"https://www.flashscore.com/match/football/as-roma-zVqqL0ma/verona-rJVAIaHo/summary/stats/overall/?mid=zylLtHN6","match_id":"zylLtHN6","collected_at_utc":"2026-08-16T06:05:15.648Z","page_title":"VER 2-1 ROM | Verona v AS Roma 26/08/2023, Stats - Flashscore.com | Match","competition":"WORLD CUP","status":"FINISHED","date_time":"26.08.2023 22:45","home_team":"Verona","away_team":"AS Roma","score":{"hom
[2026-08-16T06:05:15Z] Stored overall statistics: 15 rows.
[2026-08-16T06:05:15Z] Merged section: statistics_overall
[2026-08-16T06:05:15Z] Opening 1st half statistics...
[2026-08-16T06:05:15Z] Navigate: https://www.flashscore.com/match/football/as-roma-zVqqL0ma/verona-rJVAIaHo/summary/stats/1st-half/?mid=zylLtHN6
[2026-08-16T06:05:17Z] Page loaded. Waiting for statistics DOM...
[2026-08-16T06:05:19Z] Script [readiness] result prefix: {"body_text_length":3244,"ready":true,"row_count":19,"section":"statistics_first_half","title":"VER 2-1 ROM | Verona v AS Roma 26/08/2023, Stats - Flashscore.com | Match"}
[2026-08-16T06:05:19Z] Reading rendered DOM...
[2026-08-16T06:05:19Z] Executing extraction script for phase 1; length: 5174.
[2026-08-16T06:05:19Z] Script [extract] result prefix: {"schema_version":"1.3","section":"statistics_first_half","statistic_period":"first_half","source_url":"https://www.flashscore.com/match/football/as-roma-zVqqL0ma/verona-rJVAIaHo/summary/stats/1st-half/?mid=zylLtHN6","match_id":"zylLtHN6","collected_at_utc":"2026-08-16T06:05:19.494Z","page_title":"VER 2-1 ROM | Verona v AS Roma 26/08/2023, Stats - Flashscore.com | Match","competition":"WORLD CUP","status":"FINISHED","date_time":"26.08.2023 22:45","home_team":"Verona","away_team":"AS Roma","score
[2026-08-16T06:05:19Z] Stored first_half statistics: 14 rows.
[2026-08-16T06:05:19Z] Merged section: statistics_first_half
[2026-08-16T06:05:19Z] Opening 2nd half statistics...
[2026-08-16T06:05:19Z] Navigate: https://www.flashscore.com/match/football/as-roma-zVqqL0ma/verona-rJVAIaHo/summary/stats/2nd-half/?mid=zylLtHN6
[2026-08-16T06:05:21Z] Page loaded. Waiting for statistics DOM...
[2026-08-16T06:05:22Z] Script [readiness] result prefix: {"body_text_length":3258,"ready":true,"row_count":20,"section":"statistics_second_half","title":"VER 2-1 ROM | Verona v AS Roma 26/08/2023, Stats - Flashscore.com | Match"}
[2026-08-16T06:05:22Z] Reading rendered DOM...
[2026-08-16T06:05:22Z] Executing extraction script for phase 2; length: 5174.
[2026-08-16T06:05:22Z] Script [extract] result prefix: {"schema_version":"1.3","section":"statistics_second_half","statistic_period":"second_half","source_url":"https://www.flashscore.com/match/football/as-roma-zVqqL0ma/verona-rJVAIaHo/summary/stats/2nd-half/?mid=zylLtHN6","match_id":"zylLtHN6","collected_at_utc":"2026-08-16T06:05:22.988Z","page_title":"VER 2-1 ROM | Verona v AS Roma 26/08/2023, Stats - Flashscore.com | Match","competition":"WORLD CUP","status":"FINISHED","date_time":"26.08.2023 22:45","home_team":"Verona","away_team":"AS Roma","sco
[2026-08-16T06:05:23Z] Stored second_half statistics: 15 rows.
[2026-08-16T06:05:23Z] Merged section: statistics_second_half
[2026-08-16T06:05:23Z] Opening lineups...
[2026-08-16T06:05:23Z] Navigate: https://www.flashscore.com/match/football/as-roma-zVqqL0ma/verona-rJVAIaHo/summary/lineups/?mid=zylLtHN6
[2026-08-16T06:05:24Z] Page loaded. Waiting for statistics DOM...
[2026-08-16T06:05:26Z] Script [readiness] result prefix: {"body_text_length":4362,"ready":true,"row_count":123,"section":"lineups","title":"VER 2-1 ROM | Verona v AS Roma 26/08/2023, Lineups - Flashscore.com | Match"}
[2026-08-16T06:05:26Z] Reading rendered DOM...
[2026-08-16T06:05:26Z] Executing extraction script for phase 4; length: 20701.
[2026-08-16T06:05:26Z] Script [extract] result prefix: {"schema_version":"1.3","section":"lineups","statistic_period":null,"source_url":"https://www.flashscore.com/match/football/as-roma-zVqqL0ma/verona-rJVAIaHo/summary/lineups/?mid=zylLtHN6","match_id":"zylLtHN6","collected_at_utc":"2026-08-16T06:05:26.743Z","page_title":"VER 2-1 ROM | Verona v AS Roma 26/08/2023, Lineups - Flashscore.com | Match","competition":"WORLD CUP","status":"FINISHED","date_time":"26.08.2023 22:45","home_team":"Verona","away_team":"AS Roma","score":{"home":"2","away":"1","d
[2026-08-16T06:05:27Z] Merged section: lineups
[2026-08-16T06:05:27Z] Italian Serie A 2023/2024: Player Stats are unavailable in the source profile.
[2026-08-16T06:05:27Z] Marked all Player Stats categories as not_available; collection continues.
[2026-08-16T06:05:27Z] Opening commentary...
[2026-08-16T06:05:27Z] Navigate: https://www.flashscore.com/match/football/as-roma-zVqqL0ma/verona-rJVAIaHo/summary/live-commentary/?mid=zylLtHN6
[2026-08-16T06:05:28Z] Page loaded. Waiting for statistics DOM...
[2026-08-16T06:05:30Z] Script [readiness] result prefix: {"body_text_length":13324,"ready":true,"row_count":253,"section":"commentary","title":"VER 2-1 ROM | Verona v AS Roma 26/08/2023 | Football - Flashscore | Match"}
[2026-08-16T06:05:30Z] Reading rendered DOM...
[2026-08-16T06:05:30Z] Executing extraction script for phase 12; length: 11834.
[2026-08-16T06:05:30Z] Script [extract] result prefix: {"schema_version":"1.3","section":"commentary","statistic_period":null,"source_url":"https://www.flashscore.com/match/football/as-roma-zVqqL0ma/verona-rJVAIaHo/summary/live-commentary/all-comments/?mid=zylLtHN6","match_id":"zylLtHN6","collected_at_utc":"2026-08-16T06:05:30.490Z","page_title":"VER 2-1 ROM | Verona v AS Roma 26/08/2023 | Football - Flashscore | Match","competition":"WORLD CUP","status":"FINISHED","date_time":"26.08.2023 22:45","home_team":"Verona","away_team":"AS Roma","score":{"h
[2026-08-16T06:05:30Z] Merged section: commentary
[2026-08-16T06:05:30Z] Saving complete match JSON...
[2026-08-16T06:05:30Z] Player Stats category unavailable; status=not_available: top_stats
[2026-08-16T06:05:30Z] Player Stats category unavailable; status=not_available: shots
[2026-08-16T06:05:30Z] Player Stats category unavailable; status=not_available: attack
[2026-08-16T06:05:30Z] Player Stats category unavailable; status=not_available: passes
[2026-08-16T06:05:30Z] Player Stats category unavailable; status=not_available: defense
[2026-08-16T06:05:30Z] Player Stats category unavailable; status=not_available: goalkeeping
[2026-08-16T06:05:30Z] Player Stats category unavailable; status=not_available: general
[2026-08-16T06:05:30Z] Structured goals, cards and VAR events enriched.
[2026-08-16T06:05:31Z] Saved match JSON with 15 statistics: G:\Mirza\VSCode\FlashscoreFootballCollector_\Data\Matches\SerieA\2023_2024\2023-08-26_Verona_vs_AS_Roma_zylLtHN6.json
[2026-08-16T06:05:31Z] Finished: 2023-08-26_Verona_vs_AS_Roma_zylLtHN6.json
[2026-08-16T06:05:31Z] Opening overall statistics...
[2026-08-16T06:05:31Z] Navigate: https://www.flashscore.com/match/football/ac-milan-8Sa8HInO/torino-MZFZnvX4/summary/stats/overall/?mid=6ed4paOs
[2026-08-16T06:05:33Z] Page loaded. Waiting for statistics DOM...
[2026-08-16T06:05:35Z] Script [readiness] result prefix: {"body_text_length":3254,"ready":true,"row_count":19,"section":"statistics_overall","title":"ACM 4-1 TOR | AC Milan v Torino 26/08/2023, Stats - Flashscore.com | Match"}
[2026-08-16T06:05:35Z] Reading rendered DOM...
[2026-08-16T06:05:35Z] Executing extraction script for phase 0; length: 5174.
[2026-08-16T06:05:35Z] Script [extract] result prefix: {"schema_version":"1.3","section":"statistics_overall","statistic_period":"overall","source_url":"https://www.flashscore.com/match/football/ac-milan-8Sa8HInO/torino-MZFZnvX4/summary/stats/overall/?mid=6ed4paOs","match_id":"6ed4paOs","collected_at_utc":"2026-08-16T06:05:35.261Z","page_title":"ACM 4-1 TOR | AC Milan v Torino 26/08/2023, Stats - Flashscore.com | Match","competition":"WORLD CUP","status":"FINISHED","date_time":"26.08.2023 22:45","home_team":"AC Milan","away_team":"Torino","score":{"
[2026-08-16T06:05:35Z] Stored overall statistics: 14 rows.
[2026-08-16T06:05:35Z] Merged section: statistics_overall
[2026-08-16T06:05:35Z] Opening 1st half statistics...
[2026-08-16T06:05:35Z] Navigate: https://www.flashscore.com/match/football/ac-milan-8Sa8HInO/torino-MZFZnvX4/summary/stats/1st-half/?mid=6ed4paOs
[2026-08-16T06:05:37Z] Page loaded. Waiting for statistics DOM...
[2026-08-16T06:05:38Z] Script [readiness] result prefix: {"body_text_length":3249,"ready":true,"row_count":19,"section":"statistics_first_half","title":"ACM 4-1 TOR | AC Milan v Torino 26/08/2023, Stats - Flashscore.com | Match"}
[2026-08-16T06:05:38Z] Reading rendered DOM...
[2026-08-16T06:05:38Z] Executing extraction script for phase 1; length: 5174.
[2026-08-16T06:05:38Z] Script [extract] result prefix: {"schema_version":"1.3","section":"statistics_first_half","statistic_period":"first_half","source_url":"https://www.flashscore.com/match/football/ac-milan-8Sa8HInO/torino-MZFZnvX4/summary/stats/1st-half/?mid=6ed4paOs","match_id":"6ed4paOs","collected_at_utc":"2026-08-16T06:05:38.866Z","page_title":"ACM 4-1 TOR | AC Milan v Torino 26/08/2023, Stats - Flashscore.com | Match","competition":"WORLD CUP","status":"FINISHED","date_time":"26.08.2023 22:45","home_team":"AC Milan","away_team":"Torino","sc
[2026-08-16T06:05:38Z] Stored first_half statistics: 14 rows.
[2026-08-16T06:05:38Z] Merged section: statistics_first_half
[2026-08-16T06:05:38Z] Opening 2nd half statistics...
[2026-08-16T06:05:38Z] Navigate: https://www.flashscore.com/match/football/ac-milan-8Sa8HInO/torino-MZFZnvX4/summary/stats/2nd-half/?mid=6ed4paOs
[2026-08-16T06:05:41Z] Page loaded. Waiting for statistics DOM...
[2026-08-16T06:05:42Z] Script [readiness] result prefix: {"body_text_length":3247,"ready":true,"row_count":19,"section":"statistics_second_half","title":"ACM 4-1 TOR | AC Milan v Torino 26/08/2023, Stats - Flashscore.com | Match"}
[2026-08-16T06:05:42Z] Reading rendered DOM...
[2026-08-16T06:05:42Z] Executing extraction script for phase 2; length: 5174.
[2026-08-16T06:05:42Z] Script [extract] result prefix: {"schema_version":"1.3","section":"statistics_second_half","statistic_period":"second_half","source_url":"https://www.flashscore.com/match/football/ac-milan-8Sa8HInO/torino-MZFZnvX4/summary/stats/2nd-half/?mid=6ed4paOs","match_id":"6ed4paOs","collected_at_utc":"2026-08-16T06:05:42.894Z","page_title":"ACM 4-1 TOR | AC Milan v Torino 26/08/2023, Stats - Flashscore.com | Match","competition":"WORLD CUP","status":"FINISHED","date_time":"26.08.2023 22:45","home_team":"AC Milan","away_team":"Torino","
[2026-08-16T06:05:43Z] Stored second_half statistics: 14 rows.
[2026-08-16T06:05:43Z] Merged section: statistics_second_half
[2026-08-16T06:05:43Z] Opening lineups...
[2026-08-16T06:05:43Z] Navigate: https://www.flashscore.com/match/football/ac-milan-8Sa8HInO/torino-MZFZnvX4/summary/lineups/?mid=6ed4paOs
[2026-08-16T06:05:46Z] Page loaded. Waiting for statistics DOM...
[2026-08-16T06:05:47Z] Script [readiness] result prefix: {"body_text_length":4254,"ready":true,"row_count":116,"section":"lineups","title":"ACM 4-1 TOR | AC Milan v Torino 26/08/2023, Lineups - Flashscore.com | Match"}
[2026-08-16T06:05:47Z] Reading rendered DOM...
[2026-08-16T06:05:47Z] Executing extraction script for phase 4; length: 20701.
[2026-08-16T06:05:47Z] Script [extract] result prefix: {"schema_version":"1.3","section":"lineups","statistic_period":null,"source_url":"https://www.flashscore.com/match/football/ac-milan-8Sa8HInO/torino-MZFZnvX4/summary/lineups/?mid=6ed4paOs","match_id":"6ed4paOs","collected_at_utc":"2026-08-16T06:05:47.760Z","page_title":"ACM 4-1 TOR | AC Milan v Torino 26/08/2023, Lineups - Flashscore.com | Match","competition":"WORLD CUP","status":"FINISHED","date_time":"26.08.2023 22:45","home_team":"AC Milan","away_team":"Torino","score":{"home":"4","away":"1"
[2026-08-16T06:05:47Z] Merged section: lineups
[2026-08-16T06:05:47Z] Italian Serie A 2023/2024: Player Stats are unavailable in the source profile.
[2026-08-16T06:05:48Z] Marked all Player Stats categories as not_available; collection continues.
[2026-08-16T06:05:48Z] Opening commentary...
[2026-08-16T06:05:48Z] Navigate: https://www.flashscore.com/match/football/ac-milan-8Sa8HInO/torino-MZFZnvX4/summary/live-commentary/?mid=6ed4paOs
[2026-08-16T06:05:50Z] Page loaded. Waiting for statistics DOM...
[2026-08-16T06:05:51Z] Script [readiness] result prefix: {"body_text_length":12326,"ready":true,"row_count":239,"section":"commentary","title":"ACM 4-1 TOR | AC Milan v Torino 26/08/2023 | Football - Flashscore | Match"}
[2026-08-16T06:05:52Z] Reading rendered DOM...
[2026-08-16T06:05:52Z] Executing extraction script for phase 12; length: 11834.
[2026-08-16T06:05:52Z] Script [extract] result prefix: {"schema_version":"1.3","section":"commentary","statistic_period":null,"source_url":"https://www.flashscore.com/match/football/ac-milan-8Sa8HInO/torino-MZFZnvX4/summary/live-commentary/all-comments/?mid=6ed4paOs","match_id":"6ed4paOs","collected_at_utc":"2026-08-16T06:05:52.075Z","page_title":"ACM 4-1 TOR | AC Milan v Torino 26/08/2023 | Football - Flashscore | Match","competition":"WORLD CUP","status":"FINISHED","date_time":"26.08.2023 22:45","home_team":"AC Milan","away_team":"Torino","score":
[2026-08-16T06:05:52Z] Merged section: commentary
[2026-08-16T06:05:52Z] Saving complete match JSON...
[2026-08-16T06:05:52Z] Player Stats category unavailable; status=not_available: top_stats
[2026-08-16T06:05:52Z] Player Stats category unavailable; status=not_available: shots
[2026-08-16T06:05:52Z] Player Stats category unavailable; status=not_available: attack
[2026-08-16T06:05:52Z] Player Stats category unavailable; status=not_available: passes
[2026-08-16T06:05:52Z] Player Stats category unavailable; status=not_available: defense
[2026-08-16T06:05:52Z] Player Stats category unavailable; status=not_available: goalkeeping
[2026-08-16T06:05:52Z] Player Stats category unavailable; status=not_available: general
[2026-08-16T06:05:52Z] Structured goals, cards and VAR events enriched.
[2026-08-16T06:05:52Z] Saved match JSON with 14 statistics: G:\Mirza\VSCode\FlashscoreFootballCollector_\Data\Matches\SerieA\2023_2024\2023-08-26_AC_Milan_vs_Torino_6ed4paOs.json
[2026-08-16T06:05:52Z] Finished: 2023-08-26_AC_Milan_vs_Torino_6ed4paOs.json
[2026-08-16T06:05:52Z] Opening overall statistics...
[2026-08-16T06:05:52Z] Navigate: https://www.flashscore.com/match/football/bologna-0M9xNN8N/juventus-C06aJvIB/summary/stats/overall/?mid=OzgujL0K
[2026-08-16T06:05:55Z] Page loaded. Waiting for statistics DOM...
[2026-08-16T06:05:56Z] Script [readiness] result prefix: {"body_text_length":3200,"ready":true,"row_count":17,"section":"statistics_overall","title":"JUV 1-1 BOL | Juventus v Bologna 27/08/2023, Stats - Flashscore.com | Match"}
[2026-08-16T06:05:56Z] Reading rendered DOM...
[2026-08-16T06:05:56Z] Executing extraction script for phase 0; length: 5174.
[2026-08-16T06:05:56Z] Script [extract] result prefix: {"schema_version":"1.3","section":"statistics_overall","statistic_period":"overall","source_url":"https://www.flashscore.com/match/football/bologna-0M9xNN8N/juventus-C06aJvIB/summary/stats/overall/?mid=OzgujL0K","match_id":"OzgujL0K","collected_at_utc":"2026-08-16T06:05:56.673Z","page_title":"JUV 1-1 BOL | Juventus v Bologna 27/08/2023, Stats - Flashscore.com | Match","competition":"WORLD CUP","status":"FINISHED","date_time":"27.08.2023 20:30","home_team":"Juventus","away_team":"Bologna","score"
[2026-08-16T06:05:56Z] Stored overall statistics: 13 rows.
[2026-08-16T06:05:56Z] Merged section: statistics_overall
[2026-08-16T06:05:56Z] Opening 1st half statistics...
[2026-08-16T06:05:56Z] Navigate: https://www.flashscore.com/match/football/bologna-0M9xNN8N/juventus-C06aJvIB/summary/stats/1st-half/?mid=OzgujL0K
[2026-08-16T06:05:58Z] Page loaded. Waiting for statistics DOM...
[2026-08-16T06:05:59Z] Script [readiness] result prefix: {"body_text_length":3193,"ready":true,"row_count":17,"section":"statistics_first_half","title":"JUV 1-1 BOL | Juventus v Bologna 27/08/2023, Stats - Flashscore.com | Match"}
[2026-08-16T06:05:59Z] Reading rendered DOM...
[2026-08-16T06:05:59Z] Executing extraction script for phase 1; length: 5174.
[2026-08-16T06:05:59Z] Script [extract] result prefix: {"schema_version":"1.3","section":"statistics_first_half","statistic_period":"first_half","source_url":"https://www.flashscore.com/match/football/bologna-0M9xNN8N/juventus-C06aJvIB/summary/stats/1st-half/?mid=OzgujL0K","match_id":"OzgujL0K","collected_at_utc":"2026-08-16T06:05:59.912Z","page_title":"JUV 1-1 BOL | Juventus v Bologna 27/08/2023, Stats - Flashscore.com | Match","competition":"WORLD CUP","status":"FINISHED","date_time":"27.08.2023 20:30","home_team":"Juventus","away_team":"Bologna",
[2026-08-16T06:05:59Z] Stored first_half statistics: 13 rows.
[2026-08-16T06:05:59Z] Merged section: statistics_first_half
[2026-08-16T06:06:00Z] Opening 2nd half statistics...
[2026-08-16T06:06:00Z] Navigate: https://www.flashscore.com/match/football/bologna-0M9xNN8N/juventus-C06aJvIB/summary/stats/2nd-half/?mid=OzgujL0K
[2026-08-16T06:06:01Z] Page loaded. Waiting for statistics DOM...
[2026-08-16T06:06:03Z] Script [readiness] result prefix: {"body_text_length":3197,"ready":true,"row_count":17,"section":"statistics_second_half","title":"JUV 1-1 BOL | Juventus v Bologna 27/08/2023, Stats - Flashscore.com | Match"}
[2026-08-16T06:06:03Z] Reading rendered DOM...
[2026-08-16T06:06:03Z] Executing extraction script for phase 2; length: 5174.
[2026-08-16T06:06:03Z] Script [extract] result prefix: {"schema_version":"1.3","section":"statistics_second_half","statistic_period":"second_half","source_url":"https://www.flashscore.com/match/football/bologna-0M9xNN8N/juventus-C06aJvIB/summary/stats/2nd-half/?mid=OzgujL0K","match_id":"OzgujL0K","collected_at_utc":"2026-08-16T06:06:03.374Z","page_title":"JUV 1-1 BOL | Juventus v Bologna 27/08/2023, Stats - Flashscore.com | Match","competition":"WORLD CUP","status":"FINISHED","date_time":"27.08.2023 20:30","home_team":"Juventus","away_team":"Bologna
[2026-08-16T06:06:03Z] Stored second_half statistics: 13 rows.
[2026-08-16T06:06:03Z] Merged section: statistics_second_half
[2026-08-16T06:06:03Z] Opening lineups...
[2026-08-16T06:06:03Z] Navigate: https://www.flashscore.com/match/football/bologna-0M9xNN8N/juventus-C06aJvIB/summary/lineups/?mid=OzgujL0K
[2026-08-16T06:06:05Z] Page loaded. Waiting for statistics DOM...
[2026-08-16T06:06:06Z] Script [readiness] result prefix: {"body_text_length":4351,"ready":true,"row_count":122,"section":"lineups","title":"JUV 1-1 BOL | Juventus v Bologna 27/08/2023, Lineups - Flashscore.com | Match"}
[2026-08-16T06:06:06Z] Reading rendered DOM...
[2026-08-16T06:06:06Z] Executing extraction script for phase 4; length: 20701.
[2026-08-16T06:06:06Z] Script [extract] result prefix: {"schema_version":"1.3","section":"lineups","statistic_period":null,"source_url":"https://www.flashscore.com/match/football/bologna-0M9xNN8N/juventus-C06aJvIB/summary/lineups/?mid=OzgujL0K","match_id":"OzgujL0K","collected_at_utc":"2026-08-16T06:06:06.902Z","page_title":"JUV 1-1 BOL | Juventus v Bologna 27/08/2023, Lineups - Flashscore.com | Match","competition":"WORLD CUP","status":"FINISHED","date_time":"27.08.2023 20:30","home_team":"Juventus","away_team":"Bologna","score":{"home":"1","away":
[2026-08-16T06:06:06Z] Merged section: lineups
[2026-08-16T06:06:06Z] Italian Serie A 2023/2024: Player Stats are unavailable in the source profile.
[2026-08-16T06:06:06Z] Marked all Player Stats categories as not_available; collection continues.
[2026-08-16T06:06:07Z] Opening commentary...
[2026-08-16T06:06:07Z] Navigate: https://www.flashscore.com/match/football/bologna-0M9xNN8N/juventus-C06aJvIB/summary/live-commentary/?mid=OzgujL0K
[2026-08-16T06:06:09Z] Page loaded. Waiting for statistics DOM...
[2026-08-16T06:06:10Z] Script [readiness] result prefix: {"body_text_length":10729,"ready":true,"row_count":209,"section":"commentary","title":"JUV 1-1 BOL | Juventus v Bologna 27/08/2023 | Football - Flashscore | Match"}
[2026-08-16T06:06:10Z] Reading rendered DOM...
[2026-08-16T06:06:10Z] Executing extraction script for phase 12; length: 11834.
[2026-08-16T06:06:10Z] Script [extract] result prefix: {"schema_version":"1.3","section":"commentary","statistic_period":null,"source_url":"https://www.flashscore.com/match/football/bologna-0M9xNN8N/juventus-C06aJvIB/summary/live-commentary/all-comments/?mid=OzgujL0K","match_id":"OzgujL0K","collected_at_utc":"2026-08-16T06:06:10.623Z","page_title":"JUV 1-1 BOL | Juventus v Bologna 27/08/2023 | Football - Flashscore | Match","competition":"WORLD CUP","status":"FINISHED","date_time":"27.08.2023 20:30","home_team":"Juventus","away_team":"Bologna","scor
[2026-08-16T06:06:10Z] Merged section: commentary
[2026-08-16T06:06:10Z] Saving complete match JSON...
[2026-08-16T06:06:10Z] Player Stats category unavailable; status=not_available: top_stats
[2026-08-16T06:06:10Z] Player Stats category unavailable; status=not_available: shots
[2026-08-16T06:06:10Z] Player Stats category unavailable; status=not_available: attack
[2026-08-16T06:06:10Z] Player Stats category unavailable; status=not_available: passes
[2026-08-16T06:06:11Z] Player Stats category unavailable; status=not_available: defense
[2026-08-16T06:06:11Z] Player Stats category unavailable; status=not_available: goalkeeping
[2026-08-16T06:06:11Z] Player Stats category unavailable; status=not_available: general
[2026-08-16T06:06:11Z] Structured goals, cards and VAR events enriched.
[2026-08-16T06:06:11Z] Saved match JSON with 13 statistics: G:\Mirza\VSCode\FlashscoreFootballCollector_\Data\Matches\SerieA\2023_2024\2023-08-27_Juventus_vs_Bologna_OzgujL0K.json
[2026-08-16T06:06:11Z] Finished: 2023-08-27_Juventus_vs_Bologna_OzgujL0K.json
[2026-08-16T06:06:11Z] Opening overall statistics...
[2026-08-16T06:06:11Z] Navigate: https://www.flashscore.com/match/football/fiorentina-Q3A3IbXH/lecce-G8lYsMgU/summary/stats/overall/?mid=Wt6gSH8D
[2026-08-16T06:06:13Z] Page loaded. Waiting for statistics DOM...
[2026-08-16T06:06:15Z] Script [readiness] result prefix: {"body_text_length":3198,"ready":true,"row_count":17,"section":"statistics_overall","title":"FIO 2-2 LEC | Fiorentina v Lecce 27/08/2023, Stats - Flashscore.com | Match"}
[2026-08-16T06:06:15Z] Reading rendered DOM...
[2026-08-16T06:06:15Z] Executing extraction script for phase 0; length: 5174.
[2026-08-16T06:06:15Z] Script [extract] result prefix: {"schema_version":"1.3","section":"statistics_overall","statistic_period":"overall","source_url":"https://www.flashscore.com/match/football/fiorentina-Q3A3IbXH/lecce-G8lYsMgU/summary/stats/overall/?mid=Wt6gSH8D","match_id":"Wt6gSH8D","collected_at_utc":"2026-08-16T06:06:15.106Z","page_title":"FIO 2-2 LEC | Fiorentina v Lecce 27/08/2023, Stats - Flashscore.com | Match","competition":"WORLD CUP","status":"FINISHED","date_time":"27.08.2023 20:30","home_team":"Fiorentina","away_team":"Lecce","score"
[2026-08-16T06:06:15Z] Stored overall statistics: 13 rows.
[2026-08-16T06:06:15Z] Merged section: statistics_overall
[2026-08-16T06:06:15Z] Opening 1st half statistics...
[2026-08-16T06:06:15Z] Navigate: https://www.flashscore.com/match/football/fiorentina-Q3A3IbXH/lecce-G8lYsMgU/summary/stats/1st-half/?mid=Wt6gSH8D
[2026-08-16T06:06:17Z] Page loaded. Waiting for statistics DOM...
[2026-08-16T06:06:18Z] Script [readiness] result prefix: {"body_text_length":3193,"ready":true,"row_count":17,"section":"statistics_first_half","title":"FIO 2-2 LEC | Fiorentina v Lecce 27/08/2023, Stats - Flashscore.com | Match"}
[2026-08-16T06:06:18Z] Reading rendered DOM...
[2026-08-16T06:06:19Z] Executing extraction script for phase 1; length: 5174.
[2026-08-16T06:06:19Z] Script [extract] result prefix: {"schema_version":"1.3","section":"statistics_first_half","statistic_period":"first_half","source_url":"https://www.flashscore.com/match/football/fiorentina-Q3A3IbXH/lecce-G8lYsMgU/summary/stats/1st-half/?mid=Wt6gSH8D","match_id":"Wt6gSH8D","collected_at_utc":"2026-08-16T06:06:19.052Z","page_title":"FIO 2-2 LEC | Fiorentina v Lecce 27/08/2023, Stats - Flashscore.com | Match","competition":"WORLD CUP","status":"FINISHED","date_time":"27.08.2023 20:30","home_team":"Fiorentina","away_team":"Lecce",
[2026-08-16T06:06:19Z] Stored first_half statistics: 13 rows.
[2026-08-16T06:06:19Z] Merged section: statistics_first_half
[2026-08-16T06:06:19Z] Opening 2nd half statistics...
[2026-08-16T06:06:19Z] Navigate: https://www.flashscore.com/match/football/fiorentina-Q3A3IbXH/lecce-G8lYsMgU/summary/stats/2nd-half/?mid=Wt6gSH8D
[2026-08-16T06:06:21Z] Page loaded. Waiting for statistics DOM...
[2026-08-16T06:06:23Z] Script [readiness] result prefix: {"body_text_length":3192,"ready":true,"row_count":17,"section":"statistics_second_half","title":"FIO 2-2 LEC | Fiorentina v Lecce 27/08/2023, Stats - Flashscore.com | Match"}
[2026-08-16T06:06:23Z] Reading rendered DOM...
[2026-08-16T06:06:23Z] Executing extraction script for phase 2; length: 5174.
[2026-08-16T06:06:23Z] Script [extract] result prefix: {"schema_version":"1.3","section":"statistics_second_half","statistic_period":"second_half","source_url":"https://www.flashscore.com/match/football/fiorentina-Q3A3IbXH/lecce-G8lYsMgU/summary/stats/2nd-half/?mid=Wt6gSH8D","match_id":"Wt6gSH8D","collected_at_utc":"2026-08-16T06:06:23.347Z","page_title":"FIO 2-2 LEC | Fiorentina v Lecce 27/08/2023, Stats - Flashscore.com | Match","competition":"WORLD CUP","status":"FINISHED","date_time":"27.08.2023 20:30","home_team":"Fiorentina","away_team":"Lecce
[2026-08-16T06:06:23Z] Stored second_half statistics: 13 rows.
[2026-08-16T06:06:23Z] Merged section: statistics_second_half
[2026-08-16T06:06:23Z] Opening lineups...
[2026-08-16T06:06:23Z] Navigate: https://www.flashscore.com/match/football/fiorentina-Q3A3IbXH/lecce-G8lYsMgU/summary/lineups/?mid=Wt6gSH8D
[2026-08-16T06:06:25Z] Page loaded. Waiting for statistics DOM...
[2026-08-16T06:06:26Z] Script [readiness] result prefix: {"body_text_length":4357,"ready":true,"row_count":122,"section":"lineups","title":"FIO 2-2 LEC | Fiorentina v Lecce 27/08/2023, Lineups - Flashscore.com | Match"}
[2026-08-16T06:06:26Z] Reading rendered DOM...
[2026-08-16T06:06:26Z] Executing extraction script for phase 4; length: 20701.
[2026-08-16T06:06:26Z] Script [extract] result prefix: {"schema_version":"1.3","section":"lineups","statistic_period":null,"source_url":"https://www.flashscore.com/match/football/fiorentina-Q3A3IbXH/lecce-G8lYsMgU/summary/lineups/?mid=Wt6gSH8D","match_id":"Wt6gSH8D","collected_at_utc":"2026-08-16T06:06:26.916Z","page_title":"FIO 2-2 LEC | Fiorentina v Lecce 27/08/2023, Lineups - Flashscore.com | Match","competition":"WORLD CUP","status":"FINISHED","date_time":"27.08.2023 20:30","home_team":"Fiorentina","away_team":"Lecce","score":{"home":"2","away":
[2026-08-16T06:06:26Z] Merged section: lineups
[2026-08-16T06:06:26Z] Italian Serie A 2023/2024: Player Stats are unavailable in the source profile.
[2026-08-16T06:06:27Z] Marked all Player Stats categories as not_available; collection continues.
[2026-08-16T06:06:27Z] Opening commentary...
[2026-08-16T06:06:27Z] Navigate: https://www.flashscore.com/match/football/fiorentina-Q3A3IbXH/lecce-G8lYsMgU/summary/live-commentary/?mid=Wt6gSH8D
[2026-08-16T06:06:29Z] Page loaded. Waiting for statistics DOM...
[2026-08-16T06:06:31Z] Script [readiness] result prefix: {"body_text_length":12783,"ready":true,"row_count":230,"section":"commentary","title":"FIO 2-2 LEC | Fiorentina v Lecce 27/08/2023 | Football - Flashscore | Match"}
[2026-08-16T06:06:31Z] Reading rendered DOM...
[2026-08-16T06:06:31Z] Executing extraction script for phase 12; length: 11834.
[2026-08-16T06:06:31Z] Script [extract] result prefix: {"schema_version":"1.3","section":"commentary","statistic_period":null,"source_url":"https://www.flashscore.com/match/football/fiorentina-Q3A3IbXH/lecce-G8lYsMgU/summary/live-commentary/all-comments/?mid=Wt6gSH8D","match_id":"Wt6gSH8D","collected_at_utc":"2026-08-16T06:06:31.141Z","page_title":"FIO 2-2 LEC | Fiorentina v Lecce 27/08/2023 | Football - Flashscore | Match","competition":"WORLD CUP","status":"FINISHED","date_time":"27.08.2023 20:30","home_team":"Fiorentina","away_team":"Lecce","scor
[2026-08-16T06:06:31Z] Merged section: commentary
[2026-08-16T06:06:31Z] Saving complete match JSON...
[2026-08-16T06:06:31Z] Player Stats category unavailable; status=not_available: top_stats
[2026-08-16T06:06:32Z] Player Stats category unavailable; status=not_available: shots
[2026-08-16T06:06:32Z] Player Stats category unavailable; status=not_available: attack
[2026-08-16T06:06:32Z] Player Stats category unavailable; status=not_available: passes
[2026-08-16T06:06:32Z] Player Stats category unavailable; status=not_available: defense
[2026-08-16T06:06:32Z] Player Stats category unavailable; status=not_available: goalkeeping
[2026-08-16T06:06:32Z] Player Stats category unavailable; status=not_available: general
[2026-08-16T06:06:32Z] Structured goals, cards and VAR events enriched.
[2026-08-16T06:06:33Z] Saved match JSON with 13 statistics: G:\Mirza\VSCode\FlashscoreFootballCollector_\Data\Matches\SerieA\2023_2024\2023-08-27_Fiorentina_vs_Lecce_Wt6gSH8D.json
[2026-08-16T06:06:33Z] Finished: 2023-08-27_Fiorentina_vs_Lecce_Wt6gSH8D.json
[2026-08-16T06:06:33Z] Opening overall statistics...
[2026-08-16T06:06:33Z] Navigate: https://www.flashscore.com/match/football/napoli-69Dxbc61/sassuolo-QDdvI0zl/summary/stats/overall/?mid=ELaCrwgf
[2026-08-16T06:06:36Z] Page loaded. Waiting for statistics DOM...
[2026-08-16T06:06:37Z] Script [readiness] result prefix: {"body_text_length":3268,"ready":true,"row_count":20,"section":"statistics_overall","title":"NAP 2-0 SAS | Napoli v Sassuolo 27/08/2023, Stats - Flashscore.com | Match"}
[2026-08-16T06:06:37Z] Reading rendered DOM...
[2026-08-16T06:06:37Z] Executing extraction script for phase 0; length: 5174.
[2026-08-16T06:06:37Z] Script [extract] result prefix: {"schema_version":"1.3","section":"statistics_overall","statistic_period":"overall","source_url":"https://www.flashscore.com/match/football/napoli-69Dxbc61/sassuolo-QDdvI0zl/summary/stats/overall/?mid=ELaCrwgf","match_id":"ELaCrwgf","collected_at_utc":"2026-08-16T06:06:37.823Z","page_title":"NAP 2-0 SAS | Napoli v Sassuolo 27/08/2023, Stats - Flashscore.com | Match","competition":"WORLD CUP","status":"FINISHED","date_time":"27.08.2023 22:45","home_team":"Napoli","away_team":"Sassuolo","score":{"
[2026-08-16T06:06:37Z] Stored overall statistics: 15 rows.
[2026-08-16T06:06:37Z] Merged section: statistics_overall
[2026-08-16T06:06:37Z] Opening 1st half statistics...
[2026-08-16T06:06:37Z] Navigate: https://www.flashscore.com/match/football/napoli-69Dxbc61/sassuolo-QDdvI0zl/summary/stats/1st-half/?mid=ELaCrwgf
[2026-08-16T06:06:40Z] Page loaded. Waiting for statistics DOM...
[2026-08-16T06:06:41Z] Script [readiness] result prefix: {"body_text_length":3247,"ready":true,"row_count":19,"section":"statistics_first_half","title":"NAP 2-0 SAS | Napoli v Sassuolo 27/08/2023, Stats - Flashscore.com | Match"}
[2026-08-16T06:06:41Z] Reading rendered DOM...
[2026-08-16T06:06:41Z] Executing extraction script for phase 1; length: 5174.
[2026-08-16T06:06:41Z] Script [extract] result prefix: {"schema_version":"1.3","section":"statistics_first_half","statistic_period":"first_half","source_url":"https://www.flashscore.com/match/football/napoli-69Dxbc61/sassuolo-QDdvI0zl/summary/stats/1st-half/?mid=ELaCrwgf","match_id":"ELaCrwgf","collected_at_utc":"2026-08-16T06:06:41.897Z","page_title":"NAP 2-0 SAS | Napoli v Sassuolo 27/08/2023, Stats - Flashscore.com | Match","competition":"WORLD CUP","status":"FINISHED","date_time":"27.08.2023 22:45","home_team":"Napoli","away_team":"Sassuolo","sc
[2026-08-16T06:06:41Z] Stored first_half statistics: 14 rows.
[2026-08-16T06:06:41Z] Merged section: statistics_first_half
[2026-08-16T06:06:41Z] Opening 2nd half statistics...
[2026-08-16T06:06:42Z] Navigate: https://www.flashscore.com/match/football/napoli-69Dxbc61/sassuolo-QDdvI0zl/summary/stats/2nd-half/?mid=ELaCrwgf
[2026-08-16T06:06:43Z] Page loaded. Waiting for statistics DOM...
[2026-08-16T06:06:45Z] Script [readiness] result prefix: {"body_text_length":3244,"ready":true,"row_count":19,"section":"statistics_second_half","title":"NAP 2-0 SAS | Napoli v Sassuolo 27/08/2023, Stats - Flashscore.com | Match"}
[2026-08-16T06:06:45Z] Reading rendered DOM...
[2026-08-16T06:06:45Z] Executing extraction script for phase 2; length: 5174.
[2026-08-16T06:06:45Z] Script [extract] result prefix: {"schema_version":"1.3","section":"statistics_second_half","statistic_period":"second_half","source_url":"https://www.flashscore.com/match/football/napoli-69Dxbc61/sassuolo-QDdvI0zl/summary/stats/2nd-half/?mid=ELaCrwgf","match_id":"ELaCrwgf","collected_at_utc":"2026-08-16T06:06:45.254Z","page_title":"NAP 2-0 SAS | Napoli v Sassuolo 27/08/2023, Stats - Flashscore.com | Match","competition":"WORLD CUP","status":"FINISHED","date_time":"27.08.2023 22:45","home_team":"Napoli","away_team":"Sassuolo","
[2026-08-16T06:06:45Z] Stored second_half statistics: 14 rows.
[2026-08-16T06:06:45Z] Merged section: statistics_second_half
[2026-08-16T06:06:45Z] Opening lineups...
[2026-08-16T06:06:45Z] Navigate: https://www.flashscore.com/match/football/napoli-69Dxbc61/sassuolo-QDdvI0zl/summary/lineups/?mid=ELaCrwgf
[2026-08-16T06:06:47Z] Page loaded. Waiting for statistics DOM...
[2026-08-16T06:06:48Z] Script [readiness] result prefix: {"body_text_length":4280,"ready":true,"row_count":118,"section":"lineups","title":"NAP 2-0 SAS | Napoli v Sassuolo 27/08/2023, Lineups - Flashscore.com | Match"}
[2026-08-16T06:06:48Z] Reading rendered DOM...
[2026-08-16T06:06:48Z] Executing extraction script for phase 4; length: 20701.
[2026-08-16T06:06:48Z] Script [extract] result prefix: {"schema_version":"1.3","section":"lineups","statistic_period":null,"source_url":"https://www.flashscore.com/match/football/napoli-69Dxbc61/sassuolo-QDdvI0zl/summary/lineups/?mid=ELaCrwgf","match_id":"ELaCrwgf","collected_at_utc":"2026-08-16T06:06:48.714Z","page_title":"NAP 2-0 SAS | Napoli v Sassuolo 27/08/2023, Lineups - Flashscore.com | Match","competition":"WORLD CUP","status":"FINISHED","date_time":"27.08.2023 22:45","home_team":"Napoli","away_team":"Sassuolo","score":{"home":"2","away":"0"
[2026-08-16T06:06:48Z] Merged section: lineups
[2026-08-16T06:06:48Z] Italian Serie A 2023/2024: Player Stats are unavailable in the source profile.
[2026-08-16T06:06:48Z] Marked all Player Stats categories as not_available; collection continues.
[2026-08-16T06:06:48Z] Opening commentary...
[2026-08-16T06:06:48Z] Navigate: https://www.flashscore.com/match/football/napoli-69Dxbc61/sassuolo-QDdvI0zl/summary/live-commentary/?mid=ELaCrwgf
[2026-08-16T06:06:50Z] Page loaded. Waiting for statistics DOM...
[2026-08-16T06:06:52Z] Script [readiness] result prefix: {"body_text_length":11869,"ready":true,"row_count":251,"section":"commentary","title":"NAP 2-0 SAS | Napoli v Sassuolo 27/08/2023 | Football - Flashscore | Match"}
[2026-08-16T06:06:52Z] Reading rendered DOM...
[2026-08-16T06:06:52Z] Executing extraction script for phase 12; length: 11834.
[2026-08-16T06:06:52Z] Script [extract] result prefix: {"schema_version":"1.3","section":"commentary","statistic_period":null,"source_url":"https://www.flashscore.com/match/football/napoli-69Dxbc61/sassuolo-QDdvI0zl/summary/live-commentary/all-comments/?mid=ELaCrwgf","match_id":"ELaCrwgf","collected_at_utc":"2026-08-16T06:06:52.275Z","page_title":"NAP 2-0 SAS | Napoli v Sassuolo 27/08/2023 | Football - Flashscore | Match","competition":"WORLD CUP","status":"FINISHED","date_time":"27.08.2023 22:45","home_team":"Napoli","away_team":"Sassuolo","score":
[2026-08-16T06:06:52Z] Merged section: commentary
[2026-08-16T06:06:52Z] Saving complete match JSON...
[2026-08-16T06:06:52Z] Player Stats category unavailable; status=not_available: top_stats
[2026-08-16T06:06:52Z] Player Stats category unavailable; status=not_available: shots
[2026-08-16T06:06:52Z] Player Stats category unavailable; status=not_available: attack
[2026-08-16T06:06:52Z] Player Stats category unavailable; status=not_available: passes
[2026-08-16T06:06:52Z] Player Stats category unavailable; status=not_available: defense
[2026-08-16T06:06:52Z] Player Stats category unavailable; status=not_available: goalkeeping
[2026-08-16T06:06:52Z] Player Stats category unavailable; status=not_available: general
[2026-08-16T06:06:52Z] Structured goals, cards and VAR events enriched.
[2026-08-16T06:06:52Z] Saved match JSON with 15 statistics: G:\Mirza\VSCode\FlashscoreFootballCollector_\Data\Matches\SerieA\2023_2024\2023-08-27_Napoli_vs_Sassuolo_ELaCrwgf.json
[2026-08-16T06:06:52Z] Finished: 2023-08-27_Napoli_vs_Sassuolo_ELaCrwgf.json
[2026-08-16T06:06:52Z] Opening overall statistics...
[2026-08-16T06:06:52Z] Navigate: https://www.flashscore.com/match/football/genoa-d0PJxeie/lazio-URcSl02h/summary/stats/overall/?mid=4nAxkuGQ
[2026-08-16T06:06:55Z] Page loaded. Waiting for statistics DOM...
[2026-08-16T06:06:56Z] Script [readiness] result prefix: {"body_text_length":3236,"ready":true,"row_count":19,"section":"statistics_overall","title":"LAZ 0-1 GEN | Lazio v Genoa 27/08/2023, Stats - Flashscore.com | Match"}
[2026-08-16T06:06:56Z] Reading rendered DOM...
[2026-08-16T06:06:57Z] Executing extraction script for phase 0; length: 5174.
[2026-08-16T06:06:57Z] Script [extract] result prefix: {"schema_version":"1.3","section":"statistics_overall","statistic_period":"overall","source_url":"https://www.flashscore.com/match/football/genoa-d0PJxeie/lazio-URcSl02h/summary/stats/overall/?mid=4nAxkuGQ","match_id":"4nAxkuGQ","collected_at_utc":"2026-08-16T06:06:57.033Z","page_title":"LAZ 0-1 GEN | Lazio v Genoa 27/08/2023, Stats - Flashscore.com | Match","competition":"WORLD CUP","status":"FINISHED","date_time":"27.08.2023 22:45","home_team":"Lazio","away_team":"Genoa","score":{"home":"0","a
[2026-08-16T06:06:57Z] Stored overall statistics: 14 rows.
[2026-08-16T06:06:57Z] Merged section: statistics_overall
[2026-08-16T06:06:57Z] Opening 1st half statistics...
[2026-08-16T06:06:57Z] Navigate: https://www.flashscore.com/match/football/genoa-d0PJxeie/lazio-URcSl02h/summary/stats/1st-half/?mid=4nAxkuGQ
[2026-08-16T06:06:59Z] Page loaded. Waiting for statistics DOM...
[2026-08-16T06:07:00Z] Script [readiness] result prefix: {"body_text_length":3228,"ready":true,"row_count":19,"section":"statistics_first_half","title":"LAZ 0-1 GEN | Lazio v Genoa 27/08/2023, Stats - Flashscore.com | Match"}
[2026-08-16T06:07:00Z] Reading rendered DOM...
[2026-08-16T06:07:00Z] Executing extraction script for phase 1; length: 5174.
[2026-08-16T06:07:01Z] Script [extract] result prefix: {"schema_version":"1.3","section":"statistics_first_half","statistic_period":"first_half","source_url":"https://www.flashscore.com/match/football/genoa-d0PJxeie/lazio-URcSl02h/summary/stats/1st-half/?mid=4nAxkuGQ","match_id":"4nAxkuGQ","collected_at_utc":"2026-08-16T06:07:01.026Z","page_title":"LAZ 0-1 GEN | Lazio v Genoa 27/08/2023, Stats - Flashscore.com | Match","competition":"WORLD CUP","status":"FINISHED","date_time":"27.08.2023 22:45","home_team":"Lazio","away_team":"Genoa","score":{"home"
[2026-08-16T06:07:01Z] Stored first_half statistics: 14 rows.
[2026-08-16T06:07:01Z] Merged section: statistics_first_half
[2026-08-16T06:07:01Z] Opening 2nd half statistics...
[2026-08-16T06:07:01Z] Navigate: https://www.flashscore.com/match/football/genoa-d0PJxeie/lazio-URcSl02h/summary/stats/2nd-half/?mid=4nAxkuGQ
[2026-08-16T06:07:02Z] Page loaded. Waiting for statistics DOM...
[2026-08-16T06:07:04Z] Script [readiness] result prefix: {"body_text_length":3230,"ready":true,"row_count":19,"section":"statistics_second_half","title":"LAZ 0-1 GEN | Lazio v Genoa 27/08/2023, Stats - Flashscore.com | Match"}
[2026-08-16T06:07:04Z] Reading rendered DOM...
[2026-08-16T06:07:04Z] Executing extraction script for phase 2; length: 5174.
[2026-08-16T06:07:04Z] Script [extract] result prefix: {"schema_version":"1.3","section":"statistics_second_half","statistic_period":"second_half","source_url":"https://www.flashscore.com/match/football/genoa-d0PJxeie/lazio-URcSl02h/summary/stats/2nd-half/?mid=4nAxkuGQ","match_id":"4nAxkuGQ","collected_at_utc":"2026-08-16T06:07:04.565Z","page_title":"LAZ 0-1 GEN | Lazio v Genoa 27/08/2023, Stats - Flashscore.com | Match","competition":"WORLD CUP","status":"FINISHED","date_time":"27.08.2023 22:45","home_team":"Lazio","away_team":"Genoa","score":{"hom
[2026-08-16T06:07:04Z] Stored second_half statistics: 14 rows.
[2026-08-16T06:07:04Z] Merged section: statistics_second_half
[2026-08-16T06:07:04Z] Opening lineups...
[2026-08-16T06:07:04Z] Navigate: https://www.flashscore.com/match/football/genoa-d0PJxeie/lazio-URcSl02h/summary/lineups/?mid=4nAxkuGQ
[2026-08-16T06:07:07Z] Page loaded. Waiting for statistics DOM...
[2026-08-16T06:07:09Z] Script [readiness] result prefix: {"body_text_length":4330,"ready":true,"row_count":119,"section":"lineups","title":"LAZ 0-1 GEN | Lazio v Genoa 27/08/2023, Lineups - Flashscore.com | Match"}
[2026-08-16T06:07:09Z] Reading rendered DOM...
[2026-08-16T06:07:09Z] Executing extraction script for phase 4; length: 20701.
[2026-08-16T06:07:09Z] Script [extract] result prefix: {"schema_version":"1.3","section":"lineups","statistic_period":null,"source_url":"https://www.flashscore.com/match/football/genoa-d0PJxeie/lazio-URcSl02h/summary/lineups/?mid=4nAxkuGQ","match_id":"4nAxkuGQ","collected_at_utc":"2026-08-16T06:07:09.608Z","page_title":"LAZ 0-1 GEN | Lazio v Genoa 27/08/2023, Lineups - Flashscore.com | Match","competition":"WORLD CUP","status":"FINISHED","date_time":"27.08.2023 22:45","home_team":"Lazio","away_team":"Genoa","score":{"home":"0","away":"1","display":"
[2026-08-16T06:07:09Z] Merged section: lineups
[2026-08-16T06:07:09Z] Italian Serie A 2023/2024: Player Stats are unavailable in the source profile.
[2026-08-16T06:07:09Z] Marked all Player Stats categories as not_available; collection continues.
[2026-08-16T06:07:09Z] Opening commentary...
[2026-08-16T06:07:09Z] Navigate: https://www.flashscore.com/match/football/genoa-d0PJxeie/lazio-URcSl02h/summary/live-commentary/?mid=4nAxkuGQ
[2026-08-16T06:07:11Z] Page loaded. Waiting for statistics DOM...
[2026-08-16T06:07:13Z] Script [readiness] result prefix: {"body_text_length":10951,"ready":true,"row_count":245,"section":"commentary","title":"LAZ 0-1 GEN | Lazio v Genoa 27/08/2023 | Football - Flashscore | Match"}
[2026-08-16T06:07:13Z] Reading rendered DOM...
[2026-08-16T06:07:13Z] Executing extraction script for phase 12; length: 11834.
[2026-08-16T06:07:13Z] Script [extract] result prefix: {"schema_version":"1.3","section":"commentary","statistic_period":null,"source_url":"https://www.flashscore.com/match/football/genoa-d0PJxeie/lazio-URcSl02h/summary/live-commentary/all-comments/?mid=4nAxkuGQ","match_id":"4nAxkuGQ","collected_at_utc":"2026-08-16T06:07:13.236Z","page_title":"LAZ 0-1 GEN | Lazio v Genoa 27/08/2023 | Football - Flashscore | Match","competition":"WORLD CUP","status":"FINISHED","date_time":"27.08.2023 22:45","home_team":"Lazio","away_team":"Genoa","score":{"home":"0",
[2026-08-16T06:07:13Z] Merged section: commentary
[2026-08-16T06:07:13Z] Saving complete match JSON...
[2026-08-16T06:07:13Z] Player Stats category unavailable; status=not_available: top_stats
[2026-08-16T06:07:13Z] Player Stats category unavailable; status=not_available: shots
[2026-08-16T06:07:13Z] Player Stats category unavailable; status=not_available: attack
[2026-08-16T06:07:13Z] Player Stats category unavailable; status=not_available: passes
[2026-08-16T06:07:13Z] Player Stats category unavailable; status=not_available: defense
[2026-08-16T06:07:13Z] Player Stats category unavailable; status=not_available: goalkeeping
[2026-08-16T06:07:13Z] Player Stats category unavailable; status=not_available: general
[2026-08-16T06:07:13Z] Structured goals, cards and VAR events enriched.
[2026-08-16T06:07:13Z] Saved match JSON with 14 statistics: G:\Mirza\VSCode\FlashscoreFootballCollector_\Data\Matches\SerieA\2023_2024\2023-08-27_Lazio_vs_Genoa_4nAxkuGQ.json
[2026-08-16T06:07:13Z] Finished: 2023-08-27_Lazio_vs_Genoa_4nAxkuGQ.json
[2026-08-16T06:07:14Z] Opening overall statistics...
[2026-08-16T06:07:14Z] Navigate: https://www.flashscore.com/match/football/salernitana-Mq05g4BP/udinese-rXw8YKDE/summary/stats/overall/?mid=dpkHsc80
[2026-08-16T06:07:16Z] Page loaded. Waiting for statistics DOM...
[2026-08-16T06:07:18Z] Script [readiness] result prefix: {"body_text_length":3270,"ready":true,"row_count":19,"section":"statistics_overall","title":"SAL 1-1 UDI | Salernitana v Udinese 28/08/2023, Stats - Flashscore.com | Match"}
[2026-08-16T06:07:18Z] Reading rendered DOM...
[2026-08-16T06:07:18Z] Executing extraction script for phase 0; length: 5174.
[2026-08-16T06:07:18Z] Script [extract] result prefix: {"schema_version":"1.3","section":"statistics_overall","statistic_period":"overall","source_url":"https://www.flashscore.com/match/football/salernitana-Mq05g4BP/udinese-rXw8YKDE/summary/stats/overall/?mid=dpkHsc80","match_id":"dpkHsc80","collected_at_utc":"2026-08-16T06:07:18.233Z","page_title":"SAL 1-1 UDI | Salernitana v Udinese 28/08/2023, Stats - Flashscore.com | Match","competition":"WORLD CUP","status":"FINISHED","date_time":"28.08.2023 20:30","home_team":"Salernitana","away_team":"Udinese
[2026-08-16T06:07:18Z] Stored overall statistics: 14 rows.
[2026-08-16T06:07:18Z] Merged section: statistics_overall
[2026-08-16T06:07:18Z] Opening 1st half statistics...
[2026-08-16T06:07:18Z] Navigate: https://www.flashscore.com/match/football/salernitana-Mq05g4BP/udinese-rXw8YKDE/summary/stats/1st-half/?mid=dpkHsc80
[2026-08-16T06:07:19Z] Page loaded. Waiting for statistics DOM...
[2026-08-16T06:07:21Z] Script [readiness] result prefix: {"body_text_length":3247,"ready":true,"row_count":18,"section":"statistics_first_half","title":"SAL 1-1 UDI | Salernitana v Udinese 28/08/2023, Stats - Flashscore.com | Match"}
[2026-08-16T06:07:21Z] Reading rendered DOM...
[2026-08-16T06:07:21Z] Executing extraction script for phase 1; length: 5174.
[2026-08-16T06:07:21Z] Script [extract] result prefix: {"schema_version":"1.3","section":"statistics_first_half","statistic_period":"first_half","source_url":"https://www.flashscore.com/match/football/salernitana-Mq05g4BP/udinese-rXw8YKDE/summary/stats/1st-half/?mid=dpkHsc80","match_id":"dpkHsc80","collected_at_utc":"2026-08-16T06:07:21.520Z","page_title":"SAL 1-1 UDI | Salernitana v Udinese 28/08/2023, Stats - Flashscore.com | Match","competition":"WORLD CUP","status":"FINISHED","date_time":"28.08.2023 20:30","home_team":"Salernitana","away_team":"
[2026-08-16T06:07:21Z] Stored first_half statistics: 13 rows.
[2026-08-16T06:07:21Z] Merged section: statistics_first_half
[2026-08-16T06:07:21Z] Opening 2nd half statistics...
[2026-08-16T06:07:21Z] Navigate: https://www.flashscore.com/match/football/salernitana-Mq05g4BP/udinese-rXw8YKDE/summary/stats/2nd-half/?mid=dpkHsc80
[2026-08-16T06:07:23Z] Page loaded. Waiting for statistics DOM...
[2026-08-16T06:07:24Z] Script [readiness] result prefix: {"body_text_length":3265,"ready":true,"row_count":19,"section":"statistics_second_half","title":"SAL 1-1 UDI | Salernitana v Udinese 28/08/2023, Stats - Flashscore.com | Match"}
[2026-08-16T06:07:24Z] Reading rendered DOM...
[2026-08-16T06:07:24Z] Executing extraction script for phase 2; length: 5174.
[2026-08-16T06:07:24Z] Script [extract] result prefix: {"schema_version":"1.3","section":"statistics_second_half","statistic_period":"second_half","source_url":"https://www.flashscore.com/match/football/salernitana-Mq05g4BP/udinese-rXw8YKDE/summary/stats/2nd-half/?mid=dpkHsc80","match_id":"dpkHsc80","collected_at_utc":"2026-08-16T06:07:24.968Z","page_title":"SAL 1-1 UDI | Salernitana v Udinese 28/08/2023, Stats - Flashscore.com | Match","competition":"WORLD CUP","status":"FINISHED","date_time":"28.08.2023 20:30","home_team":"Salernitana","away_team"
[2026-08-16T06:07:25Z] Stored second_half statistics: 14 rows.
[2026-08-16T06:07:25Z] Merged section: statistics_second_half
[2026-08-16T06:07:25Z] Opening lineups...
[2026-08-16T06:07:25Z] Navigate: https://www.flashscore.com/match/football/salernitana-Mq05g4BP/udinese-rXw8YKDE/summary/lineups/?mid=dpkHsc80
[2026-08-16T06:07:26Z] Page loaded. Waiting for statistics DOM...
[2026-08-16T06:07:28Z] Script [readiness] result prefix: {"body_text_length":4399,"ready":true,"row_count":125,"section":"lineups","title":"SAL 1-1 UDI | Salernitana v Udinese 28/08/2023, Lineups - Flashscore.com | Match"}
[2026-08-16T06:07:28Z] Reading rendered DOM...
[2026-08-16T06:07:28Z] Executing extraction script for phase 4; length: 20701.
[2026-08-16T06:07:28Z] Script [extract] result prefix: {"schema_version":"1.3","section":"lineups","statistic_period":null,"source_url":"https://www.flashscore.com/match/football/salernitana-Mq05g4BP/udinese-rXw8YKDE/summary/lineups/?mid=dpkHsc80","match_id":"dpkHsc80","collected_at_utc":"2026-08-16T06:07:28.484Z","page_title":"SAL 1-1 UDI | Salernitana v Udinese 28/08/2023, Lineups - Flashscore.com | Match","competition":"WORLD CUP","status":"FINISHED","date_time":"28.08.2023 20:30","home_team":"Salernitana","away_team":"Udinese","score":{"home":"1
[2026-08-16T06:07:28Z] Merged section: lineups
[2026-08-16T06:07:28Z] Italian Serie A 2023/2024: Player Stats are unavailable in the source profile.
[2026-08-16T06:07:28Z] Marked all Player Stats categories as not_available; collection continues.
[2026-08-16T06:07:29Z] Opening commentary...
[2026-08-16T06:07:29Z] Navigate: https://www.flashscore.com/match/football/salernitana-Mq05g4BP/udinese-rXw8YKDE/summary/live-commentary/?mid=dpkHsc80
[2026-08-16T06:07:31Z] Page loaded. Waiting for statistics DOM...
[2026-08-16T06:07:32Z] Script [readiness] result prefix: {"body_text_length":18204,"ready":true,"row_count":305,"section":"commentary","title":"SAL 1-1 UDI | Salernitana v Udinese 28/08/2023 | Football - Flashscore | Match"}
[2026-08-16T06:07:32Z] Reading rendered DOM...
[2026-08-16T06:07:32Z] Executing extraction script for phase 12; length: 11834.
[2026-08-16T06:07:32Z] Script [extract] result prefix: {"schema_version":"1.3","section":"commentary","statistic_period":null,"source_url":"https://www.flashscore.com/match/football/salernitana-Mq05g4BP/udinese-rXw8YKDE/summary/live-commentary/all-comments/?mid=dpkHsc80","match_id":"dpkHsc80","collected_at_utc":"2026-08-16T06:07:32.736Z","page_title":"SAL 1-1 UDI | Salernitana v Udinese 28/08/2023 | Football - Flashscore | Match","competition":"WORLD CUP","status":"FINISHED","date_time":"28.08.2023 20:30","home_team":"Salernitana","away_team":"Udine
[2026-08-16T06:07:32Z] Merged section: commentary
[2026-08-16T06:07:32Z] Saving complete match JSON...
[2026-08-16T06:07:32Z] Player Stats category unavailable; status=not_available: top_stats
[2026-08-16T06:07:32Z] Player Stats category unavailable; status=not_available: shots
[2026-08-16T06:07:32Z] Player Stats category unavailable; status=not_available: attack
[2026-08-16T06:07:32Z] Player Stats category unavailable; status=not_available: passes
[2026-08-16T06:07:33Z] Player Stats category unavailable; status=not_available: defense
[2026-08-16T06:07:33Z] Player Stats category unavailable; status=not_available: goalkeeping
[2026-08-16T06:07:33Z] Player Stats category unavailable; status=not_available: general
[2026-08-16T06:07:33Z] Structured goals, cards and VAR events enriched.
[2026-08-16T06:07:33Z] Saved match JSON with 14 statistics: G:\Mirza\VSCode\FlashscoreFootballCollector_\Data\Matches\SerieA\2023_2024\2023-08-28_Salernitana_vs_Udinese_dpkHsc80.json
[2026-08-16T06:07:33Z] Finished: 2023-08-28_Salernitana_vs_Udinese_dpkHsc80.json
[2026-08-16T06:07:33Z] Opening overall statistics...
[2026-08-16T06:07:33Z] Navigate: https://www.flashscore.com/match/football/cagliari-SCGVmKHb/inter-Iw7eKK25/summary/stats/overall/?mid=Iw2kTcg7
[2026-08-16T06:07:35Z] Page loaded. Waiting for statistics DOM...
[2026-08-16T06:07:37Z] Script [readiness] result prefix: {"body_text_length":3246,"ready":true,"row_count":19,"section":"statistics_overall","title":"CAG 0-2 INT | Cagliari v Inter 28/08/2023, Stats - Flashscore.com | Match"}
[2026-08-16T06:07:37Z] Reading rendered DOM...
[2026-08-16T06:07:37Z] Executing extraction script for phase 0; length: 5174.
[2026-08-16T06:07:37Z] Script [extract] result prefix: {"schema_version":"1.3","section":"statistics_overall","statistic_period":"overall","source_url":"https://www.flashscore.com/match/football/cagliari-SCGVmKHb/inter-Iw7eKK25/summary/stats/overall/?mid=Iw2kTcg7","match_id":"Iw2kTcg7","collected_at_utc":"2026-08-16T06:07:37.433Z","page_title":"CAG 0-2 INT | Cagliari v Inter 28/08/2023, Stats - Flashscore.com | Match","competition":"WORLD CUP","status":"FINISHED","date_time":"28.08.2023 22:45","home_team":"Cagliari","away_team":"Inter","score":{"hom
[2026-08-16T06:07:37Z] Stored overall statistics: 14 rows.
[2026-08-16T06:07:37Z] Merged section: statistics_overall
[2026-08-16T06:07:37Z] Opening 1st half statistics...
[2026-08-16T06:07:37Z] Navigate: https://www.flashscore.com/match/football/cagliari-SCGVmKHb/inter-Iw7eKK25/summary/stats/1st-half/?mid=Iw2kTcg7
[2026-08-16T06:07:40Z] Page loaded. Waiting for statistics DOM...
[2026-08-16T06:07:41Z] Script [readiness] result prefix: {"body_text_length":3222,"ready":true,"row_count":18,"section":"statistics_first_half","title":"CAG 0-2 INT | Cagliari v Inter 28/08/2023, Stats - Flashscore.com | Match"}
[2026-08-16T06:07:41Z] Reading rendered DOM...
[2026-08-16T06:07:41Z] Executing extraction script for phase 1; length: 5174.
[2026-08-16T06:07:41Z] Script [extract] result prefix: {"schema_version":"1.3","section":"statistics_first_half","statistic_period":"first_half","source_url":"https://www.flashscore.com/match/football/cagliari-SCGVmKHb/inter-Iw7eKK25/summary/stats/1st-half/?mid=Iw2kTcg7","match_id":"Iw2kTcg7","collected_at_utc":"2026-08-16T06:07:41.620Z","page_title":"CAG 0-2 INT | Cagliari v Inter 28/08/2023, Stats - Flashscore.com | Match","competition":"WORLD CUP","status":"FINISHED","date_time":"28.08.2023 22:45","home_team":"Cagliari","away_team":"Inter","score
[2026-08-16T06:07:41Z] Stored first_half statistics: 13 rows.
[2026-08-16T06:07:41Z] Merged section: statistics_first_half
[2026-08-16T06:07:41Z] Opening 2nd half statistics...
[2026-08-16T06:07:41Z] Navigate: https://www.flashscore.com/match/football/cagliari-SCGVmKHb/inter-Iw7eKK25/summary/stats/2nd-half/?mid=Iw2kTcg7
[2026-08-16T06:07:43Z] Page loaded. Waiting for statistics DOM...
[2026-08-16T06:07:44Z] Script [readiness] result prefix: {"body_text_length":3238,"ready":true,"row_count":19,"section":"statistics_second_half","title":"CAG 0-2 INT | Cagliari v Inter 28/08/2023, Stats - Flashscore.com | Match"}
[2026-08-16T06:07:44Z] Reading rendered DOM...
[2026-08-16T06:07:44Z] Executing extraction script for phase 2; length: 5174.
[2026-08-16T06:07:44Z] Script [extract] result prefix: {"schema_version":"1.3","section":"statistics_second_half","statistic_period":"second_half","source_url":"https://www.flashscore.com/match/football/cagliari-SCGVmKHb/inter-Iw7eKK25/summary/stats/2nd-half/?mid=Iw2kTcg7","match_id":"Iw2kTcg7","collected_at_utc":"2026-08-16T06:07:44.839Z","page_title":"CAG 0-2 INT | Cagliari v Inter 28/08/2023, Stats - Flashscore.com | Match","competition":"WORLD CUP","status":"FINISHED","date_time":"28.08.2023 22:45","home_team":"Cagliari","away_team":"Inter","sco
[2026-08-16T06:07:44Z] Stored second_half statistics: 14 rows.
[2026-08-16T06:07:44Z] Merged section: statistics_second_half
[2026-08-16T06:07:44Z] Opening lineups...
[2026-08-16T06:07:44Z] Navigate: https://www.flashscore.com/match/football/cagliari-SCGVmKHb/inter-Iw7eKK25/summary/lineups/?mid=Iw2kTcg7
[2026-08-16T06:07:47Z] Page loaded. Waiting for statistics DOM...
[2026-08-16T06:07:49Z] Script [readiness] result prefix: {"body_text_length":4336,"ready":true,"row_count":120,"section":"lineups","title":"CAG 0-2 INT | Cagliari v Inter 28/08/2023, Lineups - Flashscore.com | Match"}
[2026-08-16T06:07:49Z] Reading rendered DOM...
[2026-08-16T06:07:49Z] Executing extraction script for phase 4; length: 20701.
[2026-08-16T06:07:49Z] Script [extract] result prefix: {"schema_version":"1.3","section":"lineups","statistic_period":null,"source_url":"https://www.flashscore.com/match/football/cagliari-SCGVmKHb/inter-Iw7eKK25/summary/lineups/?mid=Iw2kTcg7","match_id":"Iw2kTcg7","collected_at_utc":"2026-08-16T06:07:49.237Z","page_title":"CAG 0-2 INT | Cagliari v Inter 28/08/2023, Lineups - Flashscore.com | Match","competition":"WORLD CUP","status":"FINISHED","date_time":"28.08.2023 22:45","home_team":"Cagliari","away_team":"Inter","score":{"home":"0","away":"2","d
[2026-08-16T06:07:49Z] Merged section: lineups
[2026-08-16T06:07:49Z] Italian Serie A 2023/2024: Player Stats are unavailable in the source profile.
[2026-08-16T06:07:49Z] Marked all Player Stats categories as not_available; collection continues.
[2026-08-16T06:07:49Z] Opening commentary...
[2026-08-16T06:07:49Z] Navigate: https://www.flashscore.com/match/football/cagliari-SCGVmKHb/inter-Iw7eKK25/summary/live-commentary/?mid=Iw2kTcg7
[2026-08-16T06:07:51Z] Page loaded. Waiting for statistics DOM...
[2026-08-16T06:07:52Z] Script [readiness] result prefix: {"body_text_length":14736,"ready":true,"row_count":241,"section":"commentary","title":"CAG 0-2 INT | Cagliari v Inter 28/08/2023 | Football - Flashscore | Match"}
[2026-08-16T06:07:52Z] Reading rendered DOM...
[2026-08-16T06:07:52Z] Executing extraction script for phase 12; length: 11834.
[2026-08-16T06:07:52Z] Script [extract] result prefix: {"schema_version":"1.3","section":"commentary","statistic_period":null,"source_url":"https://www.flashscore.com/match/football/cagliari-SCGVmKHb/inter-Iw7eKK25/summary/live-commentary/all-comments/?mid=Iw2kTcg7","match_id":"Iw2kTcg7","collected_at_utc":"2026-08-16T06:07:52.967Z","page_title":"CAG 0-2 INT | Cagliari v Inter 28/08/2023 | Football - Flashscore | Match","competition":"WORLD CUP","status":"FINISHED","date_time":"28.08.2023 22:45","home_team":"Cagliari","away_team":"Inter","score":{"h
[2026-08-16T06:07:53Z] Merged section: commentary
[2026-08-16T06:07:53Z] Saving complete match JSON...
[2026-08-16T06:07:53Z] Player Stats category unavailable; status=not_available: top_stats
[2026-08-16T06:07:53Z] Player Stats category unavailable; status=not_available: shots
[2026-08-16T06:07:53Z] Player Stats category unavailable; status=not_available: attack
[2026-08-16T06:07:53Z] Player Stats category unavailable; status=not_available: passes
[2026-08-16T06:07:53Z] Player Stats category unavailable; status=not_available: defense
[2026-08-16T06:07:53Z] Player Stats category unavailable; status=not_available: goalkeeping
[2026-08-16T06:07:53Z] Player Stats category unavailable; status=not_available: general
[2026-08-16T06:07:53Z] Structured goals, cards and VAR events enriched.
[2026-08-16T06:07:53Z] Saved match JSON with 14 statistics: G:\Mirza\VSCode\FlashscoreFootballCollector_\Data\Matches\SerieA\2023_2024\2023-08-28_Cagliari_vs_Inter_Iw2kTcg7.json
[2026-08-16T06:07:53Z] Finished: 2023-08-28_Cagliari_vs_Inter_Iw2kTcg7.json
[2026-08-16T06:07:53Z] Opening overall statistics...
[2026-08-16T06:07:53Z] Navigate: https://www.flashscore.com/match/football/sassuolo-QDdvI0zl/verona-rJVAIaHo/summary/stats/overall/?mid=zkTgeGx0
[2026-08-16T06:07:55Z] Page loaded. Waiting for statistics DOM...
[2026-08-16T06:07:57Z] Script [readiness] result prefix: {"body_text_length":3231,"ready":true,"row_count":19,"section":"statistics_overall","title":"SAS 3-1 VER | Sassuolo v Verona 01/09/2023, Stats - Flashscore.com | Match"}
[2026-08-16T06:07:57Z] Reading rendered DOM...
[2026-08-16T06:07:57Z] Executing extraction script for phase 0; length: 5174.
[2026-08-16T06:07:57Z] Script [extract] result prefix: {"schema_version":"1.3","section":"statistics_overall","statistic_period":"overall","source_url":"https://www.flashscore.com/match/football/sassuolo-QDdvI0zl/verona-rJVAIaHo/summary/stats/overall/?mid=zkTgeGx0","match_id":"zkTgeGx0","collected_at_utc":"2026-08-16T06:07:57.374Z","page_title":"SAS 3-1 VER | Sassuolo v Verona 01/09/2023, Stats - Flashscore.com | Match","competition":"WORLD CUP","status":"FINISHED","date_time":"01.09.2023 20:30","home_team":"Sassuolo","away_team":"Verona","score":{"
[2026-08-16T06:07:57Z] Stored overall statistics: 14 rows.
[2026-08-16T06:07:57Z] Merged section: statistics_overall
[2026-08-16T06:07:57Z] Opening 1st half statistics...
[2026-08-16T06:07:57Z] Navigate: https://www.flashscore.com/match/football/sassuolo-QDdvI0zl/verona-rJVAIaHo/summary/stats/1st-half/?mid=zkTgeGx0
[2026-08-16T06:07:59Z] Page loaded. Waiting for statistics DOM...
[2026-08-16T06:08:01Z] Script [readiness] result prefix: {"body_text_length":3246,"ready":true,"row_count":19,"section":"statistics_first_half","title":"SAS 3-1 VER | Sassuolo v Verona 01/09/2023, Stats - Flashscore.com | Match"}
[2026-08-16T06:08:01Z] Reading rendered DOM...
[2026-08-16T06:08:01Z] Executing extraction script for phase 1; length: 5174.
[2026-08-16T06:08:01Z] Script [extract] result prefix: {"schema_version":"1.3","section":"statistics_first_half","statistic_period":"first_half","source_url":"https://www.flashscore.com/match/football/sassuolo-QDdvI0zl/verona-rJVAIaHo/summary/stats/1st-half/?mid=zkTgeGx0","match_id":"zkTgeGx0","collected_at_utc":"2026-08-16T06:08:01.181Z","page_title":"SAS 3-1 VER | Sassuolo v Verona 01/09/2023, Stats - Flashscore.com | Match","competition":"WORLD CUP","status":"FINISHED","date_time":"01.09.2023 20:30","home_team":"Sassuolo","away_team":"Verona","sc
[2026-08-16T06:08:01Z] Stored first_half statistics: 14 rows.
[2026-08-16T06:08:01Z] Merged section: statistics_first_half
[2026-08-16T06:08:01Z] Opening 2nd half statistics...
[2026-08-16T06:08:01Z] Navigate: https://www.flashscore.com/match/football/sassuolo-QDdvI0zl/verona-rJVAIaHo/summary/stats/2nd-half/?mid=zkTgeGx0
[2026-08-16T06:08:03Z] Page loaded. Waiting for statistics DOM...
[2026-08-16T06:08:05Z] Script [readiness] result prefix: {"body_text_length":3243,"ready":true,"row_count":19,"section":"statistics_second_half","title":"SAS 3-1 VER | Sassuolo v Verona 01/09/2023, Stats - Flashscore.com | Match"}
[2026-08-16T06:08:05Z] Reading rendered DOM...
[2026-08-16T06:08:05Z] Executing extraction script for phase 2; length: 5174.
[2026-08-16T06:08:05Z] Script [extract] result prefix: {"schema_version":"1.3","section":"statistics_second_half","statistic_period":"second_half","source_url":"https://www.flashscore.com/match/football/sassuolo-QDdvI0zl/verona-rJVAIaHo/summary/stats/2nd-half/?mid=zkTgeGx0","match_id":"zkTgeGx0","collected_at_utc":"2026-08-16T06:08:05.242Z","page_title":"SAS 3-1 VER | Sassuolo v Verona 01/09/2023, Stats - Flashscore.com | Match","competition":"WORLD CUP","status":"FINISHED","date_time":"01.09.2023 20:30","home_team":"Sassuolo","away_team":"Verona","
[2026-08-16T06:08:05Z] Stored second_half statistics: 14 rows.
[2026-08-16T06:08:05Z] Merged section: statistics_second_half
[2026-08-16T06:08:05Z] Opening lineups...
[2026-08-16T06:08:05Z] Navigate: https://www.flashscore.com/match/football/sassuolo-QDdvI0zl/verona-rJVAIaHo/summary/lineups/?mid=zkTgeGx0
[2026-08-16T06:08:08Z] Page loaded. Waiting for statistics DOM...
[2026-08-16T06:08:10Z] Script [readiness] result prefix: {"body_text_length":4329,"ready":true,"row_count":120,"section":"lineups","title":"SAS 3-1 VER | Sassuolo v Verona 01/09/2023, Lineups - Flashscore.com | Match"}
[2026-08-16T06:08:10Z] Reading rendered DOM...
[2026-08-16T06:08:10Z] Executing extraction script for phase 4; length: 20701.
[2026-08-16T06:08:10Z] Script [extract] result prefix: {"schema_version":"1.3","section":"lineups","statistic_period":null,"source_url":"https://www.flashscore.com/match/football/sassuolo-QDdvI0zl/verona-rJVAIaHo/summary/lineups/?mid=zkTgeGx0","match_id":"zkTgeGx0","collected_at_utc":"2026-08-16T06:08:10.418Z","page_title":"SAS 3-1 VER | Sassuolo v Verona 01/09/2023, Lineups - Flashscore.com | Match","competition":"WORLD CUP","status":"FINISHED","date_time":"01.09.2023 20:30","home_team":"Sassuolo","away_team":"Verona","score":{"home":"3","away":"1"
[2026-08-16T06:08:10Z] Merged section: lineups
[2026-08-16T06:08:10Z] Italian Serie A 2023/2024: Player Stats are unavailable in the source profile.
[2026-08-16T06:08:10Z] Marked all Player Stats categories as not_available; collection continues.
[2026-08-16T06:08:10Z] Opening commentary...
[2026-08-16T06:08:11Z] Navigate: https://www.flashscore.com/match/football/sassuolo-QDdvI0zl/verona-rJVAIaHo/summary/live-commentary/?mid=zkTgeGx0
[2026-08-16T06:08:13Z] Page loaded. Waiting for statistics DOM...
[2026-08-16T06:08:14Z] Script [readiness] result prefix: {"body_text_length":13430,"ready":true,"row_count":248,"section":"commentary","title":"SAS 3-1 VER | Sassuolo v Verona 01/09/2023 | Football - Flashscore | Match"}
[2026-08-16T06:08:14Z] Reading rendered DOM...
[2026-08-16T06:08:14Z] Executing extraction script for phase 12; length: 11834.
[2026-08-16T06:08:14Z] Script [extract] result prefix: {"schema_version":"1.3","section":"commentary","statistic_period":null,"source_url":"https://www.flashscore.com/match/football/sassuolo-QDdvI0zl/verona-rJVAIaHo/summary/live-commentary/all-comments/?mid=zkTgeGx0","match_id":"zkTgeGx0","collected_at_utc":"2026-08-16T06:08:14.616Z","page_title":"SAS 3-1 VER | Sassuolo v Verona 01/09/2023 | Football - Flashscore | Match","competition":"WORLD CUP","status":"FINISHED","date_time":"01.09.2023 20:30","home_team":"Sassuolo","away_team":"Verona","score":
[2026-08-16T06:08:14Z] Merged section: commentary
[2026-08-16T06:08:14Z] Saving complete match JSON...
[2026-08-16T06:08:14Z] Player Stats category unavailable; status=not_available: top_stats
[2026-08-16T06:08:14Z] Player Stats category unavailable; status=not_available: shots
[2026-08-16T06:08:14Z] Player Stats category unavailable; status=not_available: attack
[2026-08-16T06:08:15Z] Player Stats category unavailable; status=not_available: passes
[2026-08-16T06:08:15Z] Player Stats category unavailable; status=not_available: defense
[2026-08-16T06:08:15Z] Player Stats category unavailable; status=not_available: goalkeeping
[2026-08-16T06:08:15Z] Player Stats category unavailable; status=not_available: general
[2026-08-16T06:08:15Z] Structured goals, cards and VAR events enriched.
[2026-08-16T06:08:15Z] Saved match JSON with 14 statistics: G:\Mirza\VSCode\FlashscoreFootballCollector_\Data\Matches\SerieA\2023_2024\2023-09-01_Sassuolo_vs_Verona_zkTgeGx0.json
[2026-08-16T06:08:15Z] Finished: 2023-09-01_Sassuolo_vs_Verona_zkTgeGx0.json
[2026-08-16T06:08:15Z] Opening overall statistics...
[2026-08-16T06:08:15Z] Navigate: https://www.flashscore.com/match/football/ac-milan-8Sa8HInO/as-roma-zVqqL0ma/summary/stats/overall/?mid=dbUkddNg
[2026-08-16T06:08:17Z] Page loaded. Waiting for statistics DOM...
[2026-08-16T06:08:19Z] Script [readiness] result prefix: {"body_text_length":3273,"ready":true,"row_count":20,"section":"statistics_overall","title":"ROM 1-2 ACM | AS Roma v AC Milan 01/09/2023, Stats - Flashscore.com | Match"}
[2026-08-16T06:08:19Z] Reading rendered DOM...
[2026-08-16T06:08:19Z] Executing extraction script for phase 0; length: 5174.
[2026-08-16T06:08:19Z] Script [extract] result prefix: {"schema_version":"1.3","section":"statistics_overall","statistic_period":"overall","source_url":"https://www.flashscore.com/match/football/ac-milan-8Sa8HInO/as-roma-zVqqL0ma/summary/stats/overall/?mid=dbUkddNg","match_id":"dbUkddNg","collected_at_utc":"2026-08-16T06:08:19.495Z","page_title":"ROM 1-2 ACM | AS Roma v AC Milan 01/09/2023, Stats - Flashscore.com | Match","competition":"WORLD CUP","status":"FINISHED","date_time":"01.09.2023 22:45","home_team":"AS Roma","away_team":"AC Milan","score"
[2026-08-16T06:08:19Z] Stored overall statistics: 15 rows.
[2026-08-16T06:08:19Z] Merged section: statistics_overall
[2026-08-16T06:08:19Z] Opening 1st half statistics...
[2026-08-16T06:08:19Z] Navigate: https://www.flashscore.com/match/football/ac-milan-8Sa8HInO/as-roma-zVqqL0ma/summary/stats/1st-half/?mid=dbUkddNg
[2026-08-16T06:08:22Z] Page loaded. Waiting for statistics DOM...
[2026-08-16T06:08:23Z] Script [readiness] result prefix: {"body_text_length":3252,"ready":true,"row_count":19,"section":"statistics_first_half","title":"ROM 1-2 ACM | AS Roma v AC Milan 01/09/2023, Stats - Flashscore.com | Match"}
[2026-08-16T06:08:23Z] Reading rendered DOM...
[2026-08-16T06:08:23Z] Executing extraction script for phase 1; length: 5174.
[2026-08-16T06:08:23Z] Script [extract] result prefix: {"schema_version":"1.3","section":"statistics_first_half","statistic_period":"first_half","source_url":"https://www.flashscore.com/match/football/ac-milan-8Sa8HInO/as-roma-zVqqL0ma/summary/stats/1st-half/?mid=dbUkddNg","match_id":"dbUkddNg","collected_at_utc":"2026-08-16T06:08:23.805Z","page_title":"ROM 1-2 ACM | AS Roma v AC Milan 01/09/2023, Stats - Flashscore.com | Match","competition":"WORLD CUP","status":"FINISHED","date_time":"01.09.2023 22:45","home_team":"AS Roma","away_team":"AC Milan",
[2026-08-16T06:08:23Z] Stored first_half statistics: 14 rows.
[2026-08-16T06:08:23Z] Merged section: statistics_first_half
[2026-08-16T06:08:23Z] Opening 2nd half statistics...
[2026-08-16T06:08:23Z] Navigate: https://www.flashscore.com/match/football/ac-milan-8Sa8HInO/as-roma-zVqqL0ma/summary/stats/2nd-half/?mid=dbUkddNg
[2026-08-16T06:08:25Z] Page loaded. Waiting for statistics DOM...
[2026-08-16T06:08:26Z] Script [readiness] result prefix: {"body_text_length":3269,"ready":true,"row_count":20,"section":"statistics_second_half","title":"ROM 1-2 ACM | AS Roma v AC Milan 01/09/2023, Stats - Flashscore.com | Match"}
[2026-08-16T06:08:26Z] Reading rendered DOM...
[2026-08-16T06:08:26Z] Executing extraction script for phase 2; length: 5174.
[2026-08-16T06:08:27Z] Script [extract] result prefix: {"schema_version":"1.3","section":"statistics_second_half","statistic_period":"second_half","source_url":"https://www.flashscore.com/match/football/ac-milan-8Sa8HInO/as-roma-zVqqL0ma/summary/stats/2nd-half/?mid=dbUkddNg","match_id":"dbUkddNg","collected_at_utc":"2026-08-16T06:08:27.085Z","page_title":"ROM 1-2 ACM | AS Roma v AC Milan 01/09/2023, Stats - Flashscore.com | Match","competition":"WORLD CUP","status":"FINISHED","date_time":"01.09.2023 22:45","home_team":"AS Roma","away_team":"AC Milan
[2026-08-16T06:08:27Z] Stored second_half statistics: 15 rows.
[2026-08-16T06:08:27Z] Merged section: statistics_second_half
[2026-08-16T06:08:27Z] Opening lineups...
[2026-08-16T06:08:27Z] Navigate: https://www.flashscore.com/match/football/ac-milan-8Sa8HInO/as-roma-zVqqL0ma/summary/lineups/?mid=dbUkddNg
[2026-08-16T06:08:29Z] Page loaded. Waiting for statistics DOM...
[2026-08-16T06:08:30Z] Script [readiness] result prefix: {"body_text_length":4303,"ready":true,"row_count":117,"section":"lineups","title":"ROM 1-2 ACM | AS Roma v AC Milan 01/09/2023, Lineups - Flashscore.com | Match"}
[2026-08-16T06:08:30Z] Reading rendered DOM...
[2026-08-16T06:08:30Z] Executing extraction script for phase 4; length: 20701.
[2026-08-16T06:08:30Z] Script [extract] result prefix: {"schema_version":"1.3","section":"lineups","statistic_period":null,"source_url":"https://www.flashscore.com/match/football/ac-milan-8Sa8HInO/as-roma-zVqqL0ma/summary/lineups/?mid=dbUkddNg","match_id":"dbUkddNg","collected_at_utc":"2026-08-16T06:08:30.900Z","page_title":"ROM 1-2 ACM | AS Roma v AC Milan 01/09/2023, Lineups - Flashscore.com | Match","competition":"WORLD CUP","status":"FINISHED","date_time":"01.09.2023 22:45","home_team":"AS Roma","away_team":"AC Milan","score":{"home":"1","away":
[2026-08-16T06:08:31Z] Merged section: lineups
[2026-08-16T06:08:31Z] Italian Serie A 2023/2024: Player Stats are unavailable in the source profile.
[2026-08-16T06:08:31Z] Marked all Player Stats categories as not_available; collection continues.
[2026-08-16T06:08:31Z] Opening commentary...
[2026-08-16T06:08:31Z] Navigate: https://www.flashscore.com/match/football/ac-milan-8Sa8HInO/as-roma-zVqqL0ma/summary/live-commentary/?mid=dbUkddNg
[2026-08-16T06:08:33Z] Page loaded. Waiting for statistics DOM...
[2026-08-16T06:08:34Z] Script [readiness] result prefix: {"body_text_length":12430,"ready":true,"row_count":237,"section":"commentary","title":"ROM 1-2 ACM | AS Roma v AC Milan 01/09/2023 | Football - Flashscore | Match"}
[2026-08-16T06:08:34Z] Reading rendered DOM...
[2026-08-16T06:08:34Z] Executing extraction script for phase 12; length: 11834.
[2026-08-16T06:08:34Z] Script [extract] result prefix: {"schema_version":"1.3","section":"commentary","statistic_period":null,"source_url":"https://www.flashscore.com/match/football/ac-milan-8Sa8HInO/as-roma-zVqqL0ma/summary/live-commentary/all-comments/?mid=dbUkddNg","match_id":"dbUkddNg","collected_at_utc":"2026-08-16T06:08:34.684Z","page_title":"ROM 1-2 ACM | AS Roma v AC Milan 01/09/2023 | Football - Flashscore | Match","competition":"WORLD CUP","status":"FINISHED","date_time":"01.09.2023 22:45","home_team":"AS Roma","away_team":"AC Milan","scor
[2026-08-16T06:08:34Z] Merged section: commentary
[2026-08-16T06:08:34Z] Saving complete match JSON...
[2026-08-16T06:08:34Z] Player Stats category unavailable; status=not_available: top_stats
[2026-08-16T06:08:34Z] Player Stats category unavailable; status=not_available: shots
[2026-08-16T06:08:34Z] Player Stats category unavailable; status=not_available: attack
[2026-08-16T06:08:34Z] Player Stats category unavailable; status=not_available: passes
[2026-08-16T06:08:34Z] Player Stats category unavailable; status=not_available: defense
[2026-08-16T06:08:34Z] Player Stats category unavailable; status=not_available: goalkeeping
[2026-08-16T06:08:34Z] Player Stats category unavailable; status=not_available: general
[2026-08-16T06:08:35Z] Structured goals, cards and VAR events enriched.
[2026-08-16T06:08:35Z] Saved match JSON with 15 statistics: G:\Mirza\VSCode\FlashscoreFootballCollector_\Data\Matches\SerieA\2023_2024\2023-09-01_AS_Roma_vs_AC_Milan_dbUkddNg.json
[2026-08-16T06:08:35Z] Finished: 2023-09-01_AS_Roma_vs_AC_Milan_dbUkddNg.json
[2026-08-16T06:08:35Z] Opening overall statistics...
[2026-08-16T06:08:35Z] Navigate: https://www.flashscore.com/match/football/frosinone-pfo9H1Wp/udinese-rXw8YKDE/summary/stats/overall/?mid=rFW1gf7C
[2026-08-16T06:08:38Z] Page loaded. Waiting for statistics DOM...
[2026-08-16T06:08:40Z] Script [readiness] result prefix: {"body_text_length":3261,"ready":true,"row_count":19,"section":"statistics_overall","title":"UDI 0-0 FRO | Udinese v Frosinone 02/09/2023, Stats - Flashscore.com | Match"}
[2026-08-16T06:08:40Z] Reading rendered DOM...
[2026-08-16T06:08:40Z] Executing extraction script for phase 0; length: 5174.
[2026-08-16T06:08:40Z] Script [extract] result prefix: {"schema_version":"1.3","section":"statistics_overall","statistic_period":"overall","source_url":"https://www.flashscore.com/match/football/frosinone-pfo9H1Wp/udinese-rXw8YKDE/summary/stats/overall/?mid=rFW1gf7C","match_id":"rFW1gf7C","collected_at_utc":"2026-08-16T06:08:40.335Z","page_title":"UDI 0-0 FRO | Udinese v Frosinone 02/09/2023, Stats - Flashscore.com | Match","competition":"WORLD CUP","status":"FINISHED","date_time":"02.09.2023 20:30","home_team":"Udinese","away_team":"Frosinone","sco
[2026-08-16T06:08:40Z] Stored overall statistics: 14 rows.
[2026-08-16T06:08:40Z] Merged section: statistics_overall
[2026-08-16T06:08:40Z] Opening 1st half statistics...
[2026-08-16T06:08:40Z] Navigate: https://www.flashscore.com/match/football/frosinone-pfo9H1Wp/udinese-rXw8YKDE/summary/stats/1st-half/?mid=rFW1gf7C
[2026-08-16T06:08:43Z] Page loaded. Waiting for statistics DOM...
[2026-08-16T06:08:44Z] Script [readiness] result prefix: {"body_text_length":3253,"ready":true,"row_count":19,"section":"statistics_first_half","title":"UDI 0-0 FRO | Udinese v Frosinone 02/09/2023, Stats - Flashscore.com | Match"}
[2026-08-16T06:08:44Z] Reading rendered DOM...
[2026-08-16T06:08:44Z] Executing extraction script for phase 1; length: 5174.
[2026-08-16T06:08:44Z] Script [extract] result prefix: {"schema_version":"1.3","section":"statistics_first_half","statistic_period":"first_half","source_url":"https://www.flashscore.com/match/football/frosinone-pfo9H1Wp/udinese-rXw8YKDE/summary/stats/1st-half/?mid=rFW1gf7C","match_id":"rFW1gf7C","collected_at_utc":"2026-08-16T06:08:44.596Z","page_title":"UDI 0-0 FRO | Udinese v Frosinone 02/09/2023, Stats - Flashscore.com | Match","competition":"WORLD CUP","status":"FINISHED","date_time":"02.09.2023 20:30","home_team":"Udinese","away_team":"Frosinon
[2026-08-16T06:08:44Z] Stored first_half statistics: 14 rows.
[2026-08-16T06:08:44Z] Merged section: statistics_first_half
[2026-08-16T06:08:44Z] Opening 2nd half statistics...
[2026-08-16T06:08:44Z] Navigate: https://www.flashscore.com/match/football/frosinone-pfo9H1Wp/udinese-rXw8YKDE/summary/stats/2nd-half/?mid=rFW1gf7C
[2026-08-16T06:08:47Z] Page loaded. Waiting for statistics DOM...
[2026-08-16T06:08:49Z] Script [readiness] result prefix: {"body_text_length":3251,"ready":true,"row_count":19,"section":"statistics_second_half","title":"UDI 0-0 FRO | Udinese v Frosinone 02/09/2023, Stats - Flashscore.com | Match"}
[2026-08-16T06:08:49Z] Reading rendered DOM...
[2026-08-16T06:08:49Z] Executing extraction script for phase 2; length: 5174.
[2026-08-16T06:08:49Z] Script [extract] result prefix: {"schema_version":"1.3","section":"statistics_second_half","statistic_period":"second_half","source_url":"https://www.flashscore.com/match/football/frosinone-pfo9H1Wp/udinese-rXw8YKDE/summary/stats/2nd-half/?mid=rFW1gf7C","match_id":"rFW1gf7C","collected_at_utc":"2026-08-16T06:08:49.237Z","page_title":"UDI 0-0 FRO | Udinese v Frosinone 02/09/2023, Stats - Flashscore.com | Match","competition":"WORLD CUP","status":"FINISHED","date_time":"02.09.2023 20:30","home_team":"Udinese","away_team":"Frosin
[2026-08-16T06:08:49Z] Stored second_half statistics: 14 rows.
[2026-08-16T06:08:49Z] Merged section: statistics_second_half
[2026-08-16T06:08:49Z] Opening lineups...
[2026-08-16T06:08:49Z] Navigate: https://www.flashscore.com/match/football/frosinone-pfo9H1Wp/udinese-rXw8YKDE/summary/lineups/?mid=rFW1gf7C
[2026-08-16T06:08:52Z] Page loaded. Waiting for statistics DOM...
[2026-08-16T06:08:53Z] Script [readiness] result prefix: {"body_text_length":4371,"ready":true,"row_count":122,"section":"lineups","title":"UDI 0-0 FRO | Udinese v Frosinone 02/09/2023, Lineups - Flashscore.com | Match"}
[2026-08-16T06:08:53Z] Reading rendered DOM...
[2026-08-16T06:08:54Z] Executing extraction script for phase 4; length: 20701.
[2026-08-16T06:08:54Z] Script [extract] result prefix: {"schema_version":"1.3","section":"lineups","statistic_period":null,"source_url":"https://www.flashscore.com/match/football/frosinone-pfo9H1Wp/udinese-rXw8YKDE/summary/lineups/?mid=rFW1gf7C","match_id":"rFW1gf7C","collected_at_utc":"2026-08-16T06:08:54.035Z","page_title":"UDI 0-0 FRO | Udinese v Frosinone 02/09/2023, Lineups - Flashscore.com | Match","competition":"WORLD CUP","status":"FINISHED","date_time":"02.09.2023 20:30","home_team":"Udinese","away_team":"Frosinone","score":{"home":"0","awa
[2026-08-16T06:08:54Z] Merged section: lineups
[2026-08-16T06:08:54Z] Italian Serie A 2023/2024: Player Stats are unavailable in the source profile.
[2026-08-16T06:08:54Z] Marked all Player Stats categories as not_available; collection continues.
[2026-08-16T06:08:54Z] Opening commentary...
[2026-08-16T06:08:54Z] Navigate: https://www.flashscore.com/match/football/frosinone-pfo9H1Wp/udinese-rXw8YKDE/summary/live-commentary/?mid=rFW1gf7C
[2026-08-16T06:08:56Z] Page loaded. Waiting for statistics DOM...
[2026-08-16T06:08:57Z] Script [readiness] result prefix: {"body_text_length":14106,"ready":true,"row_count":263,"section":"commentary","title":"UDI 0-0 FRO | Udinese v Frosinone 02/09/2023 | Football - Flashscore | Match"}
[2026-08-16T06:08:57Z] Reading rendered DOM...
[2026-08-16T06:08:57Z] Executing extraction script for phase 12; length: 11834.
[2026-08-16T06:08:57Z] Script [extract] result prefix: {"schema_version":"1.3","section":"commentary","statistic_period":null,"source_url":"https://www.flashscore.com/match/football/frosinone-pfo9H1Wp/udinese-rXw8YKDE/summary/live-commentary/all-comments/?mid=rFW1gf7C","match_id":"rFW1gf7C","collected_at_utc":"2026-08-16T06:08:57.801Z","page_title":"UDI 0-0 FRO | Udinese v Frosinone 02/09/2023 | Football - Flashscore | Match","competition":"WORLD CUP","status":"FINISHED","date_time":"02.09.2023 20:30","home_team":"Udinese","away_team":"Frosinone","s
[2026-08-16T06:08:57Z] Merged section: commentary
[2026-08-16T06:08:57Z] Saving complete match JSON...
[2026-08-16T06:08:57Z] Player Stats category unavailable; status=not_available: top_stats
[2026-08-16T06:08:58Z] Player Stats category unavailable; status=not_available: shots
[2026-08-16T06:08:58Z] Player Stats category unavailable; status=not_available: attack
[2026-08-16T06:08:58Z] Player Stats category unavailable; status=not_available: passes
[2026-08-16T06:08:58Z] Player Stats category unavailable; status=not_available: defense
[2026-08-16T06:08:58Z] Player Stats category unavailable; status=not_available: goalkeeping
[2026-08-16T06:08:58Z] Player Stats category unavailable; status=not_available: general
[2026-08-16T06:08:58Z] Structured goals, cards and VAR events enriched.
[2026-08-16T06:08:58Z] Saved match JSON with 14 statistics: G:\Mirza\VSCode\FlashscoreFootballCollector_\Data\Matches\SerieA\2023_2024\2023-09-02_Udinese_vs_Frosinone_rFW1gf7C.json
[2026-08-16T06:08:58Z] Finished: 2023-09-02_Udinese_vs_Frosinone_rFW1gf7C.json
[2026-08-16T06:08:58Z] Opening overall statistics...
[2026-08-16T06:08:58Z] Navigate: https://www.flashscore.com/match/football/bologna-0M9xNN8N/cagliari-SCGVmKHb/summary/stats/overall/?mid=r1iTvehJ
[2026-08-16T06:09:00Z] Page loaded. Waiting for statistics DOM...
[2026-08-16T06:09:01Z] Script [readiness] result prefix: {"body_text_length":3254,"ready":true,"row_count":19,"section":"statistics_overall","title":"BOL 2-1 CAG | Bologna v Cagliari 02/09/2023, Stats - Flashscore.com | Match"}
[2026-08-16T06:09:01Z] Reading rendered DOM...
[2026-08-16T06:09:01Z] Executing extraction script for phase 0; length: 5174.
[2026-08-16T06:09:01Z] Script [extract] result prefix: {"schema_version":"1.3","section":"statistics_overall","statistic_period":"overall","source_url":"https://www.flashscore.com/match/football/bologna-0M9xNN8N/cagliari-SCGVmKHb/summary/stats/overall/?mid=r1iTvehJ","match_id":"r1iTvehJ","collected_at_utc":"2026-08-16T06:09:01.956Z","page_title":"BOL 2-1 CAG | Bologna v Cagliari 02/09/2023, Stats - Flashscore.com | Match","competition":"WORLD CUP","status":"FINISHED","date_time":"02.09.2023 20:30","home_team":"Bologna","away_team":"Cagliari","score"
[2026-08-16T06:09:01Z] Stored overall statistics: 14 rows.
[2026-08-16T06:09:02Z] Merged section: statistics_overall
[2026-08-16T06:09:02Z] Opening 1st half statistics...
[2026-08-16T06:09:02Z] Navigate: https://www.flashscore.com/match/football/bologna-0M9xNN8N/cagliari-SCGVmKHb/summary/stats/1st-half/?mid=r1iTvehJ
[2026-08-16T06:09:03Z] Page loaded. Waiting for statistics DOM...
[2026-08-16T06:09:05Z] Script [readiness] result prefix: {"body_text_length":3248,"ready":true,"row_count":19,"section":"statistics_first_half","title":"BOL 2-1 CAG | Bologna v Cagliari 02/09/2023, Stats - Flashscore.com | Match"}
[2026-08-16T06:09:05Z] Reading rendered DOM...
[2026-08-16T06:09:05Z] Executing extraction script for phase 1; length: 5174.
[2026-08-16T06:09:05Z] Script [extract] result prefix: {"schema_version":"1.3","section":"statistics_first_half","statistic_period":"first_half","source_url":"https://www.flashscore.com/match/football/bologna-0M9xNN8N/cagliari-SCGVmKHb/summary/stats/1st-half/?mid=r1iTvehJ","match_id":"r1iTvehJ","collected_at_utc":"2026-08-16T06:09:05.296Z","page_title":"BOL 2-1 CAG | Bologna v Cagliari 02/09/2023, Stats - Flashscore.com | Match","competition":"WORLD CUP","status":"FINISHED","date_time":"02.09.2023 20:30","home_team":"Bologna","away_team":"Cagliari",
[2026-08-16T06:09:05Z] Stored first_half statistics: 14 rows.
[2026-08-16T06:09:05Z] Merged section: statistics_first_half
[2026-08-16T06:09:05Z] Opening 2nd half statistics...
[2026-08-16T06:09:05Z] Navigate: https://www.flashscore.com/match/football/bologna-0M9xNN8N/cagliari-SCGVmKHb/summary/stats/2nd-half/?mid=r1iTvehJ
[2026-08-16T06:09:07Z] Page loaded. Waiting for statistics DOM...
[2026-08-16T06:09:08Z] Script [readiness] result prefix: {"body_text_length":3251,"ready":true,"row_count":19,"section":"statistics_second_half","title":"BOL 2-1 CAG | Bologna v Cagliari 02/09/2023, Stats - Flashscore.com | Match"}
[2026-08-16T06:09:08Z] Reading rendered DOM...
[2026-08-16T06:09:08Z] Executing extraction script for phase 2; length: 5174.
[2026-08-16T06:09:09Z] Script [extract] result prefix: {"schema_version":"1.3","section":"statistics_second_half","statistic_period":"second_half","source_url":"https://www.flashscore.com/match/football/bologna-0M9xNN8N/cagliari-SCGVmKHb/summary/stats/2nd-half/?mid=r1iTvehJ","match_id":"r1iTvehJ","collected_at_utc":"2026-08-16T06:09:08.996Z","page_title":"BOL 2-1 CAG | Bologna v Cagliari 02/09/2023, Stats - Flashscore.com | Match","competition":"WORLD CUP","status":"FINISHED","date_time":"02.09.2023 20:30","home_team":"Bologna","away_team":"Cagliari
[2026-08-16T06:09:09Z] Stored second_half statistics: 14 rows.
[2026-08-16T06:09:09Z] Merged section: statistics_second_half
[2026-08-16T06:09:09Z] Opening lineups...
[2026-08-16T06:09:09Z] Navigate: https://www.flashscore.com/match/football/bologna-0M9xNN8N/cagliari-SCGVmKHb/summary/lineups/?mid=r1iTvehJ
[2026-08-16T06:09:13Z] Page loaded. Waiting for statistics DOM...
[2026-08-16T06:09:14Z] Script [readiness] result prefix: {"body_text_length":4338,"ready":true,"row_count":119,"section":"lineups","title":"BOL 2-1 CAG | Bologna v Cagliari 02/09/2023, Lineups - Flashscore.com | Match"}
[2026-08-16T06:09:14Z] Reading rendered DOM...
[2026-08-16T06:09:14Z] Executing extraction script for phase 4; length: 20701.
[2026-08-16T06:09:14Z] Script [extract] result prefix: {"schema_version":"1.3","section":"lineups","statistic_period":null,"source_url":"https://www.flashscore.com/match/football/bologna-0M9xNN8N/cagliari-SCGVmKHb/summary/lineups/?mid=r1iTvehJ","match_id":"r1iTvehJ","collected_at_utc":"2026-08-16T06:09:14.576Z","page_title":"BOL 2-1 CAG | Bologna v Cagliari 02/09/2023, Lineups - Flashscore.com | Match","competition":"WORLD CUP","status":"FINISHED","date_time":"02.09.2023 20:30","home_team":"Bologna","away_team":"Cagliari","score":{"home":"2","away":
[2026-08-16T06:09:14Z] Merged section: lineups
[2026-08-16T06:09:14Z] Italian Serie A 2023/2024: Player Stats are unavailable in the source profile.
[2026-08-16T06:09:14Z] Marked all Player Stats categories as not_available; collection continues.
[2026-08-16T06:09:14Z] Opening commentary...
[2026-08-16T06:09:14Z] Navigate: https://www.flashscore.com/match/football/bologna-0M9xNN8N/cagliari-SCGVmKHb/summary/live-commentary/?mid=r1iTvehJ
[2026-08-16T06:09:17Z] Page loaded. Waiting for statistics DOM...
[2026-08-16T06:09:19Z] Script [readiness] result prefix: {"body_text_length":15318,"ready":true,"row_count":296,"section":"commentary","title":"BOL 2-1 CAG | Bologna v Cagliari 02/09/2023 | Football - Flashscore | Match"}
[2026-08-16T06:09:19Z] Reading rendered DOM...
[2026-08-16T06:09:19Z] Executing extraction script for phase 12; length: 11834.
[2026-08-16T06:09:19Z] Script [extract] result prefix: {"schema_version":"1.3","section":"commentary","statistic_period":null,"source_url":"https://www.flashscore.com/match/football/bologna-0M9xNN8N/cagliari-SCGVmKHb/summary/live-commentary/all-comments/?mid=r1iTvehJ","match_id":"r1iTvehJ","collected_at_utc":"2026-08-16T06:09:19.130Z","page_title":"BOL 2-1 CAG | Bologna v Cagliari 02/09/2023 | Football - Flashscore | Match","competition":"WORLD CUP","status":"FINISHED","date_time":"02.09.2023 20:30","home_team":"Bologna","away_team":"Cagliari","scor
[2026-08-16T06:09:19Z] Merged section: commentary
[2026-08-16T06:09:19Z] Saving complete match JSON...
[2026-08-16T06:09:19Z] Player Stats category unavailable; status=not_available: top_stats
[2026-08-16T06:09:19Z] Player Stats category unavailable; status=not_available: shots
[2026-08-16T06:09:19Z] Player Stats category unavailable; status=not_available: attack
[2026-08-16T06:09:19Z] Player Stats category unavailable; status=not_available: passes
[2026-08-16T06:09:19Z] Player Stats category unavailable; status=not_available: defense
[2026-08-16T06:09:20Z] Player Stats category unavailable; status=not_available: goalkeeping
[2026-08-16T06:09:20Z] Player Stats category unavailable; status=not_available: general
[2026-08-16T06:09:20Z] Structured goals, cards and VAR events enriched.
[2026-08-16T06:09:20Z] Saved match JSON with 14 statistics: G:\Mirza\VSCode\FlashscoreFootballCollector_\Data\Matches\SerieA\2023_2024\2023-09-02_Bologna_vs_Cagliari_r1iTvehJ.json
[2026-08-16T06:09:20Z] Finished: 2023-09-02_Bologna_vs_Cagliari_r1iTvehJ.json
[2026-08-16T06:09:20Z] Opening overall statistics...
[2026-08-16T06:09:20Z] Navigate: https://www.flashscore.com/match/football/lazio-URcSl02h/napoli-69Dxbc61/summary/stats/overall/?mid=vNZpcx8m
[2026-08-16T06:09:23Z] Page loaded. Waiting for statistics DOM...
[2026-08-16T06:09:25Z] Script [readiness] result prefix: {"body_text_length":3233,"ready":true,"row_count":19,"section":"statistics_overall","title":"NAP 1-2 LAZ | Napoli v Lazio 02/09/2023, Stats - Flashscore.com | Match"}
[2026-08-16T06:09:25Z] Reading rendered DOM...
[2026-08-16T06:09:25Z] Executing extraction script for phase 0; length: 5174.
[2026-08-16T06:09:25Z] Script [extract] result prefix: {"schema_version":"1.3","section":"statistics_overall","statistic_period":"overall","source_url":"https://www.flashscore.com/match/football/lazio-URcSl02h/napoli-69Dxbc61/summary/stats/overall/?mid=vNZpcx8m","match_id":"vNZpcx8m","collected_at_utc":"2026-08-16T06:09:25.500Z","page_title":"NAP 1-2 LAZ | Napoli v Lazio 02/09/2023, Stats - Flashscore.com | Match","competition":"WORLD CUP","status":"FINISHED","date_time":"02.09.2023 22:45","home_team":"Napoli","away_team":"Lazio","score":{"home":"1"
[2026-08-16T06:09:25Z] Stored overall statistics: 14 rows.
[2026-08-16T06:09:25Z] Merged section: statistics_overall
[2026-08-16T06:09:25Z] Opening 1st half statistics...
[2026-08-16T06:09:25Z] Navigate: https://www.flashscore.com/match/football/lazio-URcSl02h/napoli-69Dxbc61/summary/stats/1st-half/?mid=vNZpcx8m
[2026-08-16T06:09:27Z] Page loaded. Waiting for statistics DOM...
[2026-08-16T06:09:28Z] Script [readiness] result prefix: {"body_text_length":3230,"ready":true,"row_count":19,"section":"statistics_first_half","title":"NAP 1-2 LAZ | Napoli v Lazio 02/09/2023, Stats - Flashscore.com | Match"}
[2026-08-16T06:09:28Z] Reading rendered DOM...
[2026-08-16T06:09:28Z] Executing extraction script for phase 1; length: 5174.
[2026-08-16T06:09:28Z] Script [extract] result prefix: {"schema_version":"1.3","section":"statistics_first_half","statistic_period":"first_half","source_url":"https://www.flashscore.com/match/football/lazio-URcSl02h/napoli-69Dxbc61/summary/stats/1st-half/?mid=vNZpcx8m","match_id":"vNZpcx8m","collected_at_utc":"2026-08-16T06:09:28.948Z","page_title":"NAP 1-2 LAZ | Napoli v Lazio 02/09/2023, Stats - Flashscore.com | Match","competition":"WORLD CUP","status":"FINISHED","date_time":"02.09.2023 22:45","home_team":"Napoli","away_team":"Lazio","score":{"ho
[2026-08-16T06:09:29Z] Stored first_half statistics: 14 rows.
[2026-08-16T06:09:29Z] Merged section: statistics_first_half
[2026-08-16T06:09:29Z] Opening 2nd half statistics...
[2026-08-16T06:09:29Z] Navigate: https://www.flashscore.com/match/football/lazio-URcSl02h/napoli-69Dxbc61/summary/stats/2nd-half/?mid=vNZpcx8m
[2026-08-16T06:09:32Z] Page loaded. Waiting for statistics DOM...
[2026-08-16T06:09:33Z] Script [readiness] result prefix: {"body_text_length":3227,"ready":true,"row_count":19,"section":"statistics_second_half","title":"NAP 1-2 LAZ | Napoli v Lazio 02/09/2023, Stats - Flashscore.com | Match"}
[2026-08-16T06:09:33Z] Reading rendered DOM...
[2026-08-16T06:09:33Z] Executing extraction script for phase 2; length: 5174.
[2026-08-16T06:09:33Z] Script [extract] result prefix: {"schema_version":"1.3","section":"statistics_second_half","statistic_period":"second_half","source_url":"https://www.flashscore.com/match/football/lazio-URcSl02h/napoli-69Dxbc61/summary/stats/2nd-half/?mid=vNZpcx8m","match_id":"vNZpcx8m","collected_at_utc":"2026-08-16T06:09:33.840Z","page_title":"NAP 1-2 LAZ | Napoli v Lazio 02/09/2023, Stats - Flashscore.com | Match","competition":"WORLD CUP","status":"FINISHED","date_time":"02.09.2023 22:45","home_team":"Napoli","away_team":"Lazio","score":{"
[2026-08-16T06:09:33Z] Stored second_half statistics: 14 rows.
[2026-08-16T06:09:33Z] Merged section: statistics_second_half
[2026-08-16T06:09:33Z] Opening lineups...
[2026-08-16T06:09:33Z] Navigate: https://www.flashscore.com/match/football/lazio-URcSl02h/napoli-69Dxbc61/summary/lineups/?mid=vNZpcx8m
[2026-08-16T06:09:36Z] Page loaded. Waiting for statistics DOM...
[2026-08-16T06:09:37Z] Script [readiness] result prefix: {"body_text_length":4187,"ready":true,"row_count":115,"section":"lineups","title":"NAP 1-2 LAZ | Napoli v Lazio 02/09/2023, Lineups - Flashscore.com | Match"}
[2026-08-16T06:09:37Z] Reading rendered DOM...
[2026-08-16T06:09:37Z] Executing extraction script for phase 4; length: 20701.
[2026-08-16T06:09:37Z] Script [extract] result prefix: {"schema_version":"1.3","section":"lineups","statistic_period":null,"source_url":"https://www.flashscore.com/match/football/lazio-URcSl02h/napoli-69Dxbc61/summary/lineups/?mid=vNZpcx8m","match_id":"vNZpcx8m","collected_at_utc":"2026-08-16T06:09:37.678Z","page_title":"NAP 1-2 LAZ | Napoli v Lazio 02/09/2023, Lineups - Flashscore.com | Match","competition":"WORLD CUP","status":"FINISHED","date_time":"02.09.2023 22:45","home_team":"Napoli","away_team":"Lazio","score":{"home":"1","away":"2","display
[2026-08-16T06:09:37Z] Merged section: lineups
[2026-08-16T06:09:37Z] Italian Serie A 2023/2024: Player Stats are unavailable in the source profile.
[2026-08-16T06:09:37Z] Marked all Player Stats categories as not_available; collection continues.
[2026-08-16T06:09:37Z] Opening commentary...
[2026-08-16T06:09:37Z] Navigate: https://www.flashscore.com/match/football/lazio-URcSl02h/napoli-69Dxbc61/summary/live-commentary/?mid=vNZpcx8m
[2026-08-16T06:09:39Z] Page loaded. Waiting for statistics DOM...
[2026-08-16T06:09:41Z] Script [readiness] result prefix: {"body_text_length":13404,"ready":true,"row_count":234,"section":"commentary","title":"NAP 1-2 LAZ | Napoli v Lazio 02/09/2023 | Football - Flashscore | Match"}
[2026-08-16T06:09:41Z] Reading rendered DOM...
[2026-08-16T06:09:41Z] Executing extraction script for phase 12; length: 11834.
[2026-08-16T06:09:41Z] Script [extract] result prefix: {"schema_version":"1.3","section":"commentary","statistic_period":null,"source_url":"https://www.flashscore.com/match/football/lazio-URcSl02h/napoli-69Dxbc61/summary/live-commentary/all-comments/?mid=vNZpcx8m","match_id":"vNZpcx8m","collected_at_utc":"2026-08-16T06:09:41.490Z","page_title":"NAP 1-2 LAZ | Napoli v Lazio 02/09/2023 | Football - Flashscore | Match","competition":"WORLD CUP","status":"FINISHED","date_time":"02.09.2023 22:45","home_team":"Napoli","away_team":"Lazio","score":{"home":"
[2026-08-16T06:09:41Z] Merged section: commentary
[2026-08-16T06:09:41Z] Saving complete match JSON...
[2026-08-16T06:09:41Z] Player Stats category unavailable; status=not_available: top_stats
[2026-08-16T06:09:41Z] Player Stats category unavailable; status=not_available: shots
[2026-08-16T06:09:41Z] Player Stats category unavailable; status=not_available: attack
[2026-08-16T06:09:41Z] Player Stats category unavailable; status=not_available: passes
[2026-08-16T06:09:41Z] Player Stats category unavailable; status=not_available: defense
[2026-08-16T06:09:41Z] Player Stats category unavailable; status=not_available: goalkeeping
[2026-08-16T06:09:42Z] Player Stats category unavailable; status=not_available: general
[2026-08-16T06:09:42Z] Structured goals, cards and VAR events enriched.
[2026-08-16T06:09:42Z] Saved match JSON with 14 statistics: G:\Mirza\VSCode\FlashscoreFootballCollector_\Data\Matches\SerieA\2023_2024\2023-09-02_Napoli_vs_Lazio_vNZpcx8m.json
[2026-08-16T06:09:42Z] Finished: 2023-09-02_Napoli_vs_Lazio_vNZpcx8m.json
[2026-08-16T06:09:42Z] Opening overall statistics...
[2026-08-16T06:09:42Z] Navigate: https://www.flashscore.com/match/football/atalanta-8C9JjMXu/monza-4YSMlwj7/summary/stats/overall/?mid=4AhPuywD
[2026-08-16T06:09:44Z] Page loaded. Waiting for statistics DOM...
[2026-08-16T06:09:45Z] Script [readiness] result prefix: {"body_text_length":3244,"ready":true,"row_count":19,"section":"statistics_overall","title":"ATA 3-0 MON | Atalanta v Monza 02/09/2023, Stats - Flashscore.com | Match"}
[2026-08-16T06:09:45Z] Reading rendered DOM...
[2026-08-16T06:09:45Z] Executing extraction script for phase 0; length: 5174.
[2026-08-16T06:09:46Z] Script [extract] result prefix: {"schema_version":"1.3","section":"statistics_overall","statistic_period":"overall","source_url":"https://www.flashscore.com/match/football/atalanta-8C9JjMXu/monza-4YSMlwj7/summary/stats/overall/?mid=4AhPuywD","match_id":"4AhPuywD","collected_at_utc":"2026-08-16T06:09:46.008Z","page_title":"ATA 3-0 MON | Atalanta v Monza 02/09/2023, Stats - Flashscore.com | Match","competition":"WORLD CUP","status":"FINISHED","date_time":"02.09.2023 22:45","home_team":"Atalanta","away_team":"Monza","score":{"hom
[2026-08-16T06:09:46Z] Stored overall statistics: 14 rows.
[2026-08-16T06:09:46Z] Merged section: statistics_overall
[2026-08-16T06:09:46Z] Opening 1st half statistics...
[2026-08-16T06:09:46Z] Navigate: https://www.flashscore.com/match/football/atalanta-8C9JjMXu/monza-4YSMlwj7/summary/stats/1st-half/?mid=4AhPuywD
[2026-08-16T06:09:48Z] Page loaded. Waiting for statistics DOM...
[2026-08-16T06:09:49Z] Script [readiness] result prefix: {"body_text_length":3237,"ready":true,"row_count":19,"section":"statistics_first_half","title":"ATA 3-0 MON | Atalanta v Monza 02/09/2023, Stats - Flashscore.com | Match"}
[2026-08-16T06:09:49Z] Reading rendered DOM...
[2026-08-16T06:09:49Z] Executing extraction script for phase 1; length: 5174.
[2026-08-16T06:09:49Z] Script [extract] result prefix: {"schema_version":"1.3","section":"statistics_first_half","statistic_period":"first_half","source_url":"https://www.flashscore.com/match/football/atalanta-8C9JjMXu/monza-4YSMlwj7/summary/stats/1st-half/?mid=4AhPuywD","match_id":"4AhPuywD","collected_at_utc":"2026-08-16T06:09:49.803Z","page_title":"ATA 3-0 MON | Atalanta v Monza 02/09/2023, Stats - Flashscore.com | Match","competition":"WORLD CUP","status":"FINISHED","date_time":"02.09.2023 22:45","home_team":"Atalanta","away_team":"Monza","score
[2026-08-16T06:09:49Z] Stored first_half statistics: 14 rows.
[2026-08-16T06:09:49Z] Merged section: statistics_first_half
[2026-08-16T06:09:49Z] Opening 2nd half statistics...
[2026-08-16T06:09:49Z] Navigate: https://www.flashscore.com/match/football/atalanta-8C9JjMXu/monza-4YSMlwj7/summary/stats/2nd-half/?mid=4AhPuywD
[2026-08-16T06:09:52Z] Page loaded. Waiting for statistics DOM...
[2026-08-16T06:09:54Z] Script [readiness] result prefix: {"body_text_length":3239,"ready":true,"row_count":19,"section":"statistics_second_half","title":"ATA 3-0 MON | Atalanta v Monza 02/09/2023, Stats - Flashscore.com | Match"}
[2026-08-16T06:09:54Z] Reading rendered DOM...
[2026-08-16T06:09:54Z] Executing extraction script for phase 2; length: 5174.
[2026-08-16T06:09:54Z] Script [extract] result prefix: {"schema_version":"1.3","section":"statistics_second_half","statistic_period":"second_half","source_url":"https://www.flashscore.com/match/football/atalanta-8C9JjMXu/monza-4YSMlwj7/summary/stats/2nd-half/?mid=4AhPuywD","match_id":"4AhPuywD","collected_at_utc":"2026-08-16T06:09:54.100Z","page_title":"ATA 3-0 MON | Atalanta v Monza 02/09/2023, Stats - Flashscore.com | Match","competition":"WORLD CUP","status":"FINISHED","date_time":"02.09.2023 22:45","home_team":"Atalanta","away_team":"Monza","sco
[2026-08-16T06:09:54Z] Stored second_half statistics: 14 rows.
[2026-08-16T06:09:54Z] Merged section: statistics_second_half
[2026-08-16T06:09:54Z] Opening lineups...
[2026-08-16T06:09:54Z] Navigate: https://www.flashscore.com/match/football/atalanta-8C9JjMXu/monza-4YSMlwj7/summary/lineups/?mid=4AhPuywD
[2026-08-16T06:09:56Z] Page loaded. Waiting for statistics DOM...
[2026-08-16T06:09:57Z] Script [readiness] result prefix: {"body_text_length":4412,"ready":true,"row_count":123,"section":"lineups","title":"ATA 3-0 MON | Atalanta v Monza 02/09/2023, Lineups - Flashscore.com | Match"}
[2026-08-16T06:09:57Z] Reading rendered DOM...
[2026-08-16T06:09:57Z] Executing extraction script for phase 4; length: 20701.
[2026-08-16T06:09:57Z] Script [extract] result prefix: {"schema_version":"1.3","section":"lineups","statistic_period":null,"source_url":"https://www.flashscore.com/match/football/atalanta-8C9JjMXu/monza-4YSMlwj7/summary/lineups/?mid=4AhPuywD","match_id":"4AhPuywD","collected_at_utc":"2026-08-16T06:09:57.817Z","page_title":"ATA 3-0 MON | Atalanta v Monza 02/09/2023, Lineups - Flashscore.com | Match","competition":"WORLD CUP","status":"FINISHED","date_time":"02.09.2023 22:45","home_team":"Atalanta","away_team":"Monza","score":{"home":"3","away":"0","d
[2026-08-16T06:09:57Z] Merged section: lineups
[2026-08-16T06:09:57Z] Italian Serie A 2023/2024: Player Stats are unavailable in the source profile.
[2026-08-16T06:09:58Z] Marked all Player Stats categories as not_available; collection continues.
[2026-08-16T06:09:58Z] Opening commentary...
[2026-08-16T06:09:58Z] Navigate: https://www.flashscore.com/match/football/atalanta-8C9JjMXu/monza-4YSMlwj7/summary/live-commentary/?mid=4AhPuywD
[2026-08-16T06:10:00Z] Page loaded. Waiting for statistics DOM...
[2026-08-16T06:10:01Z] Script [readiness] result prefix: {"body_text_length":10199,"ready":true,"row_count":210,"section":"commentary","title":"ATA 3-0 MON | Atalanta v Monza 02/09/2023 | Football - Flashscore | Match"}
[2026-08-16T06:10:01Z] Reading rendered DOM...
[2026-08-16T06:10:01Z] Executing extraction script for phase 12; length: 11834.
[2026-08-16T06:10:01Z] Script [extract] result prefix: {"schema_version":"1.3","section":"commentary","statistic_period":null,"source_url":"https://www.flashscore.com/match/football/atalanta-8C9JjMXu/monza-4YSMlwj7/summary/live-commentary/all-comments/?mid=4AhPuywD","match_id":"4AhPuywD","collected_at_utc":"2026-08-16T06:10:01.947Z","page_title":"ATA 3-0 MON | Atalanta v Monza 02/09/2023 | Football - Flashscore | Match","competition":"WORLD CUP","status":"FINISHED","date_time":"02.09.2023 22:45","home_team":"Atalanta","away_team":"Monza","score":{"h
[2026-08-16T06:10:01Z] Merged section: commentary
[2026-08-16T06:10:02Z] Saving complete match JSON...
[2026-08-16T06:10:02Z] Player Stats category unavailable; status=not_available: top_stats
[2026-08-16T06:10:02Z] Player Stats category unavailable; status=not_available: shots
[2026-08-16T06:10:02Z] Player Stats category unavailable; status=not_available: attack
[2026-08-16T06:10:02Z] Player Stats category unavailable; status=not_available: passes
[2026-08-16T06:10:02Z] Player Stats category unavailable; status=not_available: defense
[2026-08-16T06:10:02Z] Player Stats category unavailable; status=not_available: goalkeeping
[2026-08-16T06:10:02Z] Player Stats category unavailable; status=not_available: general
[2026-08-16T06:10:02Z] Structured goals, cards and VAR events enriched.
[2026-08-16T06:10:02Z] Saved match JSON with 14 statistics: G:\Mirza\VSCode\FlashscoreFootballCollector_\Data\Matches\SerieA\2023_2024\2023-09-02_Atalanta_vs_Monza_4AhPuywD.json
[2026-08-16T06:10:02Z] Finished: 2023-09-02_Atalanta_vs_Monza_4AhPuywD.json
[2026-08-16T06:10:02Z] Opening overall statistics...
[2026-08-16T06:10:02Z] Navigate: https://www.flashscore.com/match/football/genoa-d0PJxeie/torino-MZFZnvX4/summary/stats/overall/?mid=UBScfzh6
[2026-08-16T06:10:04Z] Page loaded. Waiting for statistics DOM...
[2026-08-16T06:10:05Z] Script [readiness] result prefix: {"body_text_length":3234,"ready":true,"row_count":19,"section":"statistics_overall","title":"TOR 1-0 GEN | Torino v Genoa 03/09/2023, Stats - Flashscore.com | Match"}
[2026-08-16T06:10:05Z] Reading rendered DOM...
[2026-08-16T06:10:05Z] Executing extraction script for phase 0; length: 5174.
[2026-08-16T06:10:05Z] Script [extract] result prefix: {"schema_version":"1.3","section":"statistics_overall","statistic_period":"overall","source_url":"https://www.flashscore.com/match/football/genoa-d0PJxeie/torino-MZFZnvX4/summary/stats/overall/?mid=UBScfzh6","match_id":"UBScfzh6","collected_at_utc":"2026-08-16T06:10:05.554Z","page_title":"TOR 1-0 GEN | Torino v Genoa 03/09/2023, Stats - Flashscore.com | Match","competition":"WORLD CUP","status":"FINISHED","date_time":"03.09.2023 20:30","home_team":"Torino","away_team":"Genoa","score":{"home":"1"
[2026-08-16T06:10:05Z] Stored overall statistics: 14 rows.
[2026-08-16T06:10:05Z] Merged section: statistics_overall
[2026-08-16T06:10:05Z] Opening 1st half statistics...
[2026-08-16T06:10:06Z] Navigate: https://www.flashscore.com/match/football/genoa-d0PJxeie/torino-MZFZnvX4/summary/stats/1st-half/?mid=UBScfzh6
[2026-08-16T06:10:07Z] Page loaded. Waiting for statistics DOM...
[2026-08-16T06:10:09Z] Script [readiness] result prefix: {"body_text_length":3225,"ready":true,"row_count":19,"section":"statistics_first_half","title":"TOR 1-0 GEN | Torino v Genoa 03/09/2023, Stats - Flashscore.com | Match"}
[2026-08-16T06:10:09Z] Reading rendered DOM...
[2026-08-16T06:10:09Z] Executing extraction script for phase 1; length: 5174.
[2026-08-16T06:10:09Z] Script [extract] result prefix: {"schema_version":"1.3","section":"statistics_first_half","statistic_period":"first_half","source_url":"https://www.flashscore.com/match/football/genoa-d0PJxeie/torino-MZFZnvX4/summary/stats/1st-half/?mid=UBScfzh6","match_id":"UBScfzh6","collected_at_utc":"2026-08-16T06:10:09.150Z","page_title":"TOR 1-0 GEN | Torino v Genoa 03/09/2023, Stats - Flashscore.com | Match","competition":"WORLD CUP","status":"FINISHED","date_time":"03.09.2023 20:30","home_team":"Torino","away_team":"Genoa","score":{"ho
[2026-08-16T06:10:09Z] Stored first_half statistics: 14 rows.
[2026-08-16T06:10:09Z] Merged section: statistics_first_half
[2026-08-16T06:10:09Z] Opening 2nd half statistics...
[2026-08-16T06:10:09Z] Navigate: https://www.flashscore.com/match/football/genoa-d0PJxeie/torino-MZFZnvX4/summary/stats/2nd-half/?mid=UBScfzh6
[2026-08-16T06:10:10Z] Page loaded. Waiting for statistics DOM...
[2026-08-16T06:10:12Z] Script [readiness] result prefix: {"body_text_length":3227,"ready":true,"row_count":19,"section":"statistics_second_half","title":"TOR 1-0 GEN | Torino v Genoa 03/09/2023, Stats - Flashscore.com | Match"}
[2026-08-16T06:10:12Z] Reading rendered DOM...
[2026-08-16T06:10:12Z] Executing extraction script for phase 2; length: 5174.
[2026-08-16T06:10:12Z] Script [extract] result prefix: {"schema_version":"1.3","section":"statistics_second_half","statistic_period":"second_half","source_url":"https://www.flashscore.com/match/football/genoa-d0PJxeie/torino-MZFZnvX4/summary/stats/2nd-half/?mid=UBScfzh6","match_id":"UBScfzh6","collected_at_utc":"2026-08-16T06:10:12.673Z","page_title":"TOR 1-0 GEN | Torino v Genoa 03/09/2023, Stats - Flashscore.com | Match","competition":"WORLD CUP","status":"FINISHED","date_time":"03.09.2023 20:30","home_team":"Torino","away_team":"Genoa","score":{"
[2026-08-16T06:10:12Z] Stored second_half statistics: 14 rows.
[2026-08-16T06:10:12Z] Merged section: statistics_second_half
[2026-08-16T06:10:12Z] Opening lineups...
[2026-08-16T06:10:12Z] Navigate: https://www.flashscore.com/match/football/genoa-d0PJxeie/torino-MZFZnvX4/summary/lineups/?mid=UBScfzh6
[2026-08-16T06:10:15Z] Page loaded. Waiting for statistics DOM...
[2026-08-16T06:10:17Z] Script [readiness] result prefix: {"body_text_length":4280,"ready":true,"row_count":119,"section":"lineups","title":"TOR 1-0 GEN | Torino v Genoa 03/09/2023, Lineups - Flashscore.com | Match"}
[2026-08-16T06:10:17Z] Reading rendered DOM...
[2026-08-16T06:10:17Z] Executing extraction script for phase 4; length: 20701.
[2026-08-16T06:10:17Z] Script [extract] result prefix: {"schema_version":"1.3","section":"lineups","statistic_period":null,"source_url":"https://www.flashscore.com/match/football/genoa-d0PJxeie/torino-MZFZnvX4/summary/lineups/?mid=UBScfzh6","match_id":"UBScfzh6","collected_at_utc":"2026-08-16T06:10:17.590Z","page_title":"TOR 1-0 GEN | Torino v Genoa 03/09/2023, Lineups - Flashscore.com | Match","competition":"WORLD CUP","status":"FINISHED","date_time":"03.09.2023 20:30","home_team":"Torino","away_team":"Genoa","score":{"home":"1","away":"0","display
[2026-08-16T06:10:17Z] Merged section: lineups
[2026-08-16T06:10:17Z] Italian Serie A 2023/2024: Player Stats are unavailable in the source profile.
[2026-08-16T06:10:17Z] Marked all Player Stats categories as not_available; collection continues.
[2026-08-16T06:10:18Z] Opening commentary...
[2026-08-16T06:10:18Z] Navigate: https://www.flashscore.com/match/football/genoa-d0PJxeie/torino-MZFZnvX4/summary/live-commentary/?mid=UBScfzh6
[2026-08-16T06:10:20Z] Page loaded. Waiting for statistics DOM...
[2026-08-16T06:10:22Z] Script [readiness] result prefix: {"body_text_length":9744,"ready":true,"row_count":197,"section":"commentary","title":"TOR 1-0 GEN | Torino v Genoa 03/09/2023 | Football - Flashscore | Match"}
[2026-08-16T06:10:22Z] Reading rendered DOM...
[2026-08-16T06:10:22Z] Executing extraction script for phase 12; length: 11834.
[2026-08-16T06:10:22Z] Script [extract] result prefix: {"schema_version":"1.3","section":"commentary","statistic_period":null,"source_url":"https://www.flashscore.com/match/football/genoa-d0PJxeie/torino-MZFZnvX4/summary/live-commentary/all-comments/?mid=UBScfzh6","match_id":"UBScfzh6","collected_at_utc":"2026-08-16T06:10:22.444Z","page_title":"TOR 1-0 GEN | Torino v Genoa 03/09/2023 | Football - Flashscore | Match","competition":"WORLD CUP","status":"FINISHED","date_time":"03.09.2023 20:30","home_team":"Torino","away_team":"Genoa","score":{"home":"
[2026-08-16T06:10:22Z] Merged section: commentary
[2026-08-16T06:10:22Z] Saving complete match JSON...
[2026-08-16T06:10:22Z] Player Stats category unavailable; status=not_available: top_stats
[2026-08-16T06:10:22Z] Player Stats category unavailable; status=not_available: shots
[2026-08-16T06:10:22Z] Player Stats category unavailable; status=not_available: attack
[2026-08-16T06:10:22Z] Player Stats category unavailable; status=not_available: passes
[2026-08-16T06:10:22Z] Player Stats category unavailable; status=not_available: defense
[2026-08-16T06:10:22Z] Player Stats category unavailable; status=not_available: goalkeeping
[2026-08-16T06:10:22Z] Player Stats category unavailable; status=not_available: general
[2026-08-16T06:10:22Z] Structured goals, cards and VAR events enriched.
[2026-08-16T06:10:22Z] Saved match JSON with 14 statistics: G:\Mirza\VSCode\FlashscoreFootballCollector_\Data\Matches\SerieA\2023_2024\2023-09-03_Torino_vs_Genoa_UBScfzh6.json
[2026-08-16T06:10:22Z] Finished: 2023-09-03_Torino_vs_Genoa_UBScfzh6.json
[2026-08-16T06:10:22Z] Opening overall statistics...
[2026-08-16T06:10:22Z] Navigate: https://www.flashscore.com/match/football/fiorentina-Q3A3IbXH/inter-Iw7eKK25/summary/stats/overall/?mid=rilF2bpQ
[2026-08-16T06:10:25Z] Page loaded. Waiting for statistics DOM...
[2026-08-16T06:10:27Z] Script [readiness] result prefix: {"body_text_length":3262,"ready":true,"row_count":19,"section":"statistics_overall","title":"INT 4-0 FIO | Inter v Fiorentina 03/09/2023, Stats - Flashscore.com | Match"}
[2026-08-16T06:10:27Z] Reading rendered DOM...
[2026-08-16T06:10:27Z] Executing extraction script for phase 0; length: 5174.
[2026-08-16T06:10:27Z] Script [extract] result prefix: {"schema_version":"1.3","section":"statistics_overall","statistic_period":"overall","source_url":"https://www.flashscore.com/match/football/fiorentina-Q3A3IbXH/inter-Iw7eKK25/summary/stats/overall/?mid=rilF2bpQ","match_id":"rilF2bpQ","collected_at_utc":"2026-08-16T06:10:27.506Z","page_title":"INT 4-0 FIO | Inter v Fiorentina 03/09/2023, Stats - Flashscore.com | Match","competition":"WORLD CUP","status":"FINISHED","date_time":"03.09.2023 20:30","home_team":"Inter","away_team":"Fiorentina","score"
[2026-08-16T06:10:27Z] Stored overall statistics: 14 rows.
[2026-08-16T06:10:27Z] Merged section: statistics_overall
[2026-08-16T06:10:27Z] Opening 1st half statistics...
[2026-08-16T06:10:27Z] Navigate: https://www.flashscore.com/match/football/fiorentina-Q3A3IbXH/inter-Iw7eKK25/summary/stats/1st-half/?mid=rilF2bpQ
[2026-08-16T06:10:30Z] Page loaded. Waiting for statistics DOM...
[2026-08-16T06:10:31Z] Script [readiness] result prefix: {"body_text_length":3255,"ready":true,"row_count":19,"section":"statistics_first_half","title":"INT 4-0 FIO | Inter v Fiorentina 03/09/2023, Stats - Flashscore.com | Match"}
[2026-08-16T06:10:31Z] Reading rendered DOM...
[2026-08-16T06:10:31Z] Executing extraction script for phase 1; length: 5174.
[2026-08-16T06:10:32Z] Script [extract] result prefix: {"schema_version":"1.3","section":"statistics_first_half","statistic_period":"first_half","source_url":"https://www.flashscore.com/match/football/fiorentina-Q3A3IbXH/inter-Iw7eKK25/summary/stats/1st-half/?mid=rilF2bpQ","match_id":"rilF2bpQ","collected_at_utc":"2026-08-16T06:10:32.004Z","page_title":"INT 4-0 FIO | Inter v Fiorentina 03/09/2023, Stats - Flashscore.com | Match","competition":"WORLD CUP","status":"FINISHED","date_time":"03.09.2023 20:30","home_team":"Inter","away_team":"Fiorentina",
[2026-08-16T06:10:32Z] Stored first_half statistics: 14 rows.
[2026-08-16T06:10:32Z] Merged section: statistics_first_half
[2026-08-16T06:10:32Z] Opening 2nd half statistics...
[2026-08-16T06:10:32Z] Navigate: https://www.flashscore.com/match/football/fiorentina-Q3A3IbXH/inter-Iw7eKK25/summary/stats/2nd-half/?mid=rilF2bpQ
[2026-08-16T06:10:39Z] Page loaded. Waiting for statistics DOM...
[2026-08-16T06:10:40Z] Script [readiness] result prefix: {"body_text_length":3237,"ready":true,"row_count":18,"section":"statistics_second_half","title":"INT 4-0 FIO | Inter v Fiorentina 03/09/2023, Stats - Flashscore.com | Match"}
[2026-08-16T06:10:40Z] Reading rendered DOM...
[2026-08-16T06:10:40Z] Executing extraction script for phase 2; length: 5174.
[2026-08-16T06:10:41Z] Script [extract] result prefix: {"schema_version":"1.3","section":"statistics_second_half","statistic_period":"second_half","source_url":"https://www.flashscore.com/match/football/fiorentina-Q3A3IbXH/inter-Iw7eKK25/summary/stats/2nd-half/?mid=rilF2bpQ","match_id":"rilF2bpQ","collected_at_utc":"2026-08-16T06:10:41.033Z","page_title":"INT 4-0 FIO | Inter v Fiorentina 03/09/2023, Stats - Flashscore.com | Match","competition":"WORLD CUP","status":"FINISHED","date_time":"03.09.2023 20:30","home_team":"Inter","away_team":"Fiorentina
[2026-08-16T06:10:41Z] Stored second_half statistics: 13 rows.
[2026-08-16T06:10:41Z] Merged section: statistics_second_half
[2026-08-16T06:10:41Z] Opening lineups...
[2026-08-16T06:10:41Z] Navigate: https://www.flashscore.com/match/football/fiorentina-Q3A3IbXH/inter-Iw7eKK25/summary/lineups/?mid=rilF2bpQ
[2026-08-16T06:10:46Z] Page loaded. Waiting for statistics DOM...
[2026-08-16T06:10:48Z] Script [readiness] result prefix: {"body_text_length":2690,"ready":true,"row_count":1,"section":"lineups","title":"INT 4-0 FIO | Inter v Fiorentina 03/09/2023, Lineups - Flashscore.com | Match"}
[2026-08-16T06:10:48Z] Reading rendered DOM...
[2026-08-16T06:10:48Z] Executing extraction script for phase 4; length: 20701.
[2026-08-16T06:10:48Z] Script [extract] result prefix: {"schema_version":"1.3","section":"lineups","statistic_period":null,"source_url":"https://www.flashscore.com/match/football/fiorentina-Q3A3IbXH/inter-Iw7eKK25/summary/lineups/?mid=rilF2bpQ","match_id":"rilF2bpQ","collected_at_utc":"2026-08-16T06:10:48.526Z","page_title":"INT 4-0 FIO | Inter v Fiorentina 03/09/2023, Lineups - Flashscore.com | Match","competition":"WORLD CUP","status":"FINISHED","date_time":"03.09.2023 20:30","home_team":"Inter","away_team":"Fiorentina","score":{"home":"4","away":
[2026-08-16T06:10:48Z] Merged section: lineups
[2026-08-16T06:10:48Z] Italian Serie A 2023/2024: Player Stats are unavailable in the source profile.
[2026-08-16T06:10:49Z] Marked all Player Stats categories as not_available; collection continues.
[2026-08-16T06:10:49Z] Opening commentary...
[2026-08-16T06:10:49Z] Navigate: https://www.flashscore.com/match/football/fiorentina-Q3A3IbXH/inter-Iw7eKK25/summary/live-commentary/?mid=rilF2bpQ
[2026-08-16T06:10:50Z] Page loaded. Waiting for statistics DOM...
[2026-08-16T06:10:52Z] Script [readiness] result prefix: {"body_text_length":10558,"ready":true,"row_count":183,"section":"commentary","title":"INT 4-0 FIO | Inter v Fiorentina 03/09/2023 | Football - Flashscore | Match"}
[2026-08-16T06:10:52Z] Reading rendered DOM...
[2026-08-16T06:10:52Z] Executing extraction script for phase 12; length: 11834.
[2026-08-16T06:10:52Z] Script [extract] result prefix: {"schema_version":"1.3","section":"commentary","statistic_period":null,"source_url":"https://www.flashscore.com/match/football/fiorentina-Q3A3IbXH/inter-Iw7eKK25/summary/live-commentary/all-comments/?mid=rilF2bpQ","match_id":"rilF2bpQ","collected_at_utc":"2026-08-16T06:10:52.551Z","page_title":"INT 4-0 FIO | Inter v Fiorentina 03/09/2023 | Football - Flashscore | Match","competition":"WORLD CUP","status":"FINISHED","date_time":"03.09.2023 20:30","home_team":"Inter","away_team":"Fiorentina","scor
[2026-08-16T06:10:52Z] Merged section: commentary
[2026-08-16T06:10:52Z] Saving complete match JSON...
[2026-08-16T06:10:52Z] Player Stats category unavailable; status=not_available: top_stats
[2026-08-16T06:10:52Z] Player Stats category unavailable; status=not_available: shots
[2026-08-16T06:10:52Z] Player Stats category unavailable; status=not_available: attack
[2026-08-16T06:10:52Z] Player Stats category unavailable; status=not_available: passes
[2026-08-16T06:10:53Z] Player Stats category unavailable; status=not_available: defense
[2026-08-16T06:10:53Z] Player Stats category unavailable; status=not_available: goalkeeping
[2026-08-16T06:10:53Z] Player Stats category unavailable; status=not_available: general
[2026-08-16T06:10:53Z] Structured goals, cards and VAR events enriched.
[2026-08-16T06:10:53Z] Saved match JSON with 14 statistics: G:\Mirza\VSCode\FlashscoreFootballCollector_\Data\Matches\SerieA\2023_2024\2023-09-03_Inter_vs_Fiorentina_rilF2bpQ.json
[2026-08-16T06:10:53Z] Finished: 2023-09-03_Inter_vs_Fiorentina_rilF2bpQ.json
[2026-08-16T06:10:53Z] Opening overall statistics...
[2026-08-16T06:10:53Z] Navigate: https://www.flashscore.com/match/football/lecce-G8lYsMgU/salernitana-Mq05g4BP/summary/stats/overall/?mid=0WzsbIhs
[2026-08-16T06:10:55Z] Page loaded. Waiting for statistics DOM...
[2026-08-16T06:10:57Z] Script [readiness] result prefix: {"body_text_length":3263,"ready":true,"row_count":19,"section":"statistics_overall","title":"LEC 2-0 SAL | Lecce v Salernitana 03/09/2023, Stats - Flashscore.com | Match"}
[2026-08-16T06:10:57Z] Reading rendered DOM...
[2026-08-16T06:10:57Z] Executing extraction script for phase 0; length: 5174.
[2026-08-16T06:10:57Z] Script [extract] result prefix: {"schema_version":"1.3","section":"statistics_overall","statistic_period":"overall","source_url":"https://www.flashscore.com/match/football/lecce-G8lYsMgU/salernitana-Mq05g4BP/summary/stats/overall/?mid=0WzsbIhs","match_id":"0WzsbIhs","collected_at_utc":"2026-08-16T06:10:57.161Z","page_title":"LEC 2-0 SAL | Lecce v Salernitana 03/09/2023, Stats - Flashscore.com | Match","competition":"WORLD CUP","status":"FINISHED","date_time":"03.09.2023 22:45","home_team":"Lecce","away_team":"Salernitana","sco
[2026-08-16T06:10:57Z] Stored overall statistics: 14 rows.
[2026-08-16T06:10:57Z] Merged section: statistics_overall
[2026-08-16T06:10:57Z] Opening 1st half statistics...
[2026-08-16T06:10:57Z] Navigate: https://www.flashscore.com/match/football/lecce-G8lYsMgU/salernitana-Mq05g4BP/summary/stats/1st-half/?mid=0WzsbIhs
[2026-08-16T06:10:58Z] Page loaded. Waiting for statistics DOM...
[2026-08-16T06:11:00Z] Script [readiness] result prefix: {"body_text_length":3236,"ready":true,"row_count":19,"section":"statistics_first_half","title":"LEC 2-0 SAL | Lecce v Salernitana 03/09/2023, Stats - Flashscore.com | Match"}
[2026-08-16T06:11:00Z] Reading rendered DOM...
[2026-08-16T06:11:00Z] Executing extraction script for phase 1; length: 5174.
[2026-08-16T06:11:00Z] Script [extract] result prefix: {"schema_version":"1.3","section":"statistics_first_half","statistic_period":"first_half","source_url":"https://www.flashscore.com/match/football/lecce-G8lYsMgU/salernitana-Mq05g4BP/summary/stats/1st-half/?mid=0WzsbIhs","match_id":"0WzsbIhs","collected_at_utc":"2026-08-16T06:11:00.401Z","page_title":"LEC 2-0 SAL | Lecce v Salernitana 03/09/2023, Stats - Flashscore.com | Match","competition":"WORLD CUP","status":"FINISHED","date_time":"03.09.2023 22:45","home_team":"Lecce","away_team":"Salernitan
[2026-08-16T06:11:00Z] Stored first_half statistics: 14 rows.
[2026-08-16T06:11:00Z] Merged section: statistics_first_half
[2026-08-16T06:11:00Z] Opening 2nd half statistics...
[2026-08-16T06:11:00Z] Navigate: https://www.flashscore.com/match/football/lecce-G8lYsMgU/salernitana-Mq05g4BP/summary/stats/2nd-half/?mid=0WzsbIhs
[2026-08-16T06:11:03Z] Page loaded. Waiting for statistics DOM...
[2026-08-16T06:11:04Z] Script [readiness] result prefix: {"body_text_length":3255,"ready":true,"row_count":19,"section":"statistics_second_half","title":"LEC 2-0 SAL | Lecce v Salernitana 03/09/2023, Stats - Flashscore.com | Match"}
[2026-08-16T06:11:04Z] Reading rendered DOM...
[2026-08-16T06:11:04Z] Executing extraction script for phase 2; length: 5174.
[2026-08-16T06:11:04Z] Script [extract] result prefix: {"schema_version":"1.3","section":"statistics_second_half","statistic_period":"second_half","source_url":"https://www.flashscore.com/match/football/lecce-G8lYsMgU/salernitana-Mq05g4BP/summary/stats/2nd-half/?mid=0WzsbIhs","match_id":"0WzsbIhs","collected_at_utc":"2026-08-16T06:11:04.838Z","page_title":"LEC 2-0 SAL | Lecce v Salernitana 03/09/2023, Stats - Flashscore.com | Match","competition":"WORLD CUP","status":"FINISHED","date_time":"03.09.2023 22:45","home_team":"Lecce","away_team":"Salernit
[2026-08-16T06:11:04Z] Stored second_half statistics: 14 rows.
[2026-08-16T06:11:05Z] Merged section: statistics_second_half
[2026-08-16T06:11:05Z] Opening lineups...
[2026-08-16T06:11:05Z] Navigate: https://www.flashscore.com/match/football/lecce-G8lYsMgU/salernitana-Mq05g4BP/summary/lineups/?mid=0WzsbIhs
[2026-08-16T06:11:07Z] Page loaded. Waiting for statistics DOM...
[2026-08-16T06:11:08Z] Script [readiness] result prefix: {"body_text_length":4266,"ready":true,"row_count":118,"section":"lineups","title":"LEC 2-0 SAL | Lecce v Salernitana 03/09/2023, Lineups - Flashscore.com | Match"}
[2026-08-16T06:11:08Z] Reading rendered DOM...
[2026-08-16T06:11:08Z] Executing extraction script for phase 4; length: 20701.
[2026-08-16T06:11:08Z] Script [extract] result prefix: {"schema_version":"1.3","section":"lineups","statistic_period":null,"source_url":"https://www.flashscore.com/match/football/lecce-G8lYsMgU/salernitana-Mq05g4BP/summary/lineups/?mid=0WzsbIhs","match_id":"0WzsbIhs","collected_at_utc":"2026-08-16T06:11:08.762Z","page_title":"LEC 2-0 SAL | Lecce v Salernitana 03/09/2023, Lineups - Flashscore.com | Match","competition":"WORLD CUP","status":"FINISHED","date_time":"03.09.2023 22:45","home_team":"Lecce","away_team":"Salernitana","score":{"home":"2","awa
[2026-08-16T06:11:08Z] Merged section: lineups
[2026-08-16T06:11:08Z] Italian Serie A 2023/2024: Player Stats are unavailable in the source profile.
[2026-08-16T06:11:08Z] Marked all Player Stats categories as not_available; collection continues.
[2026-08-16T06:11:09Z] Opening commentary...
[2026-08-16T06:11:09Z] Navigate: https://www.flashscore.com/match/football/lecce-G8lYsMgU/salernitana-Mq05g4BP/summary/live-commentary/?mid=0WzsbIhs
[2026-08-16T06:11:12Z] Page loaded. Waiting for statistics DOM...
[2026-08-16T06:11:13Z] Script [readiness] result prefix: {"body_text_length":11866,"ready":true,"row_count":237,"section":"commentary","title":"LEC 2-0 SAL | Lecce v Salernitana 03/09/2023 | Football - Flashscore | Match"}
[2026-08-16T06:11:13Z] Reading rendered DOM...
[2026-08-16T06:11:13Z] Executing extraction script for phase 12; length: 11834.
[2026-08-16T06:11:13Z] Script [extract] result prefix: {"schema_version":"1.3","section":"commentary","statistic_period":null,"source_url":"https://www.flashscore.com/match/football/lecce-G8lYsMgU/salernitana-Mq05g4BP/summary/live-commentary/all-comments/?mid=0WzsbIhs","match_id":"0WzsbIhs","collected_at_utc":"2026-08-16T06:11:13.696Z","page_title":"LEC 2-0 SAL | Lecce v Salernitana 03/09/2023 | Football - Flashscore | Match","competition":"WORLD CUP","status":"FINISHED","date_time":"03.09.2023 22:45","home_team":"Lecce","away_team":"Salernitana","s
[2026-08-16T06:11:13Z] Merged section: commentary
[2026-08-16T06:11:13Z] Saving complete match JSON...
[2026-08-16T06:11:13Z] Player Stats category unavailable; status=not_available: top_stats
[2026-08-16T06:11:13Z] Player Stats category unavailable; status=not_available: shots
[2026-08-16T06:11:13Z] Player Stats category unavailable; status=not_available: attack
[2026-08-16T06:11:13Z] Player Stats category unavailable; status=not_available: passes
[2026-08-16T06:11:13Z] Player Stats category unavailable; status=not_available: defense
[2026-08-16T06:11:13Z] Player Stats category unavailable; status=not_available: goalkeeping
[2026-08-16T06:11:13Z] Player Stats category unavailable; status=not_available: general
[2026-08-16T06:11:13Z] Structured goals, cards and VAR events enriched.
[2026-08-16T06:11:13Z] Saved match JSON with 14 statistics: G:\Mirza\VSCode\FlashscoreFootballCollector_\Data\Matches\SerieA\2023_2024\2023-09-03_Lecce_vs_Salernitana_0WzsbIhs.json
[2026-08-16T06:11:14Z] Finished: 2023-09-03_Lecce_vs_Salernitana_0WzsbIhs.json
[2026-08-16T06:11:14Z] Opening overall statistics...
[2026-08-16T06:11:14Z] Navigate: https://www.flashscore.com/match/football/empoli-0ESCnI1H/juventus-C06aJvIB/summary/stats/overall/?mid=p6VB3vVJ
[2026-08-16T06:11:16Z] Page loaded. Waiting for statistics DOM...
[2026-08-16T06:11:18Z] Script [readiness] result prefix: {"body_text_length":3250,"ready":true,"row_count":19,"section":"statistics_overall","title":"EMP 0-2 JUV | Empoli v Juventus 03/09/2023, Stats - Flashscore.com | Match"}
[2026-08-16T06:11:18Z] Reading rendered DOM...
[2026-08-16T06:11:18Z] Executing extraction script for phase 0; length: 5174.
[2026-08-16T06:11:18Z] Script [extract] result prefix: {"schema_version":"1.3","section":"statistics_overall","statistic_period":"overall","source_url":"https://www.flashscore.com/match/football/empoli-0ESCnI1H/juventus-C06aJvIB/summary/stats/overall/?mid=p6VB3vVJ","match_id":"p6VB3vVJ","collected_at_utc":"2026-08-16T06:11:18.223Z","page_title":"EMP 0-2 JUV | Empoli v Juventus 03/09/2023, Stats - Flashscore.com | Match","competition":"WORLD CUP","status":"FINISHED","date_time":"03.09.2023 22:45","home_team":"Empoli","away_team":"Juventus","score":{"
[2026-08-16T06:11:18Z] Stored overall statistics: 14 rows.
[2026-08-16T06:11:18Z] Merged section: statistics_overall
[2026-08-16T06:11:18Z] Opening 1st half statistics...
[2026-08-16T06:11:18Z] Navigate: https://www.flashscore.com/match/football/empoli-0ESCnI1H/juventus-C06aJvIB/summary/stats/1st-half/?mid=p6VB3vVJ
[2026-08-16T06:11:20Z] Page loaded. Waiting for statistics DOM...
[2026-08-16T06:11:21Z] Script [readiness] result prefix: {"body_text_length":3244,"ready":true,"row_count":19,"section":"statistics_first_half","title":"EMP 0-2 JUV | Empoli v Juventus 03/09/2023, Stats - Flashscore.com | Match"}
[2026-08-16T06:11:21Z] Reading rendered DOM...
[2026-08-16T06:11:21Z] Executing extraction script for phase 1; length: 5174.
[2026-08-16T06:11:21Z] Script [extract] result prefix: {"schema_version":"1.3","section":"statistics_first_half","statistic_period":"first_half","source_url":"https://www.flashscore.com/match/football/empoli-0ESCnI1H/juventus-C06aJvIB/summary/stats/1st-half/?mid=p6VB3vVJ","match_id":"p6VB3vVJ","collected_at_utc":"2026-08-16T06:11:21.844Z","page_title":"EMP 0-2 JUV | Empoli v Juventus 03/09/2023, Stats - Flashscore.com | Match","competition":"WORLD CUP","status":"FINISHED","date_time":"03.09.2023 22:45","home_team":"Empoli","away_team":"Juventus","sc
[2026-08-16T06:11:21Z] Stored first_half statistics: 14 rows.
[2026-08-16T06:11:21Z] Merged section: statistics_first_half
[2026-08-16T06:11:21Z] Opening 2nd half statistics...
[2026-08-16T06:11:21Z] Navigate: https://www.flashscore.com/match/football/empoli-0ESCnI1H/juventus-C06aJvIB/summary/stats/2nd-half/?mid=p6VB3vVJ
[2026-08-16T06:11:23Z] Page loaded. Waiting for statistics DOM...
[2026-08-16T06:11:24Z] Script [readiness] result prefix: {"body_text_length":3243,"ready":true,"row_count":19,"section":"statistics_second_half","title":"EMP 0-2 JUV | Empoli v Juventus 03/09/2023, Stats - Flashscore.com | Match"}
[2026-08-16T06:11:25Z] Reading rendered DOM...
[2026-08-16T06:11:25Z] Executing extraction script for phase 2; length: 5174.
[2026-08-16T06:11:25Z] Script [extract] result prefix: {"schema_version":"1.3","section":"statistics_second_half","statistic_period":"second_half","source_url":"https://www.flashscore.com/match/football/empoli-0ESCnI1H/juventus-C06aJvIB/summary/stats/2nd-half/?mid=p6VB3vVJ","match_id":"p6VB3vVJ","collected_at_utc":"2026-08-16T06:11:25.129Z","page_title":"EMP 0-2 JUV | Empoli v Juventus 03/09/2023, Stats - Flashscore.com | Match","competition":"WORLD CUP","status":"FINISHED","date_time":"03.09.2023 22:45","home_team":"Empoli","away_team":"Juventus","
[2026-08-16T06:11:25Z] Stored second_half statistics: 14 rows.
[2026-08-16T06:11:25Z] Merged section: statistics_second_half
[2026-08-16T06:11:25Z] Opening lineups...
[2026-08-16T06:11:25Z] Navigate: https://www.flashscore.com/match/football/empoli-0ESCnI1H/juventus-C06aJvIB/summary/lineups/?mid=p6VB3vVJ
[2026-08-16T06:11:28Z] Page loaded. Waiting for statistics DOM...
[2026-08-16T06:11:29Z] Script [readiness] result prefix: {"body_text_length":4171,"ready":true,"row_count":117,"section":"lineups","title":"EMP 0-2 JUV | Empoli v Juventus 03/09/2023, Lineups - Flashscore.com | Match"}
[2026-08-16T06:11:29Z] Reading rendered DOM...
[2026-08-16T06:11:29Z] Executing extraction script for phase 4; length: 20701.
[2026-08-16T06:11:30Z] Script [extract] result prefix: {"schema_version":"1.3","section":"lineups","statistic_period":null,"source_url":"https://www.flashscore.com/match/football/empoli-0ESCnI1H/juventus-C06aJvIB/summary/lineups/?mid=p6VB3vVJ","match_id":"p6VB3vVJ","collected_at_utc":"2026-08-16T06:11:30.021Z","page_title":"EMP 0-2 JUV | Empoli v Juventus 03/09/2023, Lineups - Flashscore.com | Match","competition":"WORLD CUP","status":"FINISHED","date_time":"03.09.2023 22:45","home_team":"Empoli","away_team":"Juventus","score":{"home":"0","away":"2"
[2026-08-16T06:11:30Z] Merged section: lineups
[2026-08-16T06:11:30Z] Italian Serie A 2023/2024: Player Stats are unavailable in the source profile.
[2026-08-16T06:11:30Z] Marked all Player Stats categories as not_available; collection continues.
[2026-08-16T06:11:30Z] Opening commentary...
[2026-08-16T06:11:30Z] Navigate: https://www.flashscore.com/match/football/empoli-0ESCnI1H/juventus-C06aJvIB/summary/live-commentary/?mid=p6VB3vVJ
[2026-08-16T06:11:32Z] Page loaded. Waiting for statistics DOM...
[2026-08-16T06:11:33Z] Script [readiness] result prefix: {"body_text_length":2637,"ready":false,"row_count":0,"section":"commentary","title":"EMP 0-2 JUV | Empoli v Juventus 03/09/2023 | Football - Flashscore | Match"}
[2026-08-16T06:11:33Z] DOM not ready; statistic rows: 0
[2026-08-16T06:11:35Z] Script [readiness] result prefix: {"body_text_length":13680,"ready":true,"row_count":246,"section":"commentary","title":"EMP 0-2 JUV | Empoli v Juventus 03/09/2023 | Football - Flashscore | Match"}
[2026-08-16T06:11:35Z] Reading rendered DOM...
[2026-08-16T06:11:35Z] Executing extraction script for phase 12; length: 11834.
[2026-08-16T06:11:35Z] Script [extract] result prefix: {"schema_version":"1.3","section":"commentary","statistic_period":null,"source_url":"https://www.flashscore.com/match/football/empoli-0ESCnI1H/juventus-C06aJvIB/summary/live-commentary/all-comments/?mid=p6VB3vVJ","match_id":"p6VB3vVJ","collected_at_utc":"2026-08-16T06:11:35.300Z","page_title":"EMP 0-2 JUV | Empoli v Juventus 03/09/2023 | Football - Flashscore | Match","competition":"WORLD CUP","status":"FINISHED","date_time":"03.09.2023 22:45","home_team":"Empoli","away_team":"Juventus","score":
[2026-08-16T06:11:35Z] Merged section: commentary
[2026-08-16T06:11:35Z] Saving complete match JSON...
[2026-08-16T06:11:35Z] Player Stats category unavailable; status=not_available: top_stats
[2026-08-16T06:11:35Z] Player Stats category unavailable; status=not_available: shots
[2026-08-16T06:11:35Z] Player Stats category unavailable; status=not_available: attack
[2026-08-16T06:11:35Z] Player Stats category unavailable; status=not_available: passes
[2026-08-16T06:11:35Z] Player Stats category unavailable; status=not_available: defense
[2026-08-16T06:11:35Z] Player Stats category unavailable; status=not_available: goalkeeping
[2026-08-16T06:11:35Z] Player Stats category unavailable; status=not_available: general
[2026-08-16T06:11:35Z] Structured goals, cards and VAR events enriched.
[2026-08-16T06:11:35Z] Saved match JSON with 14 statistics: G:\Mirza\VSCode\FlashscoreFootballCollector_\Data\Matches\SerieA\2023_2024\2023-09-03_Empoli_vs_Juventus_p6VB3vVJ.json
[2026-08-16T06:11:35Z] Finished: 2023-09-03_Empoli_vs_Juventus_p6VB3vVJ.json
[2026-08-16T06:11:35Z] Opening overall statistics...
[2026-08-16T06:11:35Z] Navigate: https://www.flashscore.com/match/football/juventus-C06aJvIB/lazio-URcSl02h/summary/stats/overall/?mid=4UKAiYyP
[2026-08-16T06:11:41Z] Page loaded. Waiting for statistics DOM...
[2026-08-16T06:11:42Z] Script [readiness] result prefix: {"body_text_length":3251,"ready":true,"row_count":19,"section":"statistics_overall","title":"JUV 3-1 LAZ | Juventus v Lazio 16/09/2023, Stats - Flashscore.com | Match"}
[2026-08-16T06:11:42Z] Reading rendered DOM...
[2026-08-16T06:11:42Z] Executing extraction script for phase 0; length: 5174.
[2026-08-16T06:11:42Z] Script [extract] result prefix: {"schema_version":"1.3","section":"statistics_overall","statistic_period":"overall","source_url":"https://www.flashscore.com/match/football/juventus-C06aJvIB/lazio-URcSl02h/summary/stats/overall/?mid=4UKAiYyP","match_id":"4UKAiYyP","collected_at_utc":"2026-08-16T06:11:42.712Z","page_title":"JUV 3-1 LAZ | Juventus v Lazio 16/09/2023, Stats - Flashscore.com | Match","competition":"WORLD CUP","status":"FINISHED","date_time":"16.09.2023 17:00","home_team":"Juventus","away_team":"Lazio","score":{"hom
[2026-08-16T06:11:42Z] Stored overall statistics: 14 rows.
[2026-08-16T06:11:42Z] Merged section: statistics_overall
[2026-08-16T06:11:42Z] Opening 1st half statistics...
[2026-08-16T06:11:42Z] Navigate: https://www.flashscore.com/match/football/juventus-C06aJvIB/lazio-URcSl02h/summary/stats/1st-half/?mid=4UKAiYyP
[2026-08-16T06:11:44Z] Page loaded. Waiting for statistics DOM...
[2026-08-16T06:11:46Z] Script [readiness] result prefix: {"body_text_length":3242,"ready":true,"row_count":19,"section":"statistics_first_half","title":"JUV 3-1 LAZ | Juventus v Lazio 16/09/2023, Stats - Flashscore.com | Match"}
[2026-08-16T06:11:46Z] Reading rendered DOM...
[2026-08-16T06:11:46Z] Executing extraction script for phase 1; length: 5174.
[2026-08-16T06:11:46Z] Script [extract] result prefix: {"schema_version":"1.3","section":"statistics_first_half","statistic_period":"first_half","source_url":"https://www.flashscore.com/match/football/juventus-C06aJvIB/lazio-URcSl02h/summary/stats/1st-half/?mid=4UKAiYyP","match_id":"4UKAiYyP","collected_at_utc":"2026-08-16T06:11:46.168Z","page_title":"JUV 3-1 LAZ | Juventus v Lazio 16/09/2023, Stats - Flashscore.com | Match","competition":"WORLD CUP","status":"FINISHED","date_time":"16.09.2023 17:00","home_team":"Juventus","away_team":"Lazio","score
[2026-08-16T06:11:46Z] Stored first_half statistics: 14 rows.
[2026-08-16T06:11:46Z] Merged section: statistics_first_half
[2026-08-16T06:11:46Z] Opening 2nd half statistics...
[2026-08-16T06:11:46Z] Navigate: https://www.flashscore.com/match/football/juventus-C06aJvIB/lazio-URcSl02h/summary/stats/2nd-half/?mid=4UKAiYyP
[2026-08-16T06:11:49Z] Page loaded. Waiting for statistics DOM...
[2026-08-16T06:11:50Z] Script [readiness] result prefix: {"body_text_length":2704,"ready":false,"row_count":0,"section":"statistics_second_half","title":"JUV 3-1 LAZ | Juventus v Lazio 16/09/2023, Stats - Flashscore.com | Match"}
[2026-08-16T06:11:50Z] DOM not ready; statistic rows: 0
[2026-08-16T06:11:52Z] Script [readiness] result prefix: {"body_text_length":3242,"ready":true,"row_count":19,"section":"statistics_second_half","title":"JUV 3-1 LAZ | Juventus v Lazio 16/09/2023, Stats - Flashscore.com | Match"}
[2026-08-16T06:11:52Z] Reading rendered DOM...
[2026-08-16T06:11:52Z] Executing extraction script for phase 2; length: 5174.
[2026-08-16T06:11:52Z] Script [extract] result prefix: {"schema_version":"1.3","section":"statistics_second_half","statistic_period":"second_half","source_url":"https://www.flashscore.com/match/football/juventus-C06aJvIB/lazio-URcSl02h/summary/stats/2nd-half/?mid=4UKAiYyP","match_id":"4UKAiYyP","collected_at_utc":"2026-08-16T06:11:52.223Z","page_title":"JUV 3-1 LAZ | Juventus v Lazio 16/09/2023, Stats - Flashscore.com | Match","competition":"WORLD CUP","status":"FINISHED","date_time":"16.09.2023 17:00","home_team":"Juventus","away_team":"Lazio","sco
[2026-08-16T06:11:52Z] Stored second_half statistics: 14 rows.
[2026-08-16T06:11:52Z] Merged section: statistics_second_half
[2026-08-16T06:11:52Z] Opening lineups...
[2026-08-16T06:11:52Z] Navigate: https://www.flashscore.com/match/football/juventus-C06aJvIB/lazio-URcSl02h/summary/lineups/?mid=4UKAiYyP
[2026-08-16T06:11:55Z] Page loaded. Waiting for statistics DOM...
[2026-08-16T06:11:56Z] Script [readiness] result prefix: {"body_text_length":4222,"ready":true,"row_count":116,"section":"lineups","title":"JUV 3-1 LAZ | Juventus v Lazio 16/09/2023, Lineups - Flashscore.com | Match"}
[2026-08-16T06:11:56Z] Reading rendered DOM...
[2026-08-16T06:11:56Z] Executing extraction script for phase 4; length: 20701.
[2026-08-16T06:11:56Z] Script [extract] result prefix: {"schema_version":"1.3","section":"lineups","statistic_period":null,"source_url":"https://www.flashscore.com/match/football/juventus-C06aJvIB/lazio-URcSl02h/summary/lineups/?mid=4UKAiYyP","match_id":"4UKAiYyP","collected_at_utc":"2026-08-16T06:11:56.930Z","page_title":"JUV 3-1 LAZ | Juventus v Lazio 16/09/2023, Lineups - Flashscore.com | Match","competition":"WORLD CUP","status":"FINISHED","date_time":"16.09.2023 17:00","home_team":"Juventus","away_team":"Lazio","score":{"home":"3","away":"1","d
[2026-08-16T06:11:56Z] Merged section: lineups
[2026-08-16T06:11:57Z] Italian Serie A 2023/2024: Player Stats are unavailable in the source profile.
[2026-08-16T06:11:57Z] Marked all Player Stats categories as not_available; collection continues.
[2026-08-16T06:11:57Z] Opening commentary...
[2026-08-16T06:11:57Z] Navigate: https://www.flashscore.com/match/football/juventus-C06aJvIB/lazio-URcSl02h/summary/live-commentary/?mid=4UKAiYyP
[2026-08-16T06:11:59Z] Page loaded. Waiting for statistics DOM...
[2026-08-16T06:12:00Z] Script [readiness] result prefix: {"body_text_length":12192,"ready":true,"row_count":241,"section":"commentary","title":"JUV 3-1 LAZ | Juventus v Lazio 16/09/2023 | Football - Flashscore | Match"}
[2026-08-16T06:12:00Z] Reading rendered DOM...
[2026-08-16T06:12:00Z] Executing extraction script for phase 12; length: 11834.
[2026-08-16T06:12:00Z] Script [extract] result prefix: {"schema_version":"1.3","section":"commentary","statistic_period":null,"source_url":"https://www.flashscore.com/match/football/juventus-C06aJvIB/lazio-URcSl02h/summary/live-commentary/all-comments/?mid=4UKAiYyP","match_id":"4UKAiYyP","collected_at_utc":"2026-08-16T06:12:00.700Z","page_title":"JUV 3-1 LAZ | Juventus v Lazio 16/09/2023 | Football - Flashscore | Match","competition":"WORLD CUP","status":"FINISHED","date_time":"16.09.2023 17:00","home_team":"Juventus","away_team":"Lazio","score":{"h
[2026-08-16T06:12:00Z] Merged section: commentary
[2026-08-16T06:12:00Z] Saving complete match JSON...
[2026-08-16T06:12:00Z] Player Stats category unavailable; status=not_available: top_stats
[2026-08-16T06:12:00Z] Player Stats category unavailable; status=not_available: shots
[2026-08-16T06:12:00Z] Player Stats category unavailable; status=not_available: attack
[2026-08-16T06:12:00Z] Player Stats category unavailable; status=not_available: passes
[2026-08-16T06:12:00Z] Player Stats category unavailable; status=not_available: defense
[2026-08-16T06:12:01Z] Player Stats category unavailable; status=not_available: goalkeeping
[2026-08-16T06:12:01Z] Player Stats category unavailable; status=not_available: general
[2026-08-16T06:12:01Z] Structured goals, cards and VAR events enriched.
[2026-08-16T06:12:01Z] Saved match JSON with 14 statistics: G:\Mirza\VSCode\FlashscoreFootballCollector_\Data\Matches\SerieA\2023_2024\2023-09-16_Juventus_vs_Lazio_4UKAiYyP.json
[2026-08-16T06:12:01Z] Finished: 2023-09-16_Juventus_vs_Lazio_4UKAiYyP.json
[2026-08-16T06:12:01Z] Opening overall statistics...
[2026-08-16T06:12:01Z] Navigate: https://www.flashscore.com/match/football/ac-milan-8Sa8HInO/inter-Iw7eKK25/summary/stats/overall/?mid=QwM6hEMI
[2026-08-16T06:12:03Z] Page loaded. Waiting for statistics DOM...
[2026-08-16T06:12:05Z] Script [readiness] result prefix: {"body_text_length":3180,"ready":true,"row_count":17,"section":"statistics_overall","title":"INT 5-1 ACM | Inter v AC Milan 16/09/2023, Stats - Flashscore.com | Match"}
[2026-08-16T06:12:05Z] Reading rendered DOM...
[2026-08-16T06:12:05Z] Executing extraction script for phase 0; length: 5174.
[2026-08-16T06:12:05Z] Script [extract] result prefix: {"schema_version":"1.3","section":"statistics_overall","statistic_period":"overall","source_url":"https://www.flashscore.com/match/football/ac-milan-8Sa8HInO/inter-Iw7eKK25/summary/stats/overall/?mid=QwM6hEMI","match_id":"QwM6hEMI","collected_at_utc":"2026-08-16T06:12:05.494Z","page_title":"INT 5-1 ACM | Inter v AC Milan 16/09/2023, Stats - Flashscore.com | Match","competition":"WORLD CUP","status":"FINISHED","date_time":"16.09.2023 20:00","home_team":"Inter","away_team":"AC Milan","score":{"hom
[2026-08-16T06:12:05Z] Stored overall statistics: 13 rows.
[2026-08-16T06:12:05Z] Merged section: statistics_overall
[2026-08-16T06:12:05Z] Opening 1st half statistics...
[2026-08-16T06:12:05Z] Navigate: https://www.flashscore.com/match/football/ac-milan-8Sa8HInO/inter-Iw7eKK25/summary/stats/1st-half/?mid=QwM6hEMI
[2026-08-16T06:12:07Z] Page loaded. Waiting for statistics DOM...
[2026-08-16T06:12:08Z] Script [readiness] result prefix: {"body_text_length":3172,"ready":true,"row_count":17,"section":"statistics_first_half","title":"INT 5-1 ACM | Inter v AC Milan 16/09/2023, Stats - Flashscore.com | Match"}
[2026-08-16T06:12:09Z] Reading rendered DOM...
[2026-08-16T06:12:09Z] Executing extraction script for phase 1; length: 5174.
[2026-08-16T06:12:09Z] Script [extract] result prefix: {"schema_version":"1.3","section":"statistics_first_half","statistic_period":"first_half","source_url":"https://www.flashscore.com/match/football/ac-milan-8Sa8HInO/inter-Iw7eKK25/summary/stats/1st-half/?mid=QwM6hEMI","match_id":"QwM6hEMI","collected_at_utc":"2026-08-16T06:12:09.047Z","page_title":"INT 5-1 ACM | Inter v AC Milan 16/09/2023, Stats - Flashscore.com | Match","competition":"WORLD CUP","status":"FINISHED","date_time":"16.09.2023 20:00","home_team":"Inter","away_team":"AC Milan","score
[2026-08-16T06:12:09Z] Stored first_half statistics: 13 rows.
[2026-08-16T06:12:09Z] Merged section: statistics_first_half
[2026-08-16T06:12:09Z] Opening 2nd half statistics...
[2026-08-16T06:12:09Z] Navigate: https://www.flashscore.com/match/football/ac-milan-8Sa8HInO/inter-Iw7eKK25/summary/stats/2nd-half/?mid=QwM6hEMI
[2026-08-16T06:12:11Z] Page loaded. Waiting for statistics DOM...
[2026-08-16T06:12:12Z] Script [readiness] result prefix: {"body_text_length":3174,"ready":true,"row_count":17,"section":"statistics_second_half","title":"INT 5-1 ACM | Inter v AC Milan 16/09/2023, Stats - Flashscore.com | Match"}
[2026-08-16T06:12:12Z] Reading rendered DOM...
[2026-08-16T06:12:12Z] Executing extraction script for phase 2; length: 5174.
[2026-08-16T06:12:12Z] Script [extract] result prefix: {"schema_version":"1.3","section":"statistics_second_half","statistic_period":"second_half","source_url":"https://www.flashscore.com/match/football/ac-milan-8Sa8HInO/inter-Iw7eKK25/summary/stats/2nd-half/?mid=QwM6hEMI","match_id":"QwM6hEMI","collected_at_utc":"2026-08-16T06:12:12.757Z","page_title":"INT 5-1 ACM | Inter v AC Milan 16/09/2023, Stats - Flashscore.com | Match","competition":"WORLD CUP","status":"FINISHED","date_time":"16.09.2023 20:00","home_team":"Inter","away_team":"AC Milan","sco
[2026-08-16T06:12:12Z] Stored second_half statistics: 13 rows.
[2026-08-16T06:12:12Z] Merged section: statistics_second_half
[2026-08-16T06:12:12Z] Opening lineups...
[2026-08-16T06:12:12Z] Navigate: https://www.flashscore.com/match/football/ac-milan-8Sa8HInO/inter-Iw7eKK25/summary/lineups/?mid=QwM6hEMI
[2026-08-16T06:12:15Z] Page loaded. Waiting for statistics DOM...
[2026-08-16T06:12:16Z] Script [readiness] result prefix: {"body_text_length":4329,"ready":true,"row_count":120,"section":"lineups","title":"INT 5-1 ACM | Inter v AC Milan 16/09/2023, Lineups - Flashscore.com | Match"}
[2026-08-16T06:12:16Z] Reading rendered DOM...
[2026-08-16T06:12:16Z] Executing extraction script for phase 4; length: 20701.
[2026-08-16T06:12:17Z] Script [extract] result prefix: {"schema_version":"1.3","section":"lineups","statistic_period":null,"source_url":"https://www.flashscore.com/match/football/ac-milan-8Sa8HInO/inter-Iw7eKK25/summary/lineups/?mid=QwM6hEMI","match_id":"QwM6hEMI","collected_at_utc":"2026-08-16T06:12:17.061Z","page_title":"INT 5-1 ACM | Inter v AC Milan 16/09/2023, Lineups - Flashscore.com | Match","competition":"WORLD CUP","status":"FINISHED","date_time":"16.09.2023 20:00","home_team":"Inter","away_team":"AC Milan","score":{"home":"5","away":"1","d
[2026-08-16T06:12:17Z] Merged section: lineups
[2026-08-16T06:12:17Z] Italian Serie A 2023/2024: Player Stats are unavailable in the source profile.
[2026-08-16T06:12:18Z] Marked all Player Stats categories as not_available; collection continues.
[2026-08-16T06:12:18Z] Opening commentary...
[2026-08-16T06:12:19Z] Navigate: https://www.flashscore.com/match/football/ac-milan-8Sa8HInO/inter-Iw7eKK25/summary/live-commentary/?mid=QwM6hEMI
[2026-08-16T06:12:21Z] Page loaded. Waiting for statistics DOM...
[2026-08-16T06:12:22Z] Script [readiness] result prefix: {"body_text_length":10772,"ready":true,"row_count":205,"section":"commentary","title":"INT 5-1 ACM | Inter v AC Milan 16/09/2023 | Football - Flashscore | Match"}
[2026-08-16T06:12:22Z] Reading rendered DOM...
[2026-08-16T06:12:22Z] Executing extraction script for phase 12; length: 11834.
[2026-08-16T06:12:22Z] Script [extract] result prefix: {"schema_version":"1.3","section":"commentary","statistic_period":null,"source_url":"https://www.flashscore.com/match/football/ac-milan-8Sa8HInO/inter-Iw7eKK25/summary/live-commentary/all-comments/?mid=QwM6hEMI","match_id":"QwM6hEMI","collected_at_utc":"2026-08-16T06:12:22.874Z","page_title":"INT 5-1 ACM | Inter v AC Milan 16/09/2023 | Football - Flashscore | Match","competition":"WORLD CUP","status":"FINISHED","date_time":"16.09.2023 20:00","home_team":"Inter","away_team":"AC Milan","score":{"h
[2026-08-16T06:12:22Z] Merged section: commentary
[2026-08-16T06:12:23Z] Saving complete match JSON...
[2026-08-16T06:12:23Z] Player Stats category unavailable; status=not_available: top_stats
[2026-08-16T06:12:23Z] Player Stats category unavailable; status=not_available: shots
[2026-08-16T06:12:23Z] Player Stats category unavailable; status=not_available: attack
[2026-08-16T06:12:23Z] Player Stats category unavailable; status=not_available: passes
[2026-08-16T06:12:23Z] Player Stats category unavailable; status=not_available: defense
[2026-08-16T06:12:23Z] Player Stats category unavailable; status=not_available: goalkeeping
[2026-08-16T06:12:23Z] Player Stats category unavailable; status=not_available: general
[2026-08-16T06:12:23Z] Structured goals, cards and VAR events enriched.
[2026-08-16T06:12:24Z] Saved match JSON with 13 statistics: G:\Mirza\VSCode\FlashscoreFootballCollector_\Data\Matches\SerieA\2023_2024\2023-09-16_Inter_vs_AC_Milan_QwM6hEMI.json
[2026-08-16T06:12:24Z] Finished: 2023-09-16_Inter_vs_AC_Milan_QwM6hEMI.json
[2026-08-16T06:12:24Z] Opening overall statistics...
[2026-08-16T06:12:24Z] Navigate: https://www.flashscore.com/match/football/genoa-d0PJxeie/napoli-69Dxbc61/summary/stats/overall/?mid=bitp6XjI
[2026-08-16T06:12:26Z] Page loaded. Waiting for statistics DOM...
[2026-08-16T06:12:27Z] Script [readiness] result prefix: {"body_text_length":3234,"ready":true,"row_count":19,"section":"statistics_overall","title":"GEN 2-2 NAP | Genoa v Napoli 16/09/2023, Stats - Flashscore.com | Match"}
[2026-08-16T06:12:27Z] Reading rendered DOM...
[2026-08-16T06:12:27Z] Executing extraction script for phase 0; length: 5174.
[2026-08-16T06:12:27Z] Script [extract] result prefix: {"schema_version":"1.3","section":"statistics_overall","statistic_period":"overall","source_url":"https://www.flashscore.com/match/football/genoa-d0PJxeie/napoli-69Dxbc61/summary/stats/overall/?mid=bitp6XjI","match_id":"bitp6XjI","collected_at_utc":"2026-08-16T06:12:27.825Z","page_title":"GEN 2-2 NAP | Genoa v Napoli 16/09/2023, Stats - Flashscore.com | Match","competition":"WORLD CUP","status":"FINISHED","date_time":"16.09.2023 22:45","home_team":"Genoa","away_team":"Napoli","score":{"home":"2"
[2026-08-16T06:12:27Z] Stored overall statistics: 14 rows.
[2026-08-16T06:12:27Z] Merged section: statistics_overall
[2026-08-16T06:12:27Z] Opening 1st half statistics...
[2026-08-16T06:12:27Z] Navigate: https://www.flashscore.com/match/football/genoa-d0PJxeie/napoli-69Dxbc61/summary/stats/1st-half/?mid=bitp6XjI
[2026-08-16T06:12:31Z] Page loaded. Waiting for statistics DOM...
[2026-08-16T06:12:32Z] Script [readiness] result prefix: {"body_text_length":3228,"ready":true,"row_count":19,"section":"statistics_first_half","title":"GEN 2-2 NAP | Genoa v Napoli 16/09/2023, Stats - Flashscore.com | Match"}
[2026-08-16T06:12:32Z] Reading rendered DOM...
[2026-08-16T06:12:32Z] Executing extraction script for phase 1; length: 5174.
[2026-08-16T06:12:32Z] Script [extract] result prefix: {"schema_version":"1.3","section":"statistics_first_half","statistic_period":"first_half","source_url":"https://www.flashscore.com/match/football/genoa-d0PJxeie/napoli-69Dxbc61/summary/stats/1st-half/?mid=bitp6XjI","match_id":"bitp6XjI","collected_at_utc":"2026-08-16T06:12:32.666Z","page_title":"GEN 2-2 NAP | Genoa v Napoli 16/09/2023, Stats - Flashscore.com | Match","competition":"WORLD CUP","status":"FINISHED","date_time":"16.09.2023 22:45","home_team":"Genoa","away_team":"Napoli","score":{"ho
[2026-08-16T06:12:32Z] Stored first_half statistics: 14 rows.
[2026-08-16T06:12:32Z] Merged section: statistics_first_half
[2026-08-16T06:12:32Z] Opening 2nd half statistics...
[2026-08-16T06:12:33Z] Navigate: https://www.flashscore.com/match/football/genoa-d0PJxeie/napoli-69Dxbc61/summary/stats/2nd-half/?mid=bitp6XjI
[2026-08-16T06:12:35Z] Page loaded. Waiting for statistics DOM...
[2026-08-16T06:12:37Z] Script [readiness] result prefix: {"body_text_length":3205,"ready":true,"row_count":19,"section":"statistics_second_half","title":"GEN 2-2 NAP | Genoa v Napoli 16/09/2023, Stats - Flashscore.com | Match"}
[2026-08-16T06:12:37Z] Reading rendered DOM...
[2026-08-16T06:12:37Z] Executing extraction script for phase 2; length: 5174.
[2026-08-16T06:12:37Z] Script [extract] result prefix: {"schema_version":"1.3","section":"statistics_second_half","statistic_period":"second_half","source_url":"https://www.flashscore.com/match/football/genoa-d0PJxeie/napoli-69Dxbc61/summary/stats/2nd-half/?mid=bitp6XjI","match_id":"bitp6XjI","collected_at_utc":"2026-08-16T06:12:37.223Z","page_title":"GEN 2-2 NAP | Genoa v Napoli 16/09/2023, Stats - Flashscore.com | Match","competition":"WORLD CUP","status":"FINISHED","date_time":"16.09.2023 22:45","home_team":"Genoa","away_team":"Napoli","score":{"
[2026-08-16T06:12:37Z] Stored second_half statistics: 14 rows.
[2026-08-16T06:12:37Z] Merged section: statistics_second_half
[2026-08-16T06:12:37Z] Opening lineups...
[2026-08-16T06:12:37Z] Navigate: https://www.flashscore.com/match/football/genoa-d0PJxeie/napoli-69Dxbc61/summary/lineups/?mid=bitp6XjI
[2026-08-16T06:12:40Z] Page loaded. Waiting for statistics DOM...
[2026-08-16T06:12:42Z] Script [readiness] result prefix: {"body_text_length":4206,"ready":true,"row_count":114,"section":"lineups","title":"GEN 2-2 NAP | Genoa v Napoli 16/09/2023, Lineups - Flashscore.com | Match"}
[2026-08-16T06:12:42Z] Reading rendered DOM...
[2026-08-16T06:12:42Z] Executing extraction script for phase 4; length: 20701.
[2026-08-16T06:12:42Z] Script [extract] result prefix: {"schema_version":"1.3","section":"lineups","statistic_period":null,"source_url":"https://www.flashscore.com/match/football/genoa-d0PJxeie/napoli-69Dxbc61/summary/lineups/?mid=bitp6XjI","match_id":"bitp6XjI","collected_at_utc":"2026-08-16T06:12:42.124Z","page_title":"GEN 2-2 NAP | Genoa v Napoli 16/09/2023, Lineups - Flashscore.com | Match","competition":"WORLD CUP","status":"FINISHED","date_time":"16.09.2023 22:45","home_team":"Genoa","away_team":"Napoli","score":{"home":"2","away":"2","display
[2026-08-16T06:12:42Z] Merged section: lineups
[2026-08-16T06:12:42Z] Italian Serie A 2023/2024: Player Stats are unavailable in the source profile.
[2026-08-16T06:12:42Z] Marked all Player Stats categories as not_available; collection continues.
[2026-08-16T06:12:42Z] Opening commentary...
[2026-08-16T06:12:42Z] Navigate: https://www.flashscore.com/match/football/genoa-d0PJxeie/napoli-69Dxbc61/summary/live-commentary/?mid=bitp6XjI
[2026-08-16T06:12:44Z] Page loaded. Waiting for statistics DOM...
[2026-08-16T06:12:46Z] Script [readiness] result prefix: {"body_text_length":9374,"ready":true,"row_count":189,"section":"commentary","title":"GEN 2-2 NAP | Genoa v Napoli 16/09/2023 | Football - Flashscore | Match"}
[2026-08-16T06:12:46Z] Reading rendered DOM...
[2026-08-16T06:12:46Z] Executing extraction script for phase 12; length: 11834.
[2026-08-16T06:12:46Z] Script [extract] result prefix: {"schema_version":"1.3","section":"commentary","statistic_period":null,"source_url":"https://www.flashscore.com/match/football/genoa-d0PJxeie/napoli-69Dxbc61/summary/live-commentary/all-comments/?mid=bitp6XjI","match_id":"bitp6XjI","collected_at_utc":"2026-08-16T06:12:46.201Z","page_title":"GEN 2-2 NAP | Genoa v Napoli 16/09/2023 | Football - Flashscore | Match","competition":"WORLD CUP","status":"FINISHED","date_time":"16.09.2023 22:45","home_team":"Genoa","away_team":"Napoli","score":{"home":"
[2026-08-16T06:12:46Z] Merged section: commentary
[2026-08-16T06:12:46Z] Saving complete match JSON...
[2026-08-16T06:12:46Z] Player Stats category unavailable; status=not_available: top_stats
[2026-08-16T06:12:46Z] Player Stats category unavailable; status=not_available: shots
[2026-08-16T06:12:46Z] Player Stats category unavailable; status=not_available: attack
[2026-08-16T06:12:46Z] Player Stats category unavailable; status=not_available: passes
[2026-08-16T06:12:46Z] Player Stats category unavailable; status=not_available: defense
[2026-08-16T06:12:47Z] Player Stats category unavailable; status=not_available: goalkeeping
[2026-08-16T06:12:47Z] Player Stats category unavailable; status=not_available: general
[2026-08-16T06:12:47Z] Structured goals, cards and VAR events enriched.
[2026-08-16T06:12:47Z] Saved match JSON with 14 statistics: G:\Mirza\VSCode\FlashscoreFootballCollector_\Data\Matches\SerieA\2023_2024\2023-09-16_Genoa_vs_Napoli_bitp6XjI.json
[2026-08-16T06:12:47Z] Finished: 2023-09-16_Genoa_vs_Napoli_bitp6XjI.json
[2026-08-16T06:12:47Z] Opening overall statistics...
[2026-08-16T06:12:47Z] Navigate: https://www.flashscore.com/match/football/cagliari-SCGVmKHb/udinese-rXw8YKDE/summary/stats/overall/?mid=OYmX8Z6a
[2026-08-16T06:12:49Z] Page loaded. Waiting for statistics DOM...
[2026-08-16T06:12:51Z] Script [readiness] result prefix: {"body_text_length":3271,"ready":true,"row_count":20,"section":"statistics_overall","title":"CAG 0-0 UDI | Cagliari v Udinese 17/09/2023, Stats - Flashscore.com | Match"}
[2026-08-16T06:12:51Z] Reading rendered DOM...
[2026-08-16T06:12:51Z] Executing extraction script for phase 0; length: 5174.
[2026-08-16T06:12:51Z] Script [extract] result prefix: {"schema_version":"1.3","section":"statistics_overall","statistic_period":"overall","source_url":"https://www.flashscore.com/match/football/cagliari-SCGVmKHb/udinese-rXw8YKDE/summary/stats/overall/?mid=OYmX8Z6a","match_id":"OYmX8Z6a","collected_at_utc":"2026-08-16T06:12:51.095Z","page_title":"CAG 0-0 UDI | Cagliari v Udinese 17/09/2023, Stats - Flashscore.com | Match","competition":"WORLD CUP","status":"FINISHED","date_time":"17.09.2023 14:30","home_team":"Cagliari","away_team":"Udinese","score"
[2026-08-16T06:12:51Z] Stored overall statistics: 15 rows.
[2026-08-16T06:12:51Z] Merged section: statistics_overall
[2026-08-16T06:12:51Z] Opening 1st half statistics...
[2026-08-16T06:12:51Z] Navigate: https://www.flashscore.com/match/football/cagliari-SCGVmKHb/udinese-rXw8YKDE/summary/stats/1st-half/?mid=OYmX8Z6a
[2026-08-16T06:12:53Z] Page loaded. Waiting for statistics DOM...
[2026-08-16T06:12:55Z] Script [readiness] result prefix: {"body_text_length":3231,"ready":true,"row_count":18,"section":"statistics_first_half","title":"CAG 0-0 UDI | Cagliari v Udinese 17/09/2023, Stats - Flashscore.com | Match"}
[2026-08-16T06:12:55Z] Reading rendered DOM...
[2026-08-16T06:12:55Z] Executing extraction script for phase 1; length: 5174.
[2026-08-16T06:12:55Z] Script [extract] result prefix: {"schema_version":"1.3","section":"statistics_first_half","statistic_period":"first_half","source_url":"https://www.flashscore.com/match/football/cagliari-SCGVmKHb/udinese-rXw8YKDE/summary/stats/1st-half/?mid=OYmX8Z6a","match_id":"OYmX8Z6a","collected_at_utc":"2026-08-16T06:12:55.433Z","page_title":"CAG 0-0 UDI | Cagliari v Udinese 17/09/2023, Stats - Flashscore.com | Match","competition":"WORLD CUP","status":"FINISHED","date_time":"17.09.2023 14:30","home_team":"Cagliari","away_team":"Udinese",
[2026-08-16T06:12:55Z] Stored first_half statistics: 13 rows.
[2026-08-16T06:12:55Z] Merged section: statistics_first_half
[2026-08-16T06:12:55Z] Opening 2nd half statistics...
[2026-08-16T06:12:55Z] Navigate: https://www.flashscore.com/match/football/cagliari-SCGVmKHb/udinese-rXw8YKDE/summary/stats/2nd-half/?mid=OYmX8Z6a
[2026-08-16T06:12:57Z] Page loaded. Waiting for statistics DOM...
[2026-08-16T06:12:58Z] Script [readiness] result prefix: {"body_text_length":3262,"ready":true,"row_count":20,"section":"statistics_second_half","title":"CAG 0-0 UDI | Cagliari v Udinese 17/09/2023, Stats - Flashscore.com | Match"}
[2026-08-16T06:12:58Z] Reading rendered DOM...
[2026-08-16T06:12:58Z] Executing extraction script for phase 2; length: 5174.
[2026-08-16T06:12:58Z] Script [extract] result prefix: {"schema_version":"1.3","section":"statistics_second_half","statistic_period":"second_half","source_url":"https://www.flashscore.com/match/football/cagliari-SCGVmKHb/udinese-rXw8YKDE/summary/stats/2nd-half/?mid=OYmX8Z6a","match_id":"OYmX8Z6a","collected_at_utc":"2026-08-16T06:12:58.890Z","page_title":"CAG 0-0 UDI | Cagliari v Udinese 17/09/2023, Stats - Flashscore.com | Match","competition":"WORLD CUP","status":"FINISHED","date_time":"17.09.2023 14:30","home_team":"Cagliari","away_team":"Udinese
[2026-08-16T06:12:59Z] Stored second_half statistics: 15 rows.
[2026-08-16T06:12:59Z] Merged section: statistics_second_half
[2026-08-16T06:12:59Z] Opening lineups...
[2026-08-16T06:13:00Z] Navigate: https://www.flashscore.com/match/football/cagliari-SCGVmKHb/udinese-rXw8YKDE/summary/lineups/?mid=OYmX8Z6a
[2026-08-16T06:13:02Z] Page loaded. Waiting for statistics DOM...
[2026-08-16T06:13:03Z] Script [readiness] result prefix: {"body_text_length":4449,"ready":true,"row_count":128,"section":"lineups","title":"CAG 0-0 UDI | Cagliari v Udinese 17/09/2023, Lineups - Flashscore.com | Match"}
[2026-08-16T06:13:03Z] Reading rendered DOM...
[2026-08-16T06:13:04Z] Executing extraction script for phase 4; length: 20701.
[2026-08-16T06:13:04Z] Script [extract] result prefix: {"schema_version":"1.3","section":"lineups","statistic_period":null,"source_url":"https://www.flashscore.com/match/football/cagliari-SCGVmKHb/udinese-rXw8YKDE/summary/lineups/?mid=OYmX8Z6a","match_id":"OYmX8Z6a","collected_at_utc":"2026-08-16T06:13:04.267Z","page_title":"CAG 0-0 UDI | Cagliari v Udinese 17/09/2023, Lineups - Flashscore.com | Match","competition":"WORLD CUP","status":"FINISHED","date_time":"17.09.2023 14:30","home_team":"Cagliari","away_team":"Udinese","score":{"home":"0","away":
[2026-08-16T06:13:04Z] Merged section: lineups
[2026-08-16T06:13:04Z] Italian Serie A 2023/2024: Player Stats are unavailable in the source profile.
[2026-08-16T06:13:04Z] Marked all Player Stats categories as not_available; collection continues.
[2026-08-16T06:13:04Z] Opening commentary...
[2026-08-16T06:13:04Z] Navigate: https://www.flashscore.com/match/football/cagliari-SCGVmKHb/udinese-rXw8YKDE/summary/live-commentary/?mid=OYmX8Z6a
[2026-08-16T06:13:06Z] Page loaded. Waiting for statistics DOM...
[2026-08-16T06:13:08Z] Script [readiness] result prefix: {"body_text_length":14315,"ready":true,"row_count":265,"section":"commentary","title":"CAG 0-0 UDI | Cagliari v Udinese 17/09/2023 | Football - Flashscore | Match"}
[2026-08-16T06:13:08Z] Reading rendered DOM...
[2026-08-16T06:13:08Z] Executing extraction script for phase 12; length: 11834.
[2026-08-16T06:13:08Z] Script [extract] result prefix: {"schema_version":"1.3","section":"commentary","statistic_period":null,"source_url":"https://www.flashscore.com/match/football/cagliari-SCGVmKHb/udinese-rXw8YKDE/summary/live-commentary/all-comments/?mid=OYmX8Z6a","match_id":"OYmX8Z6a","collected_at_utc":"2026-08-16T06:13:08.150Z","page_title":"CAG 0-0 UDI | Cagliari v Udinese 17/09/2023 | Football - Flashscore | Match","competition":"WORLD CUP","status":"FINISHED","date_time":"17.09.2023 14:30","home_team":"Cagliari","away_team":"Udinese","scor
[2026-08-16T06:13:08Z] Merged section: commentary
[2026-08-16T06:13:08Z] Saving complete match JSON...
[2026-08-16T06:13:08Z] Player Stats category unavailable; status=not_available: top_stats
[2026-08-16T06:13:08Z] Player Stats category unavailable; status=not_available: shots
[2026-08-16T06:13:08Z] Player Stats category unavailable; status=not_available: attack
[2026-08-16T06:13:08Z] Player Stats category unavailable; status=not_available: passes
[2026-08-16T06:13:08Z] Player Stats category unavailable; status=not_available: defense
[2026-08-16T06:13:08Z] Player Stats category unavailable; status=not_available: goalkeeping
[2026-08-16T06:13:08Z] Player Stats category unavailable; status=not_available: general
[2026-08-16T06:13:08Z] Structured goals, cards and VAR events enriched.
[2026-08-16T06:13:08Z] Saved match JSON with 15 statistics: G:\Mirza\VSCode\FlashscoreFootballCollector_\Data\Matches\SerieA\2023_2024\2023-09-17_Cagliari_vs_Udinese_OYmX8Z6a.json
[2026-08-16T06:13:08Z] Finished: 2023-09-17_Cagliari_vs_Udinese_OYmX8Z6a.json
[2026-08-16T06:13:08Z] Opening overall statistics...
[2026-08-16T06:13:08Z] Navigate: https://www.flashscore.com/match/football/lecce-G8lYsMgU/monza-4YSMlwj7/summary/stats/overall/?mid=Wz9hGHEP
[2026-08-16T06:13:11Z] Page loaded. Waiting for statistics DOM...
[2026-08-16T06:13:13Z] Script [readiness] result prefix: {"body_text_length":3245,"ready":true,"row_count":20,"section":"statistics_overall","title":"MON 1-1 LEC | Monza v Lecce 17/09/2023, Stats - Flashscore.com | Match"}
[2026-08-16T06:13:13Z] Reading rendered DOM...
[2026-08-16T06:13:13Z] Executing extraction script for phase 0; length: 5174.
[2026-08-16T06:13:13Z] Script [extract] result prefix: {"schema_version":"1.3","section":"statistics_overall","statistic_period":"overall","source_url":"https://www.flashscore.com/match/football/lecce-G8lYsMgU/monza-4YSMlwj7/summary/stats/overall/?mid=Wz9hGHEP","match_id":"Wz9hGHEP","collected_at_utc":"2026-08-16T06:13:13.594Z","page_title":"MON 1-1 LEC | Monza v Lecce 17/09/2023, Stats - Flashscore.com | Match","competition":"WORLD CUP","status":"FINISHED","date_time":"17.09.2023 17:00","home_team":"Monza","away_team":"Lecce","score":{"home":"1","a
[2026-08-16T06:13:13Z] Stored overall statistics: 15 rows.
[2026-08-16T06:13:13Z] Merged section: statistics_overall
[2026-08-16T06:13:13Z] Opening 1st half statistics...
[2026-08-16T06:13:13Z] Navigate: https://www.flashscore.com/match/football/lecce-G8lYsMgU/monza-4YSMlwj7/summary/stats/1st-half/?mid=Wz9hGHEP
[2026-08-16T06:13:15Z] Page loaded. Waiting for statistics DOM...
[2026-08-16T06:13:16Z] Script [readiness] result prefix: {"body_text_length":3225,"ready":true,"row_count":19,"section":"statistics_first_half","title":"MON 1-1 LEC | Monza v Lecce 17/09/2023, Stats - Flashscore.com | Match"}
[2026-08-16T06:13:16Z] Reading rendered DOM...
[2026-08-16T06:13:16Z] Executing extraction script for phase 1; length: 5174.
[2026-08-16T06:13:16Z] Script [extract] result prefix: {"schema_version":"1.3","section":"statistics_first_half","statistic_period":"first_half","source_url":"https://www.flashscore.com/match/football/lecce-G8lYsMgU/monza-4YSMlwj7/summary/stats/1st-half/?mid=Wz9hGHEP","match_id":"Wz9hGHEP","collected_at_utc":"2026-08-16T06:13:16.975Z","page_title":"MON 1-1 LEC | Monza v Lecce 17/09/2023, Stats - Flashscore.com | Match","competition":"WORLD CUP","status":"FINISHED","date_time":"17.09.2023 17:00","home_team":"Monza","away_team":"Lecce","score":{"home"
[2026-08-16T06:13:16Z] Stored first_half statistics: 14 rows.
[2026-08-16T06:13:17Z] Merged section: statistics_first_half
[2026-08-16T06:13:17Z] Opening 2nd half statistics...
[2026-08-16T06:13:17Z] Navigate: https://www.flashscore.com/match/football/lecce-G8lYsMgU/monza-4YSMlwj7/summary/stats/2nd-half/?mid=Wz9hGHEP
[2026-08-16T06:13:19Z] Page loaded. Waiting for statistics DOM...
[2026-08-16T06:13:21Z] Script [readiness] result prefix: {"body_text_length":3216,"ready":true,"row_count":20,"section":"statistics_second_half","title":"MON 1-1 LEC | Monza v Lecce 17/09/2023, Stats - Flashscore.com | Match"}
[2026-08-16T06:13:21Z] Reading rendered DOM...
[2026-08-16T06:13:21Z] Executing extraction script for phase 2; length: 5174.
[2026-08-16T06:13:21Z] Script [extract] result prefix: {"schema_version":"1.3","section":"statistics_second_half","statistic_period":"second_half","source_url":"https://www.flashscore.com/match/football/lecce-G8lYsMgU/monza-4YSMlwj7/summary/stats/2nd-half/?mid=Wz9hGHEP","match_id":"Wz9hGHEP","collected_at_utc":"2026-08-16T06:13:21.677Z","page_title":"MON 1-1 LEC | Monza v Lecce 17/09/2023, Stats - Flashscore.com | Match","competition":"WORLD CUP","status":"FINISHED","date_time":"17.09.2023 17:00","home_team":"Monza","away_team":"Lecce","score":{"hom
[2026-08-16T06:13:21Z] Stored second_half statistics: 15 rows.
[2026-08-16T06:13:21Z] Merged section: statistics_second_half
[2026-08-16T06:13:22Z] Opening lineups...
[2026-08-16T06:13:22Z] Navigate: https://www.flashscore.com/match/football/lecce-G8lYsMgU/monza-4YSMlwj7/summary/lineups/?mid=Wz9hGHEP
[2026-08-16T06:13:24Z] Page loaded. Waiting for statistics DOM...
[2026-08-16T06:13:26Z] Script [readiness] result prefix: {"body_text_length":4270,"ready":true,"row_count":121,"section":"lineups","title":"MON 1-1 LEC | Monza v Lecce 17/09/2023, Lineups - Flashscore.com | Match"}
[2026-08-16T06:13:26Z] Reading rendered DOM...
[2026-08-16T06:13:26Z] Executing extraction script for phase 4; length: 20701.
[2026-08-16T06:13:26Z] Script [extract] result prefix: {"schema_version":"1.3","section":"lineups","statistic_period":null,"source_url":"https://www.flashscore.com/match/football/lecce-G8lYsMgU/monza-4YSMlwj7/summary/lineups/?mid=Wz9hGHEP","match_id":"Wz9hGHEP","collected_at_utc":"2026-08-16T06:13:26.329Z","page_title":"MON 1-1 LEC | Monza v Lecce 17/09/2023, Lineups - Flashscore.com | Match","competition":"WORLD CUP","status":"FINISHED","date_time":"17.09.2023 17:00","home_team":"Monza","away_team":"Lecce","score":{"home":"1","away":"1","display":"
[2026-08-16T06:13:26Z] Merged section: lineups
[2026-08-16T06:13:26Z] Italian Serie A 2023/2024: Player Stats are unavailable in the source profile.
[2026-08-16T06:13:26Z] Marked all Player Stats categories as not_available; collection continues.
[2026-08-16T06:13:26Z] Opening commentary...
[2026-08-16T06:13:26Z] Navigate: https://www.flashscore.com/match/football/lecce-G8lYsMgU/monza-4YSMlwj7/summary/live-commentary/?mid=Wz9hGHEP
[2026-08-16T06:13:28Z] Page loaded. Waiting for statistics DOM...
[2026-08-16T06:13:29Z] Script [readiness] result prefix: {"body_text_length":2719,"ready":true,"row_count":2,"section":"commentary","title":"MON 1-1 LEC | Monza v Lecce 17/09/2023 | Football - Flashscore | Match"}
[2026-08-16T06:13:29Z] Reading rendered DOM...
[2026-08-16T06:13:30Z] Executing extraction script for phase 12; length: 11834.
[2026-08-16T06:13:30Z] Script [extract] result prefix: {"schema_version":"1.3","section":"commentary","statistic_period":null,"source_url":"https://www.flashscore.com/match/football/lecce-G8lYsMgU/monza-4YSMlwj7/summary/live-commentary/all-comments/?mid=Wz9hGHEP","match_id":"Wz9hGHEP","collected_at_utc":"2026-08-16T06:13:30.250Z","page_title":"MON 1-1 LEC | Monza v Lecce 17/09/2023 | Football - Flashscore | Match","competition":"WORLD CUP","status":"FINISHED","date_time":"17.09.2023 17:00","home_team":"Monza","away_team":"Lecce","score":{"home":"1",
[2026-08-16T06:13:30Z] Merged section: commentary
[2026-08-16T06:13:30Z] Saving complete match JSON...
[2026-08-16T06:13:30Z] Player Stats category unavailable; status=not_available: top_stats
[2026-08-16T06:13:30Z] Player Stats category unavailable; status=not_available: shots
[2026-08-16T06:13:30Z] Player Stats category unavailable; status=not_available: attack
[2026-08-16T06:13:30Z] Player Stats category unavailable; status=not_available: passes
[2026-08-16T06:13:30Z] Player Stats category unavailable; status=not_available: defense
[2026-08-16T06:13:30Z] Player Stats category unavailable; status=not_available: goalkeeping
[2026-08-16T06:13:30Z] Player Stats category unavailable; status=not_available: general
[2026-08-16T06:13:30Z] Structured goals, cards and VAR events enriched.
[2026-08-16T06:13:30Z] Saved match JSON with 15 statistics: G:\Mirza\VSCode\FlashscoreFootballCollector_\Data\Matches\SerieA\2023_2024\2023-09-17_Monza_vs_Lecce_Wz9hGHEP.json
[2026-08-16T06:13:30Z] Finished: 2023-09-17_Monza_vs_Lecce_Wz9hGHEP.json
[2026-08-16T06:13:30Z] Opening overall statistics...
[2026-08-16T06:13:30Z] Navigate: https://www.flashscore.com/match/football/frosinone-pfo9H1Wp/sassuolo-QDdvI0zl/summary/stats/overall/?mid=K0st7DyC
[2026-08-16T06:13:34Z] Page loaded. Waiting for statistics DOM...
[2026-08-16T06:13:36Z] Script [readiness] result prefix: {"body_text_length":3266,"ready":true,"row_count":19,"section":"statistics_overall","title":"FRO 4-2 SAS | Frosinone v Sassuolo 17/09/2023, Stats - Flashscore.com | Match"}
[2026-08-16T06:13:36Z] Reading rendered DOM...
[2026-08-16T06:13:36Z] Executing extraction script for phase 0; length: 5174.
[2026-08-16T06:13:36Z] Script [extract] result prefix: {"schema_version":"1.3","section":"statistics_overall","statistic_period":"overall","source_url":"https://www.flashscore.com/match/football/frosinone-pfo9H1Wp/sassuolo-QDdvI0zl/summary/stats/overall/?mid=K0st7DyC","match_id":"K0st7DyC","collected_at_utc":"2026-08-16T06:13:36.240Z","page_title":"FRO 4-2 SAS | Frosinone v Sassuolo 17/09/2023, Stats - Flashscore.com | Match","competition":"WORLD CUP","status":"FINISHED","date_time":"17.09.2023 17:00","home_team":"Frosinone","away_team":"Sassuolo","
[2026-08-16T06:13:36Z] Stored overall statistics: 14 rows.
[2026-08-16T06:13:36Z] Merged section: statistics_overall
[2026-08-16T06:13:36Z] Opening 1st half statistics...
[2026-08-16T06:13:36Z] Navigate: https://www.flashscore.com/match/football/frosinone-pfo9H1Wp/sassuolo-QDdvI0zl/summary/stats/1st-half/?mid=K0st7DyC
[2026-08-16T06:13:38Z] Page loaded. Waiting for statistics DOM...
[2026-08-16T06:13:39Z] Script [readiness] result prefix: {"body_text_length":3261,"ready":true,"row_count":19,"section":"statistics_first_half","title":"FRO 4-2 SAS | Frosinone v Sassuolo 17/09/2023, Stats - Flashscore.com | Match"}
[2026-08-16T06:13:39Z] Reading rendered DOM...
[2026-08-16T06:13:39Z] Executing extraction script for phase 1; length: 5174.
[2026-08-16T06:13:39Z] Script [extract] result prefix: {"schema_version":"1.3","section":"statistics_first_half","statistic_period":"first_half","source_url":"https://www.flashscore.com/match/football/frosinone-pfo9H1Wp/sassuolo-QDdvI0zl/summary/stats/1st-half/?mid=K0st7DyC","match_id":"K0st7DyC","collected_at_utc":"2026-08-16T06:13:39.757Z","page_title":"FRO 4-2 SAS | Frosinone v Sassuolo 17/09/2023, Stats - Flashscore.com | Match","competition":"WORLD CUP","status":"FINISHED","date_time":"17.09.2023 17:00","home_team":"Frosinone","away_team":"Sass
[2026-08-16T06:13:39Z] Stored first_half statistics: 14 rows.
[2026-08-16T06:13:39Z] Merged section: statistics_first_half
[2026-08-16T06:13:39Z] Opening 2nd half statistics...
[2026-08-16T06:13:39Z] Navigate: https://www.flashscore.com/match/football/frosinone-pfo9H1Wp/sassuolo-QDdvI0zl/summary/stats/2nd-half/?mid=K0st7DyC
[2026-08-16T06:13:41Z] Page loaded. Waiting for statistics DOM...
[2026-08-16T06:13:42Z] Script [readiness] result prefix: {"body_text_length":3257,"ready":true,"row_count":19,"section":"statistics_second_half","title":"FRO 4-2 SAS | Frosinone v Sassuolo 17/09/2023, Stats - Flashscore.com | Match"}
[2026-08-16T06:13:42Z] Reading rendered DOM...
[2026-08-16T06:13:42Z] Executing extraction script for phase 2; length: 5174.
[2026-08-16T06:13:43Z] Script [extract] result prefix: {"schema_version":"1.3","section":"statistics_second_half","statistic_period":"second_half","source_url":"https://www.flashscore.com/match/football/frosinone-pfo9H1Wp/sassuolo-QDdvI0zl/summary/stats/2nd-half/?mid=K0st7DyC","match_id":"K0st7DyC","collected_at_utc":"2026-08-16T06:13:42.973Z","page_title":"FRO 4-2 SAS | Frosinone v Sassuolo 17/09/2023, Stats - Flashscore.com | Match","competition":"WORLD CUP","status":"FINISHED","date_time":"17.09.2023 17:00","home_team":"Frosinone","away_team":"Sa
[2026-08-16T06:13:43Z] Stored second_half statistics: 14 rows.
[2026-08-16T06:13:43Z] Merged section: statistics_second_half
[2026-08-16T06:13:43Z] Opening lineups...
[2026-08-16T06:13:43Z] Navigate: https://www.flashscore.com/match/football/frosinone-pfo9H1Wp/sassuolo-QDdvI0zl/summary/lineups/?mid=K0st7DyC
[2026-08-16T06:13:45Z] Page loaded. Waiting for statistics DOM...
[2026-08-16T06:13:47Z] Script [readiness] result prefix: {"body_text_length":4291,"ready":true,"row_count":118,"section":"lineups","title":"FRO 4-2 SAS | Frosinone v Sassuolo 17/09/2023, Lineups - Flashscore.com | Match"}
[2026-08-16T06:13:47Z] Reading rendered DOM...
[2026-08-16T06:13:47Z] Executing extraction script for phase 4; length: 20701.
[2026-08-16T06:13:47Z] Script [extract] result prefix: {"schema_version":"1.3","section":"lineups","statistic_period":null,"source_url":"https://www.flashscore.com/match/football/frosinone-pfo9H1Wp/sassuolo-QDdvI0zl/summary/lineups/?mid=K0st7DyC","match_id":"K0st7DyC","collected_at_utc":"2026-08-16T06:13:47.761Z","page_title":"FRO 4-2 SAS | Frosinone v Sassuolo 17/09/2023, Lineups - Flashscore.com | Match","competition":"WORLD CUP","status":"FINISHED","date_time":"17.09.2023 17:00","home_team":"Frosinone","away_team":"Sassuolo","score":{"home":"4","
[2026-08-16T06:13:48Z] Merged section: lineups
[2026-08-16T06:13:48Z] Italian Serie A 2023/2024: Player Stats are unavailable in the source profile.
[2026-08-16T06:13:48Z] Marked all Player Stats categories as not_available; collection continues.
[2026-08-16T06:13:48Z] Opening commentary...
[2026-08-16T06:13:48Z] Navigate: https://www.flashscore.com/match/football/frosinone-pfo9H1Wp/sassuolo-QDdvI0zl/summary/live-commentary/?mid=K0st7DyC
[2026-08-16T06:13:50Z] Page loaded. Waiting for statistics DOM...
[2026-08-16T06:13:51Z] Script [readiness] result prefix: {"body_text_length":11978,"ready":true,"row_count":238,"section":"commentary","title":"FRO 4-2 SAS | Frosinone v Sassuolo 17/09/2023 | Football - Flashscore | Match"}
[2026-08-16T06:13:51Z] Reading rendered DOM...
[2026-08-16T06:13:51Z] Executing extraction script for phase 12; length: 11834.
[2026-08-16T06:13:51Z] Script [extract] result prefix: {"schema_version":"1.3","section":"commentary","statistic_period":null,"source_url":"https://www.flashscore.com/match/football/frosinone-pfo9H1Wp/sassuolo-QDdvI0zl/summary/live-commentary/all-comments/?mid=K0st7DyC","match_id":"K0st7DyC","collected_at_utc":"2026-08-16T06:13:51.908Z","page_title":"FRO 4-2 SAS | Frosinone v Sassuolo 17/09/2023 | Football - Flashscore | Match","competition":"WORLD CUP","status":"FINISHED","date_time":"17.09.2023 17:00","home_team":"Frosinone","away_team":"Sassuolo"
[2026-08-16T06:13:52Z] Merged section: commentary
[2026-08-16T06:13:52Z] Saving complete match JSON...
[2026-08-16T06:13:52Z] Player Stats category unavailable; status=not_available: top_stats
[2026-08-16T06:13:52Z] Player Stats category unavailable; status=not_available: shots
[2026-08-16T06:13:52Z] Player Stats category unavailable; status=not_available: attack
[2026-08-16T06:13:52Z] Player Stats category unavailable; status=not_available: passes
[2026-08-16T06:13:52Z] Player Stats category unavailable; status=not_available: defense
[2026-08-16T06:13:52Z] Player Stats category unavailable; status=not_available: goalkeeping
[2026-08-16T06:13:52Z] Player Stats category unavailable; status=not_available: general
[2026-08-16T06:13:52Z] Structured goals, cards and VAR events enriched.
[2026-08-16T06:13:52Z] Saved match JSON with 14 statistics: G:\Mirza\VSCode\FlashscoreFootballCollector_\Data\Matches\SerieA\2023_2024\2023-09-17_Frosinone_vs_Sassuolo_K0st7DyC.json
[2026-08-16T06:13:52Z] Finished: 2023-09-17_Frosinone_vs_Sassuolo_K0st7DyC.json
[2026-08-16T06:13:52Z] Opening overall statistics...
[2026-08-16T06:13:52Z] Navigate: https://www.flashscore.com/match/football/atalanta-8C9JjMXu/fiorentina-Q3A3IbXH/summary/stats/overall/?mid=2Pny8gM5
[2026-08-16T06:13:55Z] Page loaded. Waiting for statistics DOM...
[2026-08-16T06:13:56Z] Script [readiness] result prefix: {"body_text_length":3275,"ready":true,"row_count":19,"section":"statistics_overall","title":"FIO 3-2 ATA | Fiorentina v Atalanta 17/09/2023, Stats - Flashscore.com | Match"}
[2026-08-16T06:13:56Z] Reading rendered DOM...
[2026-08-16T06:13:56Z] Executing extraction script for phase 0; length: 5174.
[2026-08-16T06:13:56Z] Script [extract] result prefix: {"schema_version":"1.3","section":"statistics_overall","statistic_period":"overall","source_url":"https://www.flashscore.com/match/football/atalanta-8C9JjMXu/fiorentina-Q3A3IbXH/summary/stats/overall/?mid=2Pny8gM5","match_id":"2Pny8gM5","collected_at_utc":"2026-08-16T06:13:56.826Z","page_title":"FIO 3-2 ATA | Fiorentina v Atalanta 17/09/2023, Stats - Flashscore.com | Match","competition":"WORLD CUP","status":"FINISHED","date_time":"17.09.2023 20:00","home_team":"Fiorentina","away_team":"Atalanta
[2026-08-16T06:13:56Z] Stored overall statistics: 14 rows.
[2026-08-16T06:13:56Z] Merged section: statistics_overall
[2026-08-16T06:13:56Z] Opening 1st half statistics...
[2026-08-16T06:13:57Z] Navigate: https://www.flashscore.com/match/football/atalanta-8C9JjMXu/fiorentina-Q3A3IbXH/summary/stats/1st-half/?mid=2Pny8gM5
[2026-08-16T06:13:58Z] Page loaded. Waiting for statistics DOM...
[2026-08-16T06:14:00Z] Script [readiness] result prefix: {"body_text_length":3270,"ready":true,"row_count":19,"section":"statistics_first_half","title":"FIO 3-2 ATA | Fiorentina v Atalanta 17/09/2023, Stats - Flashscore.com | Match"}
[2026-08-16T06:14:00Z] Reading rendered DOM...
[2026-08-16T06:14:00Z] Executing extraction script for phase 1; length: 5174.
[2026-08-16T06:14:00Z] Script [extract] result prefix: {"schema_version":"1.3","section":"statistics_first_half","statistic_period":"first_half","source_url":"https://www.flashscore.com/match/football/atalanta-8C9JjMXu/fiorentina-Q3A3IbXH/summary/stats/1st-half/?mid=2Pny8gM5","match_id":"2Pny8gM5","collected_at_utc":"2026-08-16T06:14:00.320Z","page_title":"FIO 3-2 ATA | Fiorentina v Atalanta 17/09/2023, Stats - Flashscore.com | Match","competition":"WORLD CUP","status":"FINISHED","date_time":"17.09.2023 20:00","home_team":"Fiorentina","away_team":"A
[2026-08-16T06:14:00Z] Stored first_half statistics: 14 rows.
[2026-08-16T06:14:00Z] Merged section: statistics_first_half
[2026-08-16T06:14:00Z] Opening 2nd half statistics...
[2026-08-16T06:14:00Z] Navigate: https://www.flashscore.com/match/football/atalanta-8C9JjMXu/fiorentina-Q3A3IbXH/summary/stats/2nd-half/?mid=2Pny8gM5
[2026-08-16T06:14:03Z] Page loaded. Waiting for statistics DOM...
[2026-08-16T06:14:04Z] Script [readiness] result prefix: {"body_text_length":3267,"ready":true,"row_count":19,"section":"statistics_second_half","title":"FIO 3-2 ATA | Fiorentina v Atalanta 17/09/2023, Stats - Flashscore.com | Match"}
[2026-08-16T06:14:04Z] Reading rendered DOM...
[2026-08-16T06:14:04Z] Executing extraction script for phase 2; length: 5174.
[2026-08-16T06:14:04Z] Script [extract] result prefix: {"schema_version":"1.3","section":"statistics_second_half","statistic_period":"second_half","source_url":"https://www.flashscore.com/match/football/atalanta-8C9JjMXu/fiorentina-Q3A3IbXH/summary/stats/2nd-half/?mid=2Pny8gM5","match_id":"2Pny8gM5","collected_at_utc":"2026-08-16T06:14:04.705Z","page_title":"FIO 3-2 ATA | Fiorentina v Atalanta 17/09/2023, Stats - Flashscore.com | Match","competition":"WORLD CUP","status":"FINISHED","date_time":"17.09.2023 20:00","home_team":"Fiorentina","away_team":
[2026-08-16T06:14:04Z] Stored second_half statistics: 14 rows.
[2026-08-16T06:14:04Z] Merged section: statistics_second_half
[2026-08-16T06:14:04Z] Opening lineups...
[2026-08-16T06:14:04Z] Navigate: https://www.flashscore.com/match/football/atalanta-8C9JjMXu/fiorentina-Q3A3IbXH/summary/lineups/?mid=2Pny8gM5
[2026-08-16T06:14:08Z] Page loaded. Waiting for statistics DOM...
[2026-08-16T06:14:09Z] Script [readiness] result prefix: {"body_text_length":4449,"ready":true,"row_count":121,"section":"lineups","title":"FIO 3-2 ATA | Fiorentina v Atalanta 17/09/2023, Lineups - Flashscore.com | Match"}
[2026-08-16T06:14:09Z] Reading rendered DOM...
[2026-08-16T06:14:09Z] Executing extraction script for phase 4; length: 20701.
[2026-08-16T06:14:09Z] Script [extract] result prefix: {"schema_version":"1.3","section":"lineups","statistic_period":null,"source_url":"https://www.flashscore.com/match/football/atalanta-8C9JjMXu/fiorentina-Q3A3IbXH/summary/lineups/?mid=2Pny8gM5","match_id":"2Pny8gM5","collected_at_utc":"2026-08-16T06:14:09.842Z","page_title":"FIO 3-2 ATA | Fiorentina v Atalanta 17/09/2023, Lineups - Flashscore.com | Match","competition":"WORLD CUP","status":"FINISHED","date_time":"17.09.2023 20:00","home_team":"Fiorentina","away_team":"Atalanta","score":{"home":"3
[2026-08-16T06:14:09Z] Merged section: lineups
[2026-08-16T06:14:09Z] Italian Serie A 2023/2024: Player Stats are unavailable in the source profile.
[2026-08-16T06:14:09Z] Marked all Player Stats categories as not_available; collection continues.
[2026-08-16T06:14:10Z] Opening commentary...
[2026-08-16T06:14:10Z] Navigate: https://www.flashscore.com/match/football/atalanta-8C9JjMXu/fiorentina-Q3A3IbXH/summary/live-commentary/?mid=2Pny8gM5
[2026-08-16T06:14:13Z] Page loaded. Waiting for statistics DOM...
[2026-08-16T06:14:14Z] Script [readiness] result prefix: {"body_text_length":12232,"ready":true,"row_count":228,"section":"commentary","title":"FIO 3-2 ATA | Fiorentina v Atalanta 17/09/2023 | Football - Flashscore | Match"}
[2026-08-16T06:14:14Z] Reading rendered DOM...
[2026-08-16T06:14:14Z] Executing extraction script for phase 12; length: 11834.
[2026-08-16T06:14:14Z] Script [extract] result prefix: {"schema_version":"1.3","section":"commentary","statistic_period":null,"source_url":"https://www.flashscore.com/match/football/atalanta-8C9JjMXu/fiorentina-Q3A3IbXH/summary/live-commentary/all-comments/?mid=2Pny8gM5","match_id":"2Pny8gM5","collected_at_utc":"2026-08-16T06:14:14.767Z","page_title":"FIO 3-2 ATA | Fiorentina v Atalanta 17/09/2023 | Football - Flashscore | Match","competition":"WORLD CUP","status":"FINISHED","date_time":"17.09.2023 20:00","home_team":"Fiorentina","away_team":"Atalan
[2026-08-16T06:14:14Z] Merged section: commentary
[2026-08-16T06:14:14Z] Saving complete match JSON...
[2026-08-16T06:14:14Z] Player Stats category unavailable; status=not_available: top_stats
[2026-08-16T06:14:14Z] Player Stats category unavailable; status=not_available: shots
[2026-08-16T06:14:15Z] Player Stats category unavailable; status=not_available: attack
[2026-08-16T06:14:15Z] Player Stats category unavailable; status=not_available: passes
[2026-08-16T06:14:15Z] Player Stats category unavailable; status=not_available: defense
[2026-08-16T06:14:15Z] Player Stats category unavailable; status=not_available: goalkeeping
[2026-08-16T06:14:15Z] Player Stats category unavailable; status=not_available: general
[2026-08-16T06:14:15Z] Structured goals, cards and VAR events enriched.
[2026-08-16T06:14:15Z] Saved match JSON with 14 statistics: G:\Mirza\VSCode\FlashscoreFootballCollector_\Data\Matches\SerieA\2023_2024\2023-09-17_Fiorentina_vs_Atalanta_2Pny8gM5.json
[2026-08-16T06:14:15Z] Finished: 2023-09-17_Fiorentina_vs_Atalanta_2Pny8gM5.json
[2026-08-16T06:14:15Z] Opening overall statistics...
[2026-08-16T06:14:15Z] Navigate: https://www.flashscore.com/match/football/as-roma-zVqqL0ma/empoli-0ESCnI1H/summary/stats/overall/?mid=YqeKByNt
[2026-08-16T06:14:17Z] Page loaded. Waiting for statistics DOM...
[2026-08-16T06:14:19Z] Script [readiness] result prefix: {"body_text_length":3248,"ready":true,"row_count":19,"section":"statistics_overall","title":"ROM 7-0 EMP | AS Roma v Empoli 17/09/2023, Stats - Flashscore.com | Match"}
[2026-08-16T06:14:19Z] Reading rendered DOM...
[2026-08-16T06:14:19Z] Executing extraction script for phase 0; length: 5174.
[2026-08-16T06:14:19Z] Script [extract] result prefix: {"schema_version":"1.3","section":"statistics_overall","statistic_period":"overall","source_url":"https://www.flashscore.com/match/football/as-roma-zVqqL0ma/empoli-0ESCnI1H/summary/stats/overall/?mid=YqeKByNt","match_id":"YqeKByNt","collected_at_utc":"2026-08-16T06:14:19.343Z","page_title":"ROM 7-0 EMP | AS Roma v Empoli 17/09/2023, Stats - Flashscore.com | Match","competition":"WORLD CUP","status":"FINISHED","date_time":"17.09.2023 22:45","home_team":"AS Roma","away_team":"Empoli","score":{"hom
[2026-08-16T06:14:19Z] Stored overall statistics: 14 rows.
[2026-08-16T06:14:19Z] Merged section: statistics_overall
[2026-08-16T06:14:19Z] Opening 1st half statistics...
[2026-08-16T06:14:19Z] Navigate: https://www.flashscore.com/match/football/as-roma-zVqqL0ma/empoli-0ESCnI1H/summary/stats/1st-half/?mid=YqeKByNt
[2026-08-16T06:14:22Z] Page loaded. Waiting for statistics DOM...
[2026-08-16T06:14:23Z] Script [readiness] result prefix: {"body_text_length":3242,"ready":true,"row_count":19,"section":"statistics_first_half","title":"ROM 7-0 EMP | AS Roma v Empoli 17/09/2023, Stats - Flashscore.com | Match"}
[2026-08-16T06:14:23Z] Reading rendered DOM...
[2026-08-16T06:14:23Z] Executing extraction script for phase 1; length: 5174.
[2026-08-16T06:14:23Z] Script [extract] result prefix: {"schema_version":"1.3","section":"statistics_first_half","statistic_period":"first_half","source_url":"https://www.flashscore.com/match/football/as-roma-zVqqL0ma/empoli-0ESCnI1H/summary/stats/1st-half/?mid=YqeKByNt","match_id":"YqeKByNt","collected_at_utc":"2026-08-16T06:14:23.918Z","page_title":"ROM 7-0 EMP | AS Roma v Empoli 17/09/2023, Stats - Flashscore.com | Match","competition":"WORLD CUP","status":"FINISHED","date_time":"17.09.2023 22:45","home_team":"AS Roma","away_team":"Empoli","score
[2026-08-16T06:14:24Z] Stored first_half statistics: 14 rows.
[2026-08-16T06:14:24Z] Merged section: statistics_first_half
[2026-08-16T06:14:24Z] Opening 2nd half statistics...
[2026-08-16T06:14:24Z] Navigate: https://www.flashscore.com/match/football/as-roma-zVqqL0ma/empoli-0ESCnI1H/summary/stats/2nd-half/?mid=YqeKByNt
[2026-08-16T06:14:26Z] Page loaded. Waiting for statistics DOM...
[2026-08-16T06:14:27Z] Script [readiness] result prefix: {"body_text_length":3244,"ready":true,"row_count":19,"section":"statistics_second_half","title":"ROM 7-0 EMP | AS Roma v Empoli 17/09/2023, Stats - Flashscore.com | Match"}
[2026-08-16T06:14:27Z] Reading rendered DOM...
[2026-08-16T06:14:27Z] Executing extraction script for phase 2; length: 5174.
[2026-08-16T06:14:27Z] Script [extract] result prefix: {"schema_version":"1.3","section":"statistics_second_half","statistic_period":"second_half","source_url":"https://www.flashscore.com/match/football/as-roma-zVqqL0ma/empoli-0ESCnI1H/summary/stats/2nd-half/?mid=YqeKByNt","match_id":"YqeKByNt","collected_at_utc":"2026-08-16T06:14:27.773Z","page_title":"ROM 7-0 EMP | AS Roma v Empoli 17/09/2023, Stats - Flashscore.com | Match","competition":"WORLD CUP","status":"FINISHED","date_time":"17.09.2023 22:45","home_team":"AS Roma","away_team":"Empoli","sco
[2026-08-16T06:14:27Z] Stored second_half statistics: 14 rows.
[2026-08-16T06:14:27Z] Merged section: statistics_second_half
[2026-08-16T06:14:28Z] Opening lineups...
[2026-08-16T06:14:28Z] Navigate: https://www.flashscore.com/match/football/as-roma-zVqqL0ma/empoli-0ESCnI1H/summary/lineups/?mid=YqeKByNt
[2026-08-16T06:14:31Z] Page loaded. Waiting for statistics DOM...
[2026-08-16T06:14:32Z] Script [readiness] result prefix: {"body_text_length":4374,"ready":true,"row_count":121,"section":"lineups","title":"ROM 7-0 EMP | AS Roma v Empoli 17/09/2023, Lineups - Flashscore.com | Match"}
[2026-08-16T06:14:32Z] Reading rendered DOM...
[2026-08-16T06:14:32Z] Executing extraction script for phase 4; length: 20701.
[2026-08-16T06:14:32Z] Script [extract] result prefix: {"schema_version":"1.3","section":"lineups","statistic_period":null,"source_url":"https://www.flashscore.com/match/football/as-roma-zVqqL0ma/empoli-0ESCnI1H/summary/lineups/?mid=YqeKByNt","match_id":"YqeKByNt","collected_at_utc":"2026-08-16T06:14:32.803Z","page_title":"ROM 7-0 EMP | AS Roma v Empoli 17/09/2023, Lineups - Flashscore.com | Match","competition":"WORLD CUP","status":"FINISHED","date_time":"17.09.2023 22:45","home_team":"AS Roma","away_team":"Empoli","score":{"home":"7","away":"0","d
[2026-08-16T06:14:32Z] Merged section: lineups
[2026-08-16T06:14:32Z] Italian Serie A 2023/2024: Player Stats are unavailable in the source profile.
[2026-08-16T06:14:32Z] Marked all Player Stats categories as not_available; collection continues.
[2026-08-16T06:14:32Z] Opening commentary...
[2026-08-16T06:14:32Z] Navigate: https://www.flashscore.com/match/football/as-roma-zVqqL0ma/empoli-0ESCnI1H/summary/live-commentary/?mid=YqeKByNt
[2026-08-16T06:14:35Z] Page loaded. Waiting for statistics DOM...
[2026-08-16T06:14:36Z] Script [readiness] result prefix: {"body_text_length":10887,"ready":true,"row_count":220,"section":"commentary","title":"ROM 7-0 EMP | AS Roma v Empoli 17/09/2023 | Football - Flashscore | Match"}
[2026-08-16T06:14:36Z] Reading rendered DOM...
[2026-08-16T06:14:36Z] Executing extraction script for phase 12; length: 11834.
[2026-08-16T06:14:36Z] Script [extract] result prefix: {"schema_version":"1.3","section":"commentary","statistic_period":null,"source_url":"https://www.flashscore.com/match/football/as-roma-zVqqL0ma/empoli-0ESCnI1H/summary/live-commentary/all-comments/?mid=YqeKByNt","match_id":"YqeKByNt","collected_at_utc":"2026-08-16T06:14:36.890Z","page_title":"ROM 7-0 EMP | AS Roma v Empoli 17/09/2023 | Football - Flashscore | Match","competition":"WORLD CUP","status":"FINISHED","date_time":"17.09.2023 22:45","home_team":"AS Roma","away_team":"Empoli","score":{"h
[2026-08-16T06:14:36Z] Merged section: commentary
[2026-08-16T06:14:36Z] Saving complete match JSON...
[2026-08-16T06:14:36Z] Player Stats category unavailable; status=not_available: top_stats
[2026-08-16T06:14:37Z] Player Stats category unavailable; status=not_available: shots
[2026-08-16T06:14:37Z] Player Stats category unavailable; status=not_available: attack
[2026-08-16T06:14:37Z] Player Stats category unavailable; status=not_available: passes
[2026-08-16T06:14:37Z] Player Stats category unavailable; status=not_available: defense
[2026-08-16T06:14:37Z] Player Stats category unavailable; status=not_available: goalkeeping
[2026-08-16T06:14:37Z] Player Stats category unavailable; status=not_available: general
[2026-08-16T06:14:37Z] Structured goals, cards and VAR events enriched.
[2026-08-16T06:14:37Z] Saved match JSON with 14 statistics: G:\Mirza\VSCode\FlashscoreFootballCollector_\Data\Matches\SerieA\2023_2024\2023-09-17_AS_Roma_vs_Empoli_YqeKByNt.json
[2026-08-16T06:14:37Z] Finished: 2023-09-17_AS_Roma_vs_Empoli_YqeKByNt.json
[2026-08-16T06:14:37Z] Opening overall statistics...
[2026-08-16T06:14:37Z] Navigate: https://www.flashscore.com/match/football/salernitana-Mq05g4BP/torino-MZFZnvX4/summary/stats/overall/?mid=G8pPAexm
[2026-08-16T06:14:40Z] Page loaded. Waiting for statistics DOM...
[2026-08-16T06:14:41Z] Script [readiness] result prefix: {"body_text_length":3272,"ready":true,"row_count":19,"section":"statistics_overall","title":"SAL 0-3 TOR | Salernitana v Torino 18/09/2023, Stats - Flashscore.com | Match"}
[2026-08-16T06:14:41Z] Reading rendered DOM...
[2026-08-16T06:14:41Z] Executing extraction script for phase 0; length: 5174.
[2026-08-16T06:14:41Z] Script [extract] result prefix: {"schema_version":"1.3","section":"statistics_overall","statistic_period":"overall","source_url":"https://www.flashscore.com/match/football/salernitana-Mq05g4BP/torino-MZFZnvX4/summary/stats/overall/?mid=G8pPAexm","match_id":"G8pPAexm","collected_at_utc":"2026-08-16T06:14:41.560Z","page_title":"SAL 0-3 TOR | Salernitana v Torino 18/09/2023, Stats - Flashscore.com | Match","competition":"WORLD CUP","status":"FINISHED","date_time":"18.09.2023 20:30","home_team":"Salernitana","away_team":"Torino","
[2026-08-16T06:14:41Z] Stored overall statistics: 14 rows.
[2026-08-16T06:14:41Z] Merged section: statistics_overall
[2026-08-16T06:14:41Z] Opening 1st half statistics...
[2026-08-16T06:14:41Z] Navigate: https://www.flashscore.com/match/football/salernitana-Mq05g4BP/torino-MZFZnvX4/summary/stats/1st-half/?mid=G8pPAexm
[2026-08-16T06:14:44Z] Page loaded. Waiting for statistics DOM...
[2026-08-16T06:14:45Z] Script [readiness] result prefix: {"body_text_length":3263,"ready":true,"row_count":19,"section":"statistics_first_half","title":"SAL 0-3 TOR | Salernitana v Torino 18/09/2023, Stats - Flashscore.com | Match"}
[2026-08-16T06:14:45Z] Reading rendered DOM...
[2026-08-16T06:14:45Z] Executing extraction script for phase 1; length: 5174.
[2026-08-16T06:14:46Z] Script [extract] result prefix: {"schema_version":"1.3","section":"statistics_first_half","statistic_period":"first_half","source_url":"https://www.flashscore.com/match/football/salernitana-Mq05g4BP/torino-MZFZnvX4/summary/stats/1st-half/?mid=G8pPAexm","match_id":"G8pPAexm","collected_at_utc":"2026-08-16T06:14:46.006Z","page_title":"SAL 0-3 TOR | Salernitana v Torino 18/09/2023, Stats - Flashscore.com | Match","competition":"WORLD CUP","status":"FINISHED","date_time":"18.09.2023 20:30","home_team":"Salernitana","away_team":"To
[2026-08-16T06:14:46Z] Stored first_half statistics: 14 rows.
[2026-08-16T06:14:46Z] Merged section: statistics_first_half
[2026-08-16T06:14:46Z] Opening 2nd half statistics...
[2026-08-16T06:14:46Z] Navigate: https://www.flashscore.com/match/football/salernitana-Mq05g4BP/torino-MZFZnvX4/summary/stats/2nd-half/?mid=G8pPAexm
[2026-08-16T06:14:48Z] Page loaded. Waiting for statistics DOM...
[2026-08-16T06:14:49Z] Script [readiness] result prefix: {"body_text_length":3265,"ready":true,"row_count":19,"section":"statistics_second_half","title":"SAL 0-3 TOR | Salernitana v Torino 18/09/2023, Stats - Flashscore.com | Match"}
[2026-08-16T06:14:49Z] Reading rendered DOM...
[2026-08-16T06:14:49Z] Executing extraction script for phase 2; length: 5174.
[2026-08-16T06:14:49Z] Script [extract] result prefix: {"schema_version":"1.3","section":"statistics_second_half","statistic_period":"second_half","source_url":"https://www.flashscore.com/match/football/salernitana-Mq05g4BP/torino-MZFZnvX4/summary/stats/2nd-half/?mid=G8pPAexm","match_id":"G8pPAexm","collected_at_utc":"2026-08-16T06:14:49.696Z","page_title":"SAL 0-3 TOR | Salernitana v Torino 18/09/2023, Stats - Flashscore.com | Match","competition":"WORLD CUP","status":"FINISHED","date_time":"18.09.2023 20:30","home_team":"Salernitana","away_team":"
[2026-08-16T06:14:50Z] Stored second_half statistics: 14 rows.
[2026-08-16T06:14:50Z] Merged section: statistics_second_half
[2026-08-16T06:14:50Z] Opening lineups...
[2026-08-16T06:14:50Z] Navigate: https://www.flashscore.com/match/football/salernitana-Mq05g4BP/torino-MZFZnvX4/summary/lineups/?mid=G8pPAexm
[2026-08-16T06:14:52Z] Page loaded. Waiting for statistics DOM...
[2026-08-16T06:14:54Z] Script [readiness] result prefix: {"body_text_length":4328,"ready":true,"row_count":119,"section":"lineups","title":"SAL 0-3 TOR | Salernitana v Torino 18/09/2023, Lineups - Flashscore.com | Match"}
[2026-08-16T06:14:54Z] Reading rendered DOM...
[2026-08-16T06:14:54Z] Executing extraction script for phase 4; length: 20701.
[2026-08-16T06:14:54Z] Script [extract] result prefix: {"schema_version":"1.3","section":"lineups","statistic_period":null,"source_url":"https://www.flashscore.com/match/football/salernitana-Mq05g4BP/torino-MZFZnvX4/summary/lineups/?mid=G8pPAexm","match_id":"G8pPAexm","collected_at_utc":"2026-08-16T06:14:54.292Z","page_title":"SAL 0-3 TOR | Salernitana v Torino 18/09/2023, Lineups - Flashscore.com | Match","competition":"WORLD CUP","status":"FINISHED","date_time":"18.09.2023 20:30","home_team":"Salernitana","away_team":"Torino","score":{"home":"0","
[2026-08-16T06:14:54Z] Merged section: lineups
[2026-08-16T06:14:54Z] Italian Serie A 2023/2024: Player Stats are unavailable in the source profile.
[2026-08-16T06:14:54Z] Marked all Player Stats categories as not_available; collection continues.
[2026-08-16T06:14:54Z] Opening commentary...
[2026-08-16T06:14:54Z] Navigate: https://www.flashscore.com/match/football/salernitana-Mq05g4BP/torino-MZFZnvX4/summary/live-commentary/?mid=G8pPAexm
[2026-08-16T06:14:56Z] Page loaded. Waiting for statistics DOM...
[2026-08-16T06:14:57Z] Script [readiness] result prefix: {"body_text_length":13726,"ready":true,"row_count":220,"section":"commentary","title":"SAL 0-3 TOR | Salernitana v Torino 18/09/2023 | Football - Flashscore | Match"}
[2026-08-16T06:14:57Z] Reading rendered DOM...
[2026-08-16T06:14:57Z] Executing extraction script for phase 12; length: 11834.
[2026-08-16T06:14:58Z] Script [extract] result prefix: {"schema_version":"1.3","section":"commentary","statistic_period":null,"source_url":"https://www.flashscore.com/match/football/salernitana-Mq05g4BP/torino-MZFZnvX4/summary/live-commentary/all-comments/?mid=G8pPAexm","match_id":"G8pPAexm","collected_at_utc":"2026-08-16T06:14:58.018Z","page_title":"SAL 0-3 TOR | Salernitana v Torino 18/09/2023 | Football - Flashscore | Match","competition":"WORLD CUP","status":"FINISHED","date_time":"18.09.2023 20:30","home_team":"Salernitana","away_team":"Torino"
[2026-08-16T06:14:58Z] Merged section: commentary
[2026-08-16T06:14:58Z] Saving complete match JSON...
[2026-08-16T06:14:58Z] Player Stats category unavailable; status=not_available: top_stats
[2026-08-16T06:14:58Z] Player Stats category unavailable; status=not_available: shots
[2026-08-16T06:14:58Z] Player Stats category unavailable; status=not_available: attack
[2026-08-16T06:14:58Z] Player Stats category unavailable; status=not_available: passes
[2026-08-16T06:14:58Z] Player Stats category unavailable; status=not_available: defense
[2026-08-16T06:14:58Z] Player Stats category unavailable; status=not_available: goalkeeping
[2026-08-16T06:14:58Z] Player Stats category unavailable; status=not_available: general
[2026-08-16T06:14:58Z] Structured goals, cards and VAR events enriched.
[2026-08-16T06:14:58Z] Saved match JSON with 14 statistics: G:\Mirza\VSCode\FlashscoreFootballCollector_\Data\Matches\SerieA\2023_2024\2023-09-18_Salernitana_vs_Torino_G8pPAexm.json
[2026-08-16T06:14:58Z] Finished: 2023-09-18_Salernitana_vs_Torino_G8pPAexm.json
[2026-08-16T06:14:58Z] Opening overall statistics...
[2026-08-16T06:14:58Z] Navigate: https://www.flashscore.com/match/football/bologna-0M9xNN8N/verona-rJVAIaHo/summary/stats/overall/?mid=UBlT9Fig
[2026-08-16T06:15:01Z] Page loaded. Waiting for statistics DOM...
[2026-08-16T06:15:03Z] Script [readiness] result prefix: {"body_text_length":3245,"ready":true,"row_count":19,"section":"statistics_overall","title":"VER 0-0 BOL | Verona v Bologna 18/09/2023, Stats - Flashscore.com | Match"}
[2026-08-16T06:15:03Z] Reading rendered DOM...
[2026-08-16T06:15:03Z] Executing extraction script for phase 0; length: 5174.
[2026-08-16T06:15:03Z] Script [extract] result prefix: {"schema_version":"1.3","section":"statistics_overall","statistic_period":"overall","source_url":"https://www.flashscore.com/match/football/bologna-0M9xNN8N/verona-rJVAIaHo/summary/stats/overall/?mid=UBlT9Fig","match_id":"UBlT9Fig","collected_at_utc":"2026-08-16T06:15:03.445Z","page_title":"VER 0-0 BOL | Verona v Bologna 18/09/2023, Stats - Flashscore.com | Match","competition":"WORLD CUP","status":"FINISHED","date_time":"18.09.2023 22:45","home_team":"Verona","away_team":"Bologna","score":{"hom
[2026-08-16T06:15:03Z] Stored overall statistics: 14 rows.
[2026-08-16T06:15:03Z] Merged section: statistics_overall
[2026-08-16T06:15:03Z] Opening 1st half statistics...
[2026-08-16T06:15:03Z] Navigate: https://www.flashscore.com/match/football/bologna-0M9xNN8N/verona-rJVAIaHo/summary/stats/1st-half/?mid=UBlT9Fig
[2026-08-16T06:15:05Z] Page loaded. Waiting for statistics DOM...
[2026-08-16T06:15:07Z] Script [readiness] result prefix: {"body_text_length":3238,"ready":true,"row_count":19,"section":"statistics_first_half","title":"VER 0-0 BOL | Verona v Bologna 18/09/2023, Stats - Flashscore.com | Match"}
[2026-08-16T06:15:07Z] Reading rendered DOM...
[2026-08-16T06:15:07Z] Executing extraction script for phase 1; length: 5174.
[2026-08-16T06:15:07Z] Script [extract] result prefix: {"schema_version":"1.3","section":"statistics_first_half","statistic_period":"first_half","source_url":"https://www.flashscore.com/match/football/bologna-0M9xNN8N/verona-rJVAIaHo/summary/stats/1st-half/?mid=UBlT9Fig","match_id":"UBlT9Fig","collected_at_utc":"2026-08-16T06:15:07.334Z","page_title":"VER 0-0 BOL | Verona v Bologna 18/09/2023, Stats - Flashscore.com | Match","competition":"WORLD CUP","status":"FINISHED","date_time":"18.09.2023 22:45","home_team":"Verona","away_team":"Bologna","score
[2026-08-16T06:15:07Z] Stored first_half statistics: 14 rows.
[2026-08-16T06:15:07Z] Merged section: statistics_first_half
[2026-08-16T06:15:07Z] Opening 2nd half statistics...
[2026-08-16T06:15:07Z] Navigate: https://www.flashscore.com/match/football/bologna-0M9xNN8N/verona-rJVAIaHo/summary/stats/2nd-half/?mid=UBlT9Fig
[2026-08-16T06:15:09Z] Page loaded. Waiting for statistics DOM...
[2026-08-16T06:15:11Z] Script [readiness] result prefix: {"body_text_length":3239,"ready":true,"row_count":19,"section":"statistics_second_half","title":"VER 0-0 BOL | Verona v Bologna 18/09/2023, Stats - Flashscore.com | Match"}
[2026-08-16T06:15:11Z] Reading rendered DOM...
[2026-08-16T06:15:11Z] Executing extraction script for phase 2; length: 5174.
[2026-08-16T06:15:11Z] Script [extract] result prefix: {"schema_version":"1.3","section":"statistics_second_half","statistic_period":"second_half","source_url":"https://www.flashscore.com/match/football/bologna-0M9xNN8N/verona-rJVAIaHo/summary/stats/2nd-half/?mid=UBlT9Fig","match_id":"UBlT9Fig","collected_at_utc":"2026-08-16T06:15:11.164Z","page_title":"VER 0-0 BOL | Verona v Bologna 18/09/2023, Stats - Flashscore.com | Match","competition":"WORLD CUP","status":"FINISHED","date_time":"18.09.2023 22:45","home_team":"Verona","away_team":"Bologna","sco
[2026-08-16T06:15:11Z] Stored second_half statistics: 14 rows.
[2026-08-16T06:15:11Z] Merged section: statistics_second_half
[2026-08-16T06:15:11Z] Opening lineups...
[2026-08-16T06:15:11Z] Navigate: https://www.flashscore.com/match/football/bologna-0M9xNN8N/verona-rJVAIaHo/summary/lineups/?mid=UBlT9Fig
[2026-08-16T06:15:13Z] Page loaded. Waiting for statistics DOM...
[2026-08-16T06:15:14Z] Script [readiness] result prefix: {"body_text_length":4355,"ready":true,"row_count":122,"section":"lineups","title":"VER 0-0 BOL | Verona v Bologna 18/09/2023, Lineups - Flashscore.com | Match"}
[2026-08-16T06:15:14Z] Reading rendered DOM...
[2026-08-16T06:15:14Z] Executing extraction script for phase 4; length: 20701.
[2026-08-16T06:15:15Z] Script [extract] result prefix: {"schema_version":"1.3","section":"lineups","statistic_period":null,"source_url":"https://www.flashscore.com/match/football/bologna-0M9xNN8N/verona-rJVAIaHo/summary/lineups/?mid=UBlT9Fig","match_id":"UBlT9Fig","collected_at_utc":"2026-08-16T06:15:15.001Z","page_title":"VER 0-0 BOL | Verona v Bologna 18/09/2023, Lineups - Flashscore.com | Match","competition":"WORLD CUP","status":"FINISHED","date_time":"18.09.2023 22:45","home_team":"Verona","away_team":"Bologna","score":{"home":"0","away":"0","d
[2026-08-16T06:15:15Z] Merged section: lineups
[2026-08-16T06:15:15Z] Italian Serie A 2023/2024: Player Stats are unavailable in the source profile.
[2026-08-16T06:15:15Z] Marked all Player Stats categories as not_available; collection continues.
[2026-08-16T06:15:15Z] Opening commentary...
[2026-08-16T06:15:15Z] Navigate: https://www.flashscore.com/match/football/bologna-0M9xNN8N/verona-rJVAIaHo/summary/live-commentary/?mid=UBlT9Fig
[2026-08-16T06:15:18Z] Page loaded. Waiting for statistics DOM...
[2026-08-16T06:15:19Z] Script [readiness] result prefix: {"body_text_length":12789,"ready":true,"row_count":230,"section":"commentary","title":"VER 0-0 BOL | Verona v Bologna 18/09/2023 | Football - Flashscore | Match"}
[2026-08-16T06:15:19Z] Reading rendered DOM...
[2026-08-16T06:15:19Z] Executing extraction script for phase 12; length: 11834.
[2026-08-16T06:15:19Z] Script [extract] result prefix: {"schema_version":"1.3","section":"commentary","statistic_period":null,"source_url":"https://www.flashscore.com/match/football/bologna-0M9xNN8N/verona-rJVAIaHo/summary/live-commentary/all-comments/?mid=UBlT9Fig","match_id":"UBlT9Fig","collected_at_utc":"2026-08-16T06:15:19.939Z","page_title":"VER 0-0 BOL | Verona v Bologna 18/09/2023 | Football - Flashscore | Match","competition":"WORLD CUP","status":"FINISHED","date_time":"18.09.2023 22:45","home_team":"Verona","away_team":"Bologna","score":{"h
[2026-08-16T06:15:19Z] Merged section: commentary
[2026-08-16T06:15:19Z] Saving complete match JSON...
[2026-08-16T06:15:20Z] Player Stats category unavailable; status=not_available: top_stats
[2026-08-16T06:15:20Z] Player Stats category unavailable; status=not_available: shots
[2026-08-16T06:15:20Z] Player Stats category unavailable; status=not_available: attack
[2026-08-16T06:15:20Z] Player Stats category unavailable; status=not_available: passes
[2026-08-16T06:15:20Z] Player Stats category unavailable; status=not_available: defense
[2026-08-16T06:15:20Z] Player Stats category unavailable; status=not_available: goalkeeping
[2026-08-16T06:15:20Z] Player Stats category unavailable; status=not_available: general
[2026-08-16T06:15:20Z] Structured goals, cards and VAR events enriched.
[2026-08-16T06:15:20Z] Saved match JSON with 14 statistics: G:\Mirza\VSCode\FlashscoreFootballCollector_\Data\Matches\SerieA\2023_2024\2023-09-18_Verona_vs_Bologna_UBlT9Fig.json
[2026-08-16T06:15:20Z] Finished: 2023-09-18_Verona_vs_Bologna_UBlT9Fig.json
[2026-08-16T06:15:20Z] Opening overall statistics...
[2026-08-16T06:15:20Z] Navigate: https://www.flashscore.com/match/football/frosinone-pfo9H1Wp/salernitana-Mq05g4BP/summary/stats/overall/?mid=0KlD5LH4
[2026-08-16T06:15:23Z] Page loaded. Waiting for statistics DOM...
[2026-08-16T06:15:25Z] Script [readiness] result prefix: {"body_text_length":3280,"ready":true,"row_count":19,"section":"statistics_overall","title":"SAL 1-1 FRO | Salernitana v Frosinone 22/09/2023, Stats - Flashscore.com | Match"}
[2026-08-16T06:15:25Z] Reading rendered DOM...
[2026-08-16T06:15:25Z] Executing extraction script for phase 0; length: 5174.
[2026-08-16T06:15:25Z] Script [extract] result prefix: {"schema_version":"1.3","section":"statistics_overall","statistic_period":"overall","source_url":"https://www.flashscore.com/match/football/frosinone-pfo9H1Wp/salernitana-Mq05g4BP/summary/stats/overall/?mid=0KlD5LH4","match_id":"0KlD5LH4","collected_at_utc":"2026-08-16T06:15:25.541Z","page_title":"SAL 1-1 FRO | Salernitana v Frosinone 22/09/2023, Stats - Flashscore.com | Match","competition":"WORLD CUP","status":"FINISHED","date_time":"22.09.2023 20:30","home_team":"Salernitana","away_team":"Fro
[2026-08-16T06:15:25Z] Stored overall statistics: 14 rows.
[2026-08-16T06:15:26Z] Merged section: statistics_overall
[2026-08-16T06:15:26Z] Opening 1st half statistics...
[2026-08-16T06:15:26Z] Navigate: https://www.flashscore.com/match/football/frosinone-pfo9H1Wp/salernitana-Mq05g4BP/summary/stats/1st-half/?mid=0KlD5LH4
[2026-08-16T06:15:29Z] Page loaded. Waiting for statistics DOM...
[2026-08-16T06:15:30Z] Script [readiness] result prefix: {"body_text_length":3274,"ready":true,"row_count":19,"section":"statistics_first_half","title":"SAL 1-1 FRO | Salernitana v Frosinone 22/09/2023, Stats - Flashscore.com | Match"}
[2026-08-16T06:15:30Z] Reading rendered DOM...
[2026-08-16T06:15:30Z] Executing extraction script for phase 1; length: 5174.
[2026-08-16T06:15:30Z] Script [extract] result prefix: {"schema_version":"1.3","section":"statistics_first_half","statistic_period":"first_half","source_url":"https://www.flashscore.com/match/football/frosinone-pfo9H1Wp/salernitana-Mq05g4BP/summary/stats/1st-half/?mid=0KlD5LH4","match_id":"0KlD5LH4","collected_at_utc":"2026-08-16T06:15:30.725Z","page_title":"SAL 1-1 FRO | Salernitana v Frosinone 22/09/2023, Stats - Flashscore.com | Match","competition":"WORLD CUP","status":"FINISHED","date_time":"22.09.2023 20:30","home_team":"Salernitana","away_tea
[2026-08-16T06:15:31Z] Stored first_half statistics: 14 rows.
[2026-08-16T06:15:31Z] Merged section: statistics_first_half
[2026-08-16T06:15:31Z] Opening 2nd half statistics...
[2026-08-16T06:15:31Z] Navigate: https://www.flashscore.com/match/football/frosinone-pfo9H1Wp/salernitana-Mq05g4BP/summary/stats/2nd-half/?mid=0KlD5LH4
[2026-08-16T06:15:33Z] Page loaded. Waiting for statistics DOM...
[2026-08-16T06:15:34Z] Script [readiness] result prefix: {"body_text_length":3275,"ready":true,"row_count":19,"section":"statistics_second_half","title":"SAL 1-1 FRO | Salernitana v Frosinone 22/09/2023, Stats - Flashscore.com | Match"}
[2026-08-16T06:15:34Z] Reading rendered DOM...
[2026-08-16T06:15:34Z] Executing extraction script for phase 2; length: 5174.
[2026-08-16T06:15:34Z] Script [extract] result prefix: {"schema_version":"1.3","section":"statistics_second_half","statistic_period":"second_half","source_url":"https://www.flashscore.com/match/football/frosinone-pfo9H1Wp/salernitana-Mq05g4BP/summary/stats/2nd-half/?mid=0KlD5LH4","match_id":"0KlD5LH4","collected_at_utc":"2026-08-16T06:15:34.720Z","page_title":"SAL 1-1 FRO | Salernitana v Frosinone 22/09/2023, Stats - Flashscore.com | Match","competition":"WORLD CUP","status":"FINISHED","date_time":"22.09.2023 20:30","home_team":"Salernitana","away_t
[2026-08-16T06:15:35Z] Stored second_half statistics: 14 rows.
[2026-08-16T06:15:35Z] Merged section: statistics_second_half
[2026-08-16T06:15:35Z] Opening lineups...
[2026-08-16T06:15:35Z] Navigate: https://www.flashscore.com/match/football/frosinone-pfo9H1Wp/salernitana-Mq05g4BP/summary/lineups/?mid=0KlD5LH4
[2026-08-16T06:15:38Z] Page loaded. Waiting for statistics DOM...
[2026-08-16T06:15:39Z] Script [readiness] result prefix: {"body_text_length":4341,"ready":true,"row_count":120,"section":"lineups","title":"SAL 1-1 FRO | Salernitana v Frosinone 22/09/2023, Lineups - Flashscore.com | Match"}
[2026-08-16T06:15:39Z] Reading rendered DOM...
[2026-08-16T06:15:39Z] Executing extraction script for phase 4; length: 20701.
[2026-08-16T06:15:40Z] Script [extract] result prefix: {"schema_version":"1.3","section":"lineups","statistic_period":null,"source_url":"https://www.flashscore.com/match/football/frosinone-pfo9H1Wp/salernitana-Mq05g4BP/summary/lineups/?mid=0KlD5LH4","match_id":"0KlD5LH4","collected_at_utc":"2026-08-16T06:15:39.986Z","page_title":"SAL 1-1 FRO | Salernitana v Frosinone 22/09/2023, Lineups - Flashscore.com | Match","competition":"WORLD CUP","status":"FINISHED","date_time":"22.09.2023 20:30","home_team":"Salernitana","away_team":"Frosinone","score":{"ho
[2026-08-16T06:15:40Z] Merged section: lineups
[2026-08-16T06:15:40Z] Italian Serie A 2023/2024: Player Stats are unavailable in the source profile.
[2026-08-16T06:15:40Z] Marked all Player Stats categories as not_available; collection continues.
[2026-08-16T06:15:40Z] Opening commentary...
[2026-08-16T06:15:40Z] Navigate: https://www.flashscore.com/match/football/frosinone-pfo9H1Wp/salernitana-Mq05g4BP/summary/live-commentary/?mid=0KlD5LH4
[2026-08-16T06:15:42Z] Page loaded. Waiting for statistics DOM...
[2026-08-16T06:15:43Z] Script [readiness] result prefix: {"body_text_length":14875,"ready":true,"row_count":252,"section":"commentary","title":"SAL 1-1 FRO | Salernitana v Frosinone 22/09/2023 | Football - Flashscore | Match"}
[2026-08-16T06:15:43Z] Reading rendered DOM...
[2026-08-16T06:15:43Z] Executing extraction script for phase 12; length: 11834.
[2026-08-16T06:15:43Z] Script [extract] result prefix: {"schema_version":"1.3","section":"commentary","statistic_period":null,"source_url":"https://www.flashscore.com/match/football/frosinone-pfo9H1Wp/salernitana-Mq05g4BP/summary/live-commentary/all-comments/?mid=0KlD5LH4","match_id":"0KlD5LH4","collected_at_utc":"2026-08-16T06:15:43.737Z","page_title":"SAL 1-1 FRO | Salernitana v Frosinone 22/09/2023 | Football - Flashscore | Match","competition":"WORLD CUP","status":"FINISHED","date_time":"22.09.2023 20:30","home_team":"Salernitana","away_team":"F
[2026-08-16T06:15:43Z] Merged section: commentary
[2026-08-16T06:15:43Z] Saving complete match JSON...
[2026-08-16T06:15:43Z] Player Stats category unavailable; status=not_available: top_stats
[2026-08-16T06:15:43Z] Player Stats category unavailable; status=not_available: shots
[2026-08-16T06:15:44Z] Player Stats category unavailable; status=not_available: attack
[2026-08-16T06:15:44Z] Player Stats category unavailable; status=not_available: passes
[2026-08-16T06:15:44Z] Player Stats category unavailable; status=not_available: defense
[2026-08-16T06:15:44Z] Player Stats category unavailable; status=not_available: goalkeeping
[2026-08-16T06:15:44Z] Player Stats category unavailable; status=not_available: general
[2026-08-16T06:15:44Z] Structured goals, cards and VAR events enriched.
[2026-08-16T06:15:44Z] Saved match JSON with 14 statistics: G:\Mirza\VSCode\FlashscoreFootballCollector_\Data\Matches\SerieA\2023_2024\2023-09-22_Salernitana_vs_Frosinone_0KlD5LH4.json
[2026-08-16T06:15:44Z] Finished: 2023-09-22_Salernitana_vs_Frosinone_0KlD5LH4.json
[2026-08-16T06:15:44Z] Opening overall statistics...
[2026-08-16T06:15:44Z] Navigate: https://www.flashscore.com/match/football/genoa-d0PJxeie/lecce-G8lYsMgU/summary/stats/overall/?mid=v5047smh
[2026-08-16T06:15:47Z] Page loaded. Waiting for statistics DOM...
[2026-08-16T06:15:49Z] Script [readiness] result prefix: {"body_text_length":3245,"ready":true,"row_count":20,"section":"statistics_overall","title":"LEC 1-0 GEN | Lecce v Genoa 22/09/2023, Stats - Flashscore.com | Match"}
[2026-08-16T06:15:49Z] Reading rendered DOM...
[2026-08-16T06:15:49Z] Executing extraction script for phase 0; length: 5174.
[2026-08-16T06:15:49Z] Script [extract] result prefix: {"schema_version":"1.3","section":"statistics_overall","statistic_period":"overall","source_url":"https://www.flashscore.com/match/football/genoa-d0PJxeie/lecce-G8lYsMgU/summary/stats/overall/?mid=v5047smh","match_id":"v5047smh","collected_at_utc":"2026-08-16T06:15:49.270Z","page_title":"LEC 1-0 GEN | Lecce v Genoa 22/09/2023, Stats - Flashscore.com | Match","competition":"WORLD CUP","status":"FINISHED","date_time":"22.09.2023 22:45","home_team":"Lecce","away_team":"Genoa","score":{"home":"1","a
[2026-08-16T06:15:49Z] Stored overall statistics: 15 rows.
[2026-08-16T06:15:49Z] Merged section: statistics_overall
[2026-08-16T06:15:49Z] Opening 1st half statistics...
[2026-08-16T06:15:49Z] Navigate: https://www.flashscore.com/match/football/genoa-d0PJxeie/lecce-G8lYsMgU/summary/stats/1st-half/?mid=v5047smh
[2026-08-16T06:15:52Z] Page loaded. Waiting for statistics DOM...
[2026-08-16T06:15:54Z] Script [readiness] result prefix: {"body_text_length":3238,"ready":true,"row_count":20,"section":"statistics_first_half","title":"LEC 1-0 GEN | Lecce v Genoa 22/09/2023, Stats - Flashscore.com | Match"}
[2026-08-16T06:15:54Z] Reading rendered DOM...
[2026-08-16T06:15:54Z] Executing extraction script for phase 1; length: 5174.
[2026-08-16T06:15:54Z] Script [extract] result prefix: {"schema_version":"1.3","section":"statistics_first_half","statistic_period":"first_half","source_url":"https://www.flashscore.com/match/football/genoa-d0PJxeie/lecce-G8lYsMgU/summary/stats/1st-half/?mid=v5047smh","match_id":"v5047smh","collected_at_utc":"2026-08-16T06:15:54.157Z","page_title":"LEC 1-0 GEN | Lecce v Genoa 22/09/2023, Stats - Flashscore.com | Match","competition":"WORLD CUP","status":"FINISHED","date_time":"22.09.2023 22:45","home_team":"Lecce","away_team":"Genoa","score":{"home"
[2026-08-16T06:15:54Z] Stored first_half statistics: 15 rows.
[2026-08-16T06:15:54Z] Merged section: statistics_first_half
[2026-08-16T06:15:54Z] Opening 2nd half statistics...
[2026-08-16T06:15:54Z] Navigate: https://www.flashscore.com/match/football/genoa-d0PJxeie/lecce-G8lYsMgU/summary/stats/2nd-half/?mid=v5047smh
[2026-08-16T06:15:56Z] Page loaded. Waiting for statistics DOM...
[2026-08-16T06:15:57Z] Script [readiness] result prefix: {"body_text_length":3224,"ready":true,"row_count":19,"section":"statistics_second_half","title":"LEC 1-0 GEN | Lecce v Genoa 22/09/2023, Stats - Flashscore.com | Match"}
[2026-08-16T06:15:57Z] Reading rendered DOM...
[2026-08-16T06:15:57Z] Executing extraction script for phase 2; length: 5174.
[2026-08-16T06:15:57Z] Script [extract] result prefix: {"schema_version":"1.3","section":"statistics_second_half","statistic_period":"second_half","source_url":"https://www.flashscore.com/match/football/genoa-d0PJxeie/lecce-G8lYsMgU/summary/stats/2nd-half/?mid=v5047smh","match_id":"v5047smh","collected_at_utc":"2026-08-16T06:15:57.816Z","page_title":"LEC 1-0 GEN | Lecce v Genoa 22/09/2023, Stats - Flashscore.com | Match","competition":"WORLD CUP","status":"FINISHED","date_time":"22.09.2023 22:45","home_team":"Lecce","away_team":"Genoa","score":{"hom
[2026-08-16T06:15:57Z] Stored second_half statistics: 14 rows.
[2026-08-16T06:15:57Z] Merged section: statistics_second_half
[2026-08-16T06:15:57Z] Opening lineups...
[2026-08-16T06:15:57Z] Navigate: https://www.flashscore.com/match/football/genoa-d0PJxeie/lecce-G8lYsMgU/summary/lineups/?mid=v5047smh
[2026-08-16T06:15:59Z] Page loaded. Waiting for statistics DOM...
[2026-08-16T06:16:01Z] Script [readiness] result prefix: {"body_text_length":4277,"ready":true,"row_count":121,"section":"lineups","title":"LEC 1-0 GEN | Lecce v Genoa 22/09/2023, Lineups - Flashscore.com | Match"}
[2026-08-16T06:16:01Z] Reading rendered DOM...
[2026-08-16T06:16:01Z] Executing extraction script for phase 4; length: 20701.
[2026-08-16T06:16:01Z] Script [extract] result prefix: {"schema_version":"1.3","section":"lineups","statistic_period":null,"source_url":"https://www.flashscore.com/match/football/genoa-d0PJxeie/lecce-G8lYsMgU/summary/lineups/?mid=v5047smh","match_id":"v5047smh","collected_at_utc":"2026-08-16T06:16:01.418Z","page_title":"LEC 1-0 GEN | Lecce v Genoa 22/09/2023, Lineups - Flashscore.com | Match","competition":"WORLD CUP","status":"FINISHED","date_time":"22.09.2023 22:45","home_team":"Lecce","away_team":"Genoa","score":{"home":"1","away":"0","display":"
[2026-08-16T06:16:01Z] Merged section: lineups
[2026-08-16T06:16:01Z] Italian Serie A 2023/2024: Player Stats are unavailable in the source profile.
[2026-08-16T06:16:01Z] Marked all Player Stats categories as not_available; collection continues.
[2026-08-16T06:16:01Z] Opening commentary...
[2026-08-16T06:16:01Z] Navigate: https://www.flashscore.com/match/football/genoa-d0PJxeie/lecce-G8lYsMgU/summary/live-commentary/?mid=v5047smh
[2026-08-16T06:16:04Z] Page loaded. Waiting for statistics DOM...
[2026-08-16T06:16:05Z] Script [readiness] result prefix: {"body_text_length":11048,"ready":true,"row_count":203,"section":"commentary","title":"LEC 1-0 GEN | Lecce v Genoa 22/09/2023 | Football - Flashscore | Match"}
[2026-08-16T06:16:05Z] Reading rendered DOM...
[2026-08-16T06:16:05Z] Executing extraction script for phase 12; length: 11834.
[2026-08-16T06:16:05Z] Script [extract] result prefix: {"schema_version":"1.3","section":"commentary","statistic_period":null,"source_url":"https://www.flashscore.com/match/football/genoa-d0PJxeie/lecce-G8lYsMgU/summary/live-commentary/all-comments/?mid=v5047smh","match_id":"v5047smh","collected_at_utc":"2026-08-16T06:16:05.789Z","page_title":"LEC 1-0 GEN | Lecce v Genoa 22/09/2023 | Football - Flashscore | Match","competition":"WORLD CUP","status":"FINISHED","date_time":"22.09.2023 22:45","home_team":"Lecce","away_team":"Genoa","score":{"home":"1",
[2026-08-16T06:16:05Z] Merged section: commentary
[2026-08-16T06:16:05Z] Saving complete match JSON...
[2026-08-16T06:16:05Z] Player Stats category unavailable; status=not_available: top_stats
[2026-08-16T06:16:05Z] Player Stats category unavailable; status=not_available: shots
[2026-08-16T06:16:06Z] Player Stats category unavailable; status=not_available: attack
[2026-08-16T06:16:06Z] Player Stats category unavailable; status=not_available: passes
[2026-08-16T06:16:06Z] Player Stats category unavailable; status=not_available: defense
[2026-08-16T06:16:06Z] Player Stats category unavailable; status=not_available: goalkeeping
[2026-08-16T06:16:06Z] Player Stats category unavailable; status=not_available: general
[2026-08-16T06:16:06Z] Structured goals, cards and VAR events enriched.
[2026-08-16T06:16:06Z] Saved match JSON with 15 statistics: G:\Mirza\VSCode\FlashscoreFootballCollector_\Data\Matches\SerieA\2023_2024\2023-09-22_Lecce_vs_Genoa_v5047smh.json
[2026-08-16T06:16:06Z] Finished: 2023-09-22_Lecce_vs_Genoa_v5047smh.json
[2026-08-16T06:16:06Z] Opening overall statistics...
[2026-08-16T06:16:06Z] Navigate: https://www.flashscore.com/match/football/ac-milan-8Sa8HInO/verona-rJVAIaHo/summary/stats/overall/?mid=Iea8612b
[2026-08-16T06:16:09Z] Page loaded. Waiting for statistics DOM...
[2026-08-16T06:16:11Z] Script [readiness] result prefix: {"body_text_length":3255,"ready":true,"row_count":19,"section":"statistics_overall","title":"ACM 1-0 VER | AC Milan v Verona 23/09/2023, Stats - Flashscore.com | Match"}
[2026-08-16T06:16:11Z] Reading rendered DOM...
[2026-08-16T06:16:11Z] Executing extraction script for phase 0; length: 5174.
[2026-08-16T06:16:11Z] Script [extract] result prefix: {"schema_version":"1.3","section":"statistics_overall","statistic_period":"overall","source_url":"https://www.flashscore.com/match/football/ac-milan-8Sa8HInO/verona-rJVAIaHo/summary/stats/overall/?mid=Iea8612b","match_id":"Iea8612b","collected_at_utc":"2026-08-16T06:16:11.108Z","page_title":"ACM 1-0 VER | AC Milan v Verona 23/09/2023, Stats - Flashscore.com | Match","competition":"WORLD CUP","status":"FINISHED","date_time":"23.09.2023 17:00","home_team":"AC Milan","away_team":"Verona","score":{"
[2026-08-16T06:16:11Z] Stored overall statistics: 14 rows.
[2026-08-16T06:16:11Z] Merged section: statistics_overall
[2026-08-16T06:16:11Z] Opening 1st half statistics...
[2026-08-16T06:16:11Z] Navigate: https://www.flashscore.com/match/football/ac-milan-8Sa8HInO/verona-rJVAIaHo/summary/stats/1st-half/?mid=Iea8612b
[2026-08-16T06:16:13Z] Page loaded. Waiting for statistics DOM...
[2026-08-16T06:16:15Z] Script [readiness] result prefix: {"body_text_length":3247,"ready":true,"row_count":19,"section":"statistics_first_half","title":"ACM 1-0 VER | AC Milan v Verona 23/09/2023, Stats - Flashscore.com | Match"}
[2026-08-16T06:16:15Z] Reading rendered DOM...
[2026-08-16T06:16:15Z] Executing extraction script for phase 1; length: 5174.
[2026-08-16T06:16:15Z] Script [extract] result prefix: {"schema_version":"1.3","section":"statistics_first_half","statistic_period":"first_half","source_url":"https://www.flashscore.com/match/football/ac-milan-8Sa8HInO/verona-rJVAIaHo/summary/stats/1st-half/?mid=Iea8612b","match_id":"Iea8612b","collected_at_utc":"2026-08-16T06:16:15.407Z","page_title":"ACM 1-0 VER | AC Milan v Verona 23/09/2023, Stats - Flashscore.com | Match","competition":"WORLD CUP","status":"FINISHED","date_time":"23.09.2023 17:00","home_team":"AC Milan","away_team":"Verona","sc
[2026-08-16T06:16:15Z] Stored first_half statistics: 14 rows.
[2026-08-16T06:16:15Z] Merged section: statistics_first_half
[2026-08-16T06:16:15Z] Opening 2nd half statistics...
[2026-08-16T06:16:15Z] Navigate: https://www.flashscore.com/match/football/ac-milan-8Sa8HInO/verona-rJVAIaHo/summary/stats/2nd-half/?mid=Iea8612b
[2026-08-16T06:16:18Z] Page loaded. Waiting for statistics DOM...
[2026-08-16T06:16:19Z] Script [readiness] result prefix: {"body_text_length":3248,"ready":true,"row_count":19,"section":"statistics_second_half","title":"ACM 1-0 VER | AC Milan v Verona 23/09/2023, Stats - Flashscore.com | Match"}
[2026-08-16T06:16:19Z] Reading rendered DOM...
[2026-08-16T06:16:19Z] Executing extraction script for phase 2; length: 5174.
[2026-08-16T06:16:19Z] Script [extract] result prefix: {"schema_version":"1.3","section":"statistics_second_half","statistic_period":"second_half","source_url":"https://www.flashscore.com/match/football/ac-milan-8Sa8HInO/verona-rJVAIaHo/summary/stats/2nd-half/?mid=Iea8612b","match_id":"Iea8612b","collected_at_utc":"2026-08-16T06:16:19.795Z","page_title":"ACM 1-0 VER | AC Milan v Verona 23/09/2023, Stats - Flashscore.com | Match","competition":"WORLD CUP","status":"FINISHED","date_time":"23.09.2023 17:00","home_team":"AC Milan","away_team":"Verona","
[2026-08-16T06:16:20Z] Stored second_half statistics: 14 rows.
[2026-08-16T06:16:20Z] Merged section: statistics_second_half
[2026-08-16T06:16:20Z] Opening lineups...
[2026-08-16T06:16:20Z] Navigate: https://www.flashscore.com/match/football/ac-milan-8Sa8HInO/verona-rJVAIaHo/summary/lineups/?mid=Iea8612b
[2026-08-16T06:16:22Z] Page loaded. Waiting for statistics DOM...
[2026-08-16T06:16:24Z] Script [readiness] result prefix: {"body_text_length":4337,"ready":true,"row_count":122,"section":"lineups","title":"ACM 1-0 VER | AC Milan v Verona 23/09/2023, Lineups - Flashscore.com | Match"}
[2026-08-16T06:16:24Z] Reading rendered DOM...
[2026-08-16T06:16:24Z] Executing extraction script for phase 4; length: 20701.
[2026-08-16T06:16:24Z] Script [extract] result prefix: {"schema_version":"1.3","section":"lineups","statistic_period":null,"source_url":"https://www.flashscore.com/match/football/ac-milan-8Sa8HInO/verona-rJVAIaHo/summary/lineups/?mid=Iea8612b","match_id":"Iea8612b","collected_at_utc":"2026-08-16T06:16:24.410Z","page_title":"ACM 1-0 VER | AC Milan v Verona 23/09/2023, Lineups - Flashscore.com | Match","competition":"WORLD CUP","status":"FINISHED","date_time":"23.09.2023 17:00","home_team":"AC Milan","away_team":"Verona","score":{"home":"1","away":"0"
[2026-08-16T06:16:24Z] Merged section: lineups
[2026-08-16T06:16:24Z] Italian Serie A 2023/2024: Player Stats are unavailable in the source profile.
[2026-08-16T06:16:24Z] Marked all Player Stats categories as not_available; collection continues.
[2026-08-16T06:16:25Z] Opening commentary...
[2026-08-16T06:16:25Z] Navigate: https://www.flashscore.com/match/football/ac-milan-8Sa8HInO/verona-rJVAIaHo/summary/live-commentary/?mid=Iea8612b
[2026-08-16T06:16:27Z] Page loaded. Waiting for statistics DOM...
[2026-08-16T06:16:28Z] Script [readiness] result prefix: {"body_text_length":10279,"ready":true,"row_count":198,"section":"commentary","title":"ACM 1-0 VER | AC Milan v Verona 23/09/2023 | Football - Flashscore | Match"}
[2026-08-16T06:16:28Z] Reading rendered DOM...
[2026-08-16T06:16:28Z] Executing extraction script for phase 12; length: 11834.
[2026-08-16T06:16:28Z] Script [extract] result prefix: {"schema_version":"1.3","section":"commentary","statistic_period":null,"source_url":"https://www.flashscore.com/match/football/ac-milan-8Sa8HInO/verona-rJVAIaHo/summary/live-commentary/all-comments/?mid=Iea8612b","match_id":"Iea8612b","collected_at_utc":"2026-08-16T06:16:28.653Z","page_title":"ACM 1-0 VER | AC Milan v Verona 23/09/2023 | Football - Flashscore | Match","competition":"WORLD CUP","status":"FINISHED","date_time":"23.09.2023 17:00","home_team":"AC Milan","away_team":"Verona","score":
[2026-08-16T06:16:28Z] Merged section: commentary
[2026-08-16T06:16:28Z] Saving complete match JSON...
[2026-08-16T06:16:28Z] Player Stats category unavailable; status=not_available: top_stats
[2026-08-16T06:16:28Z] Player Stats category unavailable; status=not_available: shots
[2026-08-16T06:16:28Z] Player Stats category unavailable; status=not_available: attack
[2026-08-16T06:16:28Z] Player Stats category unavailable; status=not_available: passes
[2026-08-16T06:16:29Z] Player Stats category unavailable; status=not_available: defense
[2026-08-16T06:16:29Z] Player Stats category unavailable; status=not_available: goalkeeping
[2026-08-16T06:16:29Z] Player Stats category unavailable; status=not_available: general
[2026-08-16T06:16:29Z] Structured goals, cards and VAR events enriched.
[2026-08-16T06:16:29Z] Saved match JSON with 14 statistics: G:\Mirza\VSCode\FlashscoreFootballCollector_\Data\Matches\SerieA\2023_2024\2023-09-23_AC_Milan_vs_Verona_Iea8612b.json
[2026-08-16T06:16:29Z] Finished: 2023-09-23_AC_Milan_vs_Verona_Iea8612b.json
[2026-08-16T06:16:29Z] Opening overall statistics...
[2026-08-16T06:16:29Z] Navigate: https://www.flashscore.com/match/football/juventus-C06aJvIB/sassuolo-QDdvI0zl/summary/stats/overall/?mid=ENhH4uXA
[2026-08-16T06:16:31Z] Page loaded. Waiting for statistics DOM...
[2026-08-16T06:16:32Z] Script [readiness] result prefix: {"body_text_length":3267,"ready":true,"row_count":19,"section":"statistics_overall","title":"SAS 4-2 JUV | Sassuolo v Juventus 23/09/2023, Stats - Flashscore.com | Match"}
[2026-08-16T06:16:32Z] Reading rendered DOM...
[2026-08-16T06:16:32Z] Executing extraction script for phase 0; length: 5174.
[2026-08-16T06:16:32Z] Script [extract] result prefix: {"schema_version":"1.3","section":"statistics_overall","statistic_period":"overall","source_url":"https://www.flashscore.com/match/football/juventus-C06aJvIB/sassuolo-QDdvI0zl/summary/stats/overall/?mid=ENhH4uXA","match_id":"ENhH4uXA","collected_at_utc":"2026-08-16T06:16:32.981Z","page_title":"SAS 4-2 JUV | Sassuolo v Juventus 23/09/2023, Stats - Flashscore.com | Match","competition":"WORLD CUP","status":"FINISHED","date_time":"23.09.2023 20:00","home_team":"Sassuolo","away_team":"Juventus","sco
[2026-08-16T06:16:33Z] Stored overall statistics: 14 rows.
[2026-08-16T06:16:33Z] Merged section: statistics_overall
[2026-08-16T06:16:33Z] Opening 1st half statistics...
[2026-08-16T06:16:33Z] Navigate: https://www.flashscore.com/match/football/juventus-C06aJvIB/sassuolo-QDdvI0zl/summary/stats/1st-half/?mid=ENhH4uXA
[2026-08-16T06:16:35Z] Page loaded. Waiting for statistics DOM...
[2026-08-16T06:16:36Z] Script [readiness] result prefix: {"body_text_length":3259,"ready":true,"row_count":19,"section":"statistics_first_half","title":"SAS 4-2 JUV | Sassuolo v Juventus 23/09/2023, Stats - Flashscore.com | Match"}
[2026-08-16T06:16:36Z] Reading rendered DOM...
[2026-08-16T06:16:36Z] Executing extraction script for phase 1; length: 5174.
[2026-08-16T06:16:37Z] Script [extract] result prefix: {"schema_version":"1.3","section":"statistics_first_half","statistic_period":"first_half","source_url":"https://www.flashscore.com/match/football/juventus-C06aJvIB/sassuolo-QDdvI0zl/summary/stats/1st-half/?mid=ENhH4uXA","match_id":"ENhH4uXA","collected_at_utc":"2026-08-16T06:16:37.067Z","page_title":"SAS 4-2 JUV | Sassuolo v Juventus 23/09/2023, Stats - Flashscore.com | Match","competition":"WORLD CUP","status":"FINISHED","date_time":"23.09.2023 20:00","home_team":"Sassuolo","away_team":"Juventu
[2026-08-16T06:16:37Z] Stored first_half statistics: 14 rows.
[2026-08-16T06:16:37Z] Merged section: statistics_first_half
[2026-08-16T06:16:37Z] Opening 2nd half statistics...
[2026-08-16T06:16:37Z] Navigate: https://www.flashscore.com/match/football/juventus-C06aJvIB/sassuolo-QDdvI0zl/summary/stats/2nd-half/?mid=ENhH4uXA
[2026-08-16T06:16:39Z] Page loaded. Waiting for statistics DOM...
[2026-08-16T06:16:41Z] Script [readiness] result prefix: {"body_text_length":3260,"ready":true,"row_count":19,"section":"statistics_second_half","title":"SAS 4-2 JUV | Sassuolo v Juventus 23/09/2023, Stats - Flashscore.com | Match"}
[2026-08-16T06:16:41Z] Reading rendered DOM...
[2026-08-16T06:16:41Z] Executing extraction script for phase 2; length: 5174.
[2026-08-16T06:16:41Z] Script [extract] result prefix: {"schema_version":"1.3","section":"statistics_second_half","statistic_period":"second_half","source_url":"https://www.flashscore.com/match/football/juventus-C06aJvIB/sassuolo-QDdvI0zl/summary/stats/2nd-half/?mid=ENhH4uXA","match_id":"ENhH4uXA","collected_at_utc":"2026-08-16T06:16:41.726Z","page_title":"SAS 4-2 JUV | Sassuolo v Juventus 23/09/2023, Stats - Flashscore.com | Match","competition":"WORLD CUP","status":"FINISHED","date_time":"23.09.2023 20:00","home_team":"Sassuolo","away_team":"Juven
[2026-08-16T06:16:41Z] Stored second_half statistics: 14 rows.
[2026-08-16T06:16:42Z] Merged section: statistics_second_half
[2026-08-16T06:16:42Z] Opening lineups...
[2026-08-16T06:16:42Z] Navigate: https://www.flashscore.com/match/football/juventus-C06aJvIB/sassuolo-QDdvI0zl/summary/lineups/?mid=ENhH4uXA
[2026-08-16T06:16:45Z] Page loaded. Waiting for statistics DOM...
[2026-08-16T06:16:47Z] Script [readiness] result prefix: {"body_text_length":4328,"ready":true,"row_count":120,"section":"lineups","title":"SAS 4-2 JUV | Sassuolo v Juventus 23/09/2023, Lineups - Flashscore.com | Match"}
[2026-08-16T06:16:47Z] Reading rendered DOM...
[2026-08-16T06:16:47Z] Executing extraction script for phase 4; length: 20701.
[2026-08-16T06:16:47Z] Script [extract] result prefix: {"schema_version":"1.3","section":"lineups","statistic_period":null,"source_url":"https://www.flashscore.com/match/football/juventus-C06aJvIB/sassuolo-QDdvI0zl/summary/lineups/?mid=ENhH4uXA","match_id":"ENhH4uXA","collected_at_utc":"2026-08-16T06:16:47.329Z","page_title":"SAS 4-2 JUV | Sassuolo v Juventus 23/09/2023, Lineups - Flashscore.com | Match","competition":"WORLD CUP","status":"FINISHED","date_time":"23.09.2023 20:00","home_team":"Sassuolo","away_team":"Juventus","score":{"home":"4","awa
[2026-08-16T06:16:47Z] Merged section: lineups
[2026-08-16T06:16:47Z] Italian Serie A 2023/2024: Player Stats are unavailable in the source profile.
[2026-08-16T06:16:47Z] Marked all Player Stats categories as not_available; collection continues.
[2026-08-16T06:16:47Z] Opening commentary...
[2026-08-16T06:16:47Z] Navigate: https://www.flashscore.com/match/football/juventus-C06aJvIB/sassuolo-QDdvI0zl/summary/live-commentary/?mid=ENhH4uXA
[2026-08-16T06:16:56Z] Page loaded. Waiting for statistics DOM...
[2026-08-16T06:16:57Z] Script [readiness] result prefix: {"body_text_length":11175,"ready":true,"row_count":232,"section":"commentary","title":"SAS 4-2 JUV | Sassuolo v Juventus 23/09/2023 | Football - Flashscore | Match"}
[2026-08-16T06:16:57Z] Reading rendered DOM...
[2026-08-16T06:16:58Z] Executing extraction script for phase 12; length: 11834.
[2026-08-16T06:16:58Z] Script [extract] result prefix: {"schema_version":"1.3","section":"commentary","statistic_period":null,"source_url":"https://www.flashscore.com/match/football/juventus-C06aJvIB/sassuolo-QDdvI0zl/summary/live-commentary/all-comments/?mid=ENhH4uXA","match_id":"ENhH4uXA","collected_at_utc":"2026-08-16T06:16:58.237Z","page_title":"SAS 4-2 JUV | Sassuolo v Juventus 23/09/2023 | Football - Flashscore | Match","competition":"WORLD CUP","status":"FINISHED","date_time":"23.09.2023 20:00","home_team":"Sassuolo","away_team":"Juventus","s
[2026-08-16T06:16:58Z] Merged section: commentary
[2026-08-16T06:16:58Z] Saving complete match JSON...
[2026-08-16T06:16:58Z] Player Stats category unavailable; status=not_available: top_stats
[2026-08-16T06:16:58Z] Player Stats category unavailable; status=not_available: shots
[2026-08-16T06:16:58Z] Player Stats category unavailable; status=not_available: attack
[2026-08-16T06:16:58Z] Player Stats category unavailable; status=not_available: passes
[2026-08-16T06:16:58Z] Player Stats category unavailable; status=not_available: defense
[2026-08-16T06:16:58Z] Player Stats category unavailable; status=not_available: goalkeeping
[2026-08-16T06:16:58Z] Player Stats category unavailable; status=not_available: general
[2026-08-16T06:16:58Z] Structured goals, cards and VAR events enriched.
[2026-08-16T06:16:58Z] Saved match JSON with 14 statistics: G:\Mirza\VSCode\FlashscoreFootballCollector_\Data\Matches\SerieA\2023_2024\2023-09-23_Sassuolo_vs_Juventus_ENhH4uXA.json
[2026-08-16T06:16:58Z] Finished: 2023-09-23_Sassuolo_vs_Juventus_ENhH4uXA.json
[2026-08-16T06:16:59Z] Opening overall statistics...
[2026-08-16T06:16:59Z] Navigate: https://www.flashscore.com/match/football/lazio-URcSl02h/monza-4YSMlwj7/summary/stats/overall/?mid=AVe08NXo
[2026-08-16T06:17:01Z] Page loaded. Waiting for statistics DOM...
[2026-08-16T06:17:03Z] Script [readiness] result prefix: {"body_text_length":3234,"ready":true,"row_count":19,"section":"statistics_overall","title":"LAZ 1-1 MON | Lazio v Monza 23/09/2023, Stats - Flashscore.com | Match"}
[2026-08-16T06:17:03Z] Reading rendered DOM...
[2026-08-16T06:17:03Z] Executing extraction script for phase 0; length: 5174.
[2026-08-16T06:17:03Z] Script [extract] result prefix: {"schema_version":"1.3","section":"statistics_overall","statistic_period":"overall","source_url":"https://www.flashscore.com/match/football/lazio-URcSl02h/monza-4YSMlwj7/summary/stats/overall/?mid=AVe08NXo","match_id":"AVe08NXo","collected_at_utc":"2026-08-16T06:17:03.078Z","page_title":"LAZ 1-1 MON | Lazio v Monza 23/09/2023, Stats - Flashscore.com | Match","competition":"WORLD CUP","status":"FINISHED","date_time":"23.09.2023 22:45","home_team":"Lazio","away_team":"Monza","score":{"home":"1","a
[2026-08-16T06:17:03Z] Stored overall statistics: 14 rows.
[2026-08-16T06:17:03Z] Merged section: statistics_overall
[2026-08-16T06:17:03Z] Opening 1st half statistics...
[2026-08-16T06:17:03Z] Navigate: https://www.flashscore.com/match/football/lazio-URcSl02h/monza-4YSMlwj7/summary/stats/1st-half/?mid=AVe08NXo
[2026-08-16T06:17:05Z] Page loaded. Waiting for statistics DOM...
[2026-08-16T06:17:06Z] Script [readiness] result prefix: {"body_text_length":2743,"ready":false,"row_count":0,"section":"statistics_first_half","title":"LAZ 1-1 MON | Lazio v Monza 23/09/2023, Stats - Flashscore.com | Match"}
[2026-08-16T06:17:06Z] DOM not ready; statistic rows: 0
[2026-08-16T06:17:08Z] Script [readiness] result prefix: {"body_text_length":3228,"ready":true,"row_count":19,"section":"statistics_first_half","title":"LAZ 1-1 MON | Lazio v Monza 23/09/2023, Stats - Flashscore.com | Match"}
[2026-08-16T06:17:08Z] Reading rendered DOM...
[2026-08-16T06:17:08Z] Executing extraction script for phase 1; length: 5174.
[2026-08-16T06:17:08Z] Script [extract] result prefix: {"schema_version":"1.3","section":"statistics_first_half","statistic_period":"first_half","source_url":"https://www.flashscore.com/match/football/lazio-URcSl02h/monza-4YSMlwj7/summary/stats/1st-half/?mid=AVe08NXo","match_id":"AVe08NXo","collected_at_utc":"2026-08-16T06:17:08.253Z","page_title":"LAZ 1-1 MON | Lazio v Monza 23/09/2023, Stats - Flashscore.com | Match","competition":"WORLD CUP","status":"FINISHED","date_time":"23.09.2023 22:45","home_team":"Lazio","away_team":"Monza","score":{"home"
[2026-08-16T06:17:08Z] Stored first_half statistics: 14 rows.
[2026-08-16T06:17:08Z] Merged section: statistics_first_half
[2026-08-16T06:17:08Z] Opening 2nd half statistics...
[2026-08-16T06:17:09Z] Navigate: https://www.flashscore.com/match/football/lazio-URcSl02h/monza-4YSMlwj7/summary/stats/2nd-half/?mid=AVe08NXo
[2026-08-16T06:17:11Z] Page loaded. Waiting for statistics DOM...
[2026-08-16T06:17:13Z] Script [readiness] result prefix: {"body_text_length":3227,"ready":true,"row_count":19,"section":"statistics_second_half","title":"LAZ 1-1 MON | Lazio v Monza 23/09/2023, Stats - Flashscore.com | Match"}
[2026-08-16T06:17:13Z] Reading rendered DOM...
[2026-08-16T06:17:13Z] Executing extraction script for phase 2; length: 5174.
[2026-08-16T06:17:13Z] Script [extract] result prefix: {"schema_version":"1.3","section":"statistics_second_half","statistic_period":"second_half","source_url":"https://www.flashscore.com/match/football/lazio-URcSl02h/monza-4YSMlwj7/summary/stats/2nd-half/?mid=AVe08NXo","match_id":"AVe08NXo","collected_at_utc":"2026-08-16T06:17:13.126Z","page_title":"LAZ 1-1 MON | Lazio v Monza 23/09/2023, Stats - Flashscore.com | Match","competition":"WORLD CUP","status":"FINISHED","date_time":"23.09.2023 22:45","home_team":"Lazio","away_team":"Monza","score":{"hom
[2026-08-16T06:17:13Z] Stored second_half statistics: 14 rows.
[2026-08-16T06:17:13Z] Merged section: statistics_second_half
[2026-08-16T06:17:13Z] Opening lineups...
[2026-08-16T06:17:13Z] Navigate: https://www.flashscore.com/match/football/lazio-URcSl02h/monza-4YSMlwj7/summary/lineups/?mid=AVe08NXo
[2026-08-16T06:17:15Z] Page loaded. Waiting for statistics DOM...
[2026-08-16T06:17:16Z] Script [readiness] result prefix: {"body_text_length":4202,"ready":true,"row_count":118,"section":"lineups","title":"LAZ 1-1 MON | Lazio v Monza 23/09/2023, Lineups - Flashscore.com | Match"}
[2026-08-16T06:17:16Z] Reading rendered DOM...
[2026-08-16T06:17:17Z] Executing extraction script for phase 4; length: 20701.
[2026-08-16T06:17:17Z] Script [extract] result prefix: {"schema_version":"1.3","section":"lineups","statistic_period":null,"source_url":"https://www.flashscore.com/match/football/lazio-URcSl02h/monza-4YSMlwj7/summary/lineups/?mid=AVe08NXo","match_id":"AVe08NXo","collected_at_utc":"2026-08-16T06:17:17.421Z","page_title":"LAZ 1-1 MON | Lazio v Monza 23/09/2023, Lineups - Flashscore.com | Match","competition":"WORLD CUP","status":"FINISHED","date_time":"23.09.2023 22:45","home_team":"Lazio","away_team":"Monza","score":{"home":"1","away":"1","display":"
[2026-08-16T06:17:17Z] Merged section: lineups
[2026-08-16T06:17:17Z] Italian Serie A 2023/2024: Player Stats are unavailable in the source profile.
[2026-08-16T06:17:17Z] Marked all Player Stats categories as not_available; collection continues.
[2026-08-16T06:17:17Z] Opening commentary...
[2026-08-16T06:17:17Z] Navigate: https://www.flashscore.com/match/football/lazio-URcSl02h/monza-4YSMlwj7/summary/live-commentary/?mid=AVe08NXo
[2026-08-16T06:17:19Z] Page loaded. Waiting for statistics DOM...
[2026-08-16T06:17:21Z] Script [readiness] result prefix: {"body_text_length":11196,"ready":true,"row_count":210,"section":"commentary","title":"LAZ 1-1 MON | Lazio v Monza 23/09/2023 | Football - Flashscore | Match"}
[2026-08-16T06:17:21Z] Reading rendered DOM...
[2026-08-16T06:17:21Z] Executing extraction script for phase 12; length: 11834.
[2026-08-16T06:17:21Z] Script [extract] result prefix: {"schema_version":"1.3","section":"commentary","statistic_period":null,"source_url":"https://www.flashscore.com/match/football/lazio-URcSl02h/monza-4YSMlwj7/summary/live-commentary/all-comments/?mid=AVe08NXo","match_id":"AVe08NXo","collected_at_utc":"2026-08-16T06:17:21.412Z","page_title":"LAZ 1-1 MON | Lazio v Monza 23/09/2023 | Football - Flashscore | Match","competition":"WORLD CUP","status":"FINISHED","date_time":"23.09.2023 22:45","home_team":"Lazio","away_team":"Monza","score":{"home":"1",
[2026-08-16T06:17:21Z] Merged section: commentary
[2026-08-16T06:17:21Z] Saving complete match JSON...
[2026-08-16T06:17:21Z] Player Stats category unavailable; status=not_available: top_stats
[2026-08-16T06:17:21Z] Player Stats category unavailable; status=not_available: shots
[2026-08-16T06:17:21Z] Player Stats category unavailable; status=not_available: attack
[2026-08-16T06:17:21Z] Player Stats category unavailable; status=not_available: passes
[2026-08-16T06:17:22Z] Player Stats category unavailable; status=not_available: defense
[2026-08-16T06:17:22Z] Player Stats category unavailable; status=not_available: goalkeeping
[2026-08-16T06:17:22Z] Player Stats category unavailable; status=not_available: general
[2026-08-16T06:17:22Z] Structured goals, cards and VAR events enriched.
[2026-08-16T06:17:23Z] Saved match JSON with 14 statistics: G:\Mirza\VSCode\FlashscoreFootballCollector_\Data\Matches\SerieA\2023_2024\2023-09-23_Lazio_vs_Monza_AVe08NXo.json
[2026-08-16T06:17:23Z] Finished: 2023-09-23_Lazio_vs_Monza_AVe08NXo.json
[2026-08-16T06:17:23Z] Opening overall statistics...
[2026-08-16T06:17:23Z] Navigate: https://www.flashscore.com/match/football/empoli-0ESCnI1H/inter-Iw7eKK25/summary/stats/overall/?mid=Wvcd93Iu
[2026-08-16T06:17:25Z] Page loaded. Waiting for statistics DOM...
[2026-08-16T06:17:27Z] Script [readiness] result prefix: {"body_text_length":3241,"ready":true,"row_count":19,"section":"statistics_overall","title":"EMP 0-1 INT | Empoli v Inter 24/09/2023, Stats - Flashscore.com | Match"}
[2026-08-16T06:17:27Z] Reading rendered DOM...
[2026-08-16T06:17:27Z] Executing extraction script for phase 0; length: 5174.
[2026-08-16T06:17:27Z] Script [extract] result prefix: {"schema_version":"1.3","section":"statistics_overall","statistic_period":"overall","source_url":"https://www.flashscore.com/match/football/empoli-0ESCnI1H/inter-Iw7eKK25/summary/stats/overall/?mid=Wvcd93Iu","match_id":"Wvcd93Iu","collected_at_utc":"2026-08-16T06:17:27.419Z","page_title":"EMP 0-1 INT | Empoli v Inter 24/09/2023, Stats - Flashscore.com | Match","competition":"WORLD CUP","status":"FINISHED","date_time":"24.09.2023 14:30","home_team":"Empoli","away_team":"Inter","score":{"home":"0"
[2026-08-16T06:17:27Z] Stored overall statistics: 14 rows.
[2026-08-16T06:17:27Z] Merged section: statistics_overall
[2026-08-16T06:17:27Z] Opening 1st half statistics...
[2026-08-16T06:17:27Z] Navigate: https://www.flashscore.com/match/football/empoli-0ESCnI1H/inter-Iw7eKK25/summary/stats/1st-half/?mid=Wvcd93Iu
[2026-08-16T06:17:30Z] Page loaded. Waiting for statistics DOM...
[2026-08-16T06:17:31Z] Script [readiness] result prefix: {"body_text_length":3235,"ready":true,"row_count":19,"section":"statistics_first_half","title":"EMP 0-1 INT | Empoli v Inter 24/09/2023, Stats - Flashscore.com | Match"}
[2026-08-16T06:17:31Z] Reading rendered DOM...
[2026-08-16T06:17:31Z] Executing extraction script for phase 1; length: 5174.
[2026-08-16T06:17:32Z] Script [extract] result prefix: {"schema_version":"1.3","section":"statistics_first_half","statistic_period":"first_half","source_url":"https://www.flashscore.com/match/football/empoli-0ESCnI1H/inter-Iw7eKK25/summary/stats/1st-half/?mid=Wvcd93Iu","match_id":"Wvcd93Iu","collected_at_utc":"2026-08-16T06:17:31.956Z","page_title":"EMP 0-1 INT | Empoli v Inter 24/09/2023, Stats - Flashscore.com | Match","competition":"WORLD CUP","status":"FINISHED","date_time":"24.09.2023 14:30","home_team":"Empoli","away_team":"Inter","score":{"ho
[2026-08-16T06:17:32Z] Stored first_half statistics: 14 rows.
[2026-08-16T06:17:32Z] Merged section: statistics_first_half
[2026-08-16T06:17:32Z] Opening 2nd half statistics...
[2026-08-16T06:17:32Z] Navigate: https://www.flashscore.com/match/football/empoli-0ESCnI1H/inter-Iw7eKK25/summary/stats/2nd-half/?mid=Wvcd93Iu
[2026-08-16T06:17:34Z] Page loaded. Waiting for statistics DOM...
[2026-08-16T06:17:35Z] Script [readiness] result prefix: {"body_text_length":3236,"ready":true,"row_count":19,"section":"statistics_second_half","title":"EMP 0-1 INT | Empoli v Inter 24/09/2023, Stats - Flashscore.com | Match"}
[2026-08-16T06:17:35Z] Reading rendered DOM...
[2026-08-16T06:17:35Z] Executing extraction script for phase 2; length: 5174.
[2026-08-16T06:17:35Z] Script [extract] result prefix: {"schema_version":"1.3","section":"statistics_second_half","statistic_period":"second_half","source_url":"https://www.flashscore.com/match/football/empoli-0ESCnI1H/inter-Iw7eKK25/summary/stats/2nd-half/?mid=Wvcd93Iu","match_id":"Wvcd93Iu","collected_at_utc":"2026-08-16T06:17:35.964Z","page_title":"EMP 0-1 INT | Empoli v Inter 24/09/2023, Stats - Flashscore.com | Match","competition":"WORLD CUP","status":"FINISHED","date_time":"24.09.2023 14:30","home_team":"Empoli","away_team":"Inter","score":{"
[2026-08-16T06:17:36Z] Stored second_half statistics: 14 rows.
[2026-08-16T06:17:36Z] Merged section: statistics_second_half
[2026-08-16T06:17:36Z] Opening lineups...
[2026-08-16T06:17:36Z] Navigate: https://www.flashscore.com/match/football/empoli-0ESCnI1H/inter-Iw7eKK25/summary/lineups/?mid=Wvcd93Iu
[2026-08-16T06:17:38Z] Page loaded. Waiting for statistics DOM...
[2026-08-16T06:17:39Z] Script [readiness] result prefix: {"body_text_length":4334,"ready":true,"row_count":121,"section":"lineups","title":"EMP 0-1 INT | Empoli v Inter 24/09/2023, Lineups - Flashscore.com | Match"}
[2026-08-16T06:17:39Z] Reading rendered DOM...
[2026-08-16T06:17:39Z] Executing extraction script for phase 4; length: 20701.
[2026-08-16T06:17:39Z] Script [extract] result prefix: {"schema_version":"1.3","section":"lineups","statistic_period":null,"source_url":"https://www.flashscore.com/match/football/empoli-0ESCnI1H/inter-Iw7eKK25/summary/lineups/?mid=Wvcd93Iu","match_id":"Wvcd93Iu","collected_at_utc":"2026-08-16T06:17:39.914Z","page_title":"EMP 0-1 INT | Empoli v Inter 24/09/2023, Lineups - Flashscore.com | Match","competition":"WORLD CUP","status":"FINISHED","date_time":"24.09.2023 14:30","home_team":"Empoli","away_team":"Inter","score":{"home":"0","away":"1","display
[2026-08-16T06:17:39Z] Merged section: lineups
[2026-08-16T06:17:40Z] Italian Serie A 2023/2024: Player Stats are unavailable in the source profile.
[2026-08-16T06:17:40Z] Marked all Player Stats categories as not_available; collection continues.
[2026-08-16T06:17:40Z] Opening commentary...
[2026-08-16T06:17:40Z] Navigate: https://www.flashscore.com/match/football/empoli-0ESCnI1H/inter-Iw7eKK25/summary/live-commentary/?mid=Wvcd93Iu
[2026-08-16T06:17:42Z] Page loaded. Waiting for statistics DOM...
[2026-08-16T06:17:43Z] Script [readiness] result prefix: {"body_text_length":11082,"ready":true,"row_count":204,"section":"commentary","title":"EMP 0-1 INT | Empoli v Inter 24/09/2023 | Football - Flashscore | Match"}
[2026-08-16T06:17:43Z] Reading rendered DOM...
[2026-08-16T06:17:43Z] Executing extraction script for phase 12; length: 11834.
[2026-08-16T06:17:43Z] Script [extract] result prefix: {"schema_version":"1.3","section":"commentary","statistic_period":null,"source_url":"https://www.flashscore.com/match/football/empoli-0ESCnI1H/inter-Iw7eKK25/summary/live-commentary/all-comments/?mid=Wvcd93Iu","match_id":"Wvcd93Iu","collected_at_utc":"2026-08-16T06:17:43.682Z","page_title":"EMP 0-1 INT | Empoli v Inter 24/09/2023 | Football - Flashscore | Match","competition":"WORLD CUP","status":"FINISHED","date_time":"24.09.2023 14:30","home_team":"Empoli","away_team":"Inter","score":{"home":"
[2026-08-16T06:17:43Z] Merged section: commentary
[2026-08-16T06:17:43Z] Saving complete match JSON...
[2026-08-16T06:17:43Z] Player Stats category unavailable; status=not_available: top_stats
[2026-08-16T06:17:43Z] Player Stats category unavailable; status=not_available: shots
[2026-08-16T06:17:43Z] Player Stats category unavailable; status=not_available: attack
[2026-08-16T06:17:43Z] Player Stats category unavailable; status=not_available: passes
[2026-08-16T06:17:43Z] Player Stats category unavailable; status=not_available: defense
[2026-08-16T06:17:43Z] Player Stats category unavailable; status=not_available: goalkeeping
[2026-08-16T06:17:43Z] Player Stats category unavailable; status=not_available: general
[2026-08-16T06:17:43Z] Structured goals, cards and VAR events enriched.
[2026-08-16T06:17:43Z] Saved match JSON with 14 statistics: G:\Mirza\VSCode\FlashscoreFootballCollector_\Data\Matches\SerieA\2023_2024\2023-09-24_Empoli_vs_Inter_Wvcd93Iu.json
[2026-08-16T06:17:44Z] Finished: 2023-09-24_Empoli_vs_Inter_Wvcd93Iu.json
[2026-08-16T06:17:44Z] Opening overall statistics...
[2026-08-16T06:17:44Z] Navigate: https://www.flashscore.com/match/football/fiorentina-Q3A3IbXH/udinese-rXw8YKDE/summary/stats/overall/?mid=pAFlnXGq
[2026-08-16T06:17:47Z] Page loaded. Waiting for statistics DOM...
[2026-08-16T06:17:49Z] Script [readiness] result prefix: {"body_text_length":3271,"ready":true,"row_count":19,"section":"statistics_overall","title":"UDI 0-2 FIO | Udinese v Fiorentina 24/09/2023, Stats - Flashscore.com | Match"}
[2026-08-16T06:17:49Z] Reading rendered DOM...
[2026-08-16T06:17:49Z] Executing extraction script for phase 0; length: 5174.
[2026-08-16T06:17:49Z] Script [extract] result prefix: {"schema_version":"1.3","section":"statistics_overall","statistic_period":"overall","source_url":"https://www.flashscore.com/match/football/fiorentina-Q3A3IbXH/udinese-rXw8YKDE/summary/stats/overall/?mid=pAFlnXGq","match_id":"pAFlnXGq","collected_at_utc":"2026-08-16T06:17:49.225Z","page_title":"UDI 0-2 FIO | Udinese v Fiorentina 24/09/2023, Stats - Flashscore.com | Match","competition":"WORLD CUP","status":"FINISHED","date_time":"24.09.2023 17:00","home_team":"Udinese","away_team":"Fiorentina","
[2026-08-16T06:17:49Z] Stored overall statistics: 14 rows.
[2026-08-16T06:17:49Z] Merged section: statistics_overall
[2026-08-16T06:17:49Z] Opening 1st half statistics...
[2026-08-16T06:17:49Z] Navigate: https://www.flashscore.com/match/football/fiorentina-Q3A3IbXH/udinese-rXw8YKDE/summary/stats/1st-half/?mid=pAFlnXGq
[2026-08-16T06:17:53Z] Page loaded. Waiting for statistics DOM...
[2026-08-16T06:17:54Z] Script [readiness] result prefix: {"body_text_length":3265,"ready":true,"row_count":19,"section":"statistics_first_half","title":"UDI 0-2 FIO | Udinese v Fiorentina 24/09/2023, Stats - Flashscore.com | Match"}
[2026-08-16T06:17:54Z] Reading rendered DOM...
[2026-08-16T06:17:54Z] Executing extraction script for phase 1; length: 5174.
[2026-08-16T06:17:55Z] Script [extract] result prefix: {"schema_version":"1.3","section":"statistics_first_half","statistic_period":"first_half","source_url":"https://www.flashscore.com/match/football/fiorentina-Q3A3IbXH/udinese-rXw8YKDE/summary/stats/1st-half/?mid=pAFlnXGq","match_id":"pAFlnXGq","collected_at_utc":"2026-08-16T06:17:55.006Z","page_title":"UDI 0-2 FIO | Udinese v Fiorentina 24/09/2023, Stats - Flashscore.com | Match","competition":"WORLD CUP","status":"FINISHED","date_time":"24.09.2023 17:00","home_team":"Udinese","away_team":"Fioren
[2026-08-16T06:17:55Z] Stored first_half statistics: 14 rows.
[2026-08-16T06:17:55Z] Merged section: statistics_first_half
[2026-08-16T06:17:55Z] Opening 2nd half statistics...
[2026-08-16T06:17:55Z] Navigate: https://www.flashscore.com/match/football/fiorentina-Q3A3IbXH/udinese-rXw8YKDE/summary/stats/2nd-half/?mid=pAFlnXGq
[2026-08-16T06:17:58Z] Page loaded. Waiting for statistics DOM...
[2026-08-16T06:18:00Z] Script [readiness] result prefix: {"body_text_length":3246,"ready":true,"row_count":18,"section":"statistics_second_half","title":"UDI 0-2 FIO | Udinese v Fiorentina 24/09/2023, Stats - Flashscore.com | Match"}
[2026-08-16T06:18:00Z] Reading rendered DOM...
[2026-08-16T06:18:00Z] Executing extraction script for phase 2; length: 5174.
[2026-08-16T06:18:00Z] Script [extract] result prefix: {"schema_version":"1.3","section":"statistics_second_half","statistic_period":"second_half","source_url":"https://www.flashscore.com/match/football/fiorentina-Q3A3IbXH/udinese-rXw8YKDE/summary/stats/2nd-half/?mid=pAFlnXGq","match_id":"pAFlnXGq","collected_at_utc":"2026-08-16T06:18:00.353Z","page_title":"UDI 0-2 FIO | Udinese v Fiorentina 24/09/2023, Stats - Flashscore.com | Match","competition":"WORLD CUP","status":"FINISHED","date_time":"24.09.2023 17:00","home_team":"Udinese","away_team":"Fior
[2026-08-16T06:18:00Z] Stored second_half statistics: 13 rows.
[2026-08-16T06:18:00Z] Merged section: statistics_second_half
[2026-08-16T06:18:00Z] Opening lineups...
[2026-08-16T06:18:00Z] Navigate: https://www.flashscore.com/match/football/fiorentina-Q3A3IbXH/udinese-rXw8YKDE/summary/lineups/?mid=pAFlnXGq
[2026-08-16T06:18:02Z] Page loaded. Waiting for statistics DOM...
[2026-08-16T06:18:04Z] Script [readiness] result prefix: {"body_text_length":4206,"ready":true,"row_count":118,"section":"lineups","title":"UDI 0-2 FIO | Udinese v Fiorentina 24/09/2023, Lineups - Flashscore.com | Match"}
[2026-08-16T06:18:04Z] Reading rendered DOM...
[2026-08-16T06:18:04Z] Executing extraction script for phase 4; length: 20701.
[2026-08-16T06:18:04Z] Script [extract] result prefix: {"schema_version":"1.3","section":"lineups","statistic_period":null,"source_url":"https://www.flashscore.com/match/football/fiorentina-Q3A3IbXH/udinese-rXw8YKDE/summary/lineups/?mid=pAFlnXGq","match_id":"pAFlnXGq","collected_at_utc":"2026-08-16T06:18:04.213Z","page_title":"UDI 0-2 FIO | Udinese v Fiorentina 24/09/2023, Lineups - Flashscore.com | Match","competition":"WORLD CUP","status":"FINISHED","date_time":"24.09.2023 17:00","home_team":"Udinese","away_team":"Fiorentina","score":{"home":"0","
[2026-08-16T06:18:04Z] Merged section: lineups
[2026-08-16T06:18:04Z] Italian Serie A 2023/2024: Player Stats are unavailable in the source profile.
[2026-08-16T06:18:04Z] Marked all Player Stats categories as not_available; collection continues.
[2026-08-16T06:18:04Z] Opening commentary...
[2026-08-16T06:18:04Z] Navigate: https://www.flashscore.com/match/football/fiorentina-Q3A3IbXH/udinese-rXw8YKDE/summary/live-commentary/?mid=pAFlnXGq
[2026-08-16T06:18:06Z] Page loaded. Waiting for statistics DOM...
[2026-08-16T06:18:07Z] Script [readiness] result prefix: {"body_text_length":12647,"ready":true,"row_count":234,"section":"commentary","title":"UDI 0-2 FIO | Udinese v Fiorentina 24/09/2023 | Football - Flashscore | Match"}
[2026-08-16T06:18:07Z] Reading rendered DOM...
[2026-08-16T06:18:07Z] Executing extraction script for phase 12; length: 11834.
[2026-08-16T06:18:07Z] Script [extract] result prefix: {"schema_version":"1.3","section":"commentary","statistic_period":null,"source_url":"https://www.flashscore.com/match/football/fiorentina-Q3A3IbXH/udinese-rXw8YKDE/summary/live-commentary/all-comments/?mid=pAFlnXGq","match_id":"pAFlnXGq","collected_at_utc":"2026-08-16T06:18:07.747Z","page_title":"UDI 0-2 FIO | Udinese v Fiorentina 24/09/2023 | Football - Flashscore | Match","competition":"WORLD CUP","status":"FINISHED","date_time":"24.09.2023 17:00","home_team":"Udinese","away_team":"Fiorentina"
[2026-08-16T06:18:07Z] Merged section: commentary
[2026-08-16T06:18:07Z] Saving complete match JSON...
[2026-08-16T06:18:08Z] Player Stats category unavailable; status=not_available: top_stats
[2026-08-16T06:18:08Z] Player Stats category unavailable; status=not_available: shots
[2026-08-16T06:18:08Z] Player Stats category unavailable; status=not_available: attack
[2026-08-16T06:18:08Z] Player Stats category unavailable; status=not_available: passes
[2026-08-16T06:18:08Z] Player Stats category unavailable; status=not_available: defense
[2026-08-16T06:18:08Z] Player Stats category unavailable; status=not_available: goalkeeping
[2026-08-16T06:18:08Z] Player Stats category unavailable; status=not_available: general
[2026-08-16T06:18:08Z] Structured goals, cards and VAR events enriched.
[2026-08-16T06:18:08Z] Saved match JSON with 14 statistics: G:\Mirza\VSCode\FlashscoreFootballCollector_\Data\Matches\SerieA\2023_2024\2023-09-24_Udinese_vs_Fiorentina_pAFlnXGq.json
[2026-08-16T06:18:09Z] Finished: 2023-09-24_Udinese_vs_Fiorentina_pAFlnXGq.json
[2026-08-16T06:18:09Z] Opening overall statistics...
[2026-08-16T06:18:09Z] Navigate: https://www.flashscore.com/match/football/atalanta-8C9JjMXu/cagliari-SCGVmKHb/summary/stats/overall/?mid=hEul5i6O
[2026-08-16T06:18:11Z] Page loaded. Waiting for statistics DOM...
[2026-08-16T06:18:13Z] Script [readiness] result prefix: {"body_text_length":3266,"ready":true,"row_count":19,"section":"statistics_overall","title":"ATA 2-0 CAG | Atalanta v Cagliari 24/09/2023, Stats - Flashscore.com | Match"}
[2026-08-16T06:18:13Z] Reading rendered DOM...
[2026-08-16T06:18:13Z] Executing extraction script for phase 0; length: 5174.
[2026-08-16T06:18:13Z] Script [extract] result prefix: {"schema_version":"1.3","section":"statistics_overall","statistic_period":"overall","source_url":"https://www.flashscore.com/match/football/atalanta-8C9JjMXu/cagliari-SCGVmKHb/summary/stats/overall/?mid=hEul5i6O","match_id":"hEul5i6O","collected_at_utc":"2026-08-16T06:18:13.386Z","page_title":"ATA 2-0 CAG | Atalanta v Cagliari 24/09/2023, Stats - Flashscore.com | Match","competition":"WORLD CUP","status":"FINISHED","date_time":"24.09.2023 17:00","home_team":"Atalanta","away_team":"Cagliari","sco
[2026-08-16T06:18:13Z] Stored overall statistics: 14 rows.
[2026-08-16T06:18:13Z] Merged section: statistics_overall
[2026-08-16T06:18:13Z] Opening 1st half statistics...
[2026-08-16T06:18:13Z] Navigate: https://www.flashscore.com/match/football/atalanta-8C9JjMXu/cagliari-SCGVmKHb/summary/stats/1st-half/?mid=hEul5i6O
[2026-08-16T06:18:15Z] Page loaded. Waiting for statistics DOM...
[2026-08-16T06:18:17Z] Script [readiness] result prefix: {"body_text_length":3237,"ready":true,"row_count":19,"section":"statistics_first_half","title":"ATA 2-0 CAG | Atalanta v Cagliari 24/09/2023, Stats - Flashscore.com | Match"}
[2026-08-16T06:18:17Z] Reading rendered DOM...
[2026-08-16T06:18:17Z] Executing extraction script for phase 1; length: 5174.
[2026-08-16T06:18:17Z] Script [extract] result prefix: {"schema_version":"1.3","section":"statistics_first_half","statistic_period":"first_half","source_url":"https://www.flashscore.com/match/football/atalanta-8C9JjMXu/cagliari-SCGVmKHb/summary/stats/1st-half/?mid=hEul5i6O","match_id":"hEul5i6O","collected_at_utc":"2026-08-16T06:18:17.587Z","page_title":"ATA 2-0 CAG | Atalanta v Cagliari 24/09/2023, Stats - Flashscore.com | Match","competition":"WORLD CUP","status":"FINISHED","date_time":"24.09.2023 17:00","home_team":"Atalanta","away_team":"Cagliar
[2026-08-16T06:18:17Z] Stored first_half statistics: 14 rows.
[2026-08-16T06:18:17Z] Merged section: statistics_first_half
[2026-08-16T06:18:17Z] Opening 2nd half statistics...
[2026-08-16T06:18:17Z] Navigate: https://www.flashscore.com/match/football/atalanta-8C9JjMXu/cagliari-SCGVmKHb/summary/stats/2nd-half/?mid=hEul5i6O
[2026-08-16T06:18:19Z] Page loaded. Waiting for statistics DOM...
[2026-08-16T06:18:20Z] Script [readiness] result prefix: {"body_text_length":3237,"ready":true,"row_count":19,"section":"statistics_second_half","title":"ATA 2-0 CAG | Atalanta v Cagliari 24/09/2023, Stats - Flashscore.com | Match"}
[2026-08-16T06:18:20Z] Reading rendered DOM...
[2026-08-16T06:18:20Z] Executing extraction script for phase 2; length: 5174.
[2026-08-16T06:18:21Z] Script [extract] result prefix: {"schema_version":"1.3","section":"statistics_second_half","statistic_period":"second_half","source_url":"https://www.flashscore.com/match/football/atalanta-8C9JjMXu/cagliari-SCGVmKHb/summary/stats/2nd-half/?mid=hEul5i6O","match_id":"hEul5i6O","collected_at_utc":"2026-08-16T06:18:21.191Z","page_title":"ATA 2-0 CAG | Atalanta v Cagliari 24/09/2023, Stats - Flashscore.com | Match","competition":"WORLD CUP","status":"FINISHED","date_time":"24.09.2023 17:00","home_team":"Atalanta","away_team":"Cagli
[2026-08-16T06:18:21Z] Stored second_half statistics: 14 rows.
[2026-08-16T06:18:21Z] Merged section: statistics_second_half
[2026-08-16T06:18:21Z] Opening lineups...
[2026-08-16T06:18:21Z] Navigate: https://www.flashscore.com/match/football/atalanta-8C9JjMXu/cagliari-SCGVmKHb/summary/lineups/?mid=hEul5i6O
[2026-08-16T06:18:23Z] Page loaded. Waiting for statistics DOM...
[2026-08-16T06:18:24Z] Script [readiness] result prefix: {"body_text_length":4428,"ready":true,"row_count":121,"section":"lineups","title":"ATA 2-0 CAG | Atalanta v Cagliari 24/09/2023, Lineups - Flashscore.com | Match"}
[2026-08-16T06:18:24Z] Reading rendered DOM...
[2026-08-16T06:18:24Z] Executing extraction script for phase 4; length: 20701.
[2026-08-16T06:18:25Z] Script [extract] result prefix: {"schema_version":"1.3","section":"lineups","statistic_period":null,"source_url":"https://www.flashscore.com/match/football/atalanta-8C9JjMXu/cagliari-SCGVmKHb/summary/lineups/?mid=hEul5i6O","match_id":"hEul5i6O","collected_at_utc":"2026-08-16T06:18:25.015Z","page_title":"ATA 2-0 CAG | Atalanta v Cagliari 24/09/2023, Lineups - Flashscore.com | Match","competition":"WORLD CUP","status":"FINISHED","date_time":"24.09.2023 17:00","home_team":"Atalanta","away_team":"Cagliari","score":{"home":"2","awa
[2026-08-16T06:18:25Z] Merged section: lineups
[2026-08-16T06:18:25Z] Italian Serie A 2023/2024: Player Stats are unavailable in the source profile.
[2026-08-16T06:18:25Z] Marked all Player Stats categories as not_available; collection continues.
[2026-08-16T06:18:25Z] Opening commentary...
[2026-08-16T06:18:25Z] Navigate: https://www.flashscore.com/match/football/atalanta-8C9JjMXu/cagliari-SCGVmKHb/summary/live-commentary/?mid=hEul5i6O
[2026-08-16T06:18:27Z] Page loaded. Waiting for statistics DOM...
[2026-08-16T06:18:29Z] Script [readiness] result prefix: {"body_text_length":12279,"ready":true,"row_count":249,"section":"commentary","title":"ATA 2-0 CAG | Atalanta v Cagliari 24/09/2023 | Football - Flashscore | Match"}
[2026-08-16T06:18:29Z] Reading rendered DOM...
[2026-08-16T06:18:29Z] Executing extraction script for phase 12; length: 11834.
[2026-08-16T06:18:29Z] Script [extract] result prefix: {"schema_version":"1.3","section":"commentary","statistic_period":null,"source_url":"https://www.flashscore.com/match/football/atalanta-8C9JjMXu/cagliari-SCGVmKHb/summary/live-commentary/all-comments/?mid=hEul5i6O","match_id":"hEul5i6O","collected_at_utc":"2026-08-16T06:18:29.378Z","page_title":"ATA 2-0 CAG | Atalanta v Cagliari 24/09/2023 | Football - Flashscore | Match","competition":"WORLD CUP","status":"FINISHED","date_time":"24.09.2023 17:00","home_team":"Atalanta","away_team":"Cagliari","s
[2026-08-16T06:18:29Z] Merged section: commentary
[2026-08-16T06:18:29Z] Saving complete match JSON...
[2026-08-16T06:18:29Z] Player Stats category unavailable; status=not_available: top_stats
[2026-08-16T06:18:29Z] Player Stats category unavailable; status=not_available: shots
[2026-08-16T06:18:29Z] Player Stats category unavailable; status=not_available: attack
[2026-08-16T06:18:29Z] Player Stats category unavailable; status=not_available: passes
[2026-08-16T06:18:29Z] Player Stats category unavailable; status=not_available: defense
[2026-08-16T06:18:30Z] Player Stats category unavailable; status=not_available: goalkeeping
[2026-08-16T06:18:30Z] Player Stats category unavailable; status=not_available: general
[2026-08-16T06:18:30Z] Structured goals, cards and VAR events enriched.
[2026-08-16T06:18:30Z] Saved match JSON with 14 statistics: G:\Mirza\VSCode\FlashscoreFootballCollector_\Data\Matches\SerieA\2023_2024\2023-09-24_Atalanta_vs_Cagliari_hEul5i6O.json
[2026-08-16T06:18:30Z] Finished: 2023-09-24_Atalanta_vs_Cagliari_hEul5i6O.json
[2026-08-16T06:18:30Z] Opening overall statistics...
[2026-08-16T06:18:30Z] Navigate: https://www.flashscore.com/match/football/bologna-0M9xNN8N/napoli-69Dxbc61/summary/stats/overall/?mid=4lqh4BLU
[2026-08-16T06:18:32Z] Page loaded. Waiting for statistics DOM...
[2026-08-16T06:18:33Z] Script [readiness] result prefix: {"body_text_length":3190,"ready":true,"row_count":17,"section":"statistics_overall","title":"BOL 0-0 NAP | Bologna v Napoli 24/09/2023, Stats - Flashscore.com | Match"}
[2026-08-16T06:18:33Z] Reading rendered DOM...
[2026-08-16T06:18:33Z] Executing extraction script for phase 0; length: 5174.
[2026-08-16T06:18:33Z] Script [extract] result prefix: {"schema_version":"1.3","section":"statistics_overall","statistic_period":"overall","source_url":"https://www.flashscore.com/match/football/bologna-0M9xNN8N/napoli-69Dxbc61/summary/stats/overall/?mid=4lqh4BLU","match_id":"4lqh4BLU","collected_at_utc":"2026-08-16T06:18:33.877Z","page_title":"BOL 0-0 NAP | Bologna v Napoli 24/09/2023, Stats - Flashscore.com | Match","competition":"WORLD CUP","status":"FINISHED","date_time":"24.09.2023 20:00","home_team":"Bologna","away_team":"Napoli","score":{"hom
[2026-08-16T06:18:33Z] Stored overall statistics: 13 rows.
[2026-08-16T06:18:33Z] Merged section: statistics_overall
[2026-08-16T06:18:33Z] Opening 1st half statistics...
[2026-08-16T06:18:33Z] Navigate: https://www.flashscore.com/match/football/bologna-0M9xNN8N/napoli-69Dxbc61/summary/stats/1st-half/?mid=4lqh4BLU
[2026-08-16T06:18:35Z] Page loaded. Waiting for statistics DOM...
[2026-08-16T06:18:37Z] Script [readiness] result prefix: {"body_text_length":3184,"ready":true,"row_count":17,"section":"statistics_first_half","title":"BOL 0-0 NAP | Bologna v Napoli 24/09/2023, Stats - Flashscore.com | Match"}
[2026-08-16T06:18:37Z] Reading rendered DOM...
[2026-08-16T06:18:37Z] Executing extraction script for phase 1; length: 5174.
[2026-08-16T06:18:37Z] Script [extract] result prefix: {"schema_version":"1.3","section":"statistics_first_half","statistic_period":"first_half","source_url":"https://www.flashscore.com/match/football/bologna-0M9xNN8N/napoli-69Dxbc61/summary/stats/1st-half/?mid=4lqh4BLU","match_id":"4lqh4BLU","collected_at_utc":"2026-08-16T06:18:37.390Z","page_title":"BOL 0-0 NAP | Bologna v Napoli 24/09/2023, Stats - Flashscore.com | Match","competition":"WORLD CUP","status":"FINISHED","date_time":"24.09.2023 20:00","home_team":"Bologna","away_team":"Napoli","score
[2026-08-16T06:18:37Z] Stored first_half statistics: 13 rows.
[2026-08-16T06:18:37Z] Merged section: statistics_first_half
[2026-08-16T06:18:38Z] Opening 2nd half statistics...
[2026-08-16T06:18:38Z] Navigate: https://www.flashscore.com/match/football/bologna-0M9xNN8N/napoli-69Dxbc61/summary/stats/2nd-half/?mid=4lqh4BLU
[2026-08-16T06:18:40Z] Page loaded. Waiting for statistics DOM...
[2026-08-16T06:18:41Z] Script [readiness] result prefix: {"body_text_length":3185,"ready":true,"row_count":17,"section":"statistics_second_half","title":"BOL 0-0 NAP | Bologna v Napoli 24/09/2023, Stats - Flashscore.com | Match"}
[2026-08-16T06:18:41Z] Reading rendered DOM...
[2026-08-16T06:18:41Z] Executing extraction script for phase 2; length: 5174.
[2026-08-16T06:18:41Z] Script [extract] result prefix: {"schema_version":"1.3","section":"statistics_second_half","statistic_period":"second_half","source_url":"https://www.flashscore.com/match/football/bologna-0M9xNN8N/napoli-69Dxbc61/summary/stats/2nd-half/?mid=4lqh4BLU","match_id":"4lqh4BLU","collected_at_utc":"2026-08-16T06:18:41.630Z","page_title":"BOL 0-0 NAP | Bologna v Napoli 24/09/2023, Stats - Flashscore.com | Match","competition":"WORLD CUP","status":"FINISHED","date_time":"24.09.2023 20:00","home_team":"Bologna","away_team":"Napoli","sco
[2026-08-16T06:18:41Z] Stored second_half statistics: 13 rows.
[2026-08-16T06:18:41Z] Merged section: statistics_second_half
[2026-08-16T06:18:41Z] Opening lineups...
[2026-08-16T06:18:42Z] Navigate: https://www.flashscore.com/match/football/bologna-0M9xNN8N/napoli-69Dxbc61/summary/lineups/?mid=4lqh4BLU
[2026-08-16T06:18:44Z] Page loaded. Waiting for statistics DOM...
[2026-08-16T06:18:45Z] Script [readiness] result prefix: {"body_text_length":4349,"ready":true,"row_count":120,"section":"lineups","title":"BOL 0-0 NAP | Bologna v Napoli 24/09/2023, Lineups - Flashscore.com | Match"}
[2026-08-16T06:18:45Z] Reading rendered DOM...
[2026-08-16T06:18:46Z] Executing extraction script for phase 4; length: 20701.
[2026-08-16T06:18:46Z] Script [extract] result prefix: {"schema_version":"1.3","section":"lineups","statistic_period":null,"source_url":"https://www.flashscore.com/match/football/bologna-0M9xNN8N/napoli-69Dxbc61/summary/lineups/?mid=4lqh4BLU","match_id":"4lqh4BLU","collected_at_utc":"2026-08-16T06:18:46.190Z","page_title":"BOL 0-0 NAP | Bologna v Napoli 24/09/2023, Lineups - Flashscore.com | Match","competition":"WORLD CUP","status":"FINISHED","date_time":"24.09.2023 20:00","home_team":"Bologna","away_team":"Napoli","score":{"home":"0","away":"0","d
[2026-08-16T06:18:46Z] Merged section: lineups
[2026-08-16T06:18:46Z] Italian Serie A 2023/2024: Player Stats are unavailable in the source profile.
[2026-08-16T06:18:46Z] Marked all Player Stats categories as not_available; collection continues.
[2026-08-16T06:18:46Z] Opening commentary...
[2026-08-16T06:18:46Z] Navigate: https://www.flashscore.com/match/football/bologna-0M9xNN8N/napoli-69Dxbc61/summary/live-commentary/?mid=4lqh4BLU
[2026-08-16T06:18:48Z] Page loaded. Waiting for statistics DOM...
[2026-08-16T06:18:49Z] Script [readiness] result prefix: {"body_text_length":2692,"ready":false,"row_count":0,"section":"commentary","title":"BOL 0-0 NAP | Bologna v Napoli 24/09/2023 | Football - Flashscore | Match"}
[2026-08-16T06:18:49Z] DOM not ready; statistic rows: 0
[2026-08-16T06:18:51Z] Script [readiness] result prefix: {"body_text_length":11801,"ready":true,"row_count":240,"section":"commentary","title":"BOL 0-0 NAP | Bologna v Napoli 24/09/2023 | Football - Flashscore | Match"}
[2026-08-16T06:18:51Z] Reading rendered DOM...
[2026-08-16T06:18:51Z] Executing extraction script for phase 12; length: 11834.
[2026-08-16T06:18:51Z] Script [extract] result prefix: {"schema_version":"1.3","section":"commentary","statistic_period":null,"source_url":"https://www.flashscore.com/match/football/bologna-0M9xNN8N/napoli-69Dxbc61/summary/live-commentary/all-comments/?mid=4lqh4BLU","match_id":"4lqh4BLU","collected_at_utc":"2026-08-16T06:18:51.376Z","page_title":"BOL 0-0 NAP | Bologna v Napoli 24/09/2023 | Football - Flashscore | Match","competition":"WORLD CUP","status":"FINISHED","date_time":"24.09.2023 20:00","home_team":"Bologna","away_team":"Napoli","score":{"h
[2026-08-16T06:18:51Z] Merged section: commentary
[2026-08-16T06:18:51Z] Saving complete match JSON...
[2026-08-16T06:18:51Z] Player Stats category unavailable; status=not_available: top_stats
[2026-08-16T06:18:51Z] Player Stats category unavailable; status=not_available: shots
[2026-08-16T06:18:51Z] Player Stats category unavailable; status=not_available: attack
[2026-08-16T06:18:51Z] Player Stats category unavailable; status=not_available: passes
[2026-08-16T06:18:51Z] Player Stats category unavailable; status=not_available: defense
[2026-08-16T06:18:51Z] Player Stats category unavailable; status=not_available: goalkeeping
[2026-08-16T06:18:51Z] Player Stats category unavailable; status=not_available: general
[2026-08-16T06:18:51Z] Structured goals, cards and VAR events enriched.
[2026-08-16T06:18:51Z] Saved match JSON with 13 statistics: G:\Mirza\VSCode\FlashscoreFootballCollector_\Data\Matches\SerieA\2023_2024\2023-09-24_Bologna_vs_Napoli_4lqh4BLU.json
[2026-08-16T06:18:51Z] Finished: 2023-09-24_Bologna_vs_Napoli_4lqh4BLU.json
[2026-08-16T06:18:51Z] Opening overall statistics...
[2026-08-16T06:18:52Z] Navigate: https://www.flashscore.com/match/football/as-roma-zVqqL0ma/torino-MZFZnvX4/summary/stats/overall/?mid=8phL3anH
[2026-08-16T06:18:54Z] Page loaded. Waiting for statistics DOM...
[2026-08-16T06:18:55Z] Script [readiness] result prefix: {"body_text_length":3248,"ready":true,"row_count":19,"section":"statistics_overall","title":"TOR 1-1 ROM | Torino v AS Roma 24/09/2023, Stats - Flashscore.com | Match"}
[2026-08-16T06:18:55Z] Reading rendered DOM...
[2026-08-16T06:18:56Z] Executing extraction script for phase 0; length: 5174.
[2026-08-16T06:18:56Z] Script [extract] result prefix: {"schema_version":"1.3","section":"statistics_overall","statistic_period":"overall","source_url":"https://www.flashscore.com/match/football/as-roma-zVqqL0ma/torino-MZFZnvX4/summary/stats/overall/?mid=8phL3anH","match_id":"8phL3anH","collected_at_utc":"2026-08-16T06:18:56.043Z","page_title":"TOR 1-1 ROM | Torino v AS Roma 24/09/2023, Stats - Flashscore.com | Match","competition":"WORLD CUP","status":"FINISHED","date_time":"24.09.2023 22:45","home_team":"Torino","away_team":"AS Roma","score":{"hom
[2026-08-16T06:18:56Z] Stored overall statistics: 14 rows.
[2026-08-16T06:18:56Z] Merged section: statistics_overall
[2026-08-16T06:18:56Z] Opening 1st half statistics...
[2026-08-16T06:18:56Z] Navigate: https://www.flashscore.com/match/football/as-roma-zVqqL0ma/torino-MZFZnvX4/summary/stats/1st-half/?mid=8phL3anH
[2026-08-16T06:18:58Z] Page loaded. Waiting for statistics DOM...
[2026-08-16T06:19:00Z] Script [readiness] result prefix: {"body_text_length":3226,"ready":true,"row_count":18,"section":"statistics_first_half","title":"TOR 1-1 ROM | Torino v AS Roma 24/09/2023, Stats - Flashscore.com | Match"}
[2026-08-16T06:19:00Z] Reading rendered DOM...
[2026-08-16T06:19:00Z] Executing extraction script for phase 1; length: 5174.
[2026-08-16T06:19:00Z] Script [extract] result prefix: {"schema_version":"1.3","section":"statistics_first_half","statistic_period":"first_half","source_url":"https://www.flashscore.com/match/football/as-roma-zVqqL0ma/torino-MZFZnvX4/summary/stats/1st-half/?mid=8phL3anH","match_id":"8phL3anH","collected_at_utc":"2026-08-16T06:19:00.172Z","page_title":"TOR 1-1 ROM | Torino v AS Roma 24/09/2023, Stats - Flashscore.com | Match","competition":"WORLD CUP","status":"FINISHED","date_time":"24.09.2023 22:45","home_team":"Torino","away_team":"AS Roma","score
[2026-08-16T06:19:00Z] Stored first_half statistics: 13 rows.
[2026-08-16T06:19:00Z] Merged section: statistics_first_half
[2026-08-16T06:19:00Z] Opening 2nd half statistics...
[2026-08-16T06:19:00Z] Navigate: https://www.flashscore.com/match/football/as-roma-zVqqL0ma/torino-MZFZnvX4/summary/stats/2nd-half/?mid=8phL3anH
[2026-08-16T06:19:02Z] Page loaded. Waiting for statistics DOM...
[2026-08-16T06:19:04Z] Script [readiness] result prefix: {"body_text_length":3243,"ready":true,"row_count":19,"section":"statistics_second_half","title":"TOR 1-1 ROM | Torino v AS Roma 24/09/2023, Stats - Flashscore.com | Match"}
[2026-08-16T06:19:04Z] Reading rendered DOM...
[2026-08-16T06:19:04Z] Executing extraction script for phase 2; length: 5174.
[2026-08-16T06:19:04Z] Script [extract] result prefix: {"schema_version":"1.3","section":"statistics_second_half","statistic_period":"second_half","source_url":"https://www.flashscore.com/match/football/as-roma-zVqqL0ma/torino-MZFZnvX4/summary/stats/2nd-half/?mid=8phL3anH","match_id":"8phL3anH","collected_at_utc":"2026-08-16T06:19:04.296Z","page_title":"TOR 1-1 ROM | Torino v AS Roma 24/09/2023, Stats - Flashscore.com | Match","competition":"WORLD CUP","status":"FINISHED","date_time":"24.09.2023 22:45","home_team":"Torino","away_team":"AS Roma","sco
[2026-08-16T06:19:04Z] Stored second_half statistics: 14 rows.
[2026-08-16T06:19:04Z] Merged section: statistics_second_half
[2026-08-16T06:19:04Z] Opening lineups...
[2026-08-16T06:19:04Z] Navigate: https://www.flashscore.com/match/football/as-roma-zVqqL0ma/torino-MZFZnvX4/summary/lineups/?mid=8phL3anH
[2026-08-16T06:19:06Z] Page loaded. Waiting for statistics DOM...
[2026-08-16T06:19:08Z] Script [readiness] result prefix: {"body_text_length":4057,"ready":true,"row_count":106,"section":"lineups","title":"TOR 1-1 ROM | Torino v AS Roma 24/09/2023, Lineups - Flashscore.com | Match"}
[2026-08-16T06:19:08Z] Reading rendered DOM...
[2026-08-16T06:19:08Z] Executing extraction script for phase 4; length: 20701.
[2026-08-16T06:19:08Z] Script [extract] result prefix: {"schema_version":"1.3","section":"lineups","statistic_period":null,"source_url":"https://www.flashscore.com/match/football/as-roma-zVqqL0ma/torino-MZFZnvX4/summary/lineups/?mid=8phL3anH","match_id":"8phL3anH","collected_at_utc":"2026-08-16T06:19:08.493Z","page_title":"TOR 1-1 ROM | Torino v AS Roma 24/09/2023, Lineups - Flashscore.com | Match","competition":"WORLD CUP","status":"FINISHED","date_time":"24.09.2023 22:45","home_team":"Torino","away_team":"AS Roma","score":{"home":"1","away":"1","d
[2026-08-16T06:19:08Z] Merged section: lineups
[2026-08-16T06:19:08Z] Italian Serie A 2023/2024: Player Stats are unavailable in the source profile.
[2026-08-16T06:19:09Z] Marked all Player Stats categories as not_available; collection continues.
[2026-08-16T06:19:09Z] Opening commentary...
[2026-08-16T06:19:09Z] Navigate: https://www.flashscore.com/match/football/as-roma-zVqqL0ma/torino-MZFZnvX4/summary/live-commentary/?mid=8phL3anH
[2026-08-16T06:19:10Z] Page loaded. Waiting for statistics DOM...
[2026-08-16T06:19:12Z] Script [readiness] result prefix: {"body_text_length":11545,"ready":true,"row_count":204,"section":"commentary","title":"TOR 1-1 ROM | Torino v AS Roma 24/09/2023 | Football - Flashscore | Match"}
[2026-08-16T06:19:12Z] Reading rendered DOM...
[2026-08-16T06:19:12Z] Executing extraction script for phase 12; length: 11834.
[2026-08-16T06:19:12Z] Script [extract] result prefix: {"schema_version":"1.3","section":"commentary","statistic_period":null,"source_url":"https://www.flashscore.com/match/football/as-roma-zVqqL0ma/torino-MZFZnvX4/summary/live-commentary/all-comments/?mid=8phL3anH","match_id":"8phL3anH","collected_at_utc":"2026-08-16T06:19:12.359Z","page_title":"TOR 1-1 ROM | Torino v AS Roma 24/09/2023 | Football - Flashscore | Match","competition":"WORLD CUP","status":"FINISHED","date_time":"24.09.2023 22:45","home_team":"Torino","away_team":"AS Roma","score":{"h
[2026-08-16T06:19:12Z] Merged section: commentary
[2026-08-16T06:19:12Z] Saving complete match JSON...
[2026-08-16T06:19:12Z] Player Stats category unavailable; status=not_available: top_stats
[2026-08-16T06:19:12Z] Player Stats category unavailable; status=not_available: shots
[2026-08-16T06:19:12Z] Player Stats category unavailable; status=not_available: attack
[2026-08-16T06:19:12Z] Player Stats category unavailable; status=not_available: passes
[2026-08-16T06:19:12Z] Player Stats category unavailable; status=not_available: defense
[2026-08-16T06:19:12Z] Player Stats category unavailable; status=not_available: goalkeeping
[2026-08-16T06:19:12Z] Player Stats category unavailable; status=not_available: general
[2026-08-16T06:19:12Z] Structured goals, cards and VAR events enriched.
[2026-08-16T06:19:12Z] Saved match JSON with 14 statistics: G:\Mirza\VSCode\FlashscoreFootballCollector_\Data\Matches\SerieA\2023_2024\2023-09-24_Torino_vs_AS_Roma_8phL3anH.json
[2026-08-16T06:19:12Z] Finished: 2023-09-24_Torino_vs_AS_Roma_8phL3anH.json
[2026-08-16T06:19:12Z] Opening overall statistics...
[2026-08-16T06:19:12Z] Navigate: https://www.flashscore.com/match/football/juventus-C06aJvIB/lecce-G8lYsMgU/summary/stats/overall/?mid=vqRq6h8F
[2026-08-16T06:19:15Z] Page loaded. Waiting for statistics DOM...
[2026-08-16T06:19:17Z] Script [readiness] result prefix: {"body_text_length":3259,"ready":true,"row_count":20,"section":"statistics_overall","title":"JUV 1-0 LEC | Juventus v Lecce 26/09/2023, Stats - Flashscore.com | Match"}
[2026-08-16T06:19:17Z] Reading rendered DOM...
[2026-08-16T06:19:17Z] Executing extraction script for phase 0; length: 5174.
[2026-08-16T06:19:17Z] Script [extract] result prefix: {"schema_version":"1.3","section":"statistics_overall","statistic_period":"overall","source_url":"https://www.flashscore.com/match/football/juventus-C06aJvIB/lecce-G8lYsMgU/summary/stats/overall/?mid=vqRq6h8F","match_id":"vqRq6h8F","collected_at_utc":"2026-08-16T06:19:17.336Z","page_title":"JUV 1-0 LEC | Juventus v Lecce 26/09/2023, Stats - Flashscore.com | Match","competition":"WORLD CUP","status":"FINISHED","date_time":"26.09.2023 22:45","home_team":"Juventus","away_team":"Lecce","score":{"hom
[2026-08-16T06:19:17Z] Stored overall statistics: 15 rows.
[2026-08-16T06:19:17Z] Merged section: statistics_overall
[2026-08-16T06:19:17Z] Opening 1st half statistics...
[2026-08-16T06:19:17Z] Navigate: https://www.flashscore.com/match/football/juventus-C06aJvIB/lecce-G8lYsMgU/summary/stats/1st-half/?mid=vqRq6h8F
[2026-08-16T06:19:19Z] Page loaded. Waiting for statistics DOM...
[2026-08-16T06:19:21Z] Script [readiness] result prefix: {"body_text_length":3220,"ready":true,"row_count":19,"section":"statistics_first_half","title":"JUV 1-0 LEC | Juventus v Lecce 26/09/2023, Stats - Flashscore.com | Match"}
[2026-08-16T06:19:21Z] Reading rendered DOM...
[2026-08-16T06:19:21Z] Executing extraction script for phase 1; length: 5174.
[2026-08-16T06:19:21Z] Script [extract] result prefix: {"schema_version":"1.3","section":"statistics_first_half","statistic_period":"first_half","source_url":"https://www.flashscore.com/match/football/juventus-C06aJvIB/lecce-G8lYsMgU/summary/stats/1st-half/?mid=vqRq6h8F","match_id":"vqRq6h8F","collected_at_utc":"2026-08-16T06:19:21.141Z","page_title":"JUV 1-0 LEC | Juventus v Lecce 26/09/2023, Stats - Flashscore.com | Match","competition":"WORLD CUP","status":"FINISHED","date_time":"26.09.2023 22:45","home_team":"Juventus","away_team":"Lecce","score
[2026-08-16T06:19:21Z] Stored first_half statistics: 14 rows.
[2026-08-16T06:19:21Z] Merged section: statistics_first_half
[2026-08-16T06:19:21Z] Opening 2nd half statistics...
[2026-08-16T06:19:21Z] Navigate: https://www.flashscore.com/match/football/juventus-C06aJvIB/lecce-G8lYsMgU/summary/stats/2nd-half/?mid=vqRq6h8F
[2026-08-16T06:19:23Z] Page loaded. Waiting for statistics DOM...
[2026-08-16T06:19:25Z] Script [readiness] result prefix: {"body_text_length":3254,"ready":true,"row_count":20,"section":"statistics_second_half","title":"JUV 1-0 LEC | Juventus v Lecce 26/09/2023, Stats - Flashscore.com | Match"}
[2026-08-16T06:19:25Z] Reading rendered DOM...
[2026-08-16T06:19:25Z] Executing extraction script for phase 2; length: 5174.
[2026-08-16T06:19:25Z] Script [extract] result prefix: {"schema_version":"1.3","section":"statistics_second_half","statistic_period":"second_half","source_url":"https://www.flashscore.com/match/football/juventus-C06aJvIB/lecce-G8lYsMgU/summary/stats/2nd-half/?mid=vqRq6h8F","match_id":"vqRq6h8F","collected_at_utc":"2026-08-16T06:19:25.432Z","page_title":"JUV 1-0 LEC | Juventus v Lecce 26/09/2023, Stats - Flashscore.com | Match","competition":"WORLD CUP","status":"FINISHED","date_time":"26.09.2023 22:45","home_team":"Juventus","away_team":"Lecce","sco
[2026-08-16T06:19:25Z] Stored second_half statistics: 15 rows.
[2026-08-16T06:19:25Z] Merged section: statistics_second_half
[2026-08-16T06:19:25Z] Opening lineups...
[2026-08-16T06:19:25Z] Navigate: https://www.flashscore.com/match/football/juventus-C06aJvIB/lecce-G8lYsMgU/summary/lineups/?mid=vqRq6h8F
