[2026-08-16T05:09:43Z] Discovering complete competition season from the selected results page...
[2026-08-16T05:09:43Z] Discovering tournament matches...
[2026-08-16T05:09:43Z] Discovery navigate: https://www.flashscore.com/football/england/premier-league-2023-2024/results/
[2026-08-16T05:09:47Z] Tournament page loaded. Waiting for match list...
[2026-08-16T05:09:49Z] Reading tournament match list...
[2026-08-16T05:09:49Z] Script [discover_matches] result prefix: {"section":"match_discovery","page_url":"https://www.flashscore.com/football/england/premier-league-2023-2024/results/","page_title":"Premier League 2023/2024 Results - Football/England","body_text_length":6608,"event_node_count":103,"anchor_count":133,"match_count":103,"final_tournament_limit":0,"load_more_clicked":true,"matches":[{"match_id":"jXP8f29S","url":"https://www.flashscore.com/match/football/arsenal-hA1Zm19f/everton-KluSTr9s/summary/stats/overall/?mid=jXP8f29S","text":"19.05.2024 Arse
[2026-08-16T05:09:49Z] WARNING: Discovery anchor was not found on the results page: 
[2026-08-16T05:09:49Z] Discovery page returned 103 matches; 0 added. Event nodes: 103; anchors: 133; body text: 6608.
[2026-08-16T05:09:49Z] Flashscore Show more clicked; waiting for additional matches...
[2026-08-16T05:09:50Z] Reading tournament match list...
[2026-08-16T05:09:50Z] Script [discover_matches] result prefix: {"section":"match_discovery","page_url":"https://www.flashscore.com/football/england/premier-league-2023-2024/results/","page_title":"Premier League 2023/2024 Results - Football/England","body_text_length":10223,"event_node_count":202,"anchor_count":232,"match_count":202,"final_tournament_limit":0,"load_more_clicked":true,"matches":[{"match_id":"jXP8f29S","url":"https://www.flashscore.com/match/football/arsenal-hA1Zm19f/everton-KluSTr9s/summary/stats/overall/?mid=jXP8f29S","text":"19.05.2024 Ars
[2026-08-16T05:09:50Z] WARNING: Discovery anchor was not found on the results page: 
[2026-08-16T05:09:50Z] Discovery page returned 202 matches; 0 added. Event nodes: 202; anchors: 232; body text: 10223.
[2026-08-16T05:09:50Z] Flashscore Show more clicked; waiting for additional matches...
[2026-08-16T05:09:52Z] Reading tournament match list...
[2026-08-16T05:09:52Z] Script [discover_matches] result prefix: {"section":"match_discovery","page_url":"https://www.flashscore.com/football/england/premier-league-2023-2024/results/","page_title":"Premier League 2023/2024 Results - Football/England","body_text_length":13790,"event_node_count":300,"anchor_count":330,"match_count":300,"final_tournament_limit":0,"load_more_clicked":true,"matches":[{"match_id":"jXP8f29S","url":"https://www.flashscore.com/match/football/arsenal-hA1Zm19f/everton-KluSTr9s/summary/stats/overall/?mid=jXP8f29S","text":"19.05.2024 Ars
[2026-08-16T05:09:52Z] WARNING: Discovery anchor was not found on the results page: 
[2026-08-16T05:09:52Z] Discovery page returned 300 matches; 0 added. Event nodes: 300; anchors: 330; body text: 13790.
[2026-08-16T05:09:52Z] Flashscore Show more clicked; waiting for additional matches...
[2026-08-16T05:09:53Z] Reading tournament match list...
[2026-08-16T05:09:53Z] Script [discover_matches] result prefix: {"section":"match_discovery","page_url":"https://www.flashscore.com/football/england/premier-league-2023-2024/results/","page_title":"Premier League 2023/2024 Results - Football/England","body_text_length":16686,"event_node_count":380,"anchor_count":410,"match_count":380,"final_tournament_limit":0,"load_more_clicked":false,"matches":[{"match_id":"jXP8f29S","url":"https://www.flashscore.com/match/football/arsenal-hA1Zm19f/everton-KluSTr9s/summary/stats/overall/?mid=jXP8f29S","text":"19.05.2024 Ar
[2026-08-16T05:09:53Z] WARNING: Discovery anchor was not found on the results page: 
[2026-08-16T05:09:53Z] Discovery page returned 380 matches; 0 added. Event nodes: 380; anchors: 410; body text: 16686.
[2026-08-16T05:09:53Z] Season discovery finished. Discovered 0 matches.
[2026-08-16T05:09:53Z] English Premier League 2023/2024 discovery is incomplete: expected 380 matches, discovered 0. Collection was not started.
[2026-08-16T05:12:01Z] Discovering complete competition season from the selected results page...
[2026-08-16T05:12:01Z] Discovering tournament matches...
[2026-08-16T05:12:01Z] Discovery navigate: https://www.flashscore.com/football/england/premier-league-2023-2024/results/
[2026-08-16T05:12:03Z] Tournament page loaded. Waiting for match list...
[2026-08-16T05:12:04Z] Reading tournament match list...
[2026-08-16T05:12:04Z] Script [discover_matches] result prefix: {"section":"match_discovery","page_url":"https://www.flashscore.com/football/england/premier-league-2023-2024/results/","page_title":"Premier League 2023/2024 Results - Football/England","body_text_length":6608,"event_node_count":103,"anchor_count":133,"match_count":103,"final_tournament_limit":0,"load_more_clicked":true,"matches":[{"match_id":"jXP8f29S","url":"https://www.flashscore.com/match/football/arsenal-hA1Zm19f/everton-KluSTr9s/summary/stats/overall/?mid=jXP8f29S","text":"19.05.2024 Arse
[2026-08-16T05:12:04Z] Discovery snapshot is partial (103 matches rendered). Flashscore Show more clicked; waiting for earlier rounds...
[2026-08-16T05:12:06Z] Reading tournament match list...
[2026-08-16T05:12:06Z] Script [discover_matches] result prefix: {"section":"match_discovery","page_url":"https://www.flashscore.com/football/england/premier-league-2023-2024/results/","page_title":"Premier League 2023/2024 Results - Football/England","body_text_length":6590,"event_node_count":103,"anchor_count":133,"match_count":103,"final_tournament_limit":0,"load_more_clicked":false,"matches":[{"match_id":"jXP8f29S","url":"https://www.flashscore.com/match/football/arsenal-hA1Zm19f/everton-KluSTr9s/summary/stats/overall/?mid=jXP8f29S","text":"19.05.2024 Ars
[2026-08-16T05:12:07Z] Discovery page returned 103 matches; 103 added. Event nodes: 103; anchors: 133; body text: 6590.
[2026-08-16T05:12:07Z] Season discovery finished. Discovered 103 matches.
[2026-08-16T05:12:07Z] English Premier League 2023/2024 discovery is incomplete: expected 380 matches, discovered 103. Collection was not started.
[2026-08-16T05:12:23Z] Discovering complete competition season from the selected results page...
[2026-08-16T05:12:23Z] Discovering tournament matches...
[2026-08-16T05:12:23Z] Discovery navigate: https://www.flashscore.com/football/england/premier-league-2023-2024/results/
[2026-08-16T05:12:25Z] Tournament page loaded. Waiting for match list...
[2026-08-16T05:12:26Z] Reading tournament match list...
[2026-08-16T05:12:26Z] Script [discover_matches] result prefix: {"section":"match_discovery","page_url":"https://www.flashscore.com/football/england/premier-league-2023-2024/results/","page_title":"Premier League 2023/2024 Results - Football/England","body_text_length":6608,"event_node_count":103,"anchor_count":133,"match_count":103,"final_tournament_limit":0,"load_more_clicked":true,"matches":[{"match_id":"jXP8f29S","url":"https://www.flashscore.com/match/football/arsenal-hA1Zm19f/everton-KluSTr9s/summary/stats/overall/?mid=jXP8f29S","text":"19.05.2024 Arse
[2026-08-16T05:12:26Z] Discovery snapshot is partial (103 matches rendered). Flashscore Show more clicked; waiting for earlier rounds...
[2026-08-16T05:12:28Z] Reading tournament match list...
[2026-08-16T05:12:28Z] Script [discover_matches] result prefix: {"section":"match_discovery","page_url":"https://www.flashscore.com/football/england/premier-league-2023-2024/results/","page_title":"Premier League 2023/2024 Results - Football/England","body_text_length":6590,"event_node_count":103,"anchor_count":133,"match_count":103,"final_tournament_limit":0,"load_more_clicked":false,"matches":[{"match_id":"jXP8f29S","url":"https://www.flashscore.com/match/football/arsenal-hA1Zm19f/everton-KluSTr9s/summary/stats/overall/?mid=jXP8f29S","text":"19.05.2024 Ars
[2026-08-16T05:12:29Z] Discovery page returned 103 matches; 103 added. Event nodes: 103; anchors: 133; body text: 6590.
[2026-08-16T05:12:29Z] Season discovery finished. Discovered 103 matches.
[2026-08-16T05:12:29Z] English Premier League 2023/2024 discovery is incomplete: expected 380 matches, discovered 103. Collection was not started.
[2026-08-16T05:12:56Z] Discovering complete competition season from the selected results page...
[2026-08-16T05:12:56Z] Discovering tournament matches...
[2026-08-16T05:12:56Z] Discovery navigate: https://www.flashscore.com/football/england/premier-league-2023-2024/results/
[2026-08-16T05:12:57Z] Tournament page loaded. Waiting for match list...
[2026-08-16T05:12:59Z] Reading tournament match list...
[2026-08-16T05:12:59Z] Script [discover_matches] result prefix: {"section":"match_discovery","page_url":"https://www.flashscore.com/football/england/premier-league-2023-2024/results/","page_title":"Premier League 2023/2024 Results - Football/England","body_text_length":6608,"event_node_count":103,"anchor_count":133,"match_count":103,"final_tournament_limit":0,"load_more_clicked":true,"matches":[{"match_id":"jXP8f29S","url":"https://www.flashscore.com/match/football/arsenal-hA1Zm19f/everton-KluSTr9s/summary/stats/overall/?mid=jXP8f29S","text":"19.05.2024 Arse
[2026-08-16T05:12:59Z] WARNING: Discovery anchor was not found on the results page: 
[2026-08-16T05:12:59Z] Discovery page returned 103 matches; 0 added. Event nodes: 103; anchors: 133; body text: 6608.
[2026-08-16T05:12:59Z] Flashscore Show more clicked; waiting for additional matches...
[2026-08-16T05:13:00Z] Reading tournament match list...
[2026-08-16T05:13:00Z] Script [discover_matches] result prefix: {"section":"match_discovery","page_url":"https://www.flashscore.com/football/england/premier-league-2023-2024/results/","page_title":"Premier League 2023/2024 Results - Football/England","body_text_length":6590,"event_node_count":103,"anchor_count":133,"match_count":103,"final_tournament_limit":0,"load_more_clicked":false,"matches":[{"match_id":"jXP8f29S","url":"https://www.flashscore.com/match/football/arsenal-hA1Zm19f/everton-KluSTr9s/summary/stats/overall/?mid=jXP8f29S","text":"19.05.2024 Ars
[2026-08-16T05:13:00Z] WARNING: Discovery anchor was not found on the results page: 
[2026-08-16T05:13:00Z] Discovery page returned 103 matches; 0 added. Event nodes: 103; anchors: 133; body text: 6590.
[2026-08-16T05:13:00Z] Season discovery finished. Discovered 0 matches.
[2026-08-16T05:13:00Z] English Premier League 2023/2024 discovery is incomplete: expected 380 matches, discovered 0. Collection was not started.
[2026-08-16T05:13:05Z] Discovering complete competition season from the selected results page...
[2026-08-16T05:13:05Z] Discovering tournament matches...
[2026-08-16T05:13:05Z] Discovery navigate: https://www.flashscore.com/football/england/premier-league-2023-2024/results/
[2026-08-16T05:13:05Z] Tournament page loaded. Waiting for match list...
[2026-08-16T05:13:07Z] Reading tournament match list...
[2026-08-16T05:13:07Z] Script [discover_matches] result prefix: {"section":"match_discovery","page_url":"https://www.flashscore.com/football/england/premier-league-2023-2024/results/","page_title":"Premier League 2023/2024 Results - Football/England","body_text_length":6608,"event_node_count":103,"anchor_count":133,"match_count":103,"final_tournament_limit":0,"load_more_clicked":true,"matches":[{"match_id":"jXP8f29S","url":"https://www.flashscore.com/match/football/arsenal-hA1Zm19f/everton-KluSTr9s/summary/stats/overall/?mid=jXP8f29S","text":"19.05.2024 Arse
[2026-08-16T05:13:07Z] Discovery snapshot is partial (103 matches rendered). Flashscore Show more clicked; waiting for earlier rounds...
[2026-08-16T05:13:09Z] Reading tournament match list...
[2026-08-16T05:13:09Z] Script [discover_matches] result prefix: {"section":"match_discovery","page_url":"https://www.flashscore.com/football/england/premier-league-2023-2024/results/","page_title":"Premier League 2023/2024 Results - Football/England","body_text_length":6590,"event_node_count":103,"anchor_count":133,"match_count":103,"final_tournament_limit":0,"load_more_clicked":false,"matches":[{"match_id":"jXP8f29S","url":"https://www.flashscore.com/match/football/arsenal-hA1Zm19f/everton-KluSTr9s/summary/stats/overall/?mid=jXP8f29S","text":"19.05.2024 Ars
[2026-08-16T05:13:09Z] Discovery page returned 103 matches; 103 added. Event nodes: 103; anchors: 133; body text: 6590.
[2026-08-16T05:13:09Z] Season discovery finished. Discovered 103 matches.
[2026-08-16T05:13:09Z] English Premier League 2023/2024 discovery is incomplete: expected 380 matches, discovered 103. Collection was not started.
[2026-08-16T05:13:15Z] Discovering complete competition season from the selected results page...
[2026-08-16T05:13:15Z] Discovering tournament matches...
[2026-08-16T05:13:15Z] Discovery navigate: https://www.flashscore.com/football/england/premier-league-2023-2024/results/
[2026-08-16T05:13:16Z] Tournament page loaded. Waiting for match list...
[2026-08-16T05:13:18Z] Reading tournament match list...
[2026-08-16T05:13:18Z] Script [discover_matches] result prefix: {"section":"match_discovery","page_url":"https://www.flashscore.com/football/england/premier-league-2023-2024/results/","page_title":"Premier League 2023/2024 Results - Football/England","body_text_length":6608,"event_node_count":103,"anchor_count":133,"match_count":103,"final_tournament_limit":0,"load_more_clicked":true,"matches":[{"match_id":"jXP8f29S","url":"https://www.flashscore.com/match/football/arsenal-hA1Zm19f/everton-KluSTr9s/summary/stats/overall/?mid=jXP8f29S","text":"19.05.2024 Arse
[2026-08-16T05:13:18Z] WARNING: Discovery anchor was not found on the results page: 
[2026-08-16T05:13:18Z] Discovery page returned 103 matches; 0 added. Event nodes: 103; anchors: 133; body text: 6608.
[2026-08-16T05:13:18Z] Flashscore Show more clicked; waiting for additional matches...
[2026-08-16T05:13:19Z] Reading tournament match list...
[2026-08-16T05:13:19Z] Script [discover_matches] result prefix: {"section":"match_discovery","page_url":"https://www.flashscore.com/football/england/premier-league-2023-2024/results/","page_title":"Premier League 2023/2024 Results - Football/England","body_text_length":6590,"event_node_count":103,"anchor_count":133,"match_count":103,"final_tournament_limit":0,"load_more_clicked":false,"matches":[{"match_id":"jXP8f29S","url":"https://www.flashscore.com/match/football/arsenal-hA1Zm19f/everton-KluSTr9s/summary/stats/overall/?mid=jXP8f29S","text":"19.05.2024 Ars
[2026-08-16T05:13:19Z] WARNING: Discovery anchor was not found on the results page: 
[2026-08-16T05:13:19Z] Discovery page returned 103 matches; 0 added. Event nodes: 103; anchors: 133; body text: 6590.
[2026-08-16T05:13:19Z] Season discovery finished. Discovered 0 matches.
[2026-08-16T05:13:19Z] English Premier League 2023/2024 discovery is incomplete: expected 380 matches, discovered 0. Collection was not started.
[2026-08-16T05:15:15Z] Ignoring non-match navigation completion: https://www.flashscore.com/football/england/premier-league-2023-2024/results/
[2026-08-16T05:16:22Z] Discovering complete competition season from the selected results page...
[2026-08-16T05:16:22Z] Discovering tournament matches...
[2026-08-16T05:16:22Z] Discovery navigate: https://www.flashscore.com/football/england/premier-league-2023-2024/results/
[2026-08-16T05:16:24Z] Tournament page loaded. Waiting for match list...
[2026-08-16T05:16:25Z] Reading tournament match list...
[2026-08-16T05:16:25Z] Script [discover_matches] result prefix: {"section":"match_discovery","page_url":"https://www.flashscore.com/football/england/premier-league-2023-2024/results/","page_title":"Premier League 2023/2024 Results - Football/England","body_text_length":6608,"event_node_count":103,"anchor_count":133,"match_count":103,"final_tournament_limit":0,"load_more_clicked":true,"matches":[{"match_id":"jXP8f29S","url":"https://www.flashscore.com/match/football/arsenal-hA1Zm19f/everton-KluSTr9s/summary/stats/overall/?mid=jXP8f29S","text":"19.05.2024 Arse
[2026-08-16T05:16:25Z] WARNING: Discovery anchor was not found on the results page: 
[2026-08-16T05:16:25Z] Discovery page returned 103 matches; 0 added. Event nodes: 103; anchors: 133; body text: 6608.
[2026-08-16T05:16:25Z] Flashscore Show more clicked; waiting for additional matches...
[2026-08-16T05:16:27Z] Reading tournament match list...
[2026-08-16T05:16:27Z] Script [discover_matches] result prefix: {"section":"match_discovery","page_url":"https://www.flashscore.com/football/england/premier-league-2023-2024/results/","page_title":"Premier League 2023/2024 Results - Football/England","body_text_length":6590,"event_node_count":103,"anchor_count":133,"match_count":103,"final_tournament_limit":0,"load_more_clicked":false,"matches":[{"match_id":"jXP8f29S","url":"https://www.flashscore.com/match/football/arsenal-hA1Zm19f/everton-KluSTr9s/summary/stats/overall/?mid=jXP8f29S","text":"19.05.2024 Ars
[2026-08-16T05:16:27Z] WARNING: Discovery anchor was not found on the results page: 
[2026-08-16T05:16:27Z] Discovery page returned 103 matches; 0 added. Event nodes: 103; anchors: 133; body text: 6590.
[2026-08-16T05:16:27Z] Season discovery finished. Discovered 0 matches.
[2026-08-16T05:16:27Z] English Premier League 2023/2024 discovery is incomplete: expected 380 matches, discovered 0. Collection was not started.
[2026-08-16T05:56:35Z] Discovering complete competition season from the selected results page...
[2026-08-16T05:56:35Z] Discovering tournament matches...
[2026-08-16T05:56:35Z] Discovery navigate: https://www.flashscore.com/football/england/premier-league-2023-2024/results/
[2026-08-16T05:56:37Z] Tournament page loaded. Waiting for match list...
[2026-08-16T05:56:38Z] Reading tournament match list...
[2026-08-16T05:56:38Z] Script [discover_matches] result prefix: {"section":"match_discovery","page_url":"https://www.flashscore.com/football/england/premier-league-2023-2024/results/","page_title":"Premier League 2023/2024 Results - Football/England","body_text_length":6612,"event_node_count":103,"anchor_count":133,"match_count":103,"final_tournament_limit":0,"load_more_clicked":true,"matches":[{"match_id":"jXP8f29S","url":"https://www.flashscore.com/match/football/arsenal-hA1Zm19f/everton-KluSTr9s/summary/stats/overall/?mid=jXP8f29S","text":"19.05.2024 Arse
[2026-08-16T05:56:38Z] Discovery snapshot is partial (103 matches rendered). Flashscore Show more clicked; waiting for earlier rounds...
[2026-08-16T05:56:40Z] Reading tournament match list...
[2026-08-16T05:56:40Z] Script [discover_matches] result prefix: {"section":"match_discovery","page_url":"https://www.flashscore.com/football/england/premier-league-2023-2024/results/","page_title":"Premier League 2023/2024 Results - Football/England","body_text_length":10227,"event_node_count":202,"anchor_count":232,"match_count":202,"final_tournament_limit":0,"load_more_clicked":true,"matches":[{"match_id":"jXP8f29S","url":"https://www.flashscore.com/match/football/arsenal-hA1Zm19f/everton-KluSTr9s/summary/stats/overall/?mid=jXP8f29S","text":"19.05.2024 Ars
[2026-08-16T05:56:40Z] Discovery snapshot is partial (202 matches rendered). Flashscore Show more clicked; waiting for earlier rounds...
[2026-08-16T05:56:41Z] Reading tournament match list...
[2026-08-16T05:56:41Z] Script [discover_matches] result prefix: {"section":"match_discovery","page_url":"https://www.flashscore.com/football/england/premier-league-2023-2024/results/","page_title":"Premier League 2023/2024 Results - Football/England","body_text_length":13794,"event_node_count":300,"anchor_count":330,"match_count":300,"final_tournament_limit":0,"load_more_clicked":true,"matches":[{"match_id":"jXP8f29S","url":"https://www.flashscore.com/match/football/arsenal-hA1Zm19f/everton-KluSTr9s/summary/stats/overall/?mid=jXP8f29S","text":"19.05.2024 Ars
[2026-08-16T05:56:41Z] Discovery snapshot is partial (300 matches rendered). Flashscore Show more clicked; waiting for earlier rounds...
[2026-08-16T05:56:43Z] Reading tournament match list...
[2026-08-16T05:56:43Z] Script [discover_matches] result prefix: {"section":"match_discovery","page_url":"https://www.flashscore.com/football/england/premier-league-2023-2024/results/","page_title":"Premier League 2023/2024 Results - Football/England","body_text_length":16690,"event_node_count":380,"anchor_count":410,"match_count":380,"final_tournament_limit":0,"load_more_clicked":false,"matches":[{"match_id":"jXP8f29S","url":"https://www.flashscore.com/match/football/arsenal-hA1Zm19f/everton-KluSTr9s/summary/stats/overall/?mid=jXP8f29S","text":"19.05.2024 Ar
[2026-08-16T05:56:43Z] Discovery expanded from 300 to 380 rendered matches; waiting for the next Show more state...
[2026-08-16T05:56:44Z] Reading tournament match list...
[2026-08-16T05:56:44Z] Script [discover_matches] result prefix: {"section":"match_discovery","page_url":"https://www.flashscore.com/football/england/premier-league-2023-2024/results/","page_title":"Premier League 2023/2024 Results - Football/England","body_text_length":16690,"event_node_count":380,"anchor_count":410,"match_count":380,"final_tournament_limit":0,"load_more_clicked":false,"matches":[{"match_id":"jXP8f29S","url":"https://www.flashscore.com/match/football/arsenal-hA1Zm19f/everton-KluSTr9s/summary/stats/overall/?mid=jXP8f29S","text":"19.05.2024 Ar
[2026-08-16T05:56:46Z] Reading tournament match list...
[2026-08-16T05:56:46Z] Script [discover_matches] result prefix: {"section":"match_discovery","page_url":"https://www.flashscore.com/football/england/premier-league-2023-2024/results/","page_title":"Premier League 2023/2024 Results - Football/England","body_text_length":16690,"event_node_count":380,"anchor_count":410,"match_count":380,"final_tournament_limit":0,"load_more_clicked":false,"matches":[{"match_id":"jXP8f29S","url":"https://www.flashscore.com/match/football/arsenal-hA1Zm19f/everton-KluSTr9s/summary/stats/overall/?mid=jXP8f29S","text":"19.05.2024 Ar
[2026-08-16T05:56:48Z] Reading tournament match list...
[2026-08-16T05:56:48Z] Script [discover_matches] result prefix: {"section":"match_discovery","page_url":"https://www.flashscore.com/football/england/premier-league-2023-2024/results/","page_title":"Premier League 2023/2024 Results - Football/England","body_text_length":16690,"event_node_count":380,"anchor_count":410,"match_count":380,"final_tournament_limit":0,"load_more_clicked":false,"matches":[{"match_id":"jXP8f29S","url":"https://www.flashscore.com/match/football/arsenal-hA1Zm19f/everton-KluSTr9s/summary/stats/overall/?mid=jXP8f29S","text":"19.05.2024 Ar
[2026-08-16T05:56:49Z] Reading tournament match list...
[2026-08-16T05:56:49Z] Script [discover_matches] result prefix: {"section":"match_discovery","page_url":"https://www.flashscore.com/football/england/premier-league-2023-2024/results/","page_title":"Premier League 2023/2024 Results - Football/England","body_text_length":16690,"event_node_count":380,"anchor_count":410,"match_count":380,"final_tournament_limit":0,"load_more_clicked":false,"matches":[{"match_id":"jXP8f29S","url":"https://www.flashscore.com/match/football/arsenal-hA1Zm19f/everton-KluSTr9s/summary/stats/overall/?mid=jXP8f29S","text":"19.05.2024 Ar
[2026-08-16T05:56:51Z] Reading tournament match list...
[2026-08-16T05:56:51Z] Script [discover_matches] result prefix: {"section":"match_discovery","page_url":"https://www.flashscore.com/football/england/premier-league-2023-2024/results/","page_title":"Premier League 2023/2024 Results - Football/England","body_text_length":16690,"event_node_count":380,"anchor_count":410,"match_count":380,"final_tournament_limit":0,"load_more_clicked":false,"matches":[{"match_id":"jXP8f29S","url":"https://www.flashscore.com/match/football/arsenal-hA1Zm19f/everton-KluSTr9s/summary/stats/overall/?mid=jXP8f29S","text":"19.05.2024 Ar
[2026-08-16T05:56:52Z] Reading tournament match list...
[2026-08-16T05:56:52Z] Script [discover_matches] result prefix: {"section":"match_discovery","page_url":"https://www.flashscore.com/football/england/premier-league-2023-2024/results/","page_title":"Premier League 2023/2024 Results - Football/England","body_text_length":16690,"event_node_count":380,"anchor_count":410,"match_count":380,"final_tournament_limit":0,"load_more_clicked":false,"matches":[{"match_id":"jXP8f29S","url":"https://www.flashscore.com/match/football/arsenal-hA1Zm19f/everton-KluSTr9s/summary/stats/overall/?mid=jXP8f29S","text":"19.05.2024 Ar
[2026-08-16T05:56:52Z] Discovery list stabilized at 380 rendered matches; processing the final snapshot.
[2026-08-16T05:56:58Z] Discovery page returned 380 matches; 380 added. Event nodes: 380; anchors: 410; body text: 16690.
[2026-08-16T05:56:58Z] Season discovery finished. Discovered 380 matches.
[2026-08-16T05:56:58Z] Discovery finished: 380 matches.
[2026-08-16T05:59:48Z] Discovering complete competition season from the selected results page...
[2026-08-16T05:59:48Z] Discovering tournament matches...
[2026-08-16T05:59:48Z] Discovery navigate: https://www.flashscore.com/football/england/premier-league-2023-2024/results/
[2026-08-16T05:59:49Z] Tournament page loaded. Waiting for match list...
[2026-08-16T05:59:50Z] Reading tournament match list...
[2026-08-16T05:59:50Z] Script [discover_matches] result prefix: {"section":"match_discovery","page_url":"https://www.flashscore.com/football/england/premier-league-2023-2024/results/","page_title":"Premier League 2023/2024 Results - Football/England","body_text_length":6608,"event_node_count":103,"anchor_count":133,"match_count":103,"final_tournament_limit":0,"load_more_clicked":true,"matches":[{"match_id":"jXP8f29S","url":"https://www.flashscore.com/match/football/arsenal-hA1Zm19f/everton-KluSTr9s/summary/stats/overall/?mid=jXP8f29S","text":"19.05.2024 Arse
[2026-08-16T05:59:50Z] Discovery snapshot is partial (103 matches rendered). Flashscore Show more clicked; waiting for earlier rounds...
[2026-08-16T05:59:52Z] Reading tournament match list...
[2026-08-16T05:59:52Z] Script [discover_matches] result prefix: {"section":"match_discovery","page_url":"https://www.flashscore.com/football/england/premier-league-2023-2024/results/","page_title":"Premier League 2023/2024 Results - Football/England","body_text_length":10223,"event_node_count":202,"anchor_count":232,"match_count":202,"final_tournament_limit":0,"load_more_clicked":true,"matches":[{"match_id":"jXP8f29S","url":"https://www.flashscore.com/match/football/arsenal-hA1Zm19f/everton-KluSTr9s/summary/stats/overall/?mid=jXP8f29S","text":"19.05.2024 Ars
[2026-08-16T05:59:52Z] Discovery snapshot is partial (202 matches rendered). Flashscore Show more clicked; waiting for earlier rounds...
[2026-08-16T05:59:54Z] Reading tournament match list...
[2026-08-16T05:59:54Z] Script [discover_matches] result prefix: {"section":"match_discovery","page_url":"https://www.flashscore.com/football/england/premier-league-2023-2024/results/","page_title":"Premier League 2023/2024 Results - Football/England","body_text_length":13790,"event_node_count":300,"anchor_count":330,"match_count":300,"final_tournament_limit":0,"load_more_clicked":true,"matches":[{"match_id":"jXP8f29S","url":"https://www.flashscore.com/match/football/arsenal-hA1Zm19f/everton-KluSTr9s/summary/stats/overall/?mid=jXP8f29S","text":"19.05.2024 Ars
[2026-08-16T05:59:54Z] Discovery snapshot is partial (300 matches rendered). Flashscore Show more clicked; waiting for earlier rounds...
[2026-08-16T05:59:55Z] Reading tournament match list...
[2026-08-16T05:59:55Z] Script [discover_matches] result prefix: {"section":"match_discovery","page_url":"https://www.flashscore.com/football/england/premier-league-2023-2024/results/","page_title":"Premier League 2023/2024 Results - Football/England","body_text_length":16686,"event_node_count":380,"anchor_count":410,"match_count":380,"final_tournament_limit":0,"load_more_clicked":false,"matches":[{"match_id":"jXP8f29S","url":"https://www.flashscore.com/match/football/arsenal-hA1Zm19f/everton-KluSTr9s/summary/stats/overall/?mid=jXP8f29S","text":"19.05.2024 Ar
[2026-08-16T05:59:55Z] Discovery expanded from 300 to 380 rendered matches; waiting for the next Show more state...
[2026-08-16T05:59:57Z] Reading tournament match list...
[2026-08-16T05:59:57Z] Script [discover_matches] result prefix: {"section":"match_discovery","page_url":"https://www.flashscore.com/football/england/premier-league-2023-2024/results/","page_title":"Premier League 2023/2024 Results - Football/England","body_text_length":16686,"event_node_count":380,"anchor_count":410,"match_count":380,"final_tournament_limit":0,"load_more_clicked":false,"matches":[{"match_id":"jXP8f29S","url":"https://www.flashscore.com/match/football/arsenal-hA1Zm19f/everton-KluSTr9s/summary/stats/overall/?mid=jXP8f29S","text":"19.05.2024 Ar
[2026-08-16T05:59:58Z] Reading tournament match list...
[2026-08-16T05:59:58Z] Script [discover_matches] result prefix: {"section":"match_discovery","page_url":"https://www.flashscore.com/football/england/premier-league-2023-2024/results/","page_title":"Premier League 2023/2024 Results - Football/England","body_text_length":16686,"event_node_count":380,"anchor_count":410,"match_count":380,"final_tournament_limit":0,"load_more_clicked":false,"matches":[{"match_id":"jXP8f29S","url":"https://www.flashscore.com/match/football/arsenal-hA1Zm19f/everton-KluSTr9s/summary/stats/overall/?mid=jXP8f29S","text":"19.05.2024 Ar
[2026-08-16T06:00:00Z] Reading tournament match list...
[2026-08-16T06:00:00Z] Script [discover_matches] result prefix: {"section":"match_discovery","page_url":"https://www.flashscore.com/football/england/premier-league-2023-2024/results/","page_title":"Premier League 2023/2024 Results - Football/England","body_text_length":16686,"event_node_count":380,"anchor_count":410,"match_count":380,"final_tournament_limit":0,"load_more_clicked":false,"matches":[{"match_id":"jXP8f29S","url":"https://www.flashscore.com/match/football/arsenal-hA1Zm19f/everton-KluSTr9s/summary/stats/overall/?mid=jXP8f29S","text":"19.05.2024 Ar
[2026-08-16T06:00:01Z] Reading tournament match list...
[2026-08-16T06:00:01Z] Script [discover_matches] result prefix: {"section":"match_discovery","page_url":"https://www.flashscore.com/football/england/premier-league-2023-2024/results/","page_title":"Premier League 2023/2024 Results - Football/England","body_text_length":16686,"event_node_count":380,"anchor_count":410,"match_count":380,"final_tournament_limit":0,"load_more_clicked":false,"matches":[{"match_id":"jXP8f29S","url":"https://www.flashscore.com/match/football/arsenal-hA1Zm19f/everton-KluSTr9s/summary/stats/overall/?mid=jXP8f29S","text":"19.05.2024 Ar
[2026-08-16T06:00:03Z] Reading tournament match list...
[2026-08-16T06:00:03Z] Script [discover_matches] result prefix: {"section":"match_discovery","page_url":"https://www.flashscore.com/football/england/premier-league-2023-2024/results/","page_title":"Premier League 2023/2024 Results - Football/England","body_text_length":16686,"event_node_count":380,"anchor_count":410,"match_count":380,"final_tournament_limit":0,"load_more_clicked":false,"matches":[{"match_id":"jXP8f29S","url":"https://www.flashscore.com/match/football/arsenal-hA1Zm19f/everton-KluSTr9s/summary/stats/overall/?mid=jXP8f29S","text":"19.05.2024 Ar
[2026-08-16T06:00:04Z] Reading tournament match list...
[2026-08-16T06:00:04Z] Script [discover_matches] result prefix: {"section":"match_discovery","page_url":"https://www.flashscore.com/football/england/premier-league-2023-2024/results/","page_title":"Premier League 2023/2024 Results - Football/England","body_text_length":16686,"event_node_count":380,"anchor_count":410,"match_count":380,"final_tournament_limit":0,"load_more_clicked":false,"matches":[{"match_id":"jXP8f29S","url":"https://www.flashscore.com/match/football/arsenal-hA1Zm19f/everton-KluSTr9s/summary/stats/overall/?mid=jXP8f29S","text":"19.05.2024 Ar
[2026-08-16T06:00:04Z] Discovery list stabilized at 380 rendered matches; processing the final snapshot.
[2026-08-16T06:00:13Z] Discovery page returned 380 matches; 380 added. Event nodes: 380; anchors: 410; body text: 16686.
[2026-08-16T06:00:13Z] Season discovery finished. Discovered 380 matches.
[2026-08-16T06:00:13Z] Discovery finished: 380 matches.
[2026-08-16T06:00:30Z] Discovering complete competition season from the selected results page...
[2026-08-16T06:00:30Z] Discovering tournament matches...
[2026-08-16T06:00:30Z] Discovery navigate: https://www.flashscore.com/football/england/premier-league-2023-2024/results/
[2026-08-16T06:00:31Z] Tournament page loaded. Waiting for match list...
[2026-08-16T06:00:33Z] Reading tournament match list...
[2026-08-16T06:00:33Z] Script [discover_matches] result prefix: {"section":"match_discovery","page_url":"https://www.flashscore.com/football/england/premier-league-2023-2024/results/","page_title":"Premier League 2023/2024 Results - Football/England","body_text_length":6608,"event_node_count":103,"anchor_count":133,"match_count":103,"final_tournament_limit":0,"load_more_clicked":true,"matches":[{"match_id":"jXP8f29S","url":"https://www.flashscore.com/match/football/arsenal-hA1Zm19f/everton-KluSTr9s/summary/stats/overall/?mid=jXP8f29S","text":"19.05.2024 Arse
[2026-08-16T06:00:33Z] Discovery snapshot is partial (103 matches rendered). Flashscore Show more clicked; waiting for earlier rounds...
[2026-08-16T06:00:34Z] Reading tournament match list...
[2026-08-16T06:00:34Z] Script [discover_matches] result prefix: {"section":"match_discovery","page_url":"https://www.flashscore.com/football/england/premier-league-2023-2024/results/","page_title":"Premier League 2023/2024 Results - Football/England","body_text_length":10223,"event_node_count":202,"anchor_count":232,"match_count":202,"final_tournament_limit":0,"load_more_clicked":true,"matches":[{"match_id":"jXP8f29S","url":"https://www.flashscore.com/match/football/arsenal-hA1Zm19f/everton-KluSTr9s/summary/stats/overall/?mid=jXP8f29S","text":"19.05.2024 Ars
[2026-08-16T06:00:34Z] Discovery snapshot is partial (202 matches rendered). Flashscore Show more clicked; waiting for earlier rounds...
[2026-08-16T06:00:36Z] Reading tournament match list...
[2026-08-16T06:00:36Z] Script [discover_matches] result prefix: {"section":"match_discovery","page_url":"https://www.flashscore.com/football/england/premier-league-2023-2024/results/","page_title":"Premier League 2023/2024 Results - Football/England","body_text_length":13790,"event_node_count":300,"anchor_count":330,"match_count":300,"final_tournament_limit":0,"load_more_clicked":true,"matches":[{"match_id":"jXP8f29S","url":"https://www.flashscore.com/match/football/arsenal-hA1Zm19f/everton-KluSTr9s/summary/stats/overall/?mid=jXP8f29S","text":"19.05.2024 Ars
[2026-08-16T06:00:36Z] Discovery snapshot is partial (300 matches rendered). Flashscore Show more clicked; waiting for earlier rounds...
[2026-08-16T06:00:37Z] Reading tournament match list...
[2026-08-16T06:00:37Z] Script [discover_matches] result prefix: {"section":"match_discovery","page_url":"https://www.flashscore.com/football/england/premier-league-2023-2024/results/","page_title":"Premier League 2023/2024 Results - Football/England","body_text_length":16686,"event_node_count":380,"anchor_count":410,"match_count":380,"final_tournament_limit":0,"load_more_clicked":false,"matches":[{"match_id":"jXP8f29S","url":"https://www.flashscore.com/match/football/arsenal-hA1Zm19f/everton-KluSTr9s/summary/stats/overall/?mid=jXP8f29S","text":"19.05.2024 Ar
[2026-08-16T06:00:37Z] Discovery expanded from 300 to 380 rendered matches; waiting for the next Show more state...
[2026-08-16T06:00:39Z] Reading tournament match list...
[2026-08-16T06:00:39Z] Script [discover_matches] result prefix: {"section":"match_discovery","page_url":"https://www.flashscore.com/football/england/premier-league-2023-2024/results/","page_title":"Premier League 2023/2024 Results - Football/England","body_text_length":16686,"event_node_count":380,"anchor_count":410,"match_count":380,"final_tournament_limit":0,"load_more_clicked":false,"matches":[{"match_id":"jXP8f29S","url":"https://www.flashscore.com/match/football/arsenal-hA1Zm19f/everton-KluSTr9s/summary/stats/overall/?mid=jXP8f29S","text":"19.05.2024 Ar
[2026-08-16T06:00:40Z] Reading tournament match list...
[2026-08-16T06:00:40Z] Script [discover_matches] result prefix: {"section":"match_discovery","page_url":"https://www.flashscore.com/football/england/premier-league-2023-2024/results/","page_title":"Premier League 2023/2024 Results - Football/England","body_text_length":16686,"event_node_count":380,"anchor_count":410,"match_count":380,"final_tournament_limit":0,"load_more_clicked":false,"matches":[{"match_id":"jXP8f29S","url":"https://www.flashscore.com/match/football/arsenal-hA1Zm19f/everton-KluSTr9s/summary/stats/overall/?mid=jXP8f29S","text":"19.05.2024 Ar
[2026-08-16T06:00:42Z] Reading tournament match list...
[2026-08-16T06:00:42Z] Script [discover_matches] result prefix: {"section":"match_discovery","page_url":"https://www.flashscore.com/football/england/premier-league-2023-2024/results/","page_title":"Premier League 2023/2024 Results - Football/England","body_text_length":16686,"event_node_count":380,"anchor_count":410,"match_count":380,"final_tournament_limit":0,"load_more_clicked":false,"matches":[{"match_id":"jXP8f29S","url":"https://www.flashscore.com/match/football/arsenal-hA1Zm19f/everton-KluSTr9s/summary/stats/overall/?mid=jXP8f29S","text":"19.05.2024 Ar
[2026-08-16T06:00:43Z] Reading tournament match list...
[2026-08-16T06:00:43Z] Script [discover_matches] result prefix: {"section":"match_discovery","page_url":"https://www.flashscore.com/football/england/premier-league-2023-2024/results/","page_title":"Premier League 2023/2024 Results - Football/England","body_text_length":16686,"event_node_count":380,"anchor_count":410,"match_count":380,"final_tournament_limit":0,"load_more_clicked":false,"matches":[{"match_id":"jXP8f29S","url":"https://www.flashscore.com/match/football/arsenal-hA1Zm19f/everton-KluSTr9s/summary/stats/overall/?mid=jXP8f29S","text":"19.05.2024 Ar
[2026-08-16T06:00:45Z] Reading tournament match list...
[2026-08-16T06:00:45Z] Script [discover_matches] result prefix: {"section":"match_discovery","page_url":"https://www.flashscore.com/football/england/premier-league-2023-2024/results/","page_title":"Premier League 2023/2024 Results - Football/England","body_text_length":16686,"event_node_count":380,"anchor_count":410,"match_count":380,"final_tournament_limit":0,"load_more_clicked":false,"matches":[{"match_id":"jXP8f29S","url":"https://www.flashscore.com/match/football/arsenal-hA1Zm19f/everton-KluSTr9s/summary/stats/overall/?mid=jXP8f29S","text":"19.05.2024 Ar
[2026-08-16T06:00:47Z] Reading tournament match list...
[2026-08-16T06:00:47Z] Script [discover_matches] result prefix: {"section":"match_discovery","page_url":"https://www.flashscore.com/football/england/premier-league-2023-2024/results/","page_title":"Premier League 2023/2024 Results - Football/England","body_text_length":16686,"event_node_count":380,"anchor_count":410,"match_count":380,"final_tournament_limit":0,"load_more_clicked":false,"matches":[{"match_id":"jXP8f29S","url":"https://www.flashscore.com/match/football/arsenal-hA1Zm19f/everton-KluSTr9s/summary/stats/overall/?mid=jXP8f29S","text":"19.05.2024 Ar
[2026-08-16T06:00:47Z] Discovery list stabilized at 380 rendered matches; processing the final snapshot.
[2026-08-16T06:00:54Z] Discovery page returned 380 matches; 380 added. Event nodes: 380; anchors: 410; body text: 16686.
[2026-08-16T06:00:54Z] Season discovery finished. Discovered 380 matches.
[2026-08-16T06:00:54Z] Starting collection from the earliest unprocessed match: EkT4QbqS
[2026-08-16T06:00:54Z] Opening overall statistics...
[2026-08-16T06:00:54Z] Navigate: https://www.flashscore.com/match/football/burnley-z3dmTMMO/manchester-city-Wtn9Stg0/summary/stats/overall/?mid=EkT4QbqS
[2026-08-16T06:00:56Z] Page loaded. Waiting for statistics DOM...
[2026-08-16T06:00:58Z] Script [readiness] result prefix: {"body_text_length":3269,"ready":true,"row_count":18,"section":"statistics_overall","title":"BUR 0-3 MCI | Burnley v Manchester City 11/08/2023, Stats - Flashscore.com | Match"}
[2026-08-16T06:00:58Z] Reading rendered DOM...
[2026-08-16T06:00:58Z] Executing extraction script for phase 0; length: 5174.
[2026-08-16T06:00:58Z] Script [extract] result prefix: {"schema_version":"1.3","section":"statistics_overall","statistic_period":"overall","source_url":"https://www.flashscore.com/match/football/burnley-z3dmTMMO/manchester-city-Wtn9Stg0/summary/stats/overall/?mid=EkT4QbqS","match_id":"EkT4QbqS","collected_at_utc":"2026-08-16T06:00:58.152Z","page_title":"BUR 0-3 MCI | Burnley v Manchester City 11/08/2023, Stats - Flashscore.com | Match","competition":"WORLD CUP","status":"FINISHED","date_time":"11.08.2023 23:00","home_team":"Burnley","away_team":"Man
[2026-08-16T06:00:58Z] Stored overall statistics: 13 rows.
[2026-08-16T06:00:58Z] Merged section: statistics_overall
[2026-08-16T06:00:58Z] Opening 1st half statistics...
[2026-08-16T06:00:58Z] Navigate: https://www.flashscore.com/match/football/burnley-z3dmTMMO/manchester-city-Wtn9Stg0/summary/stats/1st-half/?mid=EkT4QbqS
[2026-08-16T06:00:59Z] Page loaded. Waiting for statistics DOM...
[2026-08-16T06:01:00Z] Script [readiness] result prefix: {"body_text_length":3249,"ready":true,"row_count":17,"section":"statistics_first_half","title":"BUR 0-3 MCI | Burnley v Manchester City 11/08/2023, Stats - Flashscore.com | Match"}
[2026-08-16T06:01:00Z] Reading rendered DOM...
[2026-08-16T06:01:00Z] Executing extraction script for phase 1; length: 5174.
[2026-08-16T06:01:00Z] Script [extract] result prefix: {"schema_version":"1.3","section":"statistics_first_half","statistic_period":"first_half","source_url":"https://www.flashscore.com/match/football/burnley-z3dmTMMO/manchester-city-Wtn9Stg0/summary/stats/1st-half/?mid=EkT4QbqS","match_id":"EkT4QbqS","collected_at_utc":"2026-08-16T06:01:00.905Z","page_title":"BUR 0-3 MCI | Burnley v Manchester City 11/08/2023, Stats - Flashscore.com | Match","competition":"WORLD CUP","status":"FINISHED","date_time":"11.08.2023 23:00","home_team":"Burnley","away_tea
[2026-08-16T06:01:00Z] Stored first_half statistics: 12 rows.
[2026-08-16T06:01:00Z] Merged section: statistics_first_half
[2026-08-16T06:01:00Z] Opening 2nd half statistics...
[2026-08-16T06:01:00Z] Navigate: https://www.flashscore.com/match/football/burnley-z3dmTMMO/manchester-city-Wtn9Stg0/summary/stats/2nd-half/?mid=EkT4QbqS
[2026-08-16T06:01:02Z] Page loaded. Waiting for statistics DOM...
[2026-08-16T06:01:04Z] Script [readiness] result prefix: {"body_text_length":3266,"ready":true,"row_count":18,"section":"statistics_second_half","title":"BUR 0-3 MCI | Burnley v Manchester City 11/08/2023, Stats - Flashscore.com | Match"}
[2026-08-16T06:01:04Z] Reading rendered DOM...
[2026-08-16T06:01:04Z] Executing extraction script for phase 2; length: 5174.
[2026-08-16T06:01:04Z] Script [extract] result prefix: {"schema_version":"1.3","section":"statistics_second_half","statistic_period":"second_half","source_url":"https://www.flashscore.com/match/football/burnley-z3dmTMMO/manchester-city-Wtn9Stg0/summary/stats/2nd-half/?mid=EkT4QbqS","match_id":"EkT4QbqS","collected_at_utc":"2026-08-16T06:01:04.298Z","page_title":"BUR 0-3 MCI | Burnley v Manchester City 11/08/2023, Stats - Flashscore.com | Match","competition":"WORLD CUP","status":"FINISHED","date_time":"11.08.2023 23:00","home_team":"Burnley","away_t
[2026-08-16T06:01:04Z] Stored second_half statistics: 13 rows.
[2026-08-16T06:01:04Z] Merged section: statistics_second_half
[2026-08-16T06:01:04Z] Opening lineups...
[2026-08-16T06:01:04Z] Navigate: https://www.flashscore.com/match/football/burnley-z3dmTMMO/manchester-city-Wtn9Stg0/summary/lineups/?mid=EkT4QbqS
[2026-08-16T06:01:06Z] Page loaded. Waiting for statistics DOM...
[2026-08-16T06:01:08Z] Script [readiness] result prefix: {"body_text_length":4134,"ready":true,"row_count":109,"section":"lineups","title":"BUR 0-3 MCI | Burnley v Manchester City 11/08/2023, Lineups - Flashscore.com | Match"}
[2026-08-16T06:01:08Z] Reading rendered DOM...
[2026-08-16T06:01:08Z] Executing extraction script for phase 4; length: 20701.
[2026-08-16T06:01:08Z] Script [extract] result prefix: {"schema_version":"1.3","section":"lineups","statistic_period":null,"source_url":"https://www.flashscore.com/match/football/burnley-z3dmTMMO/manchester-city-Wtn9Stg0/summary/lineups/?mid=EkT4QbqS","match_id":"EkT4QbqS","collected_at_utc":"2026-08-16T06:01:08.223Z","page_title":"BUR 0-3 MCI | Burnley v Manchester City 11/08/2023, Lineups - Flashscore.com | Match","competition":"WORLD CUP","status":"FINISHED","date_time":"11.08.2023 23:00","home_team":"Burnley","away_team":"Manchester City","score
[2026-08-16T06:01:08Z] Merged section: lineups
[2026-08-16T06:01:08Z] English Premier League 2023/2024: Player Stats are unavailable in the source profile.
[2026-08-16T06:01:08Z] Marked all Player Stats categories as not_available; collection continues.
[2026-08-16T06:01:08Z] Opening commentary...
[2026-08-16T06:01:08Z] Navigate: https://www.flashscore.com/match/football/burnley-z3dmTMMO/manchester-city-Wtn9Stg0/summary/live-commentary/?mid=EkT4QbqS
[2026-08-16T06:01:10Z] Page loaded. Waiting for statistics DOM...
[2026-08-16T06:01:11Z] Script [readiness] result prefix: {"body_text_length":13029,"ready":true,"row_count":227,"section":"commentary","title":"BUR 0-3 MCI | Burnley v Manchester City 11/08/2023 | Football - Flashscore | Match"}
[2026-08-16T06:01:11Z] Reading rendered DOM...
[2026-08-16T06:01:11Z] Executing extraction script for phase 12; length: 11834.
[2026-08-16T06:01:11Z] Script [extract] result prefix: {"schema_version":"1.3","section":"commentary","statistic_period":null,"source_url":"https://www.flashscore.com/match/football/burnley-z3dmTMMO/manchester-city-Wtn9Stg0/summary/live-commentary/all-comments/?mid=EkT4QbqS","match_id":"EkT4QbqS","collected_at_utc":"2026-08-16T06:01:11.721Z","page_title":"BUR 0-3 MCI | Burnley v Manchester City 11/08/2023 | Football - Flashscore | Match","competition":"WORLD CUP","status":"FINISHED","date_time":"11.08.2023 23:00","home_team":"Burnley","away_team":"M
[2026-08-16T06:01:11Z] Merged section: commentary
[2026-08-16T06:01:11Z] Saving complete match JSON...
[2026-08-16T06:01:11Z] Player Stats category unavailable; status=not_available: top_stats
[2026-08-16T06:01:11Z] Player Stats category unavailable; status=not_available: shots
[2026-08-16T06:01:11Z] Player Stats category unavailable; status=not_available: attack
[2026-08-16T06:01:11Z] Player Stats category unavailable; status=not_available: passes
[2026-08-16T06:01:11Z] Player Stats category unavailable; status=not_available: defense
[2026-08-16T06:01:11Z] Player Stats category unavailable; status=not_available: goalkeeping
[2026-08-16T06:01:11Z] Player Stats category unavailable; status=not_available: general
[2026-08-16T06:01:11Z] Structured goals, cards and VAR events enriched.
[2026-08-16T06:01:11Z] Saved match JSON with 13 statistics: G:\Mirza\VSCode\FlashscoreFootballCollector_\Data\Matches\PremierLeague\2023_2024\2023-08-11_Burnley_vs_Manchester_City_EkT4QbqS.json
[2026-08-16T06:01:11Z] Finished: 2023-08-11_Burnley_vs_Manchester_City_EkT4QbqS.json
[2026-08-16T06:01:11Z] Opening overall statistics...
[2026-08-16T06:01:11Z] Navigate: https://www.flashscore.com/match/football/arsenal-hA1Zm19f/nottingham-UsushcZr/summary/stats/overall/?mid=KW5XLIiq
[2026-08-16T06:01:14Z] Page loaded. Waiting for statistics DOM...
[2026-08-16T06:01:15Z] Script [readiness] result prefix: {"body_text_length":3277,"ready":true,"row_count":18,"section":"statistics_overall","title":"ARS 2-1 NOT | Arsenal v Nottingham Forest 12/08/2023, Stats - Flashscore.com | Match"}
[2026-08-16T06:01:15Z] Reading rendered DOM...
[2026-08-16T06:01:15Z] Executing extraction script for phase 0; length: 5174.
[2026-08-16T06:01:15Z] Script [extract] result prefix: {"schema_version":"1.3","section":"statistics_overall","statistic_period":"overall","source_url":"https://www.flashscore.com/match/football/arsenal-hA1Zm19f/nottingham-UsushcZr/summary/stats/overall/?mid=KW5XLIiq","match_id":"KW5XLIiq","collected_at_utc":"2026-08-16T06:01:15.969Z","page_title":"ARS 2-1 NOT | Arsenal v Nottingham Forest 12/08/2023, Stats - Flashscore.com | Match","competition":"WORLD CUP","status":"FINISHED","date_time":"12.08.2023 15:30","home_team":"Arsenal","away_team":"Nottin
[2026-08-16T06:01:15Z] Stored overall statistics: 13 rows.
[2026-08-16T06:01:16Z] Merged section: statistics_overall
[2026-08-16T06:01:16Z] Opening 1st half statistics...
[2026-08-16T06:01:16Z] Navigate: https://www.flashscore.com/match/football/arsenal-hA1Zm19f/nottingham-UsushcZr/summary/stats/1st-half/?mid=KW5XLIiq
[2026-08-16T06:01:18Z] Page loaded. Waiting for statistics DOM...
[2026-08-16T06:01:19Z] Script [readiness] result prefix: {"body_text_length":3268,"ready":true,"row_count":18,"section":"statistics_first_half","title":"ARS 2-1 NOT | Arsenal v Nottingham Forest 12/08/2023, Stats - Flashscore.com | Match"}
[2026-08-16T06:01:19Z] Reading rendered DOM...
[2026-08-16T06:01:19Z] Executing extraction script for phase 1; length: 5174.
[2026-08-16T06:01:19Z] Script [extract] result prefix: {"schema_version":"1.3","section":"statistics_first_half","statistic_period":"first_half","source_url":"https://www.flashscore.com/match/football/arsenal-hA1Zm19f/nottingham-UsushcZr/summary/stats/1st-half/?mid=KW5XLIiq","match_id":"KW5XLIiq","collected_at_utc":"2026-08-16T06:01:19.731Z","page_title":"ARS 2-1 NOT | Arsenal v Nottingham Forest 12/08/2023, Stats - Flashscore.com | Match","competition":"WORLD CUP","status":"FINISHED","date_time":"12.08.2023 15:30","home_team":"Arsenal","away_team":
[2026-08-16T06:01:19Z] Stored first_half statistics: 13 rows.
[2026-08-16T06:01:19Z] Merged section: statistics_first_half
[2026-08-16T06:01:19Z] Opening 2nd half statistics...
[2026-08-16T06:01:19Z] Navigate: https://www.flashscore.com/match/football/arsenal-hA1Zm19f/nottingham-UsushcZr/summary/stats/2nd-half/?mid=KW5XLIiq
[2026-08-16T06:01:21Z] Page loaded. Waiting for statistics DOM...
[2026-08-16T06:01:23Z] Script [readiness] result prefix: {"body_text_length":3271,"ready":true,"row_count":18,"section":"statistics_second_half","title":"ARS 2-1 NOT | Arsenal v Nottingham Forest 12/08/2023, Stats - Flashscore.com | Match"}
[2026-08-16T06:01:23Z] Reading rendered DOM...
[2026-08-16T06:01:23Z] Executing extraction script for phase 2; length: 5174.
[2026-08-16T06:01:23Z] Script [extract] result prefix: {"schema_version":"1.3","section":"statistics_second_half","statistic_period":"second_half","source_url":"https://www.flashscore.com/match/football/arsenal-hA1Zm19f/nottingham-UsushcZr/summary/stats/2nd-half/?mid=KW5XLIiq","match_id":"KW5XLIiq","collected_at_utc":"2026-08-16T06:01:23.287Z","page_title":"ARS 2-1 NOT | Arsenal v Nottingham Forest 12/08/2023, Stats - Flashscore.com | Match","competition":"WORLD CUP","status":"FINISHED","date_time":"12.08.2023 15:30","home_team":"Arsenal","away_team
[2026-08-16T06:01:23Z] Stored second_half statistics: 13 rows.
[2026-08-16T06:01:23Z] Merged section: statistics_second_half
[2026-08-16T06:01:23Z] Opening lineups...
[2026-08-16T06:01:23Z] Navigate: https://www.flashscore.com/match/football/arsenal-hA1Zm19f/nottingham-UsushcZr/summary/lineups/?mid=KW5XLIiq
[2026-08-16T06:01:25Z] Page loaded. Waiting for statistics DOM...
[2026-08-16T06:01:27Z] Script [readiness] result prefix: {"body_text_length":4240,"ready":true,"row_count":112,"section":"lineups","title":"ARS 2-1 NOT | Arsenal v Nottingham Forest 12/08/2023, Lineups - Flashscore.com | Match"}
[2026-08-16T06:01:27Z] Reading rendered DOM...
[2026-08-16T06:01:27Z] Executing extraction script for phase 4; length: 20701.
[2026-08-16T06:01:27Z] Script [extract] result prefix: {"schema_version":"1.3","section":"lineups","statistic_period":null,"source_url":"https://www.flashscore.com/match/football/arsenal-hA1Zm19f/nottingham-UsushcZr/summary/lineups/?mid=KW5XLIiq","match_id":"KW5XLIiq","collected_at_utc":"2026-08-16T06:01:27.166Z","page_title":"ARS 2-1 NOT | Arsenal v Nottingham Forest 12/08/2023, Lineups - Flashscore.com | Match","competition":"WORLD CUP","status":"FINISHED","date_time":"12.08.2023 15:30","home_team":"Arsenal","away_team":"Nottingham","score":{"home
[2026-08-16T06:01:27Z] Merged section: lineups
[2026-08-16T06:01:27Z] English Premier League 2023/2024: Player Stats are unavailable in the source profile.
[2026-08-16T06:01:27Z] Marked all Player Stats categories as not_available; collection continues.
[2026-08-16T06:01:27Z] Opening commentary...
[2026-08-16T06:01:27Z] Navigate: https://www.flashscore.com/match/football/arsenal-hA1Zm19f/nottingham-UsushcZr/summary/live-commentary/?mid=KW5XLIiq
[2026-08-16T06:01:29Z] Page loaded. Waiting for statistics DOM...
[2026-08-16T06:01:30Z] Script [readiness] result prefix: {"body_text_length":11431,"ready":true,"row_count":228,"section":"commentary","title":"ARS 2-1 NOT | Arsenal v Nottingham Forest 12/08/2023 | Football - Flashscore | Match"}
[2026-08-16T06:01:30Z] Reading rendered DOM...
[2026-08-16T06:01:30Z] Executing extraction script for phase 12; length: 11834.
[2026-08-16T06:01:30Z] Script [extract] result prefix: {"schema_version":"1.3","section":"commentary","statistic_period":null,"source_url":"https://www.flashscore.com/match/football/arsenal-hA1Zm19f/nottingham-UsushcZr/summary/live-commentary/all-comments/?mid=KW5XLIiq","match_id":"KW5XLIiq","collected_at_utc":"2026-08-16T06:01:30.904Z","page_title":"ARS 2-1 NOT | Arsenal v Nottingham Forest 12/08/2023 | Football - Flashscore | Match","competition":"WORLD CUP","status":"FINISHED","date_time":"12.08.2023 15:30","home_team":"Arsenal","away_team":"Nott
[2026-08-16T06:01:30Z] Merged section: commentary
[2026-08-16T06:01:30Z] Saving complete match JSON...
[2026-08-16T06:01:30Z] Player Stats category unavailable; status=not_available: top_stats
[2026-08-16T06:01:30Z] Player Stats category unavailable; status=not_available: shots
[2026-08-16T06:01:30Z] Player Stats category unavailable; status=not_available: attack
[2026-08-16T06:01:31Z] Player Stats category unavailable; status=not_available: passes
[2026-08-16T06:01:31Z] Player Stats category unavailable; status=not_available: defense
[2026-08-16T06:01:31Z] Player Stats category unavailable; status=not_available: goalkeeping
[2026-08-16T06:01:31Z] Player Stats category unavailable; status=not_available: general
[2026-08-16T06:01:31Z] Structured goals, cards and VAR events enriched.
[2026-08-16T06:01:31Z] Saved match JSON with 13 statistics: G:\Mirza\VSCode\FlashscoreFootballCollector_\Data\Matches\PremierLeague\2023_2024\2023-08-12_Arsenal_vs_Nottingham_KW5XLIiq.json
[2026-08-16T06:01:31Z] Finished: 2023-08-12_Arsenal_vs_Nottingham_KW5XLIiq.json
[2026-08-16T06:01:31Z] Opening overall statistics...
[2026-08-16T06:01:31Z] Navigate: https://www.flashscore.com/match/football/crystal-palace-AovF1Mia/sheffield-utd-MeKPSerA/summary/stats/overall/?mid=hjTJs0E2
[2026-08-16T06:01:33Z] Page loaded. Waiting for statistics DOM...
[2026-08-16T06:01:35Z] Script [readiness] result prefix: {"body_text_length":3300,"ready":true,"row_count":18,"section":"statistics_overall","title":"SHU 0-1 CRY | Sheffield Utd v Crystal Palace 12/08/2023, Stats - Flashscore.com | Match"}
[2026-08-16T06:01:35Z] Reading rendered DOM...
[2026-08-16T06:01:35Z] Executing extraction script for phase 0; length: 5174.
[2026-08-16T06:01:35Z] Script [extract] result prefix: {"schema_version":"1.3","section":"statistics_overall","statistic_period":"overall","source_url":"https://www.flashscore.com/match/football/crystal-palace-AovF1Mia/sheffield-utd-MeKPSerA/summary/stats/overall/?mid=hjTJs0E2","match_id":"hjTJs0E2","collected_at_utc":"2026-08-16T06:01:35.268Z","page_title":"SHU 0-1 CRY | Sheffield Utd v Crystal Palace 12/08/2023, Stats - Flashscore.com | Match","competition":"WORLD CUP","status":"FINISHED","date_time":"12.08.2023 18:00","home_team":"Sheffield Utd",
[2026-08-16T06:01:35Z] Stored overall statistics: 13 rows.
[2026-08-16T06:01:35Z] Merged section: statistics_overall
[2026-08-16T06:01:35Z] Opening 1st half statistics...
[2026-08-16T06:01:35Z] Navigate: https://www.flashscore.com/match/football/crystal-palace-AovF1Mia/sheffield-utd-MeKPSerA/summary/stats/1st-half/?mid=hjTJs0E2
[2026-08-16T06:01:37Z] Page loaded. Waiting for statistics DOM...
[2026-08-16T06:01:38Z] Script [readiness] result prefix: {"body_text_length":3296,"ready":true,"row_count":18,"section":"statistics_first_half","title":"SHU 0-1 CRY | Sheffield Utd v Crystal Palace 12/08/2023, Stats - Flashscore.com | Match"}
[2026-08-16T06:01:38Z] Reading rendered DOM...
[2026-08-16T06:01:38Z] Executing extraction script for phase 1; length: 5174.
[2026-08-16T06:01:38Z] Script [extract] result prefix: {"schema_version":"1.3","section":"statistics_first_half","statistic_period":"first_half","source_url":"https://www.flashscore.com/match/football/crystal-palace-AovF1Mia/sheffield-utd-MeKPSerA/summary/stats/1st-half/?mid=hjTJs0E2","match_id":"hjTJs0E2","collected_at_utc":"2026-08-16T06:01:38.786Z","page_title":"SHU 0-1 CRY | Sheffield Utd v Crystal Palace 12/08/2023, Stats - Flashscore.com | Match","competition":"WORLD CUP","status":"FINISHED","date_time":"12.08.2023 18:00","home_team":"Sheffiel
[2026-08-16T06:01:38Z] Stored first_half statistics: 13 rows.
[2026-08-16T06:01:38Z] Merged section: statistics_first_half
[2026-08-16T06:01:38Z] Opening 2nd half statistics...
[2026-08-16T06:01:38Z] Navigate: https://www.flashscore.com/match/football/crystal-palace-AovF1Mia/sheffield-utd-MeKPSerA/summary/stats/2nd-half/?mid=hjTJs0E2
[2026-08-16T06:01:40Z] Page loaded. Waiting for statistics DOM...
[2026-08-16T06:01:41Z] Script [readiness] result prefix: {"body_text_length":3294,"ready":true,"row_count":18,"section":"statistics_second_half","title":"SHU 0-1 CRY | Sheffield Utd v Crystal Palace 12/08/2023, Stats - Flashscore.com | Match"}
[2026-08-16T06:01:41Z] Reading rendered DOM...
[2026-08-16T06:01:41Z] Executing extraction script for phase 2; length: 5174.
[2026-08-16T06:01:41Z] Script [extract] result prefix: {"schema_version":"1.3","section":"statistics_second_half","statistic_period":"second_half","source_url":"https://www.flashscore.com/match/football/crystal-palace-AovF1Mia/sheffield-utd-MeKPSerA/summary/stats/2nd-half/?mid=hjTJs0E2","match_id":"hjTJs0E2","collected_at_utc":"2026-08-16T06:01:41.811Z","page_title":"SHU 0-1 CRY | Sheffield Utd v Crystal Palace 12/08/2023, Stats - Flashscore.com | Match","competition":"WORLD CUP","status":"FINISHED","date_time":"12.08.2023 18:00","home_team":"Sheffi
[2026-08-16T06:01:41Z] Stored second_half statistics: 13 rows.
[2026-08-16T06:01:41Z] Merged section: statistics_second_half
[2026-08-16T06:01:41Z] Opening lineups...
[2026-08-16T06:01:41Z] Navigate: https://www.flashscore.com/match/football/crystal-palace-AovF1Mia/sheffield-utd-MeKPSerA/summary/lineups/?mid=hjTJs0E2
[2026-08-16T06:01:44Z] Page loaded. Waiting for statistics DOM...
[2026-08-16T06:01:45Z] Script [readiness] result prefix: {"body_text_length":4273,"ready":true,"row_count":110,"section":"lineups","title":"SHU 0-1 CRY | Sheffield Utd v Crystal Palace 12/08/2023, Lineups - Flashscore.com | Match"}
[2026-08-16T06:01:45Z] Reading rendered DOM...
[2026-08-16T06:01:45Z] Executing extraction script for phase 4; length: 20701.
[2026-08-16T06:01:45Z] Script [extract] result prefix: {"schema_version":"1.3","section":"lineups","statistic_period":null,"source_url":"https://www.flashscore.com/match/football/crystal-palace-AovF1Mia/sheffield-utd-MeKPSerA/summary/lineups/?mid=hjTJs0E2","match_id":"hjTJs0E2","collected_at_utc":"2026-08-16T06:01:45.866Z","page_title":"SHU 0-1 CRY | Sheffield Utd v Crystal Palace 12/08/2023, Lineups - Flashscore.com | Match","competition":"WORLD CUP","status":"FINISHED","date_time":"12.08.2023 18:00","home_team":"Sheffield Utd","away_team":"Crystal
[2026-08-16T06:01:45Z] Merged section: lineups
[2026-08-16T06:01:45Z] English Premier League 2023/2024: Player Stats are unavailable in the source profile.
[2026-08-16T06:01:45Z] Marked all Player Stats categories as not_available; collection continues.
[2026-08-16T06:01:45Z] Opening commentary...
[2026-08-16T06:01:45Z] Navigate: https://www.flashscore.com/match/football/crystal-palace-AovF1Mia/sheffield-utd-MeKPSerA/summary/live-commentary/?mid=hjTJs0E2
[2026-08-16T06:01:48Z] Page loaded. Waiting for statistics DOM...
[2026-08-16T06:01:49Z] Script [readiness] result prefix: {"body_text_length":10298,"ready":true,"row_count":179,"section":"commentary","title":"SHU 0-1 CRY | Sheffield Utd v Crystal Palace 12/08/2023 | Football - Flashscore | Match"}
[2026-08-16T06:01:49Z] Reading rendered DOM...
[2026-08-16T06:01:49Z] Executing extraction script for phase 12; length: 11834.
[2026-08-16T06:01:49Z] Script [extract] result prefix: {"schema_version":"1.3","section":"commentary","statistic_period":null,"source_url":"https://www.flashscore.com/match/football/crystal-palace-AovF1Mia/sheffield-utd-MeKPSerA/summary/live-commentary/all-comments/?mid=hjTJs0E2","match_id":"hjTJs0E2","collected_at_utc":"2026-08-16T06:01:49.633Z","page_title":"SHU 0-1 CRY | Sheffield Utd v Crystal Palace 12/08/2023 | Football - Flashscore | Match","competition":"WORLD CUP","status":"FINISHED","date_time":"12.08.2023 18:00","home_team":"Sheffield Utd
[2026-08-16T06:01:49Z] Merged section: commentary
[2026-08-16T06:01:49Z] Saving complete match JSON...
[2026-08-16T06:01:49Z] Player Stats category unavailable; status=not_available: top_stats
[2026-08-16T06:01:49Z] Player Stats category unavailable; status=not_available: shots
[2026-08-16T06:01:49Z] Player Stats category unavailable; status=not_available: attack
[2026-08-16T06:01:49Z] Player Stats category unavailable; status=not_available: passes
[2026-08-16T06:01:49Z] Player Stats category unavailable; status=not_available: defense
[2026-08-16T06:01:49Z] Player Stats category unavailable; status=not_available: goalkeeping
[2026-08-16T06:01:49Z] Player Stats category unavailable; status=not_available: general
[2026-08-16T06:01:49Z] Structured goals, cards and VAR events enriched.
[2026-08-16T06:01:49Z] Saved match JSON with 13 statistics: G:\Mirza\VSCode\FlashscoreFootballCollector_\Data\Matches\PremierLeague\2023_2024\2023-08-12_Sheffield_Utd_vs_Crystal_Palace_hjTJs0E2.json
[2026-08-16T06:01:49Z] Finished: 2023-08-12_Sheffield_Utd_vs_Crystal_Palace_hjTJs0E2.json
[2026-08-16T06:01:49Z] Opening overall statistics...
[2026-08-16T06:01:49Z] Navigate: https://www.flashscore.com/match/football/everton-KluSTr9s/fulham-69ZiU2Om/summary/stats/overall/?mid=6m8qJGy2
[2026-08-16T06:01:51Z] Page loaded. Waiting for statistics DOM...
[2026-08-16T06:01:53Z] Script [readiness] result prefix: {"body_text_length":3230,"ready":true,"row_count":18,"section":"statistics_overall","title":"EVE 0-1 FUL | Everton v Fulham 12/08/2023, Stats - Flashscore.com | Match"}
[2026-08-16T06:01:53Z] Reading rendered DOM...
[2026-08-16T06:01:53Z] Executing extraction script for phase 0; length: 5174.
[2026-08-16T06:01:53Z] Script [extract] result prefix: {"schema_version":"1.3","section":"statistics_overall","statistic_period":"overall","source_url":"https://www.flashscore.com/match/football/everton-KluSTr9s/fulham-69ZiU2Om/summary/stats/overall/?mid=6m8qJGy2","match_id":"6m8qJGy2","collected_at_utc":"2026-08-16T06:01:53.227Z","page_title":"EVE 0-1 FUL | Everton v Fulham 12/08/2023, Stats - Flashscore.com | Match","competition":"WORLD CUP","status":"FINISHED","date_time":"12.08.2023 18:00","home_team":"Everton","away_team":"Fulham","score":{"hom
[2026-08-16T06:01:53Z] Stored overall statistics: 13 rows.
[2026-08-16T06:01:53Z] Merged section: statistics_overall
[2026-08-16T06:01:53Z] Opening 1st half statistics...
[2026-08-16T06:01:53Z] Navigate: https://www.flashscore.com/match/football/everton-KluSTr9s/fulham-69ZiU2Om/summary/stats/1st-half/?mid=6m8qJGy2
[2026-08-16T06:01:55Z] Page loaded. Waiting for statistics DOM...
[2026-08-16T06:01:56Z] Script [readiness] result prefix: {"body_text_length":3221,"ready":true,"row_count":18,"section":"statistics_first_half","title":"EVE 0-1 FUL | Everton v Fulham 12/08/2023, Stats - Flashscore.com | Match"}
[2026-08-16T06:01:56Z] Reading rendered DOM...
[2026-08-16T06:01:56Z] Executing extraction script for phase 1; length: 5174.
[2026-08-16T06:01:57Z] Script [extract] result prefix: {"schema_version":"1.3","section":"statistics_first_half","statistic_period":"first_half","source_url":"https://www.flashscore.com/match/football/everton-KluSTr9s/fulham-69ZiU2Om/summary/stats/1st-half/?mid=6m8qJGy2","match_id":"6m8qJGy2","collected_at_utc":"2026-08-16T06:01:56.993Z","page_title":"EVE 0-1 FUL | Everton v Fulham 12/08/2023, Stats - Flashscore.com | Match","competition":"WORLD CUP","status":"FINISHED","date_time":"12.08.2023 18:00","home_team":"Everton","away_team":"Fulham","score
[2026-08-16T06:01:57Z] Stored first_half statistics: 13 rows.
[2026-08-16T06:01:57Z] Merged section: statistics_first_half
[2026-08-16T06:01:57Z] Opening 2nd half statistics...
[2026-08-16T06:01:57Z] Navigate: https://www.flashscore.com/match/football/everton-KluSTr9s/fulham-69ZiU2Om/summary/stats/2nd-half/?mid=6m8qJGy2
[2026-08-16T06:01:59Z] Page loaded. Waiting for statistics DOM...
[2026-08-16T06:02:00Z] Script [readiness] result prefix: {"body_text_length":3225,"ready":true,"row_count":18,"section":"statistics_second_half","title":"EVE 0-1 FUL | Everton v Fulham 12/08/2023, Stats - Flashscore.com | Match"}
[2026-08-16T06:02:00Z] Reading rendered DOM...
[2026-08-16T06:02:00Z] Executing extraction script for phase 2; length: 5174.
[2026-08-16T06:02:00Z] Script [extract] result prefix: {"schema_version":"1.3","section":"statistics_second_half","statistic_period":"second_half","source_url":"https://www.flashscore.com/match/football/everton-KluSTr9s/fulham-69ZiU2Om/summary/stats/2nd-half/?mid=6m8qJGy2","match_id":"6m8qJGy2","collected_at_utc":"2026-08-16T06:02:00.907Z","page_title":"EVE 0-1 FUL | Everton v Fulham 12/08/2023, Stats - Flashscore.com | Match","competition":"WORLD CUP","status":"FINISHED","date_time":"12.08.2023 18:00","home_team":"Everton","away_team":"Fulham","sco
[2026-08-16T06:02:00Z] Stored second_half statistics: 13 rows.
[2026-08-16T06:02:00Z] Merged section: statistics_second_half
[2026-08-16T06:02:00Z] Opening lineups...
[2026-08-16T06:02:01Z] Navigate: https://www.flashscore.com/match/football/everton-KluSTr9s/fulham-69ZiU2Om/summary/lineups/?mid=6m8qJGy2
[2026-08-16T06:02:03Z] Page loaded. Waiting for statistics DOM...
[2026-08-16T06:02:05Z] Script [readiness] result prefix: {"body_text_length":4015,"ready":true,"row_count":102,"section":"lineups","title":"EVE 0-1 FUL | Everton v Fulham 12/08/2023, Lineups - Flashscore.com | Match"}
[2026-08-16T06:02:05Z] Reading rendered DOM...
[2026-08-16T06:02:05Z] Executing extraction script for phase 4; length: 20701.
[2026-08-16T06:02:05Z] Script [extract] result prefix: {"schema_version":"1.3","section":"lineups","statistic_period":null,"source_url":"https://www.flashscore.com/match/football/everton-KluSTr9s/fulham-69ZiU2Om/summary/lineups/?mid=6m8qJGy2","match_id":"6m8qJGy2","collected_at_utc":"2026-08-16T06:02:05.172Z","page_title":"EVE 0-1 FUL | Everton v Fulham 12/08/2023, Lineups - Flashscore.com | Match","competition":"WORLD CUP","status":"FINISHED","date_time":"12.08.2023 18:00","home_team":"Everton","away_team":"Fulham","score":{"home":"0","away":"1","d
[2026-08-16T06:02:05Z] Merged section: lineups
[2026-08-16T06:02:05Z] English Premier League 2023/2024: Player Stats are unavailable in the source profile.
[2026-08-16T06:02:05Z] Marked all Player Stats categories as not_available; collection continues.
[2026-08-16T06:02:05Z] Opening commentary...
[2026-08-16T06:02:05Z] Navigate: https://www.flashscore.com/match/football/everton-KluSTr9s/fulham-69ZiU2Om/summary/live-commentary/?mid=6m8qJGy2
[2026-08-16T06:02:07Z] Page loaded. Waiting for statistics DOM...
[2026-08-16T06:02:09Z] Script [readiness] result prefix: {"body_text_length":13846,"ready":true,"row_count":237,"section":"commentary","title":"EVE 0-1 FUL | Everton v Fulham 12/08/2023 | Football - Flashscore | Match"}
[2026-08-16T06:02:09Z] Reading rendered DOM...
[2026-08-16T06:02:09Z] Executing extraction script for phase 12; length: 11834.
[2026-08-16T06:02:09Z] Script [extract] result prefix: {"schema_version":"1.3","section":"commentary","statistic_period":null,"source_url":"https://www.flashscore.com/match/football/everton-KluSTr9s/fulham-69ZiU2Om/summary/live-commentary/all-comments/?mid=6m8qJGy2","match_id":"6m8qJGy2","collected_at_utc":"2026-08-16T06:02:09.494Z","page_title":"EVE 0-1 FUL | Everton v Fulham 12/08/2023 | Football - Flashscore | Match","competition":"WORLD CUP","status":"FINISHED","date_time":"12.08.2023 18:00","home_team":"Everton","away_team":"Fulham","score":{"h
[2026-08-16T06:02:09Z] Merged section: commentary
[2026-08-16T06:02:09Z] Saving complete match JSON...
[2026-08-16T06:02:09Z] Player Stats category unavailable; status=not_available: top_stats
[2026-08-16T06:02:09Z] Player Stats category unavailable; status=not_available: shots
[2026-08-16T06:02:09Z] Player Stats category unavailable; status=not_available: attack
[2026-08-16T06:02:09Z] Player Stats category unavailable; status=not_available: passes
[2026-08-16T06:02:09Z] Player Stats category unavailable; status=not_available: defense
[2026-08-16T06:02:09Z] Player Stats category unavailable; status=not_available: goalkeeping
[2026-08-16T06:02:09Z] Player Stats category unavailable; status=not_available: general
[2026-08-16T06:02:09Z] Structured goals, cards and VAR events enriched.
[2026-08-16T06:02:09Z] Saved match JSON with 13 statistics: G:\Mirza\VSCode\FlashscoreFootballCollector_\Data\Matches\PremierLeague\2023_2024\2023-08-12_Everton_vs_Fulham_6m8qJGy2.json
[2026-08-16T06:02:09Z] Finished: 2023-08-12_Everton_vs_Fulham_6m8qJGy2.json
[2026-08-16T06:02:09Z] Opening overall statistics...
[2026-08-16T06:02:09Z] Navigate: https://www.flashscore.com/match/football/brighton-2XrRecc3/luton-SlybbadF/summary/stats/overall/?mid=Sd9uKdMe
[2026-08-16T06:02:12Z] Page loaded. Waiting for statistics DOM...
[2026-08-16T06:02:13Z] Script [readiness] result prefix: {"body_text_length":3231,"ready":true,"row_count":18,"section":"statistics_overall","title":"BHA 4-1 LUT | Brighton v Luton 12/08/2023, Stats - Flashscore.com | Match"}
[2026-08-16T06:02:13Z] Reading rendered DOM...
[2026-08-16T06:02:13Z] Executing extraction script for phase 0; length: 5174.
[2026-08-16T06:02:13Z] Script [extract] result prefix: {"schema_version":"1.3","section":"statistics_overall","statistic_period":"overall","source_url":"https://www.flashscore.com/match/football/brighton-2XrRecc3/luton-SlybbadF/summary/stats/overall/?mid=Sd9uKdMe","match_id":"Sd9uKdMe","collected_at_utc":"2026-08-16T06:02:13.745Z","page_title":"BHA 4-1 LUT | Brighton v Luton 12/08/2023, Stats - Flashscore.com | Match","competition":"WORLD CUP","status":"FINISHED","date_time":"12.08.2023 18:00","home_team":"Brighton","away_team":"Luton","score":{"hom
[2026-08-16T06:02:13Z] Stored overall statistics: 13 rows.
[2026-08-16T06:02:13Z] Merged section: statistics_overall
[2026-08-16T06:02:13Z] Opening 1st half statistics...
[2026-08-16T06:02:13Z] Navigate: https://www.flashscore.com/match/football/brighton-2XrRecc3/luton-SlybbadF/summary/stats/1st-half/?mid=Sd9uKdMe
[2026-08-16T06:02:15Z] Page loaded. Waiting for statistics DOM...
[2026-08-16T06:02:16Z] Script [readiness] result prefix: {"body_text_length":3225,"ready":true,"row_count":18,"section":"statistics_first_half","title":"BHA 4-1 LUT | Brighton v Luton 12/08/2023, Stats - Flashscore.com | Match"}
[2026-08-16T06:02:16Z] Reading rendered DOM...
[2026-08-16T06:02:16Z] Executing extraction script for phase 1; length: 5174.
[2026-08-16T06:02:16Z] Script [extract] result prefix: {"schema_version":"1.3","section":"statistics_first_half","statistic_period":"first_half","source_url":"https://www.flashscore.com/match/football/brighton-2XrRecc3/luton-SlybbadF/summary/stats/1st-half/?mid=Sd9uKdMe","match_id":"Sd9uKdMe","collected_at_utc":"2026-08-16T06:02:16.910Z","page_title":"BHA 4-1 LUT | Brighton v Luton 12/08/2023, Stats - Flashscore.com | Match","competition":"WORLD CUP","status":"FINISHED","date_time":"12.08.2023 18:00","home_team":"Brighton","away_team":"Luton","score
[2026-08-16T06:02:16Z] Stored first_half statistics: 13 rows.
[2026-08-16T06:02:17Z] Merged section: statistics_first_half
[2026-08-16T06:02:17Z] Opening 2nd half statistics...
[2026-08-16T06:02:17Z] Navigate: https://www.flashscore.com/match/football/brighton-2XrRecc3/luton-SlybbadF/summary/stats/2nd-half/?mid=Sd9uKdMe
[2026-08-16T06:02:19Z] Page loaded. Waiting for statistics DOM...
[2026-08-16T06:02:20Z] Script [readiness] result prefix: {"body_text_length":3224,"ready":true,"row_count":18,"section":"statistics_second_half","title":"BHA 4-1 LUT | Brighton v Luton 12/08/2023, Stats - Flashscore.com | Match"}
[2026-08-16T06:02:20Z] Reading rendered DOM...
[2026-08-16T06:02:20Z] Executing extraction script for phase 2; length: 5174.
[2026-08-16T06:02:20Z] Script [extract] result prefix: {"schema_version":"1.3","section":"statistics_second_half","statistic_period":"second_half","source_url":"https://www.flashscore.com/match/football/brighton-2XrRecc3/luton-SlybbadF/summary/stats/2nd-half/?mid=Sd9uKdMe","match_id":"Sd9uKdMe","collected_at_utc":"2026-08-16T06:02:20.941Z","page_title":"BHA 4-1 LUT | Brighton v Luton 12/08/2023, Stats - Flashscore.com | Match","competition":"WORLD CUP","status":"FINISHED","date_time":"12.08.2023 18:00","home_team":"Brighton","away_team":"Luton","sco
[2026-08-16T06:02:20Z] Stored second_half statistics: 13 rows.
[2026-08-16T06:02:20Z] Merged section: statistics_second_half
[2026-08-16T06:02:21Z] Opening lineups...
[2026-08-16T06:02:21Z] Navigate: https://www.flashscore.com/match/football/brighton-2XrRecc3/luton-SlybbadF/summary/lineups/?mid=Sd9uKdMe
[2026-08-16T06:02:23Z] Page loaded. Waiting for statistics DOM...
[2026-08-16T06:02:25Z] Script [readiness] result prefix: {"body_text_length":4222,"ready":true,"row_count":116,"section":"lineups","title":"BHA 4-1 LUT | Brighton v Luton 12/08/2023, Lineups - Flashscore.com | Match"}
[2026-08-16T06:02:25Z] Reading rendered DOM...
[2026-08-16T06:02:25Z] Executing extraction script for phase 4; length: 20701.
[2026-08-16T06:02:25Z] Script [extract] result prefix: {"schema_version":"1.3","section":"lineups","statistic_period":null,"source_url":"https://www.flashscore.com/match/football/brighton-2XrRecc3/luton-SlybbadF/summary/lineups/?mid=Sd9uKdMe","match_id":"Sd9uKdMe","collected_at_utc":"2026-08-16T06:02:25.436Z","page_title":"BHA 4-1 LUT | Brighton v Luton 12/08/2023, Lineups - Flashscore.com | Match","competition":"WORLD CUP","status":"FINISHED","date_time":"12.08.2023 18:00","home_team":"Brighton","away_team":"Luton","score":{"home":"4","away":"1","d
[2026-08-16T06:02:25Z] Merged section: lineups
[2026-08-16T06:02:25Z] English Premier League 2023/2024: Player Stats are unavailable in the source profile.
[2026-08-16T06:02:25Z] Marked all Player Stats categories as not_available; collection continues.
[2026-08-16T06:02:25Z] Opening commentary...
[2026-08-16T06:02:25Z] Navigate: https://www.flashscore.com/match/football/brighton-2XrRecc3/luton-SlybbadF/summary/live-commentary/?mid=Sd9uKdMe
[2026-08-16T06:02:28Z] Page loaded. Waiting for statistics DOM...
[2026-08-16T06:02:29Z] Script [readiness] result prefix: {"body_text_length":11305,"ready":true,"row_count":242,"section":"commentary","title":"BHA 4-1 LUT | Brighton v Luton 12/08/2023 | Football - Flashscore | Match"}
[2026-08-16T06:02:29Z] Reading rendered DOM...
[2026-08-16T06:02:29Z] Executing extraction script for phase 12; length: 11834.
[2026-08-16T06:02:29Z] Script [extract] result prefix: {"schema_version":"1.3","section":"commentary","statistic_period":null,"source_url":"https://www.flashscore.com/match/football/brighton-2XrRecc3/luton-SlybbadF/summary/live-commentary/all-comments/?mid=Sd9uKdMe","match_id":"Sd9uKdMe","collected_at_utc":"2026-08-16T06:02:29.593Z","page_title":"BHA 4-1 LUT | Brighton v Luton 12/08/2023 | Football - Flashscore | Match","competition":"WORLD CUP","status":"FINISHED","date_time":"12.08.2023 18:00","home_team":"Brighton","away_team":"Luton","score":{"h
[2026-08-16T06:02:29Z] Merged section: commentary
[2026-08-16T06:02:29Z] Saving complete match JSON...
[2026-08-16T06:02:29Z] Player Stats category unavailable; status=not_available: top_stats
[2026-08-16T06:02:29Z] Player Stats category unavailable; status=not_available: shots
[2026-08-16T06:02:29Z] Player Stats category unavailable; status=not_available: attack
[2026-08-16T06:02:29Z] Player Stats category unavailable; status=not_available: passes
[2026-08-16T06:02:29Z] Player Stats category unavailable; status=not_available: defense
[2026-08-16T06:02:29Z] Player Stats category unavailable; status=not_available: goalkeeping
[2026-08-16T06:02:30Z] Player Stats category unavailable; status=not_available: general
[2026-08-16T06:02:30Z] Structured goals, cards and VAR events enriched.
[2026-08-16T06:02:30Z] Saved match JSON with 13 statistics: G:\Mirza\VSCode\FlashscoreFootballCollector_\Data\Matches\PremierLeague\2023_2024\2023-08-12_Brighton_vs_Luton_Sd9uKdMe.json
[2026-08-16T06:02:30Z] Finished: 2023-08-12_Brighton_vs_Luton_Sd9uKdMe.json
[2026-08-16T06:02:30Z] Opening overall statistics...
[2026-08-16T06:02:30Z] Navigate: https://www.flashscore.com/match/football/bournemouth-OtpNdwrc/west-ham-Cxq57r8g/summary/stats/overall/?mid=YZ9yLx7k
[2026-08-16T06:02:32Z] Page loaded. Waiting for statistics DOM...
[2026-08-16T06:02:33Z] Script [readiness] result prefix: {"body_text_length":3262,"ready":true,"row_count":18,"section":"statistics_overall","title":"BOU 1-1 WHU | Bournemouth v West Ham 12/08/2023, Stats - Flashscore.com | Match"}
[2026-08-16T06:02:33Z] Reading rendered DOM...
[2026-08-16T06:02:33Z] Executing extraction script for phase 0; length: 5174.
[2026-08-16T06:02:34Z] Script [extract] result prefix: {"schema_version":"1.3","section":"statistics_overall","statistic_period":"overall","source_url":"https://www.flashscore.com/match/football/bournemouth-OtpNdwrc/west-ham-Cxq57r8g/summary/stats/overall/?mid=YZ9yLx7k","match_id":"YZ9yLx7k","collected_at_utc":"2026-08-16T06:02:34.018Z","page_title":"BOU 1-1 WHU | Bournemouth v West Ham 12/08/2023, Stats - Flashscore.com | Match","competition":"WORLD CUP","status":"FINISHED","date_time":"12.08.2023 18:00","home_team":"Bournemouth","away_team":"West 
[2026-08-16T06:02:34Z] Stored overall statistics: 13 rows.
[2026-08-16T06:02:34Z] Merged section: statistics_overall
[2026-08-16T06:02:34Z] Opening 1st half statistics...
[2026-08-16T06:02:34Z] Navigate: https://www.flashscore.com/match/football/bournemouth-OtpNdwrc/west-ham-Cxq57r8g/summary/stats/1st-half/?mid=YZ9yLx7k
[2026-08-16T06:02:36Z] Page loaded. Waiting for statistics DOM...
[2026-08-16T06:02:37Z] Script [readiness] result prefix: {"body_text_length":3254,"ready":true,"row_count":18,"section":"statistics_first_half","title":"BOU 1-1 WHU | Bournemouth v West Ham 12/08/2023, Stats - Flashscore.com | Match"}
[2026-08-16T06:02:37Z] Reading rendered DOM...
[2026-08-16T06:02:38Z] Executing extraction script for phase 1; length: 5174.
[2026-08-16T06:02:38Z] Script [extract] result prefix: {"schema_version":"1.3","section":"statistics_first_half","statistic_period":"first_half","source_url":"https://www.flashscore.com/match/football/bournemouth-OtpNdwrc/west-ham-Cxq57r8g/summary/stats/1st-half/?mid=YZ9yLx7k","match_id":"YZ9yLx7k","collected_at_utc":"2026-08-16T06:02:38.076Z","page_title":"BOU 1-1 WHU | Bournemouth v West Ham 12/08/2023, Stats - Flashscore.com | Match","competition":"WORLD CUP","status":"FINISHED","date_time":"12.08.2023 18:00","home_team":"Bournemouth","away_team"
[2026-08-16T06:02:38Z] Stored first_half statistics: 13 rows.
[2026-08-16T06:02:38Z] Merged section: statistics_first_half
[2026-08-16T06:02:38Z] Opening 2nd half statistics...
[2026-08-16T06:02:38Z] Navigate: https://www.flashscore.com/match/football/bournemouth-OtpNdwrc/west-ham-Cxq57r8g/summary/stats/2nd-half/?mid=YZ9yLx7k
[2026-08-16T06:02:40Z] Page loaded. Waiting for statistics DOM...
[2026-08-16T06:02:41Z] Script [readiness] result prefix: {"body_text_length":3255,"ready":true,"row_count":18,"section":"statistics_second_half","title":"BOU 1-1 WHU | Bournemouth v West Ham 12/08/2023, Stats - Flashscore.com | Match"}
[2026-08-16T06:02:41Z] Reading rendered DOM...
[2026-08-16T06:02:41Z] Executing extraction script for phase 2; length: 5174.
[2026-08-16T06:02:41Z] Script [extract] result prefix: {"schema_version":"1.3","section":"statistics_second_half","statistic_period":"second_half","source_url":"https://www.flashscore.com/match/football/bournemouth-OtpNdwrc/west-ham-Cxq57r8g/summary/stats/2nd-half/?mid=YZ9yLx7k","match_id":"YZ9yLx7k","collected_at_utc":"2026-08-16T06:02:41.735Z","page_title":"BOU 1-1 WHU | Bournemouth v West Ham 12/08/2023, Stats - Flashscore.com | Match","competition":"WORLD CUP","status":"FINISHED","date_time":"12.08.2023 18:00","home_team":"Bournemouth","away_tea
[2026-08-16T06:02:41Z] Stored second_half statistics: 13 rows.
[2026-08-16T06:02:41Z] Merged section: statistics_second_half
[2026-08-16T06:02:42Z] Opening lineups...
[2026-08-16T06:02:42Z] Navigate: https://www.flashscore.com/match/football/bournemouth-OtpNdwrc/west-ham-Cxq57r8g/summary/lineups/?mid=YZ9yLx7k
[2026-08-16T06:02:44Z] Page loaded. Waiting for statistics DOM...
[2026-08-16T06:02:45Z] Script [readiness] result prefix: {"body_text_length":4000,"ready":true,"row_count":104,"section":"lineups","title":"BOU 1-1 WHU | Bournemouth v West Ham 12/08/2023, Lineups - Flashscore.com | Match"}
[2026-08-16T06:02:45Z] Reading rendered DOM...
[2026-08-16T06:02:45Z] Executing extraction script for phase 4; length: 20701.
[2026-08-16T06:02:46Z] Script [extract] result prefix: {"schema_version":"1.3","section":"lineups","statistic_period":null,"source_url":"https://www.flashscore.com/match/football/bournemouth-OtpNdwrc/west-ham-Cxq57r8g/summary/lineups/?mid=YZ9yLx7k","match_id":"YZ9yLx7k","collected_at_utc":"2026-08-16T06:02:45.963Z","page_title":"BOU 1-1 WHU | Bournemouth v West Ham 12/08/2023, Lineups - Flashscore.com | Match","competition":"WORLD CUP","status":"FINISHED","date_time":"12.08.2023 18:00","home_team":"Bournemouth","away_team":"West Ham","score":{"home"
[2026-08-16T06:02:46Z] Merged section: lineups
[2026-08-16T06:02:46Z] English Premier League 2023/2024: Player Stats are unavailable in the source profile.
[2026-08-16T06:02:46Z] Marked all Player Stats categories as not_available; collection continues.
[2026-08-16T06:02:46Z] Opening commentary...
[2026-08-16T06:02:46Z] Navigate: https://www.flashscore.com/match/football/bournemouth-OtpNdwrc/west-ham-Cxq57r8g/summary/live-commentary/?mid=YZ9yLx7k
[2026-08-16T06:02:48Z] Page loaded. Waiting for statistics DOM...
[2026-08-16T06:02:50Z] Script [readiness] result prefix: {"body_text_length":14586,"ready":true,"row_count":266,"section":"commentary","title":"BOU 1-1 WHU | Bournemouth v West Ham 12/08/2023 | Football - Flashscore | Match"}
[2026-08-16T06:02:50Z] Reading rendered DOM...
[2026-08-16T06:02:50Z] Executing extraction script for phase 12; length: 11834.
[2026-08-16T06:02:50Z] Script [extract] result prefix: {"schema_version":"1.3","section":"commentary","statistic_period":null,"source_url":"https://www.flashscore.com/match/football/bournemouth-OtpNdwrc/west-ham-Cxq57r8g/summary/live-commentary/all-comments/?mid=YZ9yLx7k","match_id":"YZ9yLx7k","collected_at_utc":"2026-08-16T06:02:50.149Z","page_title":"BOU 1-1 WHU | Bournemouth v West Ham 12/08/2023 | Football - Flashscore | Match","competition":"WORLD CUP","status":"FINISHED","date_time":"12.08.2023 18:00","home_team":"Bournemouth","away_team":"Wes
[2026-08-16T06:02:50Z] Merged section: commentary
[2026-08-16T06:02:50Z] Saving complete match JSON...
[2026-08-16T06:02:50Z] Player Stats category unavailable; status=not_available: top_stats
[2026-08-16T06:02:50Z] Player Stats category unavailable; status=not_available: shots
[2026-08-16T06:02:50Z] Player Stats category unavailable; status=not_available: attack
[2026-08-16T06:02:50Z] Player Stats category unavailable; status=not_available: passes
[2026-08-16T06:02:50Z] Player Stats category unavailable; status=not_available: defense
[2026-08-16T06:02:50Z] Player Stats category unavailable; status=not_available: goalkeeping
[2026-08-16T06:02:50Z] Player Stats category unavailable; status=not_available: general
[2026-08-16T06:02:50Z] Structured goals, cards and VAR events enriched.
[2026-08-16T06:02:51Z] Saved match JSON with 13 statistics: G:\Mirza\VSCode\FlashscoreFootballCollector_\Data\Matches\PremierLeague\2023_2024\2023-08-12_Bournemouth_vs_West_Ham_YZ9yLx7k.json
[2026-08-16T06:02:51Z] Finished: 2023-08-12_Bournemouth_vs_West_Ham_YZ9yLx7k.json
[2026-08-16T06:02:51Z] Opening overall statistics...
[2026-08-16T06:02:51Z] Navigate: https://www.flashscore.com/match/football/aston-villa-W00wmLO0/newcastle-utd-p6ahwuwJ/summary/stats/overall/?mid=WtSNtKT8
[2026-08-16T06:02:53Z] Page loaded. Waiting for statistics DOM...
[2026-08-16T06:02:54Z] Script [readiness] result prefix: {"body_text_length":3269,"ready":true,"row_count":18,"section":"statistics_overall","title":"NEW 5-1 AST | Newcastle v Aston Villa 12/08/2023, Stats - Flashscore.com | Match"}
[2026-08-16T06:02:54Z] Reading rendered DOM...
[2026-08-16T06:02:54Z] Executing extraction script for phase 0; length: 5174.
[2026-08-16T06:02:54Z] Script [extract] result prefix: {"schema_version":"1.3","section":"statistics_overall","statistic_period":"overall","source_url":"https://www.flashscore.com/match/football/aston-villa-W00wmLO0/newcastle-utd-p6ahwuwJ/summary/stats/overall/?mid=WtSNtKT8","match_id":"WtSNtKT8","collected_at_utc":"2026-08-16T06:02:54.729Z","page_title":"NEW 5-1 AST | Newcastle v Aston Villa 12/08/2023, Stats - Flashscore.com | Match","competition":"WORLD CUP","status":"FINISHED","date_time":"12.08.2023 20:30","home_team":"Newcastle","away_team":"A
[2026-08-16T06:02:54Z] Stored overall statistics: 13 rows.
[2026-08-16T06:02:54Z] Merged section: statistics_overall
[2026-08-16T06:02:54Z] Opening 1st half statistics...
[2026-08-16T06:02:54Z] Navigate: https://www.flashscore.com/match/football/aston-villa-W00wmLO0/newcastle-utd-p6ahwuwJ/summary/stats/1st-half/?mid=WtSNtKT8
[2026-08-16T06:02:56Z] Page loaded. Waiting for statistics DOM...
[2026-08-16T06:02:58Z] Script [readiness] result prefix: {"body_text_length":3259,"ready":true,"row_count":18,"section":"statistics_first_half","title":"NEW 5-1 AST | Newcastle v Aston Villa 12/08/2023, Stats - Flashscore.com | Match"}
[2026-08-16T06:02:58Z] Reading rendered DOM...
[2026-08-16T06:02:58Z] Executing extraction script for phase 1; length: 5174.
[2026-08-16T06:02:58Z] Script [extract] result prefix: {"schema_version":"1.3","section":"statistics_first_half","statistic_period":"first_half","source_url":"https://www.flashscore.com/match/football/aston-villa-W00wmLO0/newcastle-utd-p6ahwuwJ/summary/stats/1st-half/?mid=WtSNtKT8","match_id":"WtSNtKT8","collected_at_utc":"2026-08-16T06:02:58.342Z","page_title":"NEW 5-1 AST | Newcastle v Aston Villa 12/08/2023, Stats - Flashscore.com | Match","competition":"WORLD CUP","status":"FINISHED","date_time":"12.08.2023 20:30","home_team":"Newcastle","away_t
[2026-08-16T06:02:58Z] Stored first_half statistics: 13 rows.
[2026-08-16T06:02:58Z] Merged section: statistics_first_half
[2026-08-16T06:02:58Z] Opening 2nd half statistics...
[2026-08-16T06:02:58Z] Navigate: https://www.flashscore.com/match/football/aston-villa-W00wmLO0/newcastle-utd-p6ahwuwJ/summary/stats/2nd-half/?mid=WtSNtKT8
[2026-08-16T06:03:00Z] Page loaded. Waiting for statistics DOM...
[2026-08-16T06:03:01Z] Script [readiness] result prefix: {"body_text_length":3258,"ready":true,"row_count":18,"section":"statistics_second_half","title":"NEW 5-1 AST | Newcastle v Aston Villa 12/08/2023, Stats - Flashscore.com | Match"}
[2026-08-16T06:03:01Z] Reading rendered DOM...
[2026-08-16T06:03:01Z] Executing extraction script for phase 2; length: 5174.
[2026-08-16T06:03:01Z] Script [extract] result prefix: {"schema_version":"1.3","section":"statistics_second_half","statistic_period":"second_half","source_url":"https://www.flashscore.com/match/football/aston-villa-W00wmLO0/newcastle-utd-p6ahwuwJ/summary/stats/2nd-half/?mid=WtSNtKT8","match_id":"WtSNtKT8","collected_at_utc":"2026-08-16T06:03:01.663Z","page_title":"NEW 5-1 AST | Newcastle v Aston Villa 12/08/2023, Stats - Flashscore.com | Match","competition":"WORLD CUP","status":"FINISHED","date_time":"12.08.2023 20:30","home_team":"Newcastle","away
[2026-08-16T06:03:01Z] Stored second_half statistics: 13 rows.
[2026-08-16T06:03:01Z] Merged section: statistics_second_half
[2026-08-16T06:03:01Z] Opening lineups...
[2026-08-16T06:03:01Z] Navigate: https://www.flashscore.com/match/football/aston-villa-W00wmLO0/newcastle-utd-p6ahwuwJ/summary/lineups/?mid=WtSNtKT8
[2026-08-16T06:03:03Z] Page loaded. Waiting for statistics DOM...
[2026-08-16T06:03:04Z] Script [readiness] result prefix: {"body_text_length":4337,"ready":true,"row_count":119,"section":"lineups","title":"NEW 5-1 AST | Newcastle v Aston Villa 12/08/2023, Lineups - Flashscore.com | Match"}
[2026-08-16T06:03:04Z] Reading rendered DOM...
[2026-08-16T06:03:05Z] Executing extraction script for phase 4; length: 20701.
[2026-08-16T06:03:05Z] Script [extract] result prefix: {"schema_version":"1.3","section":"lineups","statistic_period":null,"source_url":"https://www.flashscore.com/match/football/aston-villa-W00wmLO0/newcastle-utd-p6ahwuwJ/summary/lineups/?mid=WtSNtKT8","match_id":"WtSNtKT8","collected_at_utc":"2026-08-16T06:03:05.046Z","page_title":"NEW 5-1 AST | Newcastle v Aston Villa 12/08/2023, Lineups - Flashscore.com | Match","competition":"WORLD CUP","status":"FINISHED","date_time":"12.08.2023 20:30","home_team":"Newcastle","away_team":"Aston Villa","score":
[2026-08-16T06:03:05Z] Merged section: lineups
[2026-08-16T06:03:05Z] English Premier League 2023/2024: Player Stats are unavailable in the source profile.
[2026-08-16T06:03:05Z] Marked all Player Stats categories as not_available; collection continues.
[2026-08-16T06:03:05Z] Opening commentary...
[2026-08-16T06:03:05Z] Navigate: https://www.flashscore.com/match/football/aston-villa-W00wmLO0/newcastle-utd-p6ahwuwJ/summary/live-commentary/?mid=WtSNtKT8
[2026-08-16T06:03:07Z] Page loaded. Waiting for statistics DOM...
[2026-08-16T06:03:09Z] Script [readiness] result prefix: {"body_text_length":11348,"ready":true,"row_count":244,"section":"commentary","title":"NEW 5-1 AST | Newcastle v Aston Villa 12/08/2023 | Football - Flashscore | Match"}
[2026-08-16T06:03:09Z] Reading rendered DOM...
[2026-08-16T06:03:09Z] Executing extraction script for phase 12; length: 11834.
[2026-08-16T06:03:09Z] Script [extract] result prefix: {"schema_version":"1.3","section":"commentary","statistic_period":null,"source_url":"https://www.flashscore.com/match/football/aston-villa-W00wmLO0/newcastle-utd-p6ahwuwJ/summary/live-commentary/all-comments/?mid=WtSNtKT8","match_id":"WtSNtKT8","collected_at_utc":"2026-08-16T06:03:09.199Z","page_title":"NEW 5-1 AST | Newcastle v Aston Villa 12/08/2023 | Football - Flashscore | Match","competition":"WORLD CUP","status":"FINISHED","date_time":"12.08.2023 20:30","home_team":"Newcastle","away_team":
[2026-08-16T06:03:09Z] Merged section: commentary
[2026-08-16T06:03:09Z] Saving complete match JSON...
[2026-08-16T06:03:09Z] Player Stats category unavailable; status=not_available: top_stats
[2026-08-16T06:03:09Z] Player Stats category unavailable; status=not_available: shots
[2026-08-16T06:03:09Z] Player Stats category unavailable; status=not_available: attack
[2026-08-16T06:03:09Z] Player Stats category unavailable; status=not_available: passes
[2026-08-16T06:03:09Z] Player Stats category unavailable; status=not_available: defense
[2026-08-16T06:03:09Z] Player Stats category unavailable; status=not_available: goalkeeping
[2026-08-16T06:03:09Z] Player Stats category unavailable; status=not_available: general
[2026-08-16T06:03:09Z] Structured goals, cards and VAR events enriched.
[2026-08-16T06:03:09Z] Saved match JSON with 13 statistics: G:\Mirza\VSCode\FlashscoreFootballCollector_\Data\Matches\PremierLeague\2023_2024\2023-08-12_Newcastle_vs_Aston_Villa_WtSNtKT8.json
[2026-08-16T06:03:09Z] Finished: 2023-08-12_Newcastle_vs_Aston_Villa_WtSNtKT8.json
[2026-08-16T06:03:09Z] Opening overall statistics...
[2026-08-16T06:03:09Z] Navigate: https://www.flashscore.com/match/football/brentford-xYe7DwID/tottenham-UDg08Ohm/summary/stats/overall/?mid=Q3RRuvqF
[2026-08-16T06:03:11Z] Page loaded. Waiting for statistics DOM...
[2026-08-16T06:03:12Z] Script [readiness] result prefix: {"body_text_length":2824,"ready":false,"row_count":0,"section":"statistics_overall","title":"BRE 2-2 TOT | Brentford v Tottenham Hotspur 13/08/2023, Stats - Flashscore.com | Match"}
[2026-08-16T06:03:12Z] DOM not ready; statistic rows: 0
[2026-08-16T06:03:14Z] Script [readiness] result prefix: {"body_text_length":3289,"ready":true,"row_count":18,"section":"statistics_overall","title":"BRE 2-2 TOT | Brentford v Tottenham Hotspur 13/08/2023, Stats - Flashscore.com | Match"}
[2026-08-16T06:03:14Z] Reading rendered DOM...
[2026-08-16T06:03:14Z] Executing extraction script for phase 0; length: 5174.
[2026-08-16T06:03:14Z] Script [extract] result prefix: {"schema_version":"1.3","section":"statistics_overall","statistic_period":"overall","source_url":"https://www.flashscore.com/match/football/brentford-xYe7DwID/tottenham-UDg08Ohm/summary/stats/overall/?mid=Q3RRuvqF","match_id":"Q3RRuvqF","collected_at_utc":"2026-08-16T06:03:14.310Z","page_title":"BRE 2-2 TOT | Brentford v Tottenham Hotspur 13/08/2023, Stats - Flashscore.com | Match","competition":"WORLD CUP","status":"FINISHED","date_time":"13.08.2023 17:00","home_team":"Brentford","away_team":"T
[2026-08-16T06:03:14Z] Stored overall statistics: 13 rows.
[2026-08-16T06:03:14Z] Merged section: statistics_overall
[2026-08-16T06:03:14Z] Opening 1st half statistics...
[2026-08-16T06:03:14Z] Navigate: https://www.flashscore.com/match/football/brentford-xYe7DwID/tottenham-UDg08Ohm/summary/stats/1st-half/?mid=Q3RRuvqF
[2026-08-16T06:03:16Z] Page loaded. Waiting for statistics DOM...
[2026-08-16T06:03:17Z] Script [readiness] result prefix: {"body_text_length":3276,"ready":true,"row_count":18,"section":"statistics_first_half","title":"BRE 2-2 TOT | Brentford v Tottenham Hotspur 13/08/2023, Stats - Flashscore.com | Match"}
[2026-08-16T06:03:17Z] Reading rendered DOM...
[2026-08-16T06:03:17Z] Executing extraction script for phase 1; length: 5174.
[2026-08-16T06:03:17Z] Script [extract] result prefix: {"schema_version":"1.3","section":"statistics_first_half","statistic_period":"first_half","source_url":"https://www.flashscore.com/match/football/brentford-xYe7DwID/tottenham-UDg08Ohm/summary/stats/1st-half/?mid=Q3RRuvqF","match_id":"Q3RRuvqF","collected_at_utc":"2026-08-16T06:03:17.887Z","page_title":"BRE 2-2 TOT | Brentford v Tottenham Hotspur 13/08/2023, Stats - Flashscore.com | Match","competition":"WORLD CUP","status":"FINISHED","date_time":"13.08.2023 17:00","home_team":"Brentford","away_t
[2026-08-16T06:03:17Z] Stored first_half statistics: 13 rows.
[2026-08-16T06:03:17Z] Merged section: statistics_first_half
[2026-08-16T06:03:17Z] Opening 2nd half statistics...
[2026-08-16T06:03:18Z] Navigate: https://www.flashscore.com/match/football/brentford-xYe7DwID/tottenham-UDg08Ohm/summary/stats/2nd-half/?mid=Q3RRuvqF
[2026-08-16T06:03:20Z] Page loaded. Waiting for statistics DOM...
[2026-08-16T06:03:21Z] Script [readiness] result prefix: {"body_text_length":3280,"ready":true,"row_count":18,"section":"statistics_second_half","title":"BRE 2-2 TOT | Brentford v Tottenham Hotspur 13/08/2023, Stats - Flashscore.com | Match"}
[2026-08-16T06:03:21Z] Reading rendered DOM...
[2026-08-16T06:03:21Z] Executing extraction script for phase 2; length: 5174.
[2026-08-16T06:03:21Z] Script [extract] result prefix: {"schema_version":"1.3","section":"statistics_second_half","statistic_period":"second_half","source_url":"https://www.flashscore.com/match/football/brentford-xYe7DwID/tottenham-UDg08Ohm/summary/stats/2nd-half/?mid=Q3RRuvqF","match_id":"Q3RRuvqF","collected_at_utc":"2026-08-16T06:03:21.831Z","page_title":"BRE 2-2 TOT | Brentford v Tottenham Hotspur 13/08/2023, Stats - Flashscore.com | Match","competition":"WORLD CUP","status":"FINISHED","date_time":"13.08.2023 17:00","home_team":"Brentford","away
[2026-08-16T06:03:21Z] Stored second_half statistics: 13 rows.
[2026-08-16T06:03:21Z] Merged section: statistics_second_half
[2026-08-16T06:03:21Z] Opening lineups...
[2026-08-16T06:03:22Z] Navigate: https://www.flashscore.com/match/football/brentford-xYe7DwID/tottenham-UDg08Ohm/summary/lineups/?mid=Q3RRuvqF
[2026-08-16T06:03:23Z] Page loaded. Waiting for statistics DOM...
[2026-08-16T06:03:25Z] Script [readiness] result prefix: {"body_text_length":4307,"ready":true,"row_count":112,"section":"lineups","title":"BRE 2-2 TOT | Brentford v Tottenham Hotspur 13/08/2023, Lineups - Flashscore.com | Match"}
[2026-08-16T06:03:25Z] Reading rendered DOM...
[2026-08-16T06:03:25Z] Executing extraction script for phase 4; length: 20701.
[2026-08-16T06:03:25Z] Script [extract] result prefix: {"schema_version":"1.3","section":"lineups","statistic_period":null,"source_url":"https://www.flashscore.com/match/football/brentford-xYe7DwID/tottenham-UDg08Ohm/summary/lineups/?mid=Q3RRuvqF","match_id":"Q3RRuvqF","collected_at_utc":"2026-08-16T06:03:25.464Z","page_title":"BRE 2-2 TOT | Brentford v Tottenham Hotspur 13/08/2023, Lineups - Flashscore.com | Match","competition":"WORLD CUP","status":"FINISHED","date_time":"13.08.2023 17:00","home_team":"Brentford","away_team":"Tottenham","score":{"
[2026-08-16T06:03:25Z] Merged section: lineups
[2026-08-16T06:03:25Z] English Premier League 2023/2024: Player Stats are unavailable in the source profile.
[2026-08-16T06:03:25Z] Marked all Player Stats categories as not_available; collection continues.
[2026-08-16T06:03:25Z] Opening commentary...
[2026-08-16T06:03:25Z] Navigate: https://www.flashscore.com/match/football/brentford-xYe7DwID/tottenham-UDg08Ohm/summary/live-commentary/?mid=Q3RRuvqF
[2026-08-16T06:03:28Z] Page loaded. Waiting for statistics DOM...
[2026-08-16T06:03:29Z] Script [readiness] result prefix: {"body_text_length":11840,"ready":true,"row_count":222,"section":"commentary","title":"BRE 2-2 TOT | Brentford v Tottenham Hotspur 13/08/2023 | Football - Flashscore | Match"}
[2026-08-16T06:03:29Z] Reading rendered DOM...
[2026-08-16T06:03:29Z] Executing extraction script for phase 12; length: 11834.
[2026-08-16T06:03:29Z] Script [extract] result prefix: {"schema_version":"1.3","section":"commentary","statistic_period":null,"source_url":"https://www.flashscore.com/match/football/brentford-xYe7DwID/tottenham-UDg08Ohm/summary/live-commentary/all-comments/?mid=Q3RRuvqF","match_id":"Q3RRuvqF","collected_at_utc":"2026-08-16T06:03:29.623Z","page_title":"BRE 2-2 TOT | Brentford v Tottenham Hotspur 13/08/2023 | Football - Flashscore | Match","competition":"WORLD CUP","status":"FINISHED","date_time":"13.08.2023 17:00","home_team":"Brentford","away_team":
[2026-08-16T06:03:29Z] Merged section: commentary
[2026-08-16T06:03:29Z] Saving complete match JSON...
[2026-08-16T06:03:29Z] Player Stats category unavailable; status=not_available: top_stats
[2026-08-16T06:03:29Z] Player Stats category unavailable; status=not_available: shots
[2026-08-16T06:03:29Z] Player Stats category unavailable; status=not_available: attack
[2026-08-16T06:03:29Z] Player Stats category unavailable; status=not_available: passes
[2026-08-16T06:03:29Z] Player Stats category unavailable; status=not_available: defense
[2026-08-16T06:03:30Z] Player Stats category unavailable; status=not_available: goalkeeping
[2026-08-16T06:03:30Z] Player Stats category unavailable; status=not_available: general
[2026-08-16T06:03:30Z] Structured goals, cards and VAR events enriched.
[2026-08-16T06:03:30Z] Saved match JSON with 13 statistics: G:\Mirza\VSCode\FlashscoreFootballCollector_\Data\Matches\PremierLeague\2023_2024\2023-08-13_Brentford_vs_Tottenham_Q3RRuvqF.json
[2026-08-16T06:03:30Z] Finished: 2023-08-13_Brentford_vs_Tottenham_Q3RRuvqF.json
[2026-08-16T06:03:30Z] Opening overall statistics...
[2026-08-16T06:03:30Z] Navigate: https://www.flashscore.com/match/football/chelsea-4fGZN2oK/liverpool-lId4TMwf/summary/stats/overall/?mid=v7VVvbbL
[2026-08-16T06:03:33Z] Page loaded. Waiting for statistics DOM...
[2026-08-16T06:03:35Z] Script [readiness] result prefix: {"body_text_length":3262,"ready":true,"row_count":19,"section":"statistics_overall","title":"CHE 1-1 LIV | Chelsea v Liverpool 13/08/2023, Stats - Flashscore.com | Match"}
[2026-08-16T06:03:35Z] Reading rendered DOM...
[2026-08-16T06:03:35Z] Executing extraction script for phase 0; length: 5174.
[2026-08-16T06:03:35Z] Script [extract] result prefix: {"schema_version":"1.3","section":"statistics_overall","statistic_period":"overall","source_url":"https://www.flashscore.com/match/football/chelsea-4fGZN2oK/liverpool-lId4TMwf/summary/stats/overall/?mid=v7VVvbbL","match_id":"v7VVvbbL","collected_at_utc":"2026-08-16T06:03:35.412Z","page_title":"CHE 1-1 LIV | Chelsea v Liverpool 13/08/2023, Stats - Flashscore.com | Match","competition":"WORLD CUP","status":"FINISHED","date_time":"13.08.2023 19:30","home_team":"Chelsea","away_team":"Liverpool","sco
[2026-08-16T06:03:35Z] Stored overall statistics: 14 rows.
[2026-08-16T06:03:35Z] Merged section: statistics_overall
[2026-08-16T06:03:35Z] Opening 1st half statistics...
[2026-08-16T06:03:35Z] Navigate: https://www.flashscore.com/match/football/chelsea-4fGZN2oK/liverpool-lId4TMwf/summary/stats/1st-half/?mid=v7VVvbbL
[2026-08-16T06:03:37Z] Page loaded. Waiting for statistics DOM...
[2026-08-16T06:03:38Z] Script [readiness] result prefix: {"body_text_length":3198,"ready":true,"row_count":17,"section":"statistics_first_half","title":"CHE 1-1 LIV | Chelsea v Liverpool 13/08/2023, Stats - Flashscore.com | Match"}
[2026-08-16T06:03:38Z] Reading rendered DOM...
[2026-08-16T06:03:38Z] Executing extraction script for phase 1; length: 5174.
[2026-08-16T06:03:38Z] Script [extract] result prefix: {"schema_version":"1.3","section":"statistics_first_half","statistic_period":"first_half","source_url":"https://www.flashscore.com/match/football/chelsea-4fGZN2oK/liverpool-lId4TMwf/summary/stats/1st-half/?mid=v7VVvbbL","match_id":"v7VVvbbL","collected_at_utc":"2026-08-16T06:03:38.791Z","page_title":"CHE 1-1 LIV | Chelsea v Liverpool 13/08/2023, Stats - Flashscore.com | Match","competition":"WORLD CUP","status":"FINISHED","date_time":"13.08.2023 19:30","home_team":"Chelsea","away_team":"Liverpoo
[2026-08-16T06:03:38Z] Stored first_half statistics: 13 rows.
[2026-08-16T06:03:38Z] Merged section: statistics_first_half
[2026-08-16T06:03:38Z] Opening 2nd half statistics...
[2026-08-16T06:03:39Z] Navigate: https://www.flashscore.com/match/football/chelsea-4fGZN2oK/liverpool-lId4TMwf/summary/stats/2nd-half/?mid=v7VVvbbL
[2026-08-16T06:03:40Z] Page loaded. Waiting for statistics DOM...
[2026-08-16T06:03:42Z] Script [readiness] result prefix: {"body_text_length":3255,"ready":true,"row_count":19,"section":"statistics_second_half","title":"CHE 1-1 LIV | Chelsea v Liverpool 13/08/2023, Stats - Flashscore.com | Match"}
[2026-08-16T06:03:42Z] Reading rendered DOM...
[2026-08-16T06:03:42Z] Executing extraction script for phase 2; length: 5174.
[2026-08-16T06:03:42Z] Script [extract] result prefix: {"schema_version":"1.3","section":"statistics_second_half","statistic_period":"second_half","source_url":"https://www.flashscore.com/match/football/chelsea-4fGZN2oK/liverpool-lId4TMwf/summary/stats/2nd-half/?mid=v7VVvbbL","match_id":"v7VVvbbL","collected_at_utc":"2026-08-16T06:03:42.290Z","page_title":"CHE 1-1 LIV | Chelsea v Liverpool 13/08/2023, Stats - Flashscore.com | Match","competition":"WORLD CUP","status":"FINISHED","date_time":"13.08.2023 19:30","home_team":"Chelsea","away_team":"Liverp
[2026-08-16T06:03:42Z] Stored second_half statistics: 14 rows.
[2026-08-16T06:03:42Z] Merged section: statistics_second_half
[2026-08-16T06:03:42Z] Opening lineups...
[2026-08-16T06:03:42Z] Navigate: https://www.flashscore.com/match/football/chelsea-4fGZN2oK/liverpool-lId4TMwf/summary/lineups/?mid=v7VVvbbL
[2026-08-16T06:03:45Z] Page loaded. Waiting for statistics DOM...
[2026-08-16T06:03:46Z] Script [readiness] result prefix: {"body_text_length":4269,"ready":true,"row_count":112,"section":"lineups","title":"CHE 1-1 LIV | Chelsea v Liverpool 13/08/2023, Lineups - Flashscore.com | Match"}
[2026-08-16T06:03:46Z] Reading rendered DOM...
[2026-08-16T06:03:46Z] Executing extraction script for phase 4; length: 20701.
[2026-08-16T06:03:46Z] Script [extract] result prefix: {"schema_version":"1.3","section":"lineups","statistic_period":null,"source_url":"https://www.flashscore.com/match/football/chelsea-4fGZN2oK/liverpool-lId4TMwf/summary/lineups/?mid=v7VVvbbL","match_id":"v7VVvbbL","collected_at_utc":"2026-08-16T06:03:46.893Z","page_title":"CHE 1-1 LIV | Chelsea v Liverpool 13/08/2023, Lineups - Flashscore.com | Match","competition":"WORLD CUP","status":"FINISHED","date_time":"13.08.2023 19:30","home_team":"Chelsea","away_team":"Liverpool","score":{"home":"1","awa
[2026-08-16T06:03:46Z] Merged section: lineups
[2026-08-16T06:03:46Z] English Premier League 2023/2024: Player Stats are unavailable in the source profile.
[2026-08-16T06:03:46Z] Marked all Player Stats categories as not_available; collection continues.
[2026-08-16T06:03:46Z] Opening commentary...
[2026-08-16T06:03:47Z] Navigate: https://www.flashscore.com/match/football/chelsea-4fGZN2oK/liverpool-lId4TMwf/summary/live-commentary/?mid=v7VVvbbL
[2026-08-16T06:03:49Z] Page loaded. Waiting for statistics DOM...
[2026-08-16T06:03:50Z] Script [readiness] result prefix: {"body_text_length":13526,"ready":true,"row_count":255,"section":"commentary","title":"CHE 1-1 LIV | Chelsea v Liverpool 13/08/2023 | Football - Flashscore | Match"}
[2026-08-16T06:03:50Z] Reading rendered DOM...
[2026-08-16T06:03:50Z] Executing extraction script for phase 12; length: 11834.
[2026-08-16T06:03:50Z] Script [extract] result prefix: {"schema_version":"1.3","section":"commentary","statistic_period":null,"source_url":"https://www.flashscore.com/match/football/chelsea-4fGZN2oK/liverpool-lId4TMwf/summary/live-commentary/all-comments/?mid=v7VVvbbL","match_id":"v7VVvbbL","collected_at_utc":"2026-08-16T06:03:50.720Z","page_title":"CHE 1-1 LIV | Chelsea v Liverpool 13/08/2023 | Football - Flashscore | Match","competition":"WORLD CUP","status":"FINISHED","date_time":"13.08.2023 19:30","home_team":"Chelsea","away_team":"Liverpool","s
[2026-08-16T06:03:50Z] Merged section: commentary
[2026-08-16T06:03:50Z] Saving complete match JSON...
[2026-08-16T06:03:50Z] Player Stats category unavailable; status=not_available: top_stats
[2026-08-16T06:03:50Z] Player Stats category unavailable; status=not_available: shots
[2026-08-16T06:03:50Z] Player Stats category unavailable; status=not_available: attack
[2026-08-16T06:03:50Z] Player Stats category unavailable; status=not_available: passes
[2026-08-16T06:03:50Z] Player Stats category unavailable; status=not_available: defense
[2026-08-16T06:03:50Z] Player Stats category unavailable; status=not_available: goalkeeping
[2026-08-16T06:03:51Z] Player Stats category unavailable; status=not_available: general
[2026-08-16T06:03:51Z] Structured goals, cards and VAR events enriched.
[2026-08-16T06:03:51Z] Saved match JSON with 14 statistics: G:\Mirza\VSCode\FlashscoreFootballCollector_\Data\Matches\PremierLeague\2023_2024\2023-08-13_Chelsea_vs_Liverpool_v7VVvbbL.json
[2026-08-16T06:03:51Z] Finished: 2023-08-13_Chelsea_vs_Liverpool_v7VVvbbL.json
[2026-08-16T06:03:51Z] Opening overall statistics...
[2026-08-16T06:03:51Z] Navigate: https://www.flashscore.com/match/football/manchester-united-ppjDR086/wolves-j3Azpf5d/summary/stats/overall/?mid=MVKzvIDR
[2026-08-16T06:03:53Z] Page loaded. Waiting for statistics DOM...
[2026-08-16T06:03:55Z] Script [readiness] result prefix: {"body_text_length":3269,"ready":true,"row_count":18,"section":"statistics_overall","title":"MNU 1-0 WOL | Manchester Utd v Wolves 14/08/2023, Stats - Flashscore.com | Match"}
[2026-08-16T06:03:55Z] Reading rendered DOM...
[2026-08-16T06:03:55Z] Executing extraction script for phase 0; length: 5174.
[2026-08-16T06:03:55Z] Script [extract] result prefix: {"schema_version":"1.3","section":"statistics_overall","statistic_period":"overall","source_url":"https://www.flashscore.com/match/football/manchester-united-ppjDR086/wolves-j3Azpf5d/summary/stats/overall/?mid=MVKzvIDR","match_id":"MVKzvIDR","collected_at_utc":"2026-08-16T06:03:55.296Z","page_title":"MNU 1-0 WOL | Manchester Utd v Wolves 14/08/2023, Stats - Flashscore.com | Match","competition":"WORLD CUP","status":"FINISHED","date_time":"14.08.2023 23:00","home_team":"Manchester Utd","away_team
[2026-08-16T06:03:55Z] Stored overall statistics: 13 rows.
[2026-08-16T06:03:55Z] Merged section: statistics_overall
[2026-08-16T06:03:55Z] Opening 1st half statistics...
[2026-08-16T06:03:55Z] Navigate: https://www.flashscore.com/match/football/manchester-united-ppjDR086/wolves-j3Azpf5d/summary/stats/1st-half/?mid=MVKzvIDR
[2026-08-16T06:03:58Z] Page loaded. Waiting for statistics DOM...
[2026-08-16T06:04:00Z] Script [readiness] result prefix: {"body_text_length":3259,"ready":true,"row_count":18,"section":"statistics_first_half","title":"MNU 1-0 WOL | Manchester Utd v Wolves 14/08/2023, Stats - Flashscore.com | Match"}
[2026-08-16T06:04:00Z] Reading rendered DOM...
[2026-08-16T06:04:00Z] Executing extraction script for phase 1; length: 5174.
[2026-08-16T06:04:00Z] Script [extract] result prefix: {"schema_version":"1.3","section":"statistics_first_half","statistic_period":"first_half","source_url":"https://www.flashscore.com/match/football/manchester-united-ppjDR086/wolves-j3Azpf5d/summary/stats/1st-half/?mid=MVKzvIDR","match_id":"MVKzvIDR","collected_at_utc":"2026-08-16T06:04:00.220Z","page_title":"MNU 1-0 WOL | Manchester Utd v Wolves 14/08/2023, Stats - Flashscore.com | Match","competition":"WORLD CUP","status":"FINISHED","date_time":"14.08.2023 23:00","home_team":"Manchester Utd","aw
[2026-08-16T06:04:00Z] Stored first_half statistics: 13 rows.
[2026-08-16T06:04:00Z] Merged section: statistics_first_half
[2026-08-16T06:04:00Z] Opening 2nd half statistics...
[2026-08-16T06:04:00Z] Navigate: https://www.flashscore.com/match/football/manchester-united-ppjDR086/wolves-j3Azpf5d/summary/stats/2nd-half/?mid=MVKzvIDR
[2026-08-16T06:04:02Z] Page loaded. Waiting for statistics DOM...
[2026-08-16T06:04:04Z] Script [readiness] result prefix: {"body_text_length":3260,"ready":true,"row_count":18,"section":"statistics_second_half","title":"MNU 1-0 WOL | Manchester Utd v Wolves 14/08/2023, Stats - Flashscore.com | Match"}
[2026-08-16T06:04:04Z] Reading rendered DOM...
[2026-08-16T06:04:04Z] Executing extraction script for phase 2; length: 5174.
[2026-08-16T06:04:04Z] Script [extract] result prefix: {"schema_version":"1.3","section":"statistics_second_half","statistic_period":"second_half","source_url":"https://www.flashscore.com/match/football/manchester-united-ppjDR086/wolves-j3Azpf5d/summary/stats/2nd-half/?mid=MVKzvIDR","match_id":"MVKzvIDR","collected_at_utc":"2026-08-16T06:04:04.427Z","page_title":"MNU 1-0 WOL | Manchester Utd v Wolves 14/08/2023, Stats - Flashscore.com | Match","competition":"WORLD CUP","status":"FINISHED","date_time":"14.08.2023 23:00","home_team":"Manchester Utd","
[2026-08-16T06:04:04Z] Stored second_half statistics: 13 rows.
[2026-08-16T06:04:04Z] Merged section: statistics_second_half
[2026-08-16T06:04:04Z] Opening lineups...
[2026-08-16T06:04:04Z] Navigate: https://www.flashscore.com/match/football/manchester-united-ppjDR086/wolves-j3Azpf5d/summary/lineups/?mid=MVKzvIDR
[2026-08-16T06:04:06Z] Page loaded. Waiting for statistics DOM...
[2026-08-16T06:04:08Z] Script [readiness] result prefix: {"body_text_length":4199,"ready":true,"row_count":112,"section":"lineups","title":"MNU 1-0 WOL | Manchester Utd v Wolves 14/08/2023, Lineups - Flashscore.com | Match"}
[2026-08-16T06:04:08Z] Reading rendered DOM...
[2026-08-16T06:04:08Z] Executing extraction script for phase 4; length: 20701.
[2026-08-16T06:04:08Z] Script [extract] result prefix: {"schema_version":"1.3","section":"lineups","statistic_period":null,"source_url":"https://www.flashscore.com/match/football/manchester-united-ppjDR086/wolves-j3Azpf5d/summary/lineups/?mid=MVKzvIDR","match_id":"MVKzvIDR","collected_at_utc":"2026-08-16T06:04:08.624Z","page_title":"MNU 1-0 WOL | Manchester Utd v Wolves 14/08/2023, Lineups - Flashscore.com | Match","competition":"WORLD CUP","status":"FINISHED","date_time":"14.08.2023 23:00","home_team":"Manchester Utd","away_team":"Wolves","score":{
[2026-08-16T06:04:08Z] Merged section: lineups
[2026-08-16T06:04:08Z] English Premier League 2023/2024: Player Stats are unavailable in the source profile.
[2026-08-16T06:04:08Z] Marked all Player Stats categories as not_available; collection continues.
[2026-08-16T06:04:08Z] Opening commentary...
[2026-08-16T06:04:08Z] Navigate: https://www.flashscore.com/match/football/manchester-united-ppjDR086/wolves-j3Azpf5d/summary/live-commentary/?mid=MVKzvIDR
[2026-08-16T06:04:10Z] Page loaded. Waiting for statistics DOM...
[2026-08-16T06:04:12Z] Script [readiness] result prefix: {"body_text_length":13417,"ready":true,"row_count":263,"section":"commentary","title":"MNU 1-0 WOL | Manchester Utd v Wolves 14/08/2023 | Football - Flashscore | Match"}
[2026-08-16T06:04:12Z] Reading rendered DOM...
[2026-08-16T06:04:12Z] Executing extraction script for phase 12; length: 11834.
[2026-08-16T06:04:12Z] Script [extract] result prefix: {"schema_version":"1.3","section":"commentary","statistic_period":null,"source_url":"https://www.flashscore.com/match/football/manchester-united-ppjDR086/wolves-j3Azpf5d/summary/live-commentary/all-comments/?mid=MVKzvIDR","match_id":"MVKzvIDR","collected_at_utc":"2026-08-16T06:04:12.249Z","page_title":"MNU 1-0 WOL | Manchester Utd v Wolves 14/08/2023 | Football - Flashscore | Match","competition":"WORLD CUP","status":"FINISHED","date_time":"14.08.2023 23:00","home_team":"Manchester Utd","away_te
[2026-08-16T06:04:12Z] Merged section: commentary
[2026-08-16T06:04:12Z] Saving complete match JSON...
[2026-08-16T06:04:12Z] Player Stats category unavailable; status=not_available: top_stats
[2026-08-16T06:04:12Z] Player Stats category unavailable; status=not_available: shots
[2026-08-16T06:04:12Z] Player Stats category unavailable; status=not_available: attack
[2026-08-16T06:04:12Z] Player Stats category unavailable; status=not_available: passes
[2026-08-16T06:04:12Z] Player Stats category unavailable; status=not_available: defense
[2026-08-16T06:04:12Z] Player Stats category unavailable; status=not_available: goalkeeping
[2026-08-16T06:04:12Z] Player Stats category unavailable; status=not_available: general
[2026-08-16T06:04:12Z] Structured goals, cards and VAR events enriched.
[2026-08-16T06:04:12Z] Saved match JSON with 13 statistics: G:\Mirza\VSCode\FlashscoreFootballCollector_\Data\Matches\PremierLeague\2023_2024\2023-08-14_Manchester_Utd_vs_Wolves_MVKzvIDR.json
[2026-08-16T06:04:12Z] Finished: 2023-08-14_Manchester_Utd_vs_Wolves_MVKzvIDR.json
[2026-08-16T06:04:12Z] Opening overall statistics...
[2026-08-16T06:04:12Z] Navigate: https://www.flashscore.com/match/football/nottingham-UsushcZr/sheffield-utd-MeKPSerA/summary/stats/overall/?mid=zZpAhHSK
[2026-08-16T06:04:15Z] Page loaded. Waiting for statistics DOM...
[2026-08-16T06:04:16Z] Script [readiness] result prefix: {"body_text_length":3304,"ready":true,"row_count":18,"section":"statistics_overall","title":"NOT 2-1 SHU | Nottingham Forest v Sheffield Utd 18/08/2023, Stats - Flashscore.com | Match"}
[2026-08-16T06:04:16Z] Reading rendered DOM...
[2026-08-16T06:04:16Z] Executing extraction script for phase 0; length: 5174.
[2026-08-16T06:04:16Z] Script [extract] result prefix: {"schema_version":"1.3","section":"statistics_overall","statistic_period":"overall","source_url":"https://www.flashscore.com/match/football/nottingham-UsushcZr/sheffield-utd-MeKPSerA/summary/stats/overall/?mid=zZpAhHSK","match_id":"zZpAhHSK","collected_at_utc":"2026-08-16T06:04:16.955Z","page_title":"NOT 2-1 SHU | Nottingham Forest v Sheffield Utd 18/08/2023, Stats - Flashscore.com | Match","competition":"WORLD CUP","status":"FINISHED","date_time":"18.08.2023 22:45","home_team":"Nottingham","awa
[2026-08-16T06:04:16Z] Stored overall statistics: 13 rows.
[2026-08-16T06:04:17Z] Merged section: statistics_overall
[2026-08-16T06:04:17Z] Opening 1st half statistics...
[2026-08-16T06:04:17Z] Navigate: https://www.flashscore.com/match/football/nottingham-UsushcZr/sheffield-utd-MeKPSerA/summary/stats/1st-half/?mid=zZpAhHSK
[2026-08-16T06:04:19Z] Page loaded. Waiting for statistics DOM...
[2026-08-16T06:04:20Z] Script [readiness] result prefix: {"body_text_length":3299,"ready":true,"row_count":18,"section":"statistics_first_half","title":"NOT 2-1 SHU | Nottingham Forest v Sheffield Utd 18/08/2023, Stats - Flashscore.com | Match"}
[2026-08-16T06:04:20Z] Reading rendered DOM...
[2026-08-16T06:04:20Z] Executing extraction script for phase 1; length: 5174.
[2026-08-16T06:04:20Z] Script [extract] result prefix: {"schema_version":"1.3","section":"statistics_first_half","statistic_period":"first_half","source_url":"https://www.flashscore.com/match/football/nottingham-UsushcZr/sheffield-utd-MeKPSerA/summary/stats/1st-half/?mid=zZpAhHSK","match_id":"zZpAhHSK","collected_at_utc":"2026-08-16T06:04:20.928Z","page_title":"NOT 2-1 SHU | Nottingham Forest v Sheffield Utd 18/08/2023, Stats - Flashscore.com | Match","competition":"WORLD CUP","status":"FINISHED","date_time":"18.08.2023 22:45","home_team":"Nottingha
[2026-08-16T06:04:20Z] Stored first_half statistics: 13 rows.
[2026-08-16T06:04:20Z] Merged section: statistics_first_half
[2026-08-16T06:04:21Z] Opening 2nd half statistics...
[2026-08-16T06:04:21Z] Navigate: https://www.flashscore.com/match/football/nottingham-UsushcZr/sheffield-utd-MeKPSerA/summary/stats/2nd-half/?mid=zZpAhHSK
[2026-08-16T06:04:22Z] Page loaded. Waiting for statistics DOM...
[2026-08-16T06:04:23Z] Script [readiness] result prefix: {"body_text_length":3301,"ready":true,"row_count":18,"section":"statistics_second_half","title":"NOT 2-1 SHU | Nottingham Forest v Sheffield Utd 18/08/2023, Stats - Flashscore.com | Match"}
[2026-08-16T06:04:23Z] Reading rendered DOM...
[2026-08-16T06:04:23Z] Executing extraction script for phase 2; length: 5174.
[2026-08-16T06:04:23Z] Script [extract] result prefix: {"schema_version":"1.3","section":"statistics_second_half","statistic_period":"second_half","source_url":"https://www.flashscore.com/match/football/nottingham-UsushcZr/sheffield-utd-MeKPSerA/summary/stats/2nd-half/?mid=zZpAhHSK","match_id":"zZpAhHSK","collected_at_utc":"2026-08-16T06:04:23.966Z","page_title":"NOT 2-1 SHU | Nottingham Forest v Sheffield Utd 18/08/2023, Stats - Flashscore.com | Match","competition":"WORLD CUP","status":"FINISHED","date_time":"18.08.2023 22:45","home_team":"Notting
[2026-08-16T06:04:24Z] Stored second_half statistics: 13 rows.
[2026-08-16T06:04:24Z] Merged section: statistics_second_half
[2026-08-16T06:04:24Z] Opening lineups...
[2026-08-16T06:04:24Z] Navigate: https://www.flashscore.com/match/football/nottingham-UsushcZr/sheffield-utd-MeKPSerA/summary/lineups/?mid=zZpAhHSK
[2026-08-16T06:04:26Z] Page loaded. Waiting for statistics DOM...
[2026-08-16T06:04:27Z] Script [readiness] result prefix: {"body_text_length":4130,"ready":true,"row_count":106,"section":"lineups","title":"NOT 2-1 SHU | Nottingham Forest v Sheffield Utd 18/08/2023, Lineups - Flashscore.com | Match"}
[2026-08-16T06:04:27Z] Reading rendered DOM...
[2026-08-16T06:04:27Z] Executing extraction script for phase 4; length: 20701.
[2026-08-16T06:04:27Z] Script [extract] result prefix: {"schema_version":"1.3","section":"lineups","statistic_period":null,"source_url":"https://www.flashscore.com/match/football/nottingham-UsushcZr/sheffield-utd-MeKPSerA/summary/lineups/?mid=zZpAhHSK","match_id":"zZpAhHSK","collected_at_utc":"2026-08-16T06:04:27.757Z","page_title":"NOT 2-1 SHU | Nottingham Forest v Sheffield Utd 18/08/2023, Lineups - Flashscore.com | Match","competition":"WORLD CUP","status":"FINISHED","date_time":"18.08.2023 22:45","home_team":"Nottingham","away_team":"Sheffield U
[2026-08-16T06:04:27Z] Merged section: lineups
[2026-08-16T06:04:28Z] English Premier League 2023/2024: Player Stats are unavailable in the source profile.
[2026-08-16T06:04:28Z] Marked all Player Stats categories as not_available; collection continues.
[2026-08-16T06:04:28Z] Opening commentary...
[2026-08-16T06:04:28Z] Navigate: https://www.flashscore.com/match/football/nottingham-UsushcZr/sheffield-utd-MeKPSerA/summary/live-commentary/?mid=zZpAhHSK
[2026-08-16T06:04:30Z] Page loaded. Waiting for statistics DOM...
[2026-08-16T06:04:31Z] Script [readiness] result prefix: {"body_text_length":15146,"ready":true,"row_count":271,"section":"commentary","title":"NOT 2-1 SHU | Nottingham Forest v Sheffield Utd 18/08/2023 | Football - Flashscore | Match"}
[2026-08-16T06:04:31Z] Reading rendered DOM...
[2026-08-16T06:04:32Z] Executing extraction script for phase 12; length: 11834.
[2026-08-16T06:04:32Z] Script [extract] result prefix: {"schema_version":"1.3","section":"commentary","statistic_period":null,"source_url":"https://www.flashscore.com/match/football/nottingham-UsushcZr/sheffield-utd-MeKPSerA/summary/live-commentary/all-comments/?mid=zZpAhHSK","match_id":"zZpAhHSK","collected_at_utc":"2026-08-16T06:04:32.021Z","page_title":"NOT 2-1 SHU | Nottingham Forest v Sheffield Utd 18/08/2023 | Football - Flashscore | Match","competition":"WORLD CUP","status":"FINISHED","date_time":"18.08.2023 22:45","home_team":"Nottingham","a
[2026-08-16T06:04:32Z] Merged section: commentary
[2026-08-16T06:04:32Z] Saving complete match JSON...
[2026-08-16T06:04:32Z] Player Stats category unavailable; status=not_available: top_stats
[2026-08-16T06:04:32Z] Player Stats category unavailable; status=not_available: shots
[2026-08-16T06:04:32Z] Player Stats category unavailable; status=not_available: attack
[2026-08-16T06:04:32Z] Player Stats category unavailable; status=not_available: passes
[2026-08-16T06:04:32Z] Player Stats category unavailable; status=not_available: defense
[2026-08-16T06:04:32Z] Player Stats category unavailable; status=not_available: goalkeeping
[2026-08-16T06:04:32Z] Player Stats category unavailable; status=not_available: general
[2026-08-16T06:04:32Z] Structured goals, cards and VAR events enriched.
[2026-08-16T06:04:32Z] Saved match JSON with 13 statistics: G:\Mirza\VSCode\FlashscoreFootballCollector_\Data\Matches\PremierLeague\2023_2024\2023-08-18_Nottingham_vs_Sheffield_Utd_zZpAhHSK.json
[2026-08-16T06:04:32Z] Finished: 2023-08-18_Nottingham_vs_Sheffield_Utd_zZpAhHSK.json
[2026-08-16T06:04:33Z] Opening overall statistics...
[2026-08-16T06:04:33Z] Navigate: https://www.flashscore.com/match/football/brighton-2XrRecc3/wolves-j3Azpf5d/summary/stats/overall/?mid=p8zpnF5l
[2026-08-16T06:04:36Z] Page loaded. Waiting for statistics DOM...
[2026-08-16T06:04:38Z] Script [readiness] result prefix: {"body_text_length":3218,"ready":true,"row_count":17,"section":"statistics_overall","title":"WOL 1-4 BHA | Wolves v Brighton 19/08/2023, Stats - Flashscore.com | Match"}
[2026-08-16T06:04:38Z] Reading rendered DOM...
[2026-08-16T06:04:38Z] Executing extraction script for phase 0; length: 5174.
[2026-08-16T06:04:38Z] Script [extract] result prefix: {"schema_version":"1.3","section":"statistics_overall","statistic_period":"overall","source_url":"https://www.flashscore.com/match/football/brighton-2XrRecc3/wolves-j3Azpf5d/summary/stats/overall/?mid=p8zpnF5l","match_id":"p8zpnF5l","collected_at_utc":"2026-08-16T06:04:38.160Z","page_title":"WOL 1-4 BHA | Wolves v Brighton 19/08/2023, Stats - Flashscore.com | Match","competition":"WORLD CUP","status":"FINISHED","date_time":"19.08.2023 18:00","home_team":"Wolves","away_team":"Brighton","score":{"
[2026-08-16T06:04:38Z] Stored overall statistics: 12 rows.
[2026-08-16T06:04:38Z] Merged section: statistics_overall
[2026-08-16T06:04:38Z] Opening 1st half statistics...
[2026-08-16T06:04:38Z] Navigate: https://www.flashscore.com/match/football/brighton-2XrRecc3/wolves-j3Azpf5d/summary/stats/1st-half/?mid=p8zpnF5l
[2026-08-16T06:04:39Z] Page loaded. Waiting for statistics DOM...
[2026-08-16T06:04:41Z] Script [readiness] result prefix: {"body_text_length":3197,"ready":true,"row_count":16,"section":"statistics_first_half","title":"WOL 1-4 BHA | Wolves v Brighton 19/08/2023, Stats - Flashscore.com | Match"}
[2026-08-16T06:04:41Z] Reading rendered DOM...
[2026-08-16T06:04:41Z] Executing extraction script for phase 1; length: 5174.
[2026-08-16T06:04:41Z] Script [extract] result prefix: {"schema_version":"1.3","section":"statistics_first_half","statistic_period":"first_half","source_url":"https://www.flashscore.com/match/football/brighton-2XrRecc3/wolves-j3Azpf5d/summary/stats/1st-half/?mid=p8zpnF5l","match_id":"p8zpnF5l","collected_at_utc":"2026-08-16T06:04:41.374Z","page_title":"WOL 1-4 BHA | Wolves v Brighton 19/08/2023, Stats - Flashscore.com | Match","competition":"WORLD CUP","status":"FINISHED","date_time":"19.08.2023 18:00","home_team":"Wolves","away_team":"Brighton","sc
[2026-08-16T06:04:41Z] Stored first_half statistics: 11 rows.
[2026-08-16T06:04:41Z] Merged section: statistics_first_half
[2026-08-16T06:04:41Z] Opening 2nd half statistics...
[2026-08-16T06:04:41Z] Navigate: https://www.flashscore.com/match/football/brighton-2XrRecc3/wolves-j3Azpf5d/summary/stats/2nd-half/?mid=p8zpnF5l
[2026-08-16T06:04:43Z] Page loaded. Waiting for statistics DOM...
[2026-08-16T06:04:44Z] Script [readiness] result prefix: {"body_text_length":3213,"ready":true,"row_count":17,"section":"statistics_second_half","title":"WOL 1-4 BHA | Wolves v Brighton 19/08/2023, Stats - Flashscore.com | Match"}
[2026-08-16T06:04:44Z] Reading rendered DOM...
[2026-08-16T06:04:44Z] Executing extraction script for phase 2; length: 5174.
[2026-08-16T06:04:44Z] Script [extract] result prefix: {"schema_version":"1.3","section":"statistics_second_half","statistic_period":"second_half","source_url":"https://www.flashscore.com/match/football/brighton-2XrRecc3/wolves-j3Azpf5d/summary/stats/2nd-half/?mid=p8zpnF5l","match_id":"p8zpnF5l","collected_at_utc":"2026-08-16T06:04:44.978Z","page_title":"WOL 1-4 BHA | Wolves v Brighton 19/08/2023, Stats - Flashscore.com | Match","competition":"WORLD CUP","status":"FINISHED","date_time":"19.08.2023 18:00","home_team":"Wolves","away_team":"Brighton","
[2026-08-16T06:04:45Z] Stored second_half statistics: 12 rows.
[2026-08-16T06:04:45Z] Merged section: statistics_second_half
[2026-08-16T06:04:45Z] Opening lineups...
[2026-08-16T06:04:45Z] Navigate: https://www.flashscore.com/match/football/brighton-2XrRecc3/wolves-j3Azpf5d/summary/lineups/?mid=p8zpnF5l
[2026-08-16T06:04:46Z] Page loaded. Waiting for statistics DOM...
[2026-08-16T06:04:48Z] Script [readiness] result prefix: {"body_text_length":4019,"ready":true,"row_count":107,"section":"lineups","title":"WOL 1-4 BHA | Wolves v Brighton 19/08/2023, Lineups - Flashscore.com | Match"}
[2026-08-16T06:04:48Z] Reading rendered DOM...
[2026-08-16T06:04:48Z] Executing extraction script for phase 4; length: 20701.
[2026-08-16T06:04:48Z] Script [extract] result prefix: {"schema_version":"1.3","section":"lineups","statistic_period":null,"source_url":"https://www.flashscore.com/match/football/brighton-2XrRecc3/wolves-j3Azpf5d/summary/lineups/?mid=p8zpnF5l","match_id":"p8zpnF5l","collected_at_utc":"2026-08-16T06:04:48.433Z","page_title":"WOL 1-4 BHA | Wolves v Brighton 19/08/2023, Lineups - Flashscore.com | Match","competition":"WORLD CUP","status":"FINISHED","date_time":"19.08.2023 18:00","home_team":"Wolves","away_team":"Brighton","score":{"home":"1","away":"4"
[2026-08-16T06:04:48Z] Merged section: lineups
[2026-08-16T06:04:48Z] English Premier League 2023/2024: Player Stats are unavailable in the source profile.
[2026-08-16T06:04:48Z] Marked all Player Stats categories as not_available; collection continues.
[2026-08-16T06:04:48Z] Opening commentary...
[2026-08-16T06:04:48Z] Navigate: https://www.flashscore.com/match/football/brighton-2XrRecc3/wolves-j3Azpf5d/summary/live-commentary/?mid=p8zpnF5l
[2026-08-16T06:04:51Z] Page loaded. Waiting for statistics DOM...
[2026-08-16T06:04:52Z] Script [readiness] result prefix: {"body_text_length":10195,"ready":true,"row_count":226,"section":"commentary","title":"WOL 1-4 BHA | Wolves v Brighton 19/08/2023 | Football - Flashscore | Match"}
[2026-08-16T06:04:52Z] Reading rendered DOM...
[2026-08-16T06:04:52Z] Executing extraction script for phase 12; length: 11834.
[2026-08-16T06:04:52Z] Script [extract] result prefix: {"schema_version":"1.3","section":"commentary","statistic_period":null,"source_url":"https://www.flashscore.com/match/football/brighton-2XrRecc3/wolves-j3Azpf5d/summary/live-commentary/all-comments/?mid=p8zpnF5l","match_id":"p8zpnF5l","collected_at_utc":"2026-08-16T06:04:52.675Z","page_title":"WOL 1-4 BHA | Wolves v Brighton 19/08/2023 | Football - Flashscore | Match","competition":"WORLD CUP","status":"FINISHED","date_time":"19.08.2023 18:00","home_team":"Wolves","away_team":"Brighton","score":
[2026-08-16T06:04:52Z] Merged section: commentary
[2026-08-16T06:04:52Z] Saving complete match JSON...
[2026-08-16T06:04:52Z] Player Stats category unavailable; status=not_available: top_stats
[2026-08-16T06:04:52Z] Player Stats category unavailable; status=not_available: shots
[2026-08-16T06:04:52Z] Player Stats category unavailable; status=not_available: attack
[2026-08-16T06:04:52Z] Player Stats category unavailable; status=not_available: passes
[2026-08-16T06:04:53Z] Player Stats category unavailable; status=not_available: defense
[2026-08-16T06:04:53Z] Player Stats category unavailable; status=not_available: goalkeeping
[2026-08-16T06:04:53Z] Player Stats category unavailable; status=not_available: general
[2026-08-16T06:04:53Z] Structured goals, cards and VAR events enriched.
[2026-08-16T06:04:53Z] Saved match JSON with 12 statistics: G:\Mirza\VSCode\FlashscoreFootballCollector_\Data\Matches\PremierLeague\2023_2024\2023-08-19_Wolves_vs_Brighton_p8zpnF5l.json
[2026-08-16T06:04:53Z] Finished: 2023-08-19_Wolves_vs_Brighton_p8zpnF5l.json
[2026-08-16T06:04:53Z] Opening overall statistics...
[2026-08-16T06:04:53Z] Navigate: https://www.flashscore.com/match/football/bournemouth-OtpNdwrc/liverpool-lId4TMwf/summary/stats/overall/?mid=Q33JVgL7
[2026-08-16T06:04:55Z] Page loaded. Waiting for statistics DOM...
[2026-08-16T06:04:56Z] Script [readiness] result prefix: {"body_text_length":3268,"ready":true,"row_count":18,"section":"statistics_overall","title":"LIV 3-1 BOU | Liverpool v Bournemouth 19/08/2023, Stats - Flashscore.com | Match"}
[2026-08-16T06:04:56Z] Reading rendered DOM...
[2026-08-16T06:04:56Z] Executing extraction script for phase 0; length: 5174.
[2026-08-16T06:04:56Z] Script [extract] result prefix: {"schema_version":"1.3","section":"statistics_overall","statistic_period":"overall","source_url":"https://www.flashscore.com/match/football/bournemouth-OtpNdwrc/liverpool-lId4TMwf/summary/stats/overall/?mid=Q33JVgL7","match_id":"Q33JVgL7","collected_at_utc":"2026-08-16T06:04:56.855Z","page_title":"LIV 3-1 BOU | Liverpool v Bournemouth 19/08/2023, Stats - Flashscore.com | Match","competition":"WORLD CUP","status":"FINISHED","date_time":"19.08.2023 18:00","home_team":"Liverpool","away_team":"Bourn
[2026-08-16T06:04:56Z] Stored overall statistics: 13 rows.
[2026-08-16T06:04:56Z] Merged section: statistics_overall
[2026-08-16T06:04:56Z] Opening 1st half statistics...
[2026-08-16T06:04:56Z] Navigate: https://www.flashscore.com/match/football/bournemouth-OtpNdwrc/liverpool-lId4TMwf/summary/stats/1st-half/?mid=Q33JVgL7
[2026-08-16T06:04:58Z] Page loaded. Waiting for statistics DOM...
[2026-08-16T06:05:00Z] Script [readiness] result prefix: {"body_text_length":3230,"ready":true,"row_count":16,"section":"statistics_first_half","title":"LIV 3-1 BOU | Liverpool v Bournemouth 19/08/2023, Stats - Flashscore.com | Match"}
[2026-08-16T06:05:00Z] Reading rendered DOM...
[2026-08-16T06:05:00Z] Executing extraction script for phase 1; length: 5174.
[2026-08-16T06:05:00Z] Script [extract] result prefix: {"schema_version":"1.3","section":"statistics_first_half","statistic_period":"first_half","source_url":"https://www.flashscore.com/match/football/bournemouth-OtpNdwrc/liverpool-lId4TMwf/summary/stats/1st-half/?mid=Q33JVgL7","match_id":"Q33JVgL7","collected_at_utc":"2026-08-16T06:05:00.297Z","page_title":"LIV 3-1 BOU | Liverpool v Bournemouth 19/08/2023, Stats - Flashscore.com | Match","competition":"WORLD CUP","status":"FINISHED","date_time":"19.08.2023 18:00","home_team":"Liverpool","away_team"
[2026-08-16T06:05:00Z] Stored first_half statistics: 11 rows.
[2026-08-16T06:05:00Z] Merged section: statistics_first_half
[2026-08-16T06:05:00Z] Opening 2nd half statistics...
[2026-08-16T06:05:00Z] Navigate: https://www.flashscore.com/match/football/bournemouth-OtpNdwrc/liverpool-lId4TMwf/summary/stats/2nd-half/?mid=Q33JVgL7
[2026-08-16T06:05:02Z] Page loaded. Waiting for statistics DOM...
[2026-08-16T06:05:04Z] Script [readiness] result prefix: {"body_text_length":3244,"ready":true,"row_count":17,"section":"statistics_second_half","title":"LIV 3-1 BOU | Liverpool v Bournemouth 19/08/2023, Stats - Flashscore.com | Match"}
[2026-08-16T06:05:04Z] Reading rendered DOM...
[2026-08-16T06:05:04Z] Executing extraction script for phase 2; length: 5174.
[2026-08-16T06:05:04Z] Script [extract] result prefix: {"schema_version":"1.3","section":"statistics_second_half","statistic_period":"second_half","source_url":"https://www.flashscore.com/match/football/bournemouth-OtpNdwrc/liverpool-lId4TMwf/summary/stats/2nd-half/?mid=Q33JVgL7","match_id":"Q33JVgL7","collected_at_utc":"2026-08-16T06:05:04.381Z","page_title":"LIV 3-1 BOU | Liverpool v Bournemouth 19/08/2023, Stats - Flashscore.com | Match","competition":"WORLD CUP","status":"FINISHED","date_time":"19.08.2023 18:00","home_team":"Liverpool","away_tea
[2026-08-16T06:05:04Z] Stored second_half statistics: 12 rows.
[2026-08-16T06:05:04Z] Merged section: statistics_second_half
[2026-08-16T06:05:04Z] Opening lineups...
[2026-08-16T06:05:04Z] Navigate: https://www.flashscore.com/match/football/bournemouth-OtpNdwrc/liverpool-lId4TMwf/summary/lineups/?mid=Q33JVgL7
[2026-08-16T06:05:06Z] Page loaded. Waiting for statistics DOM...
[2026-08-16T06:05:07Z] Script [readiness] result prefix: {"body_text_length":4276,"ready":true,"row_count":115,"section":"lineups","title":"LIV 3-1 BOU | Liverpool v Bournemouth 19/08/2023, Lineups - Flashscore.com | Match"}
[2026-08-16T06:05:07Z] Reading rendered DOM...
[2026-08-16T06:05:07Z] Executing extraction script for phase 4; length: 20701.
[2026-08-16T06:05:07Z] Script [extract] result prefix: {"schema_version":"1.3","section":"lineups","statistic_period":null,"source_url":"https://www.flashscore.com/match/football/bournemouth-OtpNdwrc/liverpool-lId4TMwf/summary/lineups/?mid=Q33JVgL7","match_id":"Q33JVgL7","collected_at_utc":"2026-08-16T06:05:07.928Z","page_title":"LIV 3-1 BOU | Liverpool v Bournemouth 19/08/2023, Lineups - Flashscore.com | Match","competition":"WORLD CUP","status":"FINISHED","date_time":"19.08.2023 18:00","home_team":"Liverpool","away_team":"Bournemouth","score":{"ho
[2026-08-16T06:05:07Z] Merged section: lineups
[2026-08-16T06:05:08Z] English Premier League 2023/2024: Player Stats are unavailable in the source profile.
[2026-08-16T06:05:08Z] Marked all Player Stats categories as not_available; collection continues.
[2026-08-16T06:05:08Z] Opening commentary...
[2026-08-16T06:05:08Z] Navigate: https://www.flashscore.com/match/football/bournemouth-OtpNdwrc/liverpool-lId4TMwf/summary/live-commentary/?mid=Q33JVgL7
[2026-08-16T06:05:09Z] Page loaded. Waiting for statistics DOM...
[2026-08-16T06:05:11Z] Script [readiness] result prefix: {"body_text_length":13860,"ready":true,"row_count":241,"section":"commentary","title":"LIV 3-1 BOU | Liverpool v Bournemouth 19/08/2023 | Football - Flashscore | Match"}
[2026-08-16T06:05:11Z] Reading rendered DOM...
[2026-08-16T06:05:11Z] Executing extraction script for phase 12; length: 11834.
[2026-08-16T06:05:11Z] Script [extract] result prefix: {"schema_version":"1.3","section":"commentary","statistic_period":null,"source_url":"https://www.flashscore.com/match/football/bournemouth-OtpNdwrc/liverpool-lId4TMwf/summary/live-commentary/all-comments/?mid=Q33JVgL7","match_id":"Q33JVgL7","collected_at_utc":"2026-08-16T06:05:11.372Z","page_title":"LIV 3-1 BOU | Liverpool v Bournemouth 19/08/2023 | Football - Flashscore | Match","competition":"WORLD CUP","status":"FINISHED","date_time":"19.08.2023 18:00","home_team":"Liverpool","away_team":"Bou
[2026-08-16T06:05:11Z] Merged section: commentary
[2026-08-16T06:05:11Z] Saving complete match JSON...
[2026-08-16T06:05:11Z] Player Stats category unavailable; status=not_available: top_stats
[2026-08-16T06:05:11Z] Player Stats category unavailable; status=not_available: shots
[2026-08-16T06:05:11Z] Player Stats category unavailable; status=not_available: attack
[2026-08-16T06:05:11Z] Player Stats category unavailable; status=not_available: passes
[2026-08-16T06:05:11Z] Player Stats category unavailable; status=not_available: defense
[2026-08-16T06:05:11Z] Player Stats category unavailable; status=not_available: goalkeeping
[2026-08-16T06:05:11Z] Player Stats category unavailable; status=not_available: general
[2026-08-16T06:05:11Z] Structured goals, cards and VAR events enriched.
[2026-08-16T06:05:11Z] Saved match JSON with 13 statistics: G:\Mirza\VSCode\FlashscoreFootballCollector_\Data\Matches\PremierLeague\2023_2024\2023-08-19_Liverpool_vs_Bournemouth_Q33JVgL7.json
[2026-08-16T06:05:11Z] Finished: 2023-08-19_Liverpool_vs_Bournemouth_Q33JVgL7.json
[2026-08-16T06:05:11Z] Opening overall statistics...
[2026-08-16T06:05:11Z] Navigate: https://www.flashscore.com/match/football/brentford-xYe7DwID/fulham-69ZiU2Om/summary/stats/overall/?mid=ETaFWZ51
[2026-08-16T06:05:14Z] Page loaded. Waiting for statistics DOM...
[2026-08-16T06:05:15Z] Script [readiness] result prefix: {"body_text_length":3222,"ready":true,"row_count":17,"section":"statistics_overall","title":"FUL 0-3 BRE | Fulham v Brentford 19/08/2023, Stats - Flashscore.com | Match"}
[2026-08-16T06:05:15Z] Reading rendered DOM...
[2026-08-16T06:05:15Z] Executing extraction script for phase 0; length: 5174.
[2026-08-16T06:05:15Z] Script [extract] result prefix: {"schema_version":"1.3","section":"statistics_overall","statistic_period":"overall","source_url":"https://www.flashscore.com/match/football/brentford-xYe7DwID/fulham-69ZiU2Om/summary/stats/overall/?mid=ETaFWZ51","match_id":"ETaFWZ51","collected_at_utc":"2026-08-16T06:05:15.639Z","page_title":"FUL 0-3 BRE | Fulham v Brentford 19/08/2023, Stats - Flashscore.com | Match","competition":"WORLD CUP","status":"FINISHED","date_time":"19.08.2023 18:00","home_team":"Fulham","away_team":"Brentford","score"
[2026-08-16T06:05:15Z] Stored overall statistics: 12 rows.
[2026-08-16T06:05:15Z] Merged section: statistics_overall
[2026-08-16T06:05:15Z] Opening 1st half statistics...
[2026-08-16T06:05:15Z] Navigate: https://www.flashscore.com/match/football/brentford-xYe7DwID/fulham-69ZiU2Om/summary/stats/1st-half/?mid=ETaFWZ51
[2026-08-16T06:05:17Z] Page loaded. Waiting for statistics DOM...
[2026-08-16T06:05:18Z] Script [readiness] result prefix: {"body_text_length":3202,"ready":true,"row_count":16,"section":"statistics_first_half","title":"FUL 0-3 BRE | Fulham v Brentford 19/08/2023, Stats - Flashscore.com | Match"}
[2026-08-16T06:05:18Z] Reading rendered DOM...
[2026-08-16T06:05:19Z] Executing extraction script for phase 1; length: 5174.
[2026-08-16T06:05:19Z] Script [extract] result prefix: {"schema_version":"1.3","section":"statistics_first_half","statistic_period":"first_half","source_url":"https://www.flashscore.com/match/football/brentford-xYe7DwID/fulham-69ZiU2Om/summary/stats/1st-half/?mid=ETaFWZ51","match_id":"ETaFWZ51","collected_at_utc":"2026-08-16T06:05:19.139Z","page_title":"FUL 0-3 BRE | Fulham v Brentford 19/08/2023, Stats - Flashscore.com | Match","competition":"WORLD CUP","status":"FINISHED","date_time":"19.08.2023 18:00","home_team":"Fulham","away_team":"Brentford",
[2026-08-16T06:05:19Z] Stored first_half statistics: 11 rows.
[2026-08-16T06:05:19Z] Merged section: statistics_first_half
[2026-08-16T06:05:19Z] Opening 2nd half statistics...
[2026-08-16T06:05:19Z] Navigate: https://www.flashscore.com/match/football/brentford-xYe7DwID/fulham-69ZiU2Om/summary/stats/2nd-half/?mid=ETaFWZ51
[2026-08-16T06:05:22Z] Page loaded. Waiting for statistics DOM...
[2026-08-16T06:05:23Z] Script [readiness] result prefix: {"body_text_length":3216,"ready":true,"row_count":17,"section":"statistics_second_half","title":"FUL 0-3 BRE | Fulham v Brentford 19/08/2023, Stats - Flashscore.com | Match"}
[2026-08-16T06:05:23Z] Reading rendered DOM...
[2026-08-16T06:05:23Z] Executing extraction script for phase 2; length: 5174.
[2026-08-16T06:05:23Z] Script [extract] result prefix: {"schema_version":"1.3","section":"statistics_second_half","statistic_period":"second_half","source_url":"https://www.flashscore.com/match/football/brentford-xYe7DwID/fulham-69ZiU2Om/summary/stats/2nd-half/?mid=ETaFWZ51","match_id":"ETaFWZ51","collected_at_utc":"2026-08-16T06:05:23.899Z","page_title":"FUL 0-3 BRE | Fulham v Brentford 19/08/2023, Stats - Flashscore.com | Match","competition":"WORLD CUP","status":"FINISHED","date_time":"19.08.2023 18:00","home_team":"Fulham","away_team":"Brentford
[2026-08-16T06:05:23Z] Stored second_half statistics: 12 rows.
[2026-08-16T06:05:23Z] Merged section: statistics_second_half
[2026-08-16T06:05:24Z] Opening lineups...
[2026-08-16T06:05:24Z] Navigate: https://www.flashscore.com/match/football/brentford-xYe7DwID/fulham-69ZiU2Om/summary/lineups/?mid=ETaFWZ51
[2026-08-16T06:05:26Z] Page loaded. Waiting for statistics DOM...
[2026-08-16T06:05:28Z] Script [readiness] result prefix: {"body_text_length":4138,"ready":true,"row_count":110,"section":"lineups","title":"FUL 0-3 BRE | Fulham v Brentford 19/08/2023, Lineups - Flashscore.com | Match"}
[2026-08-16T06:05:28Z] Reading rendered DOM...
[2026-08-16T06:05:28Z] Executing extraction script for phase 4; length: 20701.
[2026-08-16T06:05:28Z] Script [extract] result prefix: {"schema_version":"1.3","section":"lineups","statistic_period":null,"source_url":"https://www.flashscore.com/match/football/brentford-xYe7DwID/fulham-69ZiU2Om/summary/lineups/?mid=ETaFWZ51","match_id":"ETaFWZ51","collected_at_utc":"2026-08-16T06:05:28.337Z","page_title":"FUL 0-3 BRE | Fulham v Brentford 19/08/2023, Lineups - Flashscore.com | Match","competition":"WORLD CUP","status":"FINISHED","date_time":"19.08.2023 18:00","home_team":"Fulham","away_team":"Brentford","score":{"home":"0","away":
[2026-08-16T06:05:28Z] Merged section: lineups
[2026-08-16T06:05:28Z] English Premier League 2023/2024: Player Stats are unavailable in the source profile.
[2026-08-16T06:05:28Z] Marked all Player Stats categories as not_available; collection continues.
[2026-08-16T06:05:28Z] Opening commentary...
[2026-08-16T06:05:28Z] Navigate: https://www.flashscore.com/match/football/brentford-xYe7DwID/fulham-69ZiU2Om/summary/live-commentary/?mid=ETaFWZ51
[2026-08-16T06:05:30Z] Page loaded. Waiting for statistics DOM...
[2026-08-16T06:05:32Z] Script [readiness] result prefix: {"body_text_length":11260,"ready":true,"row_count":228,"section":"commentary","title":"FUL 0-3 BRE | Fulham v Brentford 19/08/2023 | Football - Flashscore | Match"}
[2026-08-16T06:05:32Z] Reading rendered DOM...
[2026-08-16T06:05:32Z] Executing extraction script for phase 12; length: 11834.
[2026-08-16T06:05:32Z] Script [extract] result prefix: {"schema_version":"1.3","section":"commentary","statistic_period":null,"source_url":"https://www.flashscore.com/match/football/brentford-xYe7DwID/fulham-69ZiU2Om/summary/live-commentary/all-comments/?mid=ETaFWZ51","match_id":"ETaFWZ51","collected_at_utc":"2026-08-16T06:05:32.401Z","page_title":"FUL 0-3 BRE | Fulham v Brentford 19/08/2023 | Football - Flashscore | Match","competition":"WORLD CUP","status":"FINISHED","date_time":"19.08.2023 18:00","home_team":"Fulham","away_team":"Brentford","scor
[2026-08-16T06:05:32Z] Merged section: commentary
[2026-08-16T06:05:32Z] Saving complete match JSON...
[2026-08-16T06:05:32Z] Player Stats category unavailable; status=not_available: top_stats
[2026-08-16T06:05:32Z] Player Stats category unavailable; status=not_available: shots
[2026-08-16T06:05:32Z] Player Stats category unavailable; status=not_available: attack
[2026-08-16T06:05:32Z] Player Stats category unavailable; status=not_available: passes
[2026-08-16T06:05:32Z] Player Stats category unavailable; status=not_available: defense
[2026-08-16T06:05:32Z] Player Stats category unavailable; status=not_available: goalkeeping
[2026-08-16T06:05:32Z] Player Stats category unavailable; status=not_available: general
[2026-08-16T06:05:32Z] Structured goals, cards and VAR events enriched.
[2026-08-16T06:05:32Z] Saved match JSON with 12 statistics: G:\Mirza\VSCode\FlashscoreFootballCollector_\Data\Matches\PremierLeague\2023_2024\2023-08-19_Fulham_vs_Brentford_ETaFWZ51.json
[2026-08-16T06:05:33Z] Finished: 2023-08-19_Fulham_vs_Brentford_ETaFWZ51.json
[2026-08-16T06:05:33Z] Opening overall statistics...
[2026-08-16T06:05:33Z] Navigate: https://www.flashscore.com/match/football/manchester-united-ppjDR086/tottenham-UDg08Ohm/summary/stats/overall/?mid=EPqEiyrR
[2026-08-16T06:05:35Z] Page loaded. Waiting for statistics DOM...
[2026-08-16T06:05:36Z] Script [readiness] result prefix: {"body_text_length":3313,"ready":true,"row_count":18,"section":"statistics_overall","title":"TOT 2-0 MNU | Tottenham Hotspur v Manchester Utd 19/08/2023, Stats - Flashscore.com | Match"}
[2026-08-16T06:05:36Z] Reading rendered DOM...
[2026-08-16T06:05:36Z] Executing extraction script for phase 0; length: 5174.
[2026-08-16T06:05:36Z] Script [extract] result prefix: {"schema_version":"1.3","section":"statistics_overall","statistic_period":"overall","source_url":"https://www.flashscore.com/match/football/manchester-united-ppjDR086/tottenham-UDg08Ohm/summary/stats/overall/?mid=EPqEiyrR","match_id":"EPqEiyrR","collected_at_utc":"2026-08-16T06:05:36.611Z","page_title":"TOT 2-0 MNU | Tottenham Hotspur v Manchester Utd 19/08/2023, Stats - Flashscore.com | Match","competition":"WORLD CUP","status":"FINISHED","date_time":"19.08.2023 20:30","home_team":"Tottenham","
[2026-08-16T06:05:36Z] Stored overall statistics: 13 rows.
[2026-08-16T06:05:36Z] Merged section: statistics_overall
[2026-08-16T06:05:37Z] Opening 1st half statistics...
[2026-08-16T06:05:37Z] Navigate: https://www.flashscore.com/match/football/manchester-united-ppjDR086/tottenham-UDg08Ohm/summary/stats/1st-half/?mid=EPqEiyrR
[2026-08-16T06:05:38Z] Page loaded. Waiting for statistics DOM...
[2026-08-16T06:05:40Z] Script [readiness] result prefix: {"body_text_length":3307,"ready":true,"row_count":18,"section":"statistics_first_half","title":"TOT 2-0 MNU | Tottenham Hotspur v Manchester Utd 19/08/2023, Stats - Flashscore.com | Match"}
[2026-08-16T06:05:40Z] Reading rendered DOM...
[2026-08-16T06:05:40Z] Executing extraction script for phase 1; length: 5174.
[2026-08-16T06:05:40Z] Script [extract] result prefix: {"schema_version":"1.3","section":"statistics_first_half","statistic_period":"first_half","source_url":"https://www.flashscore.com/match/football/manchester-united-ppjDR086/tottenham-UDg08Ohm/summary/stats/1st-half/?mid=EPqEiyrR","match_id":"EPqEiyrR","collected_at_utc":"2026-08-16T06:05:40.556Z","page_title":"TOT 2-0 MNU | Tottenham Hotspur v Manchester Utd 19/08/2023, Stats - Flashscore.com | Match","competition":"WORLD CUP","status":"FINISHED","date_time":"19.08.2023 20:30","home_team":"Totte
[2026-08-16T06:05:40Z] Stored first_half statistics: 13 rows.
[2026-08-16T06:05:40Z] Merged section: statistics_first_half
[2026-08-16T06:05:40Z] Opening 2nd half statistics...
[2026-08-16T06:05:40Z] Navigate: https://www.flashscore.com/match/football/manchester-united-ppjDR086/tottenham-UDg08Ohm/summary/stats/2nd-half/?mid=EPqEiyrR
[2026-08-16T06:05:43Z] Page loaded. Waiting for statistics DOM...
[2026-08-16T06:05:45Z] Script [readiness] result prefix: {"body_text_length":3305,"ready":true,"row_count":18,"section":"statistics_second_half","title":"TOT 2-0 MNU | Tottenham Hotspur v Manchester Utd 19/08/2023, Stats - Flashscore.com | Match"}
[2026-08-16T06:05:45Z] Reading rendered DOM...
[2026-08-16T06:05:45Z] Executing extraction script for phase 2; length: 5174.
[2026-08-16T06:05:45Z] Script [extract] result prefix: {"schema_version":"1.3","section":"statistics_second_half","statistic_period":"second_half","source_url":"https://www.flashscore.com/match/football/manchester-united-ppjDR086/tottenham-UDg08Ohm/summary/stats/2nd-half/?mid=EPqEiyrR","match_id":"EPqEiyrR","collected_at_utc":"2026-08-16T06:05:45.076Z","page_title":"TOT 2-0 MNU | Tottenham Hotspur v Manchester Utd 19/08/2023, Stats - Flashscore.com | Match","competition":"WORLD CUP","status":"FINISHED","date_time":"19.08.2023 20:30","home_team":"Tot
[2026-08-16T06:05:45Z] Stored second_half statistics: 13 rows.
[2026-08-16T06:05:45Z] Merged section: statistics_second_half
[2026-08-16T06:05:45Z] Opening lineups...
[2026-08-16T06:05:45Z] Navigate: https://www.flashscore.com/match/football/manchester-united-ppjDR086/tottenham-UDg08Ohm/summary/lineups/?mid=EPqEiyrR
[2026-08-16T06:05:48Z] Page loaded. Waiting for statistics DOM...
[2026-08-16T06:05:49Z] Script [readiness] result prefix: {"body_text_length":4480,"ready":true,"row_count":119,"section":"lineups","title":"TOT 2-0 MNU | Tottenham Hotspur v Manchester Utd 19/08/2023, Lineups - Flashscore.com | Match"}
[2026-08-16T06:05:49Z] Reading rendered DOM...
[2026-08-16T06:05:49Z] Executing extraction script for phase 4; length: 20701.
[2026-08-16T06:05:49Z] Script [extract] result prefix: {"schema_version":"1.3","section":"lineups","statistic_period":null,"source_url":"https://www.flashscore.com/match/football/manchester-united-ppjDR086/tottenham-UDg08Ohm/summary/lineups/?mid=EPqEiyrR","match_id":"EPqEiyrR","collected_at_utc":"2026-08-16T06:05:49.906Z","page_title":"TOT 2-0 MNU | Tottenham Hotspur v Manchester Utd 19/08/2023, Lineups - Flashscore.com | Match","competition":"WORLD CUP","status":"FINISHED","date_time":"19.08.2023 20:30","home_team":"Tottenham","away_team":"Manchest
[2026-08-16T06:05:49Z] Merged section: lineups
[2026-08-16T06:05:49Z] English Premier League 2023/2024: Player Stats are unavailable in the source profile.
[2026-08-16T06:05:49Z] Marked all Player Stats categories as not_available; collection continues.
[2026-08-16T06:05:50Z] Opening commentary...
[2026-08-16T06:05:50Z] Navigate: https://www.flashscore.com/match/football/manchester-united-ppjDR086/tottenham-UDg08Ohm/summary/live-commentary/?mid=EPqEiyrR
[2026-08-16T06:05:52Z] Page loaded. Waiting for statistics DOM...
[2026-08-16T06:05:54Z] Script [readiness] result prefix: {"body_text_length":12438,"ready":true,"row_count":221,"section":"commentary","title":"TOT 2-0 MNU | Tottenham Hotspur v Manchester Utd 19/08/2023 | Football - Flashscore | Match"}
[2026-08-16T06:05:54Z] Reading rendered DOM...
[2026-08-16T06:05:54Z] Executing extraction script for phase 12; length: 11834.
[2026-08-16T06:05:54Z] Script [extract] result prefix: {"schema_version":"1.3","section":"commentary","statistic_period":null,"source_url":"https://www.flashscore.com/match/football/manchester-united-ppjDR086/tottenham-UDg08Ohm/summary/live-commentary/all-comments/?mid=EPqEiyrR","match_id":"EPqEiyrR","collected_at_utc":"2026-08-16T06:05:54.091Z","page_title":"TOT 2-0 MNU | Tottenham Hotspur v Manchester Utd 19/08/2023 | Football - Flashscore | Match","competition":"WORLD CUP","status":"FINISHED","date_time":"19.08.2023 20:30","home_team":"Tottenham"
[2026-08-16T06:05:54Z] Merged section: commentary
[2026-08-16T06:05:54Z] Saving complete match JSON...
[2026-08-16T06:05:54Z] Player Stats category unavailable; status=not_available: top_stats
[2026-08-16T06:05:54Z] Player Stats category unavailable; status=not_available: shots
[2026-08-16T06:05:54Z] Player Stats category unavailable; status=not_available: attack
[2026-08-16T06:05:54Z] Player Stats category unavailable; status=not_available: passes
[2026-08-16T06:05:54Z] Player Stats category unavailable; status=not_available: defense
[2026-08-16T06:05:54Z] Player Stats category unavailable; status=not_available: goalkeeping
[2026-08-16T06:05:54Z] Player Stats category unavailable; status=not_available: general
[2026-08-16T06:05:54Z] Structured goals, cards and VAR events enriched.
[2026-08-16T06:05:54Z] Saved match JSON with 13 statistics: G:\Mirza\VSCode\FlashscoreFootballCollector_\Data\Matches\PremierLeague\2023_2024\2023-08-19_Tottenham_vs_Manchester_Utd_EPqEiyrR.json
[2026-08-16T06:05:54Z] Finished: 2023-08-19_Tottenham_vs_Manchester_Utd_EPqEiyrR.json
[2026-08-16T06:05:54Z] Opening overall statistics...
[2026-08-16T06:05:54Z] Navigate: https://www.flashscore.com/match/football/manchester-city-Wtn9Stg0/newcastle-utd-p6ahwuwJ/summary/stats/overall/?mid=Icj5gcDE
[2026-08-16T06:05:57Z] Page loaded. Waiting for statistics DOM...
[2026-08-16T06:05:58Z] Script [readiness] result prefix: {"body_text_length":3285,"ready":true,"row_count":18,"section":"statistics_overall","title":"MCI 1-0 NEW | Manchester City v Newcastle 19/08/2023, Stats - Flashscore.com | Match"}
[2026-08-16T06:05:58Z] Reading rendered DOM...
[2026-08-16T06:05:58Z] Executing extraction script for phase 0; length: 5174.
[2026-08-16T06:05:58Z] Script [extract] result prefix: {"schema_version":"1.3","section":"statistics_overall","statistic_period":"overall","source_url":"https://www.flashscore.com/match/football/manchester-city-Wtn9Stg0/newcastle-utd-p6ahwuwJ/summary/stats/overall/?mid=Icj5gcDE","match_id":"Icj5gcDE","collected_at_utc":"2026-08-16T06:05:58.589Z","page_title":"MCI 1-0 NEW | Manchester City v Newcastle 19/08/2023, Stats - Flashscore.com | Match","competition":"WORLD CUP","status":"FINISHED","date_time":"19.08.2023 23:00","home_team":"Manchester City",
[2026-08-16T06:05:58Z] Stored overall statistics: 13 rows.
[2026-08-16T06:05:58Z] Merged section: statistics_overall
[2026-08-16T06:05:58Z] Opening 1st half statistics...
[2026-08-16T06:05:58Z] Navigate: https://www.flashscore.com/match/football/manchester-city-Wtn9Stg0/newcastle-utd-p6ahwuwJ/summary/stats/1st-half/?mid=Icj5gcDE
[2026-08-16T06:06:01Z] Page loaded. Waiting for statistics DOM...
[2026-08-16T06:06:02Z] Script [readiness] result prefix: {"body_text_length":3278,"ready":true,"row_count":18,"section":"statistics_first_half","title":"MCI 1-0 NEW | Manchester City v Newcastle 19/08/2023, Stats - Flashscore.com | Match"}
[2026-08-16T06:06:02Z] Reading rendered DOM...
[2026-08-16T06:06:02Z] Executing extraction script for phase 1; length: 5174.
[2026-08-16T06:06:02Z] Script [extract] result prefix: {"schema_version":"1.3","section":"statistics_first_half","statistic_period":"first_half","source_url":"https://www.flashscore.com/match/football/manchester-city-Wtn9Stg0/newcastle-utd-p6ahwuwJ/summary/stats/1st-half/?mid=Icj5gcDE","match_id":"Icj5gcDE","collected_at_utc":"2026-08-16T06:06:02.943Z","page_title":"MCI 1-0 NEW | Manchester City v Newcastle 19/08/2023, Stats - Flashscore.com | Match","competition":"WORLD CUP","status":"FINISHED","date_time":"19.08.2023 23:00","home_team":"Manchester
[2026-08-16T06:06:02Z] Stored first_half statistics: 13 rows.
[2026-08-16T06:06:02Z] Merged section: statistics_first_half
[2026-08-16T06:06:03Z] Opening 2nd half statistics...
[2026-08-16T06:06:03Z] Navigate: https://www.flashscore.com/match/football/manchester-city-Wtn9Stg0/newcastle-utd-p6ahwuwJ/summary/stats/2nd-half/?mid=Icj5gcDE
[2026-08-16T06:06:05Z] Page loaded. Waiting for statistics DOM...
[2026-08-16T06:06:07Z] Script [readiness] result prefix: {"body_text_length":3277,"ready":true,"row_count":18,"section":"statistics_second_half","title":"MCI 1-0 NEW | Manchester City v Newcastle 19/08/2023, Stats - Flashscore.com | Match"}
[2026-08-16T06:06:07Z] Reading rendered DOM...
[2026-08-16T06:06:07Z] Executing extraction script for phase 2; length: 5174.
[2026-08-16T06:06:07Z] Script [extract] result prefix: {"schema_version":"1.3","section":"statistics_second_half","statistic_period":"second_half","source_url":"https://www.flashscore.com/match/football/manchester-city-Wtn9Stg0/newcastle-utd-p6ahwuwJ/summary/stats/2nd-half/?mid=Icj5gcDE","match_id":"Icj5gcDE","collected_at_utc":"2026-08-16T06:06:07.531Z","page_title":"MCI 1-0 NEW | Manchester City v Newcastle 19/08/2023, Stats - Flashscore.com | Match","competition":"WORLD CUP","status":"FINISHED","date_time":"19.08.2023 23:00","home_team":"Manchest
[2026-08-16T06:06:07Z] Stored second_half statistics: 13 rows.
[2026-08-16T06:06:07Z] Merged section: statistics_second_half
[2026-08-16T06:06:07Z] Opening lineups...
[2026-08-16T06:06:07Z] Navigate: https://www.flashscore.com/match/football/manchester-city-Wtn9Stg0/newcastle-utd-p6ahwuwJ/summary/lineups/?mid=Icj5gcDE
[2026-08-16T06:06:09Z] Page loaded. Waiting for statistics DOM...
[2026-08-16T06:06:11Z] Script [readiness] result prefix: {"body_text_length":4112,"ready":true,"row_count":104,"section":"lineups","title":"MCI 1-0 NEW | Manchester City v Newcastle 19/08/2023, Lineups - Flashscore.com | Match"}
[2026-08-16T06:06:11Z] Reading rendered DOM...
[2026-08-16T06:06:11Z] Executing extraction script for phase 4; length: 20701.
[2026-08-16T06:06:11Z] Script [extract] result prefix: {"schema_version":"1.3","section":"lineups","statistic_period":null,"source_url":"https://www.flashscore.com/match/football/manchester-city-Wtn9Stg0/newcastle-utd-p6ahwuwJ/summary/lineups/?mid=Icj5gcDE","match_id":"Icj5gcDE","collected_at_utc":"2026-08-16T06:06:11.445Z","page_title":"MCI 1-0 NEW | Manchester City v Newcastle 19/08/2023, Lineups - Flashscore.com | Match","competition":"WORLD CUP","status":"FINISHED","date_time":"19.08.2023 23:00","home_team":"Manchester City","away_team":"Newcast
[2026-08-16T06:06:11Z] Merged section: lineups
[2026-08-16T06:06:11Z] English Premier League 2023/2024: Player Stats are unavailable in the source profile.
[2026-08-16T06:06:11Z] Marked all Player Stats categories as not_available; collection continues.
[2026-08-16T06:06:11Z] Opening commentary...
[2026-08-16T06:06:11Z] Navigate: https://www.flashscore.com/match/football/manchester-city-Wtn9Stg0/newcastle-utd-p6ahwuwJ/summary/live-commentary/?mid=Icj5gcDE
[2026-08-16T06:06:14Z] Page loaded. Waiting for statistics DOM...
[2026-08-16T06:06:16Z] Script [readiness] result prefix: {"body_text_length":10249,"ready":true,"row_count":175,"section":"commentary","title":"MCI 1-0 NEW | Manchester City v Newcastle 19/08/2023 | Football - Flashscore | Match"}
[2026-08-16T06:06:16Z] Reading rendered DOM...
[2026-08-16T06:06:16Z] Executing extraction script for phase 12; length: 11834.
[2026-08-16T06:06:16Z] Script [extract] result prefix: {"schema_version":"1.3","section":"commentary","statistic_period":null,"source_url":"https://www.flashscore.com/match/football/manchester-city-Wtn9Stg0/newcastle-utd-p6ahwuwJ/summary/live-commentary/all-comments/?mid=Icj5gcDE","match_id":"Icj5gcDE","collected_at_utc":"2026-08-16T06:06:16.107Z","page_title":"MCI 1-0 NEW | Manchester City v Newcastle 19/08/2023 | Football - Flashscore | Match","competition":"WORLD CUP","status":"FINISHED","date_time":"19.08.2023 23:00","home_team":"Manchester City
[2026-08-16T06:06:16Z] Merged section: commentary
[2026-08-16T06:06:16Z] Saving complete match JSON...
[2026-08-16T06:06:16Z] Player Stats category unavailable; status=not_available: top_stats
[2026-08-16T06:06:16Z] Player Stats category unavailable; status=not_available: shots
[2026-08-16T06:06:16Z] Player Stats category unavailable; status=not_available: attack
[2026-08-16T06:06:16Z] Player Stats category unavailable; status=not_available: passes
[2026-08-16T06:06:16Z] Player Stats category unavailable; status=not_available: defense
[2026-08-16T06:06:16Z] Player Stats category unavailable; status=not_available: goalkeeping
[2026-08-16T06:06:16Z] Player Stats category unavailable; status=not_available: general
[2026-08-16T06:06:16Z] Structured goals, cards and VAR events enriched.
[2026-08-16T06:06:16Z] Saved match JSON with 13 statistics: G:\Mirza\VSCode\FlashscoreFootballCollector_\Data\Matches\PremierLeague\2023_2024\2023-08-19_Manchester_City_vs_Newcastle_Icj5gcDE.json
[2026-08-16T06:06:16Z] Finished: 2023-08-19_Manchester_City_vs_Newcastle_Icj5gcDE.json
[2026-08-16T06:06:16Z] Opening overall statistics...
[2026-08-16T06:06:16Z] Navigate: https://www.flashscore.com/match/football/aston-villa-W00wmLO0/everton-KluSTr9s/summary/stats/overall/?mid=hEB6Yeyk
[2026-08-16T06:06:19Z] Page loaded. Waiting for statistics DOM...
[2026-08-16T06:06:21Z] Script [readiness] result prefix: {"body_text_length":3252,"ready":true,"row_count":18,"section":"statistics_overall","title":"AST 4-0 EVE | Aston Villa v Everton 20/08/2023, Stats - Flashscore.com | Match"}
[2026-08-16T06:06:21Z] Reading rendered DOM...
[2026-08-16T06:06:21Z] Executing extraction script for phase 0; length: 5174.
[2026-08-16T06:06:21Z] Script [extract] result prefix: {"schema_version":"1.3","section":"statistics_overall","statistic_period":"overall","source_url":"https://www.flashscore.com/match/football/aston-villa-W00wmLO0/everton-KluSTr9s/summary/stats/overall/?mid=hEB6Yeyk","match_id":"hEB6Yeyk","collected_at_utc":"2026-08-16T06:06:21.526Z","page_title":"AST 4-0 EVE | Aston Villa v Everton 20/08/2023, Stats - Flashscore.com | Match","competition":"WORLD CUP","status":"FINISHED","date_time":"20.08.2023 17:00","home_team":"Aston Villa","away_team":"Everton
[2026-08-16T06:06:21Z] Stored overall statistics: 13 rows.
[2026-08-16T06:06:21Z] Merged section: statistics_overall
[2026-08-16T06:06:21Z] Opening 1st half statistics...
[2026-08-16T06:06:21Z] Navigate: https://www.flashscore.com/match/football/aston-villa-W00wmLO0/everton-KluSTr9s/summary/stats/1st-half/?mid=hEB6Yeyk
[2026-08-16T06:06:23Z] Page loaded. Waiting for statistics DOM...
[2026-08-16T06:06:24Z] Script [readiness] result prefix: {"body_text_length":3246,"ready":true,"row_count":18,"section":"statistics_first_half","title":"AST 4-0 EVE | Aston Villa v Everton 20/08/2023, Stats - Flashscore.com | Match"}
[2026-08-16T06:06:24Z] Reading rendered DOM...
[2026-08-16T06:06:24Z] Executing extraction script for phase 1; length: 5174.
[2026-08-16T06:06:25Z] Script [extract] result prefix: {"schema_version":"1.3","section":"statistics_first_half","statistic_period":"first_half","source_url":"https://www.flashscore.com/match/football/aston-villa-W00wmLO0/everton-KluSTr9s/summary/stats/1st-half/?mid=hEB6Yeyk","match_id":"hEB6Yeyk","collected_at_utc":"2026-08-16T06:06:25.111Z","page_title":"AST 4-0 EVE | Aston Villa v Everton 20/08/2023, Stats - Flashscore.com | Match","competition":"WORLD CUP","status":"FINISHED","date_time":"20.08.2023 17:00","home_team":"Aston Villa","away_team":"
[2026-08-16T06:06:25Z] Stored first_half statistics: 13 rows.
[2026-08-16T06:06:25Z] Merged section: statistics_first_half
[2026-08-16T06:06:25Z] Opening 2nd half statistics...
[2026-08-16T06:06:25Z] Navigate: https://www.flashscore.com/match/football/aston-villa-W00wmLO0/everton-KluSTr9s/summary/stats/2nd-half/?mid=hEB6Yeyk
[2026-08-16T06:06:26Z] Page loaded. Waiting for statistics DOM...
[2026-08-16T06:06:28Z] Script [readiness] result prefix: {"body_text_length":3225,"ready":true,"row_count":18,"section":"statistics_second_half","title":"AST 4-0 EVE | Aston Villa v Everton 20/08/2023, Stats - Flashscore.com | Match"}
[2026-08-16T06:06:28Z] Reading rendered DOM...
[2026-08-16T06:06:28Z] Executing extraction script for phase 2; length: 5174.
[2026-08-16T06:06:28Z] Script [extract] result prefix: {"schema_version":"1.3","section":"statistics_second_half","statistic_period":"second_half","source_url":"https://www.flashscore.com/match/football/aston-villa-W00wmLO0/everton-KluSTr9s/summary/stats/2nd-half/?mid=hEB6Yeyk","match_id":"hEB6Yeyk","collected_at_utc":"2026-08-16T06:06:28.649Z","page_title":"AST 4-0 EVE | Aston Villa v Everton 20/08/2023, Stats - Flashscore.com | Match","competition":"WORLD CUP","status":"FINISHED","date_time":"20.08.2023 17:00","home_team":"Aston Villa","away_team"
[2026-08-16T06:06:28Z] Stored second_half statistics: 13 rows.
[2026-08-16T06:06:28Z] Merged section: statistics_second_half
[2026-08-16T06:06:28Z] Opening lineups...
[2026-08-16T06:06:28Z] Navigate: https://www.flashscore.com/match/football/aston-villa-W00wmLO0/everton-KluSTr9s/summary/lineups/?mid=hEB6Yeyk
[2026-08-16T06:06:30Z] Page loaded. Waiting for statistics DOM...
[2026-08-16T06:06:32Z] Script [readiness] result prefix: {"body_text_length":4378,"ready":true,"row_count":119,"section":"lineups","title":"AST 4-0 EVE | Aston Villa v Everton 20/08/2023, Lineups - Flashscore.com | Match"}
[2026-08-16T06:06:32Z] Reading rendered DOM...
[2026-08-16T06:06:32Z] Executing extraction script for phase 4; length: 20701.
[2026-08-16T06:06:32Z] Script [extract] result prefix: {"schema_version":"1.3","section":"lineups","statistic_period":null,"source_url":"https://www.flashscore.com/match/football/aston-villa-W00wmLO0/everton-KluSTr9s/summary/lineups/?mid=hEB6Yeyk","match_id":"hEB6Yeyk","collected_at_utc":"2026-08-16T06:06:32.407Z","page_title":"AST 4-0 EVE | Aston Villa v Everton 20/08/2023, Lineups - Flashscore.com | Match","competition":"WORLD CUP","status":"FINISHED","date_time":"20.08.2023 17:00","home_team":"Aston Villa","away_team":"Everton","score":{"home":"4
[2026-08-16T06:06:32Z] Merged section: lineups
[2026-08-16T06:06:33Z] English Premier League 2023/2024: Player Stats are unavailable in the source profile.
[2026-08-16T06:06:33Z] Marked all Player Stats categories as not_available; collection continues.
[2026-08-16T06:06:33Z] Opening commentary...
[2026-08-16T06:06:33Z] Navigate: https://www.flashscore.com/match/football/aston-villa-W00wmLO0/everton-KluSTr9s/summary/live-commentary/?mid=hEB6Yeyk
[2026-08-16T06:06:35Z] Page loaded. Waiting for statistics DOM...
[2026-08-16T06:06:37Z] Script [readiness] result prefix: {"body_text_length":15067,"ready":true,"row_count":292,"section":"commentary","title":"AST 4-0 EVE | Aston Villa v Everton 20/08/2023 | Football - Flashscore | Match"}
[2026-08-16T06:06:37Z] Reading rendered DOM...
[2026-08-16T06:06:37Z] Executing extraction script for phase 12; length: 11834.
[2026-08-16T06:06:37Z] Script [extract] result prefix: {"schema_version":"1.3","section":"commentary","statistic_period":null,"source_url":"https://www.flashscore.com/match/football/aston-villa-W00wmLO0/everton-KluSTr9s/summary/live-commentary/all-comments/?mid=hEB6Yeyk","match_id":"hEB6Yeyk","collected_at_utc":"2026-08-16T06:06:37.566Z","page_title":"AST 4-0 EVE | Aston Villa v Everton 20/08/2023 | Football - Flashscore | Match","competition":"WORLD CUP","status":"FINISHED","date_time":"20.08.2023 17:00","home_team":"Aston Villa","away_team":"Evert
[2026-08-16T06:06:37Z] Merged section: commentary
[2026-08-16T06:06:37Z] Saving complete match JSON...
[2026-08-16T06:06:37Z] Player Stats category unavailable; status=not_available: top_stats
[2026-08-16T06:06:37Z] Player Stats category unavailable; status=not_available: shots
[2026-08-16T06:06:37Z] Player Stats category unavailable; status=not_available: attack
[2026-08-16T06:06:37Z] Player Stats category unavailable; status=not_available: passes
[2026-08-16T06:06:37Z] Player Stats category unavailable; status=not_available: defense
[2026-08-16T06:06:37Z] Player Stats category unavailable; status=not_available: goalkeeping
[2026-08-16T06:06:37Z] Player Stats category unavailable; status=not_available: general
[2026-08-16T06:06:37Z] Structured goals, cards and VAR events enriched.
[2026-08-16T06:06:38Z] Saved match JSON with 13 statistics: G:\Mirza\VSCode\FlashscoreFootballCollector_\Data\Matches\PremierLeague\2023_2024\2023-08-20_Aston_Villa_vs_Everton_hEB6Yeyk.json
[2026-08-16T06:06:38Z] Finished: 2023-08-20_Aston_Villa_vs_Everton_hEB6Yeyk.json
[2026-08-16T06:06:38Z] Opening overall statistics...
[2026-08-16T06:06:38Z] Navigate: https://www.flashscore.com/match/football/chelsea-4fGZN2oK/west-ham-Cxq57r8g/summary/stats/overall/?mid=W4Wumejr
[2026-08-16T06:06:41Z] Page loaded. Waiting for statistics DOM...
[2026-08-16T06:06:42Z] Script [readiness] result prefix: {"body_text_length":3255,"ready":true,"row_count":19,"section":"statistics_overall","title":"WHU 3-1 CHE | West Ham v Chelsea 20/08/2023, Stats - Flashscore.com | Match"}
[2026-08-16T06:06:42Z] Reading rendered DOM...
[2026-08-16T06:06:42Z] Executing extraction script for phase 0; length: 5174.
[2026-08-16T06:06:43Z] Script [extract] result prefix: {"schema_version":"1.3","section":"statistics_overall","statistic_period":"overall","source_url":"https://www.flashscore.com/match/football/chelsea-4fGZN2oK/west-ham-Cxq57r8g/summary/stats/overall/?mid=W4Wumejr","match_id":"W4Wumejr","collected_at_utc":"2026-08-16T06:06:43.023Z","page_title":"WHU 3-1 CHE | West Ham v Chelsea 20/08/2023, Stats - Flashscore.com | Match","competition":"WORLD CUP","status":"FINISHED","date_time":"20.08.2023 19:30","home_team":"West Ham","away_team":"Chelsea","score"
[2026-08-16T06:06:43Z] Stored overall statistics: 14 rows.
[2026-08-16T06:06:43Z] Merged section: statistics_overall
[2026-08-16T06:06:43Z] Opening 1st half statistics...
[2026-08-16T06:06:43Z] Navigate: https://www.flashscore.com/match/football/chelsea-4fGZN2oK/west-ham-Cxq57r8g/summary/stats/1st-half/?mid=W4Wumejr
[2026-08-16T06:06:45Z] Page loaded. Waiting for statistics DOM...
[2026-08-16T06:06:46Z] Script [readiness] result prefix: {"body_text_length":3231,"ready":true,"row_count":18,"section":"statistics_first_half","title":"WHU 3-1 CHE | West Ham v Chelsea 20/08/2023, Stats - Flashscore.com | Match"}
[2026-08-16T06:06:46Z] Reading rendered DOM...
[2026-08-16T06:06:46Z] Executing extraction script for phase 1; length: 5174.
[2026-08-16T06:06:46Z] Script [extract] result prefix: {"schema_version":"1.3","section":"statistics_first_half","statistic_period":"first_half","source_url":"https://www.flashscore.com/match/football/chelsea-4fGZN2oK/west-ham-Cxq57r8g/summary/stats/1st-half/?mid=W4Wumejr","match_id":"W4Wumejr","collected_at_utc":"2026-08-16T06:06:46.835Z","page_title":"WHU 3-1 CHE | West Ham v Chelsea 20/08/2023, Stats - Flashscore.com | Match","competition":"WORLD CUP","status":"FINISHED","date_time":"20.08.2023 19:30","home_team":"West Ham","away_team":"Chelsea",
[2026-08-16T06:06:46Z] Stored first_half statistics: 13 rows.
[2026-08-16T06:06:46Z] Merged section: statistics_first_half
[2026-08-16T06:06:47Z] Opening 2nd half statistics...
[2026-08-16T06:06:47Z] Navigate: https://www.flashscore.com/match/football/chelsea-4fGZN2oK/west-ham-Cxq57r8g/summary/stats/2nd-half/?mid=W4Wumejr
[2026-08-16T06:06:48Z] Page loaded. Waiting for statistics DOM...
[2026-08-16T06:06:50Z] Script [readiness] result prefix: {"body_text_length":3246,"ready":true,"row_count":19,"section":"statistics_second_half","title":"WHU 3-1 CHE | West Ham v Chelsea 20/08/2023, Stats - Flashscore.com | Match"}
[2026-08-16T06:06:50Z] Reading rendered DOM...
[2026-08-16T06:06:50Z] Executing extraction script for phase 2; length: 5174.
[2026-08-16T06:06:50Z] Script [extract] result prefix: {"schema_version":"1.3","section":"statistics_second_half","statistic_period":"second_half","source_url":"https://www.flashscore.com/match/football/chelsea-4fGZN2oK/west-ham-Cxq57r8g/summary/stats/2nd-half/?mid=W4Wumejr","match_id":"W4Wumejr","collected_at_utc":"2026-08-16T06:06:50.327Z","page_title":"WHU 3-1 CHE | West Ham v Chelsea 20/08/2023, Stats - Flashscore.com | Match","competition":"WORLD CUP","status":"FINISHED","date_time":"20.08.2023 19:30","home_team":"West Ham","away_team":"Chelsea
[2026-08-16T06:06:50Z] Stored second_half statistics: 14 rows.
[2026-08-16T06:06:50Z] Merged section: statistics_second_half
[2026-08-16T06:06:50Z] Opening lineups...
[2026-08-16T06:06:50Z] Navigate: https://www.flashscore.com/match/football/chelsea-4fGZN2oK/west-ham-Cxq57r8g/summary/lineups/?mid=W4Wumejr
[2026-08-16T06:06:52Z] Page loaded. Waiting for statistics DOM...
[2026-08-16T06:06:53Z] Script [readiness] result prefix: {"body_text_length":4211,"ready":true,"row_count":109,"section":"lineups","title":"WHU 3-1 CHE | West Ham v Chelsea 20/08/2023, Lineups - Flashscore.com | Match"}
[2026-08-16T06:06:53Z] Reading rendered DOM...
[2026-08-16T06:06:53Z] Executing extraction script for phase 4; length: 20701.
[2026-08-16T06:06:53Z] Script [extract] result prefix: {"schema_version":"1.3","section":"lineups","statistic_period":null,"source_url":"https://www.flashscore.com/match/football/chelsea-4fGZN2oK/west-ham-Cxq57r8g/summary/lineups/?mid=W4Wumejr","match_id":"W4Wumejr","collected_at_utc":"2026-08-16T06:06:53.799Z","page_title":"WHU 3-1 CHE | West Ham v Chelsea 20/08/2023, Lineups - Flashscore.com | Match","competition":"WORLD CUP","status":"FINISHED","date_time":"20.08.2023 19:30","home_team":"West Ham","away_team":"Chelsea","score":{"home":"3","away":
[2026-08-16T06:06:53Z] Merged section: lineups
[2026-08-16T06:06:53Z] English Premier League 2023/2024: Player Stats are unavailable in the source profile.
[2026-08-16T06:06:53Z] Marked all Player Stats categories as not_available; collection continues.
[2026-08-16T06:06:53Z] Opening commentary...
[2026-08-16T06:06:53Z] Navigate: https://www.flashscore.com/match/football/chelsea-4fGZN2oK/west-ham-Cxq57r8g/summary/live-commentary/?mid=W4Wumejr
[2026-08-16T06:06:55Z] Page loaded. Waiting for statistics DOM...
[2026-08-16T06:06:57Z] Script [readiness] result prefix: {"body_text_length":14893,"ready":true,"row_count":290,"section":"commentary","title":"WHU 3-1 CHE | West Ham v Chelsea 20/08/2023 | Football - Flashscore | Match"}
[2026-08-16T06:06:57Z] Reading rendered DOM...
[2026-08-16T06:06:57Z] Executing extraction script for phase 12; length: 11834.
[2026-08-16T06:06:57Z] Script [extract] result prefix: {"schema_version":"1.3","section":"commentary","statistic_period":null,"source_url":"https://www.flashscore.com/match/football/chelsea-4fGZN2oK/west-ham-Cxq57r8g/summary/live-commentary/all-comments/?mid=W4Wumejr","match_id":"W4Wumejr","collected_at_utc":"2026-08-16T06:06:57.327Z","page_title":"WHU 3-1 CHE | West Ham v Chelsea 20/08/2023 | Football - Flashscore | Match","competition":"WORLD CUP","status":"FINISHED","date_time":"20.08.2023 19:30","home_team":"West Ham","away_team":"Chelsea","scor
[2026-08-16T06:06:57Z] Merged section: commentary
[2026-08-16T06:06:57Z] Saving complete match JSON...
[2026-08-16T06:06:57Z] Player Stats category unavailable; status=not_available: top_stats
[2026-08-16T06:06:57Z] Player Stats category unavailable; status=not_available: shots
[2026-08-16T06:06:57Z] Player Stats category unavailable; status=not_available: attack
[2026-08-16T06:06:57Z] Player Stats category unavailable; status=not_available: passes
[2026-08-16T06:06:57Z] Player Stats category unavailable; status=not_available: defense
[2026-08-16T06:06:57Z] Player Stats category unavailable; status=not_available: goalkeeping
[2026-08-16T06:06:57Z] Player Stats category unavailable; status=not_available: general
[2026-08-16T06:06:57Z] Structured goals, cards and VAR events enriched.
[2026-08-16T06:06:57Z] Saved match JSON with 14 statistics: G:\Mirza\VSCode\FlashscoreFootballCollector_\Data\Matches\PremierLeague\2023_2024\2023-08-20_West_Ham_vs_Chelsea_W4Wumejr.json
[2026-08-16T06:06:57Z] Finished: 2023-08-20_West_Ham_vs_Chelsea_W4Wumejr.json
[2026-08-16T06:06:57Z] Opening overall statistics...
[2026-08-16T06:06:57Z] Navigate: https://www.flashscore.com/match/football/arsenal-hA1Zm19f/crystal-palace-AovF1Mia/summary/stats/overall/?mid=W4AAXFje
[2026-08-16T06:07:00Z] Page loaded. Waiting for statistics DOM...
[2026-08-16T06:07:01Z] Script [readiness] result prefix: {"body_text_length":3287,"ready":true,"row_count":19,"section":"statistics_overall","title":"CRY 0-1 ARS | Crystal Palace v Arsenal 21/08/2023, Stats - Flashscore.com | Match"}
[2026-08-16T06:07:01Z] Reading rendered DOM...
[2026-08-16T06:07:01Z] Executing extraction script for phase 0; length: 5174.
[2026-08-16T06:07:01Z] Script [extract] result prefix: {"schema_version":"1.3","section":"statistics_overall","statistic_period":"overall","source_url":"https://www.flashscore.com/match/football/arsenal-hA1Zm19f/crystal-palace-AovF1Mia/summary/stats/overall/?mid=W4AAXFje","match_id":"W4AAXFje","collected_at_utc":"2026-08-16T06:07:01.747Z","page_title":"CRY 0-1 ARS | Crystal Palace v Arsenal 21/08/2023, Stats - Flashscore.com | Match","competition":"WORLD CUP","status":"FINISHED","date_time":"21.08.2023 23:00","home_team":"Crystal Palace","away_team"
[2026-08-16T06:07:01Z] Stored overall statistics: 14 rows.
[2026-08-16T06:07:01Z] Merged section: statistics_overall
[2026-08-16T06:07:01Z] Opening 1st half statistics...
[2026-08-16T06:07:01Z] Navigate: https://www.flashscore.com/match/football/arsenal-hA1Zm19f/crystal-palace-AovF1Mia/summary/stats/1st-half/?mid=W4AAXFje
[2026-08-16T06:07:04Z] Page loaded. Waiting for statistics DOM...
[2026-08-16T06:07:06Z] Script [readiness] result prefix: {"body_text_length":3261,"ready":true,"row_count":18,"section":"statistics_first_half","title":"CRY 0-1 ARS | Crystal Palace v Arsenal 21/08/2023, Stats - Flashscore.com | Match"}
[2026-08-16T06:07:06Z] Reading rendered DOM...
[2026-08-16T06:07:06Z] Executing extraction script for phase 1; length: 5174.
[2026-08-16T06:07:06Z] Script [extract] result prefix: {"schema_version":"1.3","section":"statistics_first_half","statistic_period":"first_half","source_url":"https://www.flashscore.com/match/football/arsenal-hA1Zm19f/crystal-palace-AovF1Mia/summary/stats/1st-half/?mid=W4AAXFje","match_id":"W4AAXFje","collected_at_utc":"2026-08-16T06:07:06.402Z","page_title":"CRY 0-1 ARS | Crystal Palace v Arsenal 21/08/2023, Stats - Flashscore.com | Match","competition":"WORLD CUP","status":"FINISHED","date_time":"21.08.2023 23:00","home_team":"Crystal Palace","awa
[2026-08-16T06:07:06Z] Stored first_half statistics: 13 rows.
[2026-08-16T06:07:06Z] Merged section: statistics_first_half
[2026-08-16T06:07:06Z] Opening 2nd half statistics...
[2026-08-16T06:07:06Z] Navigate: https://www.flashscore.com/match/football/arsenal-hA1Zm19f/crystal-palace-AovF1Mia/summary/stats/2nd-half/?mid=W4AAXFje
[2026-08-16T06:07:08Z] Page loaded. Waiting for statistics DOM...
[2026-08-16T06:07:10Z] Script [readiness] result prefix: {"body_text_length":3277,"ready":true,"row_count":19,"section":"statistics_second_half","title":"CRY 0-1 ARS | Crystal Palace v Arsenal 21/08/2023, Stats - Flashscore.com | Match"}
[2026-08-16T06:07:10Z] Reading rendered DOM...
[2026-08-16T06:07:10Z] Executing extraction script for phase 2; length: 5174.
[2026-08-16T06:07:10Z] Script [extract] result prefix: {"schema_version":"1.3","section":"statistics_second_half","statistic_period":"second_half","source_url":"https://www.flashscore.com/match/football/arsenal-hA1Zm19f/crystal-palace-AovF1Mia/summary/stats/2nd-half/?mid=W4AAXFje","match_id":"W4AAXFje","collected_at_utc":"2026-08-16T06:07:10.085Z","page_title":"CRY 0-1 ARS | Crystal Palace v Arsenal 21/08/2023, Stats - Flashscore.com | Match","competition":"WORLD CUP","status":"FINISHED","date_time":"21.08.2023 23:00","home_team":"Crystal Palace","a
[2026-08-16T06:07:10Z] Stored second_half statistics: 14 rows.
[2026-08-16T06:07:10Z] Merged section: statistics_second_half
[2026-08-16T06:07:10Z] Opening lineups...
[2026-08-16T06:07:10Z] Navigate: https://www.flashscore.com/match/football/arsenal-hA1Zm19f/crystal-palace-AovF1Mia/summary/lineups/?mid=W4AAXFje
[2026-08-16T06:07:12Z] Page loaded. Waiting for statistics DOM...
[2026-08-16T06:07:13Z] Script [readiness] result prefix: {"body_text_length":4153,"ready":true,"row_count":107,"section":"lineups","title":"CRY 0-1 ARS | Crystal Palace v Arsenal 21/08/2023, Lineups - Flashscore.com | Match"}
[2026-08-16T06:07:13Z] Reading rendered DOM...
[2026-08-16T06:07:13Z] Executing extraction script for phase 4; length: 20701.
[2026-08-16T06:07:13Z] Script [extract] result prefix: {"schema_version":"1.3","section":"lineups","statistic_period":null,"source_url":"https://www.flashscore.com/match/football/arsenal-hA1Zm19f/crystal-palace-AovF1Mia/summary/lineups/?mid=W4AAXFje","match_id":"W4AAXFje","collected_at_utc":"2026-08-16T06:07:13.841Z","page_title":"CRY 0-1 ARS | Crystal Palace v Arsenal 21/08/2023, Lineups - Flashscore.com | Match","competition":"WORLD CUP","status":"FINISHED","date_time":"21.08.2023 23:00","home_team":"Crystal Palace","away_team":"Arsenal","score":{
[2026-08-16T06:07:13Z] Merged section: lineups
[2026-08-16T06:07:13Z] English Premier League 2023/2024: Player Stats are unavailable in the source profile.
[2026-08-16T06:07:14Z] Marked all Player Stats categories as not_available; collection continues.
[2026-08-16T06:07:14Z] Opening commentary...
[2026-08-16T06:07:14Z] Navigate: https://www.flashscore.com/match/football/arsenal-hA1Zm19f/crystal-palace-AovF1Mia/summary/live-commentary/?mid=W4AAXFje
[2026-08-16T06:07:16Z] Page loaded. Waiting for statistics DOM...
[2026-08-16T06:07:18Z] Script [readiness] result prefix: {"body_text_length":14482,"ready":true,"row_count":245,"section":"commentary","title":"CRY 0-1 ARS | Crystal Palace v Arsenal 21/08/2023 | Football - Flashscore | Match"}
[2026-08-16T06:07:18Z] Reading rendered DOM...
[2026-08-16T06:07:18Z] Executing extraction script for phase 12; length: 11834.
[2026-08-16T06:07:18Z] Script [extract] result prefix: {"schema_version":"1.3","section":"commentary","statistic_period":null,"source_url":"https://www.flashscore.com/match/football/arsenal-hA1Zm19f/crystal-palace-AovF1Mia/summary/live-commentary/all-comments/?mid=W4AAXFje","match_id":"W4AAXFje","collected_at_utc":"2026-08-16T06:07:18.404Z","page_title":"CRY 0-1 ARS | Crystal Palace v Arsenal 21/08/2023 | Football - Flashscore | Match","competition":"WORLD CUP","status":"FINISHED","date_time":"21.08.2023 23:00","home_team":"Crystal Palace","away_tea
[2026-08-16T06:07:18Z] Merged section: commentary
[2026-08-16T06:07:18Z] Saving complete match JSON...
[2026-08-16T06:07:18Z] Player Stats category unavailable; status=not_available: top_stats
[2026-08-16T06:07:18Z] Player Stats category unavailable; status=not_available: shots
[2026-08-16T06:07:18Z] Player Stats category unavailable; status=not_available: attack
[2026-08-16T06:07:18Z] Player Stats category unavailable; status=not_available: passes
[2026-08-16T06:07:18Z] Player Stats category unavailable; status=not_available: defense
[2026-08-16T06:07:18Z] Player Stats category unavailable; status=not_available: goalkeeping
[2026-08-16T06:07:18Z] Player Stats category unavailable; status=not_available: general
[2026-08-16T06:07:18Z] Structured goals, cards and VAR events enriched.
[2026-08-16T06:07:18Z] Saved match JSON with 14 statistics: G:\Mirza\VSCode\FlashscoreFootballCollector_\Data\Matches\PremierLeague\2023_2024\2023-08-21_Crystal_Palace_vs_Arsenal_W4AAXFje.json
[2026-08-16T06:07:18Z] Finished: 2023-08-21_Crystal_Palace_vs_Arsenal_W4AAXFje.json
[2026-08-16T06:07:18Z] Opening overall statistics...
[2026-08-16T06:07:19Z] Navigate: https://www.flashscore.com/match/football/chelsea-4fGZN2oK/luton-SlybbadF/summary/stats/overall/?mid=8n5m6zcK
[2026-08-16T06:07:21Z] Page loaded. Waiting for statistics DOM...
[2026-08-16T06:07:22Z] Script [readiness] result prefix: {"body_text_length":3228,"ready":true,"row_count":18,"section":"statistics_overall","title":"CHE 3-0 LUT | Chelsea v Luton 25/08/2023, Stats - Flashscore.com | Match"}
[2026-08-16T06:07:22Z] Reading rendered DOM...
[2026-08-16T06:07:22Z] Executing extraction script for phase 0; length: 5174.
[2026-08-16T06:07:22Z] Script [extract] result prefix: {"schema_version":"1.3","section":"statistics_overall","statistic_period":"overall","source_url":"https://www.flashscore.com/match/football/chelsea-4fGZN2oK/luton-SlybbadF/summary/stats/overall/?mid=8n5m6zcK","match_id":"8n5m6zcK","collected_at_utc":"2026-08-16T06:07:22.921Z","page_title":"CHE 3-0 LUT | Chelsea v Luton 25/08/2023, Stats - Flashscore.com | Match","competition":"WORLD CUP","status":"FINISHED","date_time":"25.08.2023 23:00","home_team":"Chelsea","away_team":"Luton","score":{"home":
[2026-08-16T06:07:22Z] Stored overall statistics: 13 rows.
[2026-08-16T06:07:22Z] Merged section: statistics_overall
[2026-08-16T06:07:23Z] Opening 1st half statistics...
[2026-08-16T06:07:23Z] Navigate: https://www.flashscore.com/match/football/chelsea-4fGZN2oK/luton-SlybbadF/summary/stats/1st-half/?mid=8n5m6zcK
[2026-08-16T06:07:24Z] Page loaded. Waiting for statistics DOM...
[2026-08-16T06:07:26Z] Script [readiness] result prefix: {"body_text_length":3217,"ready":true,"row_count":18,"section":"statistics_first_half","title":"CHE 3-0 LUT | Chelsea v Luton 25/08/2023, Stats - Flashscore.com | Match"}
[2026-08-16T06:07:26Z] Reading rendered DOM...
[2026-08-16T06:07:26Z] Executing extraction script for phase 1; length: 5174.
[2026-08-16T06:07:26Z] Script [extract] result prefix: {"schema_version":"1.3","section":"statistics_first_half","statistic_period":"first_half","source_url":"https://www.flashscore.com/match/football/chelsea-4fGZN2oK/luton-SlybbadF/summary/stats/1st-half/?mid=8n5m6zcK","match_id":"8n5m6zcK","collected_at_utc":"2026-08-16T06:07:26.592Z","page_title":"CHE 3-0 LUT | Chelsea v Luton 25/08/2023, Stats - Flashscore.com | Match","competition":"WORLD CUP","status":"FINISHED","date_time":"25.08.2023 23:00","home_team":"Chelsea","away_team":"Luton","score":{
[2026-08-16T06:07:26Z] Stored first_half statistics: 13 rows.
[2026-08-16T06:07:26Z] Merged section: statistics_first_half
[2026-08-16T06:07:26Z] Opening 2nd half statistics...
[2026-08-16T06:07:26Z] Navigate: https://www.flashscore.com/match/football/chelsea-4fGZN2oK/luton-SlybbadF/summary/stats/2nd-half/?mid=8n5m6zcK
[2026-08-16T06:07:28Z] Page loaded. Waiting for statistics DOM...
[2026-08-16T06:07:30Z] Script [readiness] result prefix: {"body_text_length":3219,"ready":true,"row_count":18,"section":"statistics_second_half","title":"CHE 3-0 LUT | Chelsea v Luton 25/08/2023, Stats - Flashscore.com | Match"}
[2026-08-16T06:07:30Z] Reading rendered DOM...
[2026-08-16T06:07:30Z] Executing extraction script for phase 2; length: 5174.
[2026-08-16T06:07:30Z] Script [extract] result prefix: {"schema_version":"1.3","section":"statistics_second_half","statistic_period":"second_half","source_url":"https://www.flashscore.com/match/football/chelsea-4fGZN2oK/luton-SlybbadF/summary/stats/2nd-half/?mid=8n5m6zcK","match_id":"8n5m6zcK","collected_at_utc":"2026-08-16T06:07:30.739Z","page_title":"CHE 3-0 LUT | Chelsea v Luton 25/08/2023, Stats - Flashscore.com | Match","competition":"WORLD CUP","status":"FINISHED","date_time":"25.08.2023 23:00","home_team":"Chelsea","away_team":"Luton","score"
[2026-08-16T06:07:30Z] Stored second_half statistics: 13 rows.
[2026-08-16T06:07:31Z] Merged section: statistics_second_half
[2026-08-16T06:07:31Z] Opening lineups...
[2026-08-16T06:07:31Z] Navigate: https://www.flashscore.com/match/football/chelsea-4fGZN2oK/luton-SlybbadF/summary/lineups/?mid=8n5m6zcK
[2026-08-16T06:07:34Z] Page loaded. Waiting for statistics DOM...
[2026-08-16T06:07:36Z] Script [readiness] result prefix: {"body_text_length":4320,"ready":true,"row_count":117,"section":"lineups","title":"CHE 3-0 LUT | Chelsea v Luton 25/08/2023, Lineups - Flashscore.com | Match"}
[2026-08-16T06:07:36Z] Reading rendered DOM...
[2026-08-16T06:07:36Z] Executing extraction script for phase 4; length: 20701.
[2026-08-16T06:07:36Z] Script [extract] result prefix: {"schema_version":"1.3","section":"lineups","statistic_period":null,"source_url":"https://www.flashscore.com/match/football/chelsea-4fGZN2oK/luton-SlybbadF/summary/lineups/?mid=8n5m6zcK","match_id":"8n5m6zcK","collected_at_utc":"2026-08-16T06:07:36.286Z","page_title":"CHE 3-0 LUT | Chelsea v Luton 25/08/2023, Lineups - Flashscore.com | Match","competition":"WORLD CUP","status":"FINISHED","date_time":"25.08.2023 23:00","home_team":"Chelsea","away_team":"Luton","score":{"home":"3","away":"0","disp
[2026-08-16T06:07:36Z] Merged section: lineups
[2026-08-16T06:07:36Z] English Premier League 2023/2024: Player Stats are unavailable in the source profile.
[2026-08-16T06:07:36Z] Marked all Player Stats categories as not_available; collection continues.
[2026-08-16T06:07:36Z] Opening commentary...
[2026-08-16T06:07:36Z] Navigate: https://www.flashscore.com/match/football/chelsea-4fGZN2oK/luton-SlybbadF/summary/live-commentary/?mid=8n5m6zcK
[2026-08-16T06:07:39Z] Page loaded. Waiting for statistics DOM...
[2026-08-16T06:07:41Z] Script [readiness] result prefix: {"body_text_length":13152,"ready":true,"row_count":239,"section":"commentary","title":"CHE 3-0 LUT | Chelsea v Luton 25/08/2023 | Football - Flashscore | Match"}
[2026-08-16T06:07:41Z] Reading rendered DOM...
[2026-08-16T06:07:41Z] Executing extraction script for phase 12; length: 11834.
[2026-08-16T06:07:41Z] Script [extract] result prefix: {"schema_version":"1.3","section":"commentary","statistic_period":null,"source_url":"https://www.flashscore.com/match/football/chelsea-4fGZN2oK/luton-SlybbadF/summary/live-commentary/all-comments/?mid=8n5m6zcK","match_id":"8n5m6zcK","collected_at_utc":"2026-08-16T06:07:41.321Z","page_title":"CHE 3-0 LUT | Chelsea v Luton 25/08/2023 | Football - Flashscore | Match","competition":"WORLD CUP","status":"FINISHED","date_time":"25.08.2023 23:00","home_team":"Chelsea","away_team":"Luton","score":{"home
[2026-08-16T06:07:41Z] Merged section: commentary
[2026-08-16T06:07:41Z] Saving complete match JSON...
[2026-08-16T06:07:41Z] Player Stats category unavailable; status=not_available: top_stats
[2026-08-16T06:07:41Z] Player Stats category unavailable; status=not_available: shots
[2026-08-16T06:07:41Z] Player Stats category unavailable; status=not_available: attack
[2026-08-16T06:07:41Z] Player Stats category unavailable; status=not_available: passes
[2026-08-16T06:07:41Z] Player Stats category unavailable; status=not_available: defense
[2026-08-16T06:07:41Z] Player Stats category unavailable; status=not_available: goalkeeping
[2026-08-16T06:07:41Z] Player Stats category unavailable; status=not_available: general
[2026-08-16T06:07:41Z] Structured goals, cards and VAR events enriched.
[2026-08-16T06:07:41Z] Saved match JSON with 13 statistics: G:\Mirza\VSCode\FlashscoreFootballCollector_\Data\Matches\PremierLeague\2023_2024\2023-08-25_Chelsea_vs_Luton_8n5m6zcK.json
[2026-08-16T06:07:41Z] Finished: 2023-08-25_Chelsea_vs_Luton_8n5m6zcK.json
[2026-08-16T06:07:41Z] Opening overall statistics...
[2026-08-16T06:07:41Z] Navigate: https://www.flashscore.com/match/football/bournemouth-OtpNdwrc/tottenham-UDg08Ohm/summary/stats/overall/?mid=SWPloZKf
[2026-08-16T06:07:44Z] Page loaded. Waiting for statistics DOM...
[2026-08-16T06:07:45Z] Script [readiness] result prefix: {"body_text_length":3299,"ready":true,"row_count":18,"section":"statistics_overall","title":"BOU 0-2 TOT | Bournemouth v Tottenham Hotspur 26/08/2023, Stats - Flashscore.com | Match"}
[2026-08-16T06:07:45Z] Reading rendered DOM...
[2026-08-16T06:07:45Z] Executing extraction script for phase 0; length: 5174.
[2026-08-16T06:07:46Z] Script [extract] result prefix: {"schema_version":"1.3","section":"statistics_overall","statistic_period":"overall","source_url":"https://www.flashscore.com/match/football/bournemouth-OtpNdwrc/tottenham-UDg08Ohm/summary/stats/overall/?mid=SWPloZKf","match_id":"SWPloZKf","collected_at_utc":"2026-08-16T06:07:46.014Z","page_title":"BOU 0-2 TOT | Bournemouth v Tottenham Hotspur 26/08/2023, Stats - Flashscore.com | Match","competition":"WORLD CUP","status":"FINISHED","date_time":"26.08.2023 15:30","home_team":"Bournemouth","away_te
[2026-08-16T06:07:46Z] Stored overall statistics: 13 rows.
[2026-08-16T06:07:46Z] Merged section: statistics_overall
[2026-08-16T06:07:46Z] Opening 1st half statistics...
[2026-08-16T06:07:46Z] Navigate: https://www.flashscore.com/match/football/bournemouth-OtpNdwrc/tottenham-UDg08Ohm/summary/stats/1st-half/?mid=SWPloZKf
[2026-08-16T06:07:48Z] Page loaded. Waiting for statistics DOM...
[2026-08-16T06:07:49Z] Script [readiness] result prefix: {"body_text_length":3291,"ready":true,"row_count":18,"section":"statistics_first_half","title":"BOU 0-2 TOT | Bournemouth v Tottenham Hotspur 26/08/2023, Stats - Flashscore.com | Match"}
[2026-08-16T06:07:49Z] Reading rendered DOM...
[2026-08-16T06:07:49Z] Executing extraction script for phase 1; length: 5174.
[2026-08-16T06:07:49Z] Script [extract] result prefix: {"schema_version":"1.3","section":"statistics_first_half","statistic_period":"first_half","source_url":"https://www.flashscore.com/match/football/bournemouth-OtpNdwrc/tottenham-UDg08Ohm/summary/stats/1st-half/?mid=SWPloZKf","match_id":"SWPloZKf","collected_at_utc":"2026-08-16T06:07:49.607Z","page_title":"BOU 0-2 TOT | Bournemouth v Tottenham Hotspur 26/08/2023, Stats - Flashscore.com | Match","competition":"WORLD CUP","status":"FINISHED","date_time":"26.08.2023 15:30","home_team":"Bournemouth","
[2026-08-16T06:07:49Z] Stored first_half statistics: 13 rows.
[2026-08-16T06:07:49Z] Merged section: statistics_first_half
[2026-08-16T06:07:49Z] Opening 2nd half statistics...
[2026-08-16T06:07:49Z] Navigate: https://www.flashscore.com/match/football/bournemouth-OtpNdwrc/tottenham-UDg08Ohm/summary/stats/2nd-half/?mid=SWPloZKf
[2026-08-16T06:07:52Z] Page loaded. Waiting for statistics DOM...
[2026-08-16T06:07:53Z] Script [readiness] result prefix: {"body_text_length":3288,"ready":true,"row_count":18,"section":"statistics_second_half","title":"BOU 0-2 TOT | Bournemouth v Tottenham Hotspur 26/08/2023, Stats - Flashscore.com | Match"}
[2026-08-16T06:07:53Z] Reading rendered DOM...
[2026-08-16T06:07:53Z] Executing extraction script for phase 2; length: 5174.
[2026-08-16T06:07:54Z] Script [extract] result prefix: {"schema_version":"1.3","section":"statistics_second_half","statistic_period":"second_half","source_url":"https://www.flashscore.com/match/football/bournemouth-OtpNdwrc/tottenham-UDg08Ohm/summary/stats/2nd-half/?mid=SWPloZKf","match_id":"SWPloZKf","collected_at_utc":"2026-08-16T06:07:54.006Z","page_title":"BOU 0-2 TOT | Bournemouth v Tottenham Hotspur 26/08/2023, Stats - Flashscore.com | Match","competition":"WORLD CUP","status":"FINISHED","date_time":"26.08.2023 15:30","home_team":"Bournemouth"
[2026-08-16T06:07:54Z] Stored second_half statistics: 13 rows.
[2026-08-16T06:07:54Z] Merged section: statistics_second_half
[2026-08-16T06:07:54Z] Opening lineups...
[2026-08-16T06:07:54Z] Navigate: https://www.flashscore.com/match/football/bournemouth-OtpNdwrc/tottenham-UDg08Ohm/summary/lineups/?mid=SWPloZKf
[2026-08-16T06:07:55Z] Page loaded. Waiting for statistics DOM...
[2026-08-16T06:07:57Z] Script [readiness] result prefix: {"body_text_length":4131,"ready":true,"row_count":108,"section":"lineups","title":"BOU 0-2 TOT | Bournemouth v Tottenham Hotspur 26/08/2023, Lineups - Flashscore.com | Match"}
[2026-08-16T06:07:57Z] Reading rendered DOM...
[2026-08-16T06:07:57Z] Executing extraction script for phase 4; length: 20701.
[2026-08-16T06:07:57Z] Script [extract] result prefix: {"schema_version":"1.3","section":"lineups","statistic_period":null,"source_url":"https://www.flashscore.com/match/football/bournemouth-OtpNdwrc/tottenham-UDg08Ohm/summary/lineups/?mid=SWPloZKf","match_id":"SWPloZKf","collected_at_utc":"2026-08-16T06:07:57.577Z","page_title":"BOU 0-2 TOT | Bournemouth v Tottenham Hotspur 26/08/2023, Lineups - Flashscore.com | Match","competition":"WORLD CUP","status":"FINISHED","date_time":"26.08.2023 15:30","home_team":"Bournemouth","away_team":"Tottenham","sco
[2026-08-16T06:07:57Z] Merged section: lineups
[2026-08-16T06:07:57Z] English Premier League 2023/2024: Player Stats are unavailable in the source profile.
[2026-08-16T06:07:57Z] Marked all Player Stats categories as not_available; collection continues.
[2026-08-16T06:07:57Z] Opening commentary...
[2026-08-16T06:07:57Z] Navigate: https://www.flashscore.com/match/football/bournemouth-OtpNdwrc/tottenham-UDg08Ohm/summary/live-commentary/?mid=SWPloZKf
[2026-08-16T06:07:59Z] Page loaded. Waiting for statistics DOM...
[2026-08-16T06:08:01Z] Script [readiness] result prefix: {"body_text_length":18342,"ready":true,"row_count":312,"section":"commentary","title":"BOU 0-2 TOT | Bournemouth v Tottenham Hotspur 26/08/2023 | Football - Flashscore | Match"}
[2026-08-16T06:08:01Z] Reading rendered DOM...
[2026-08-16T06:08:01Z] Executing extraction script for phase 12; length: 11834.
[2026-08-16T06:08:01Z] Script [extract] result prefix: {"schema_version":"1.3","section":"commentary","statistic_period":null,"source_url":"https://www.flashscore.com/match/football/bournemouth-OtpNdwrc/tottenham-UDg08Ohm/summary/live-commentary/all-comments/?mid=SWPloZKf","match_id":"SWPloZKf","collected_at_utc":"2026-08-16T06:08:01.171Z","page_title":"BOU 0-2 TOT | Bournemouth v Tottenham Hotspur 26/08/2023 | Football - Flashscore | Match","competition":"WORLD CUP","status":"FINISHED","date_time":"26.08.2023 15:30","home_team":"Bournemouth","away_
[2026-08-16T06:08:01Z] Merged section: commentary
[2026-08-16T06:08:01Z] Saving complete match JSON...
[2026-08-16T06:08:01Z] Player Stats category unavailable; status=not_available: top_stats
[2026-08-16T06:08:01Z] Player Stats category unavailable; status=not_available: shots
[2026-08-16T06:08:01Z] Player Stats category unavailable; status=not_available: attack
[2026-08-16T06:08:01Z] Player Stats category unavailable; status=not_available: passes
[2026-08-16T06:08:01Z] Player Stats category unavailable; status=not_available: defense
[2026-08-16T06:08:01Z] Player Stats category unavailable; status=not_available: goalkeeping
[2026-08-16T06:08:01Z] Player Stats category unavailable; status=not_available: general
[2026-08-16T06:08:01Z] Structured goals, cards and VAR events enriched.
[2026-08-16T06:08:01Z] Saved match JSON with 13 statistics: G:\Mirza\VSCode\FlashscoreFootballCollector_\Data\Matches\PremierLeague\2023_2024\2023-08-26_Bournemouth_vs_Tottenham_SWPloZKf.json
[2026-08-16T06:08:01Z] Finished: 2023-08-26_Bournemouth_vs_Tottenham_SWPloZKf.json
[2026-08-16T06:08:01Z] Opening overall statistics...
[2026-08-16T06:08:01Z] Navigate: https://www.flashscore.com/match/football/manchester-united-ppjDR086/nottingham-UsushcZr/summary/stats/overall/?mid=4IjJ0EKs
[2026-08-16T06:08:04Z] Page loaded. Waiting for statistics DOM...
[2026-08-16T06:08:05Z] Script [readiness] result prefix: {"body_text_length":3328,"ready":true,"row_count":19,"section":"statistics_overall","title":"MNU 3-2 NOT | Manchester Utd v Nottingham Forest 26/08/2023, Stats - Flashscore.com | Match"}
[2026-08-16T06:08:05Z] Reading rendered DOM...
[2026-08-16T06:08:05Z] Executing extraction script for phase 0; length: 5174.
[2026-08-16T06:08:05Z] Script [extract] result prefix: {"schema_version":"1.3","section":"statistics_overall","statistic_period":"overall","source_url":"https://www.flashscore.com/match/football/manchester-united-ppjDR086/nottingham-UsushcZr/summary/stats/overall/?mid=4IjJ0EKs","match_id":"4IjJ0EKs","collected_at_utc":"2026-08-16T06:08:05.657Z","page_title":"MNU 3-2 NOT | Manchester Utd v Nottingham Forest 26/08/2023, Stats - Flashscore.com | Match","competition":"WORLD CUP","status":"FINISHED","date_time":"26.08.2023 18:00","home_team":"Manchester 
[2026-08-16T06:08:05Z] Stored overall statistics: 14 rows.
[2026-08-16T06:08:05Z] Merged section: statistics_overall
[2026-08-16T06:08:05Z] Opening 1st half statistics...
[2026-08-16T06:08:05Z] Navigate: https://www.flashscore.com/match/football/manchester-united-ppjDR086/nottingham-UsushcZr/summary/stats/1st-half/?mid=4IjJ0EKs
[2026-08-16T06:08:07Z] Page loaded. Waiting for statistics DOM...
[2026-08-16T06:08:09Z] Script [readiness] result prefix: {"body_text_length":3304,"ready":true,"row_count":18,"section":"statistics_first_half","title":"MNU 3-2 NOT | Manchester Utd v Nottingham Forest 26/08/2023, Stats - Flashscore.com | Match"}
[2026-08-16T06:08:09Z] Reading rendered DOM...
[2026-08-16T06:08:09Z] Executing extraction script for phase 1; length: 5174.
[2026-08-16T06:08:09Z] Script [extract] result prefix: {"schema_version":"1.3","section":"statistics_first_half","statistic_period":"first_half","source_url":"https://www.flashscore.com/match/football/manchester-united-ppjDR086/nottingham-UsushcZr/summary/stats/1st-half/?mid=4IjJ0EKs","match_id":"4IjJ0EKs","collected_at_utc":"2026-08-16T06:08:09.182Z","page_title":"MNU 3-2 NOT | Manchester Utd v Nottingham Forest 26/08/2023, Stats - Flashscore.com | Match","competition":"WORLD CUP","status":"FINISHED","date_time":"26.08.2023 18:00","home_team":"Manc
[2026-08-16T06:08:09Z] Stored first_half statistics: 13 rows.
[2026-08-16T06:08:09Z] Merged section: statistics_first_half
[2026-08-16T06:08:09Z] Opening 2nd half statistics...
[2026-08-16T06:08:09Z] Navigate: https://www.flashscore.com/match/football/manchester-united-ppjDR086/nottingham-UsushcZr/summary/stats/2nd-half/?mid=4IjJ0EKs
[2026-08-16T06:08:10Z] Page loaded. Waiting for statistics DOM...
[2026-08-16T06:08:12Z] Script [readiness] result prefix: {"body_text_length":3319,"ready":true,"row_count":19,"section":"statistics_second_half","title":"MNU 3-2 NOT | Manchester Utd v Nottingham Forest 26/08/2023, Stats - Flashscore.com | Match"}
[2026-08-16T06:08:12Z] Reading rendered DOM...
[2026-08-16T06:08:12Z] Executing extraction script for phase 2; length: 5174.
[2026-08-16T06:08:12Z] Script [extract] result prefix: {"schema_version":"1.3","section":"statistics_second_half","statistic_period":"second_half","source_url":"https://www.flashscore.com/match/football/manchester-united-ppjDR086/nottingham-UsushcZr/summary/stats/2nd-half/?mid=4IjJ0EKs","match_id":"4IjJ0EKs","collected_at_utc":"2026-08-16T06:08:12.492Z","page_title":"MNU 3-2 NOT | Manchester Utd v Nottingham Forest 26/08/2023, Stats - Flashscore.com | Match","competition":"WORLD CUP","status":"FINISHED","date_time":"26.08.2023 18:00","home_team":"Ma
[2026-08-16T06:08:12Z] Stored second_half statistics: 14 rows.
[2026-08-16T06:08:12Z] Merged section: statistics_second_half
[2026-08-16T06:08:12Z] Opening lineups...
[2026-08-16T06:08:12Z] Navigate: https://www.flashscore.com/match/football/manchester-united-ppjDR086/nottingham-UsushcZr/summary/lineups/?mid=4IjJ0EKs
[2026-08-16T06:08:15Z] Page loaded. Waiting for statistics DOM...
[2026-08-16T06:08:17Z] Script [readiness] result prefix: {"body_text_length":4315,"ready":true,"row_count":111,"section":"lineups","title":"MNU 3-2 NOT | Manchester Utd v Nottingham Forest 26/08/2023, Lineups - Flashscore.com | Match"}
[2026-08-16T06:08:17Z] Reading rendered DOM...
[2026-08-16T06:08:17Z] Executing extraction script for phase 4; length: 20701.
[2026-08-16T06:08:17Z] Script [extract] result prefix: {"schema_version":"1.3","section":"lineups","statistic_period":null,"source_url":"https://www.flashscore.com/match/football/manchester-united-ppjDR086/nottingham-UsushcZr/summary/lineups/?mid=4IjJ0EKs","match_id":"4IjJ0EKs","collected_at_utc":"2026-08-16T06:08:17.320Z","page_title":"MNU 3-2 NOT | Manchester Utd v Nottingham Forest 26/08/2023, Lineups - Flashscore.com | Match","competition":"WORLD CUP","status":"FINISHED","date_time":"26.08.2023 18:00","home_team":"Manchester Utd","away_team":"No
[2026-08-16T06:08:17Z] Merged section: lineups
[2026-08-16T06:08:17Z] English Premier League 2023/2024: Player Stats are unavailable in the source profile.
[2026-08-16T06:08:17Z] Marked all Player Stats categories as not_available; collection continues.
[2026-08-16T06:08:17Z] Opening commentary...
[2026-08-16T06:08:17Z] Navigate: https://www.flashscore.com/match/football/manchester-united-ppjDR086/nottingham-UsushcZr/summary/live-commentary/?mid=4IjJ0EKs
[2026-08-16T06:08:19Z] Page loaded. Waiting for statistics DOM...
[2026-08-16T06:08:21Z] Script [readiness] result prefix: {"body_text_length":12960,"ready":true,"row_count":259,"section":"commentary","title":"MNU 3-2 NOT | Manchester Utd v Nottingham Forest 26/08/2023 | Football - Flashscore | Match"}
[2026-08-16T06:08:21Z] Reading rendered DOM...
[2026-08-16T06:08:21Z] Executing extraction script for phase 12; length: 11834.
[2026-08-16T06:08:21Z] Script [extract] result prefix: {"schema_version":"1.3","section":"commentary","statistic_period":null,"source_url":"https://www.flashscore.com/match/football/manchester-united-ppjDR086/nottingham-UsushcZr/summary/live-commentary/all-comments/?mid=4IjJ0EKs","match_id":"4IjJ0EKs","collected_at_utc":"2026-08-16T06:08:21.412Z","page_title":"MNU 3-2 NOT | Manchester Utd v Nottingham Forest 26/08/2023 | Football - Flashscore | Match","competition":"WORLD CUP","status":"FINISHED","date_time":"26.08.2023 18:00","home_team":"Mancheste
[2026-08-16T06:08:21Z] Merged section: commentary
[2026-08-16T06:08:21Z] Saving complete match JSON...
[2026-08-16T06:08:21Z] Player Stats category unavailable; status=not_available: top_stats
[2026-08-16T06:08:21Z] Player Stats category unavailable; status=not_available: shots
[2026-08-16T06:08:21Z] Player Stats category unavailable; status=not_available: attack
[2026-08-16T06:08:21Z] Player Stats category unavailable; status=not_available: passes
[2026-08-16T06:08:21Z] Player Stats category unavailable; status=not_available: defense
[2026-08-16T06:08:21Z] Player Stats category unavailable; status=not_available: goalkeeping
[2026-08-16T06:08:21Z] Player Stats category unavailable; status=not_available: general
[2026-08-16T06:08:21Z] Structured goals, cards and VAR events enriched.
[2026-08-16T06:08:21Z] Saved match JSON with 14 statistics: G:\Mirza\VSCode\FlashscoreFootballCollector_\Data\Matches\PremierLeague\2023_2024\2023-08-26_Manchester_Utd_vs_Nottingham_4IjJ0EKs.json
[2026-08-16T06:08:21Z] Finished: 2023-08-26_Manchester_Utd_vs_Nottingham_4IjJ0EKs.json
[2026-08-16T06:08:21Z] Opening overall statistics...
[2026-08-16T06:08:21Z] Navigate: https://www.flashscore.com/match/football/everton-KluSTr9s/wolves-j3Azpf5d/summary/stats/overall/?mid=294i5fCQ
[2026-08-16T06:08:24Z] Page loaded. Waiting for statistics DOM...
[2026-08-16T06:08:25Z] Script [readiness] result prefix: {"body_text_length":3231,"ready":true,"row_count":18,"section":"statistics_overall","title":"EVE 0-1 WOL | Everton v Wolves 26/08/2023, Stats - Flashscore.com | Match"}
[2026-08-16T06:08:25Z] Reading rendered DOM...
[2026-08-16T06:08:26Z] Executing extraction script for phase 0; length: 5174.
[2026-08-16T06:08:26Z] Script [extract] result prefix: {"schema_version":"1.3","section":"statistics_overall","statistic_period":"overall","source_url":"https://www.flashscore.com/match/football/everton-KluSTr9s/wolves-j3Azpf5d/summary/stats/overall/?mid=294i5fCQ","match_id":"294i5fCQ","collected_at_utc":"2026-08-16T06:08:26.063Z","page_title":"EVE 0-1 WOL | Everton v Wolves 26/08/2023, Stats - Flashscore.com | Match","competition":"WORLD CUP","status":"FINISHED","date_time":"26.08.2023 18:00","home_team":"Everton","away_team":"Wolves","score":{"hom
[2026-08-16T06:08:26Z] Stored overall statistics: 13 rows.
[2026-08-16T06:08:26Z] Merged section: statistics_overall
[2026-08-16T06:08:26Z] Opening 1st half statistics...
[2026-08-16T06:08:26Z] Navigate: https://www.flashscore.com/match/football/everton-KluSTr9s/wolves-j3Azpf5d/summary/stats/1st-half/?mid=294i5fCQ
[2026-08-16T06:08:28Z] Page loaded. Waiting for statistics DOM...
[2026-08-16T06:08:29Z] Script [readiness] result prefix: {"body_text_length":3222,"ready":true,"row_count":18,"section":"statistics_first_half","title":"EVE 0-1 WOL | Everton v Wolves 26/08/2023, Stats - Flashscore.com | Match"}
[2026-08-16T06:08:29Z] Reading rendered DOM...
[2026-08-16T06:08:29Z] Executing extraction script for phase 1; length: 5174.
[2026-08-16T06:08:29Z] Script [extract] result prefix: {"schema_version":"1.3","section":"statistics_first_half","statistic_period":"first_half","source_url":"https://www.flashscore.com/match/football/everton-KluSTr9s/wolves-j3Azpf5d/summary/stats/1st-half/?mid=294i5fCQ","match_id":"294i5fCQ","collected_at_utc":"2026-08-16T06:08:29.905Z","page_title":"EVE 0-1 WOL | Everton v Wolves 26/08/2023, Stats - Flashscore.com | Match","competition":"WORLD CUP","status":"FINISHED","date_time":"26.08.2023 18:00","home_team":"Everton","away_team":"Wolves","score
[2026-08-16T06:08:29Z] Stored first_half statistics: 13 rows.
[2026-08-16T06:08:29Z] Merged section: statistics_first_half
[2026-08-16T06:08:30Z] Opening 2nd half statistics...
[2026-08-16T06:08:30Z] Navigate: https://www.flashscore.com/match/football/everton-KluSTr9s/wolves-j3Azpf5d/summary/stats/2nd-half/?mid=294i5fCQ
[2026-08-16T06:08:31Z] Page loaded. Waiting for statistics DOM...
[2026-08-16T06:08:33Z] Script [readiness] result prefix: {"body_text_length":3225,"ready":true,"row_count":18,"section":"statistics_second_half","title":"EVE 0-1 WOL | Everton v Wolves 26/08/2023, Stats - Flashscore.com | Match"}
[2026-08-16T06:08:33Z] Reading rendered DOM...
[2026-08-16T06:08:33Z] Executing extraction script for phase 2; length: 5174.
[2026-08-16T06:08:33Z] Script [extract] result prefix: {"schema_version":"1.3","section":"statistics_second_half","statistic_period":"second_half","source_url":"https://www.flashscore.com/match/football/everton-KluSTr9s/wolves-j3Azpf5d/summary/stats/2nd-half/?mid=294i5fCQ","match_id":"294i5fCQ","collected_at_utc":"2026-08-16T06:08:33.435Z","page_title":"EVE 0-1 WOL | Everton v Wolves 26/08/2023, Stats - Flashscore.com | Match","competition":"WORLD CUP","status":"FINISHED","date_time":"26.08.2023 18:00","home_team":"Everton","away_team":"Wolves","sco
[2026-08-16T06:08:33Z] Stored second_half statistics: 13 rows.
[2026-08-16T06:08:33Z] Merged section: statistics_second_half
[2026-08-16T06:08:33Z] Opening lineups...
[2026-08-16T06:08:33Z] Navigate: https://www.flashscore.com/match/football/everton-KluSTr9s/wolves-j3Azpf5d/summary/lineups/?mid=294i5fCQ
[2026-08-16T06:08:35Z] Page loaded. Waiting for statistics DOM...
[2026-08-16T06:08:36Z] Script [readiness] result prefix: {"body_text_length":4111,"ready":true,"row_count":109,"section":"lineups","title":"EVE 0-1 WOL | Everton v Wolves 26/08/2023, Lineups - Flashscore.com | Match"}
[2026-08-16T06:08:36Z] Reading rendered DOM...
[2026-08-16T06:08:36Z] Executing extraction script for phase 4; length: 20701.
[2026-08-16T06:08:36Z] Script [extract] result prefix: {"schema_version":"1.3","section":"lineups","statistic_period":null,"source_url":"https://www.flashscore.com/match/football/everton-KluSTr9s/wolves-j3Azpf5d/summary/lineups/?mid=294i5fCQ","match_id":"294i5fCQ","collected_at_utc":"2026-08-16T06:08:36.791Z","page_title":"EVE 0-1 WOL | Everton v Wolves 26/08/2023, Lineups - Flashscore.com | Match","competition":"WORLD CUP","status":"FINISHED","date_time":"26.08.2023 18:00","home_team":"Everton","away_team":"Wolves","score":{"home":"0","away":"1","d
[2026-08-16T06:08:36Z] Merged section: lineups
[2026-08-16T06:08:36Z] English Premier League 2023/2024: Player Stats are unavailable in the source profile.
[2026-08-16T06:08:36Z] Marked all Player Stats categories as not_available; collection continues.
[2026-08-16T06:08:37Z] Opening commentary...
[2026-08-16T06:08:37Z] Navigate: https://www.flashscore.com/match/football/everton-KluSTr9s/wolves-j3Azpf5d/summary/live-commentary/?mid=294i5fCQ
[2026-08-16T06:08:38Z] Page loaded. Waiting for statistics DOM...
[2026-08-16T06:08:40Z] Script [readiness] result prefix: {"body_text_length":11712,"ready":true,"row_count":207,"section":"commentary","title":"EVE 0-1 WOL | Everton v Wolves 26/08/2023 | Football - Flashscore | Match"}
[2026-08-16T06:08:40Z] Reading rendered DOM...
[2026-08-16T06:08:40Z] Executing extraction script for phase 12; length: 11834.
[2026-08-16T06:08:40Z] Script [extract] result prefix: {"schema_version":"1.3","section":"commentary","statistic_period":null,"source_url":"https://www.flashscore.com/match/football/everton-KluSTr9s/wolves-j3Azpf5d/summary/live-commentary/all-comments/?mid=294i5fCQ","match_id":"294i5fCQ","collected_at_utc":"2026-08-16T06:08:40.586Z","page_title":"EVE 0-1 WOL | Everton v Wolves 26/08/2023 | Football - Flashscore | Match","competition":"WORLD CUP","status":"FINISHED","date_time":"26.08.2023 18:00","home_team":"Everton","away_team":"Wolves","score":{"h
[2026-08-16T06:08:40Z] Merged section: commentary
[2026-08-16T06:08:40Z] Saving complete match JSON...
[2026-08-16T06:08:40Z] Player Stats category unavailable; status=not_available: top_stats
[2026-08-16T06:08:40Z] Player Stats category unavailable; status=not_available: shots
[2026-08-16T06:08:40Z] Player Stats category unavailable; status=not_available: attack
[2026-08-16T06:08:40Z] Player Stats category unavailable; status=not_available: passes
[2026-08-16T06:08:40Z] Player Stats category unavailable; status=not_available: defense
[2026-08-16T06:08:40Z] Player Stats category unavailable; status=not_available: goalkeeping
[2026-08-16T06:08:41Z] Player Stats category unavailable; status=not_available: general
[2026-08-16T06:08:41Z] Structured goals, cards and VAR events enriched.
[2026-08-16T06:08:41Z] Saved match JSON with 13 statistics: G:\Mirza\VSCode\FlashscoreFootballCollector_\Data\Matches\PremierLeague\2023_2024\2023-08-26_Everton_vs_Wolves_294i5fCQ.json
[2026-08-16T06:08:41Z] Finished: 2023-08-26_Everton_vs_Wolves_294i5fCQ.json
[2026-08-16T06:08:41Z] Opening overall statistics...
[2026-08-16T06:08:41Z] Navigate: https://www.flashscore.com/match/football/brentford-xYe7DwID/crystal-palace-AovF1Mia/summary/stats/overall/?mid=EmOdqDk7
[2026-08-16T06:08:44Z] Page loaded. Waiting for statistics DOM...
[2026-08-16T06:08:45Z] Script [readiness] result prefix: {"body_text_length":3265,"ready":true,"row_count":17,"section":"statistics_overall","title":"BRE 1-1 CRY | Brentford v Crystal Palace 26/08/2023, Stats - Flashscore.com | Match"}
[2026-08-16T06:08:45Z] Reading rendered DOM...
[2026-08-16T06:08:45Z] Executing extraction script for phase 0; length: 5174.
[2026-08-16T06:08:45Z] Script [extract] result prefix: {"schema_version":"1.3","section":"statistics_overall","statistic_period":"overall","source_url":"https://www.flashscore.com/match/football/brentford-xYe7DwID/crystal-palace-AovF1Mia/summary/stats/overall/?mid=EmOdqDk7","match_id":"EmOdqDk7","collected_at_utc":"2026-08-16T06:08:45.668Z","page_title":"BRE 1-1 CRY | Brentford v Crystal Palace 26/08/2023, Stats - Flashscore.com | Match","competition":"WORLD CUP","status":"FINISHED","date_time":"26.08.2023 18:00","home_team":"Brentford","away_team":
[2026-08-16T06:08:45Z] Stored overall statistics: 12 rows.
[2026-08-16T06:08:45Z] Merged section: statistics_overall
[2026-08-16T06:08:45Z] Opening 1st half statistics...
[2026-08-16T06:08:45Z] Navigate: https://www.flashscore.com/match/football/brentford-xYe7DwID/crystal-palace-AovF1Mia/summary/stats/1st-half/?mid=EmOdqDk7
[2026-08-16T06:08:47Z] Page loaded. Waiting for statistics DOM...
[2026-08-16T06:08:49Z] Script [readiness] result prefix: {"body_text_length":3254,"ready":true,"row_count":17,"section":"statistics_first_half","title":"BRE 1-1 CRY | Brentford v Crystal Palace 26/08/2023, Stats - Flashscore.com | Match"}
[2026-08-16T06:08:49Z] Reading rendered DOM...
[2026-08-16T06:08:49Z] Executing extraction script for phase 1; length: 5174.
[2026-08-16T06:08:49Z] Script [extract] result prefix: {"schema_version":"1.3","section":"statistics_first_half","statistic_period":"first_half","source_url":"https://www.flashscore.com/match/football/brentford-xYe7DwID/crystal-palace-AovF1Mia/summary/stats/1st-half/?mid=EmOdqDk7","match_id":"EmOdqDk7","collected_at_utc":"2026-08-16T06:08:49.227Z","page_title":"BRE 1-1 CRY | Brentford v Crystal Palace 26/08/2023, Stats - Flashscore.com | Match","competition":"WORLD CUP","status":"FINISHED","date_time":"26.08.2023 18:00","home_team":"Brentford","away
[2026-08-16T06:08:49Z] Stored first_half statistics: 12 rows.
[2026-08-16T06:08:49Z] Merged section: statistics_first_half
[2026-08-16T06:08:49Z] Opening 2nd half statistics...
[2026-08-16T06:08:49Z] Navigate: https://www.flashscore.com/match/football/brentford-xYe7DwID/crystal-palace-AovF1Mia/summary/stats/2nd-half/?mid=EmOdqDk7
[2026-08-16T06:08:50Z] Page loaded. Waiting for statistics DOM...
[2026-08-16T06:08:52Z] Script [readiness] result prefix: {"body_text_length":3259,"ready":true,"row_count":17,"section":"statistics_second_half","title":"BRE 1-1 CRY | Brentford v Crystal Palace 26/08/2023, Stats - Flashscore.com | Match"}
[2026-08-16T06:08:52Z] Reading rendered DOM...
[2026-08-16T06:08:52Z] Executing extraction script for phase 2; length: 5174.
[2026-08-16T06:08:52Z] Script [extract] result prefix: {"schema_version":"1.3","section":"statistics_second_half","statistic_period":"second_half","source_url":"https://www.flashscore.com/match/football/brentford-xYe7DwID/crystal-palace-AovF1Mia/summary/stats/2nd-half/?mid=EmOdqDk7","match_id":"EmOdqDk7","collected_at_utc":"2026-08-16T06:08:52.518Z","page_title":"BRE 1-1 CRY | Brentford v Crystal Palace 26/08/2023, Stats - Flashscore.com | Match","competition":"WORLD CUP","status":"FINISHED","date_time":"26.08.2023 18:00","home_team":"Brentford","aw
[2026-08-16T06:08:52Z] Stored second_half statistics: 12 rows.
[2026-08-16T06:08:52Z] Merged section: statistics_second_half
[2026-08-16T06:08:52Z] Opening lineups...
[2026-08-16T06:08:52Z] Navigate: https://www.flashscore.com/match/football/brentford-xYe7DwID/crystal-palace-AovF1Mia/summary/lineups/?mid=EmOdqDk7
[2026-08-16T06:08:55Z] Page loaded. Waiting for statistics DOM...
[2026-08-16T06:08:57Z] Script [readiness] result prefix: {"body_text_length":4107,"ready":true,"row_count":103,"section":"lineups","title":"BRE 1-1 CRY | Brentford v Crystal Palace 26/08/2023, Lineups - Flashscore.com | Match"}
[2026-08-16T06:08:57Z] Reading rendered DOM...
[2026-08-16T06:08:57Z] Executing extraction script for phase 4; length: 20701.
[2026-08-16T06:08:57Z] Script [extract] result prefix: {"schema_version":"1.3","section":"lineups","statistic_period":null,"source_url":"https://www.flashscore.com/match/football/brentford-xYe7DwID/crystal-palace-AovF1Mia/summary/lineups/?mid=EmOdqDk7","match_id":"EmOdqDk7","collected_at_utc":"2026-08-16T06:08:57.579Z","page_title":"BRE 1-1 CRY | Brentford v Crystal Palace 26/08/2023, Lineups - Flashscore.com | Match","competition":"WORLD CUP","status":"FINISHED","date_time":"26.08.2023 18:00","home_team":"Brentford","away_team":"Crystal Palace","sc
[2026-08-16T06:08:57Z] Merged section: lineups
[2026-08-16T06:08:57Z] English Premier League 2023/2024: Player Stats are unavailable in the source profile.
[2026-08-16T06:08:57Z] Marked all Player Stats categories as not_available; collection continues.
[2026-08-16T06:08:57Z] Opening commentary...
[2026-08-16T06:08:57Z] Navigate: https://www.flashscore.com/match/football/brentford-xYe7DwID/crystal-palace-AovF1Mia/summary/live-commentary/?mid=EmOdqDk7
[2026-08-16T06:08:59Z] Page loaded. Waiting for statistics DOM...
[2026-08-16T06:09:01Z] Script [readiness] result prefix: {"body_text_length":9435,"ready":true,"row_count":173,"section":"commentary","title":"BRE 1-1 CRY | Brentford v Crystal Palace 26/08/2023 | Football - Flashscore | Match"}
[2026-08-16T06:09:01Z] Reading rendered DOM...
[2026-08-16T06:09:01Z] Executing extraction script for phase 12; length: 11834.
[2026-08-16T06:09:01Z] Script [extract] result prefix: {"schema_version":"1.3","section":"commentary","statistic_period":null,"source_url":"https://www.flashscore.com/match/football/brentford-xYe7DwID/crystal-palace-AovF1Mia/summary/live-commentary/all-comments/?mid=EmOdqDk7","match_id":"EmOdqDk7","collected_at_utc":"2026-08-16T06:09:01.485Z","page_title":"BRE 1-1 CRY | Brentford v Crystal Palace 26/08/2023 | Football - Flashscore | Match","competition":"WORLD CUP","status":"FINISHED","date_time":"26.08.2023 18:00","home_team":"Brentford","away_team
[2026-08-16T06:09:01Z] Merged section: commentary
[2026-08-16T06:09:01Z] Saving complete match JSON...
[2026-08-16T06:09:01Z] Player Stats category unavailable; status=not_available: top_stats
[2026-08-16T06:09:01Z] Player Stats category unavailable; status=not_available: shots
[2026-08-16T06:09:01Z] Player Stats category unavailable; status=not_available: attack
[2026-08-16T06:09:01Z] Player Stats category unavailable; status=not_available: passes
[2026-08-16T06:09:01Z] Player Stats category unavailable; status=not_available: defense
[2026-08-16T06:09:01Z] Player Stats category unavailable; status=not_available: goalkeeping
[2026-08-16T06:09:01Z] Player Stats category unavailable; status=not_available: general
[2026-08-16T06:09:01Z] Structured goals, cards and VAR events enriched.
[2026-08-16T06:09:01Z] Saved match JSON with 12 statistics: G:\Mirza\VSCode\FlashscoreFootballCollector_\Data\Matches\PremierLeague\2023_2024\2023-08-26_Brentford_vs_Crystal_Palace_EmOdqDk7.json
[2026-08-16T06:09:01Z] Finished: 2023-08-26_Brentford_vs_Crystal_Palace_EmOdqDk7.json
[2026-08-16T06:09:01Z] Opening overall statistics...
[2026-08-16T06:09:01Z] Navigate: https://www.flashscore.com/match/football/arsenal-hA1Zm19f/fulham-69ZiU2Om/summary/stats/overall/?mid=6NOhpgz1
[2026-08-16T06:09:04Z] Page loaded. Waiting for statistics DOM...
[2026-08-16T06:09:05Z] Script [readiness] result prefix: {"body_text_length":3242,"ready":true,"row_count":19,"section":"statistics_overall","title":"ARS 2-2 FUL | Arsenal v Fulham 26/08/2023, Stats - Flashscore.com | Match"}
[2026-08-16T06:09:05Z] Reading rendered DOM...
[2026-08-16T06:09:05Z] Executing extraction script for phase 0; length: 5174.
[2026-08-16T06:09:05Z] Script [extract] result prefix: {"schema_version":"1.3","section":"statistics_overall","statistic_period":"overall","source_url":"https://www.flashscore.com/match/football/arsenal-hA1Zm19f/fulham-69ZiU2Om/summary/stats/overall/?mid=6NOhpgz1","match_id":"6NOhpgz1","collected_at_utc":"2026-08-16T06:09:05.739Z","page_title":"ARS 2-2 FUL | Arsenal v Fulham 26/08/2023, Stats - Flashscore.com | Match","competition":"WORLD CUP","status":"FINISHED","date_time":"26.08.2023 18:00","home_team":"Arsenal","away_team":"Fulham","score":{"hom
[2026-08-16T06:09:05Z] Stored overall statistics: 14 rows.
[2026-08-16T06:09:05Z] Merged section: statistics_overall
[2026-08-16T06:09:05Z] Opening 1st half statistics...
[2026-08-16T06:09:05Z] Navigate: https://www.flashscore.com/match/football/arsenal-hA1Zm19f/fulham-69ZiU2Om/summary/stats/1st-half/?mid=6NOhpgz1
[2026-08-16T06:09:07Z] Page loaded. Waiting for statistics DOM...
[2026-08-16T06:09:09Z] Script [readiness] result prefix: {"body_text_length":3222,"ready":true,"row_count":18,"section":"statistics_first_half","title":"ARS 2-2 FUL | Arsenal v Fulham 26/08/2023, Stats - Flashscore.com | Match"}
[2026-08-16T06:09:09Z] Reading rendered DOM...
[2026-08-16T06:09:09Z] Executing extraction script for phase 1; length: 5174.
[2026-08-16T06:09:09Z] Script [extract] result prefix: {"schema_version":"1.3","section":"statistics_first_half","statistic_period":"first_half","source_url":"https://www.flashscore.com/match/football/arsenal-hA1Zm19f/fulham-69ZiU2Om/summary/stats/1st-half/?mid=6NOhpgz1","match_id":"6NOhpgz1","collected_at_utc":"2026-08-16T06:09:09.098Z","page_title":"ARS 2-2 FUL | Arsenal v Fulham 26/08/2023, Stats - Flashscore.com | Match","competition":"WORLD CUP","status":"FINISHED","date_time":"26.08.2023 18:00","home_team":"Arsenal","away_team":"Fulham","score
[2026-08-16T06:09:09Z] Stored first_half statistics: 13 rows.
[2026-08-16T06:09:09Z] Merged section: statistics_first_half
[2026-08-16T06:09:09Z] Opening 2nd half statistics...
[2026-08-16T06:09:09Z] Navigate: https://www.flashscore.com/match/football/arsenal-hA1Zm19f/fulham-69ZiU2Om/summary/stats/2nd-half/?mid=6NOhpgz1
[2026-08-16T06:09:10Z] Page loaded. Waiting for statistics DOM...
[2026-08-16T06:09:12Z] Script [readiness] result prefix: {"body_text_length":3238,"ready":true,"row_count":19,"section":"statistics_second_half","title":"ARS 2-2 FUL | Arsenal v Fulham 26/08/2023, Stats - Flashscore.com | Match"}
[2026-08-16T06:09:12Z] Reading rendered DOM...
[2026-08-16T06:09:12Z] Executing extraction script for phase 2; length: 5174.
[2026-08-16T06:09:12Z] Script [extract] result prefix: {"schema_version":"1.3","section":"statistics_second_half","statistic_period":"second_half","source_url":"https://www.flashscore.com/match/football/arsenal-hA1Zm19f/fulham-69ZiU2Om/summary/stats/2nd-half/?mid=6NOhpgz1","match_id":"6NOhpgz1","collected_at_utc":"2026-08-16T06:09:12.532Z","page_title":"ARS 2-2 FUL | Arsenal v Fulham 26/08/2023, Stats - Flashscore.com | Match","competition":"WORLD CUP","status":"FINISHED","date_time":"26.08.2023 18:00","home_team":"Arsenal","away_team":"Fulham","sco
[2026-08-16T06:09:12Z] Stored second_half statistics: 14 rows.
[2026-08-16T06:09:12Z] Merged section: statistics_second_half
[2026-08-16T06:09:12Z] Opening lineups...
[2026-08-16T06:09:13Z] Navigate: https://www.flashscore.com/match/football/arsenal-hA1Zm19f/fulham-69ZiU2Om/summary/lineups/?mid=6NOhpgz1
[2026-08-16T06:09:15Z] Page loaded. Waiting for statistics DOM...
[2026-08-16T06:09:17Z] Script [readiness] result prefix: {"body_text_length":4137,"ready":true,"row_count":110,"section":"lineups","title":"ARS 2-2 FUL | Arsenal v Fulham 26/08/2023, Lineups - Flashscore.com | Match"}
[2026-08-16T06:09:17Z] Reading rendered DOM...
[2026-08-16T06:09:17Z] Executing extraction script for phase 4; length: 20701.
[2026-08-16T06:09:17Z] Script [extract] result prefix: {"schema_version":"1.3","section":"lineups","statistic_period":null,"source_url":"https://www.flashscore.com/match/football/arsenal-hA1Zm19f/fulham-69ZiU2Om/summary/lineups/?mid=6NOhpgz1","match_id":"6NOhpgz1","collected_at_utc":"2026-08-16T06:09:17.485Z","page_title":"ARS 2-2 FUL | Arsenal v Fulham 26/08/2023, Lineups - Flashscore.com | Match","competition":"WORLD CUP","status":"FINISHED","date_time":"26.08.2023 18:00","home_team":"Arsenal","away_team":"Fulham","score":{"home":"2","away":"2","d
[2026-08-16T06:09:17Z] Merged section: lineups
[2026-08-16T06:09:17Z] English Premier League 2023/2024: Player Stats are unavailable in the source profile.
[2026-08-16T06:09:17Z] Marked all Player Stats categories as not_available; collection continues.
[2026-08-16T06:09:17Z] Opening commentary...
[2026-08-16T06:09:17Z] Navigate: https://www.flashscore.com/match/football/arsenal-hA1Zm19f/fulham-69ZiU2Om/summary/live-commentary/?mid=6NOhpgz1
[2026-08-16T06:09:19Z] Page loaded. Waiting for statistics DOM...
[2026-08-16T06:09:20Z] Script [readiness] result prefix: {"body_text_length":16455,"ready":true,"row_count":330,"section":"commentary","title":"ARS 2-2 FUL | Arsenal v Fulham 26/08/2023 | Football - Flashscore | Match"}
[2026-08-16T06:09:20Z] Reading rendered DOM...
[2026-08-16T06:09:20Z] Executing extraction script for phase 12; length: 11834.
[2026-08-16T06:09:20Z] Script [extract] result prefix: {"schema_version":"1.3","section":"commentary","statistic_period":null,"source_url":"https://www.flashscore.com/match/football/arsenal-hA1Zm19f/fulham-69ZiU2Om/summary/live-commentary/all-comments/?mid=6NOhpgz1","match_id":"6NOhpgz1","collected_at_utc":"2026-08-16T06:09:20.895Z","page_title":"ARS 2-2 FUL | Arsenal v Fulham 26/08/2023 | Football - Flashscore | Match","competition":"WORLD CUP","status":"FINISHED","date_time":"26.08.2023 18:00","home_team":"Arsenal","away_team":"Fulham","score":{"h
[2026-08-16T06:09:20Z] Merged section: commentary
[2026-08-16T06:09:20Z] Saving complete match JSON...
[2026-08-16T06:09:20Z] Player Stats category unavailable; status=not_available: top_stats
[2026-08-16T06:09:20Z] Player Stats category unavailable; status=not_available: shots
[2026-08-16T06:09:21Z] Player Stats category unavailable; status=not_available: attack
[2026-08-16T06:09:21Z] Player Stats category unavailable; status=not_available: passes
[2026-08-16T06:09:21Z] Player Stats category unavailable; status=not_available: defense
[2026-08-16T06:09:21Z] Player Stats category unavailable; status=not_available: goalkeeping
[2026-08-16T06:09:21Z] Player Stats category unavailable; status=not_available: general
[2026-08-16T06:09:21Z] Structured goals, cards and VAR events enriched.
[2026-08-16T06:09:21Z] Saved match JSON with 14 statistics: G:\Mirza\VSCode\FlashscoreFootballCollector_\Data\Matches\PremierLeague\2023_2024\2023-08-26_Arsenal_vs_Fulham_6NOhpgz1.json
[2026-08-16T06:09:21Z] Finished: 2023-08-26_Arsenal_vs_Fulham_6NOhpgz1.json
[2026-08-16T06:09:21Z] Opening overall statistics...
[2026-08-16T06:09:21Z] Navigate: https://www.flashscore.com/match/football/brighton-2XrRecc3/west-ham-Cxq57r8g/summary/stats/overall/?mid=hvN0rX4D
[2026-08-16T06:09:23Z] Page loaded. Waiting for statistics DOM...
[2026-08-16T06:09:25Z] Script [readiness] result prefix: {"body_text_length":3250,"ready":true,"row_count":18,"section":"statistics_overall","title":"BHA 1-3 WHU | Brighton v West Ham 26/08/2023, Stats - Flashscore.com | Match"}
[2026-08-16T06:09:25Z] Reading rendered DOM...
[2026-08-16T06:09:25Z] Executing extraction script for phase 0; length: 5174.
[2026-08-16T06:09:25Z] Script [extract] result prefix: {"schema_version":"1.3","section":"statistics_overall","statistic_period":"overall","source_url":"https://www.flashscore.com/match/football/brighton-2XrRecc3/west-ham-Cxq57r8g/summary/stats/overall/?mid=hvN0rX4D","match_id":"hvN0rX4D","collected_at_utc":"2026-08-16T06:09:25.302Z","page_title":"BHA 1-3 WHU | Brighton v West Ham 26/08/2023, Stats - Flashscore.com | Match","competition":"WORLD CUP","status":"FINISHED","date_time":"26.08.2023 20:30","home_team":"Brighton","away_team":"West Ham","sco
[2026-08-16T06:09:25Z] Stored overall statistics: 13 rows.
[2026-08-16T06:09:25Z] Merged section: statistics_overall
[2026-08-16T06:09:25Z] Opening 1st half statistics...
[2026-08-16T06:09:25Z] Navigate: https://www.flashscore.com/match/football/brighton-2XrRecc3/west-ham-Cxq57r8g/summary/stats/1st-half/?mid=hvN0rX4D
[2026-08-16T06:09:28Z] Page loaded. Waiting for statistics DOM...
[2026-08-16T06:09:29Z] Script [readiness] result prefix: {"body_text_length":3234,"ready":true,"row_count":18,"section":"statistics_first_half","title":"BHA 1-3 WHU | Brighton v West Ham 26/08/2023, Stats - Flashscore.com | Match"}
[2026-08-16T06:09:29Z] Reading rendered DOM...
[2026-08-16T06:09:29Z] Executing extraction script for phase 1; length: 5174.
[2026-08-16T06:09:29Z] Script [extract] result prefix: {"schema_version":"1.3","section":"statistics_first_half","statistic_period":"first_half","source_url":"https://www.flashscore.com/match/football/brighton-2XrRecc3/west-ham-Cxq57r8g/summary/stats/1st-half/?mid=hvN0rX4D","match_id":"hvN0rX4D","collected_at_utc":"2026-08-16T06:09:29.749Z","page_title":"BHA 1-3 WHU | Brighton v West Ham 26/08/2023, Stats - Flashscore.com | Match","competition":"WORLD CUP","status":"FINISHED","date_time":"26.08.2023 20:30","home_team":"Brighton","away_team":"West Ha
[2026-08-16T06:09:29Z] Stored first_half statistics: 13 rows.
[2026-08-16T06:09:29Z] Merged section: statistics_first_half
[2026-08-16T06:09:29Z] Opening 2nd half statistics...
[2026-08-16T06:09:29Z] Navigate: https://www.flashscore.com/match/football/brighton-2XrRecc3/west-ham-Cxq57r8g/summary/stats/2nd-half/?mid=hvN0rX4D
[2026-08-16T06:09:31Z] Page loaded. Waiting for statistics DOM...
[2026-08-16T06:09:33Z] Script [readiness] result prefix: {"body_text_length":3240,"ready":true,"row_count":18,"section":"statistics_second_half","title":"BHA 1-3 WHU | Brighton v West Ham 26/08/2023, Stats - Flashscore.com | Match"}
[2026-08-16T06:09:33Z] Reading rendered DOM...
[2026-08-16T06:09:33Z] Executing extraction script for phase 2; length: 5174.
[2026-08-16T06:09:33Z] Script [extract] result prefix: {"schema_version":"1.3","section":"statistics_second_half","statistic_period":"second_half","source_url":"https://www.flashscore.com/match/football/brighton-2XrRecc3/west-ham-Cxq57r8g/summary/stats/2nd-half/?mid=hvN0rX4D","match_id":"hvN0rX4D","collected_at_utc":"2026-08-16T06:09:33.446Z","page_title":"BHA 1-3 WHU | Brighton v West Ham 26/08/2023, Stats - Flashscore.com | Match","competition":"WORLD CUP","status":"FINISHED","date_time":"26.08.2023 20:30","home_team":"Brighton","away_team":"West 
[2026-08-16T06:09:33Z] Stored second_half statistics: 13 rows.
[2026-08-16T06:09:33Z] Merged section: statistics_second_half
[2026-08-16T06:09:33Z] Opening lineups...
[2026-08-16T06:09:33Z] Navigate: https://www.flashscore.com/match/football/brighton-2XrRecc3/west-ham-Cxq57r8g/summary/lineups/?mid=hvN0rX4D
[2026-08-16T06:09:35Z] Page loaded. Waiting for statistics DOM...
[2026-08-16T06:09:37Z] Script [readiness] result prefix: {"body_text_length":4076,"ready":true,"row_count":106,"section":"lineups","title":"BHA 1-3 WHU | Brighton v West Ham 26/08/2023, Lineups - Flashscore.com | Match"}
[2026-08-16T06:09:37Z] Reading rendered DOM...
[2026-08-16T06:09:37Z] Executing extraction script for phase 4; length: 20701.
[2026-08-16T06:09:37Z] Script [extract] result prefix: {"schema_version":"1.3","section":"lineups","statistic_period":null,"source_url":"https://www.flashscore.com/match/football/brighton-2XrRecc3/west-ham-Cxq57r8g/summary/lineups/?mid=hvN0rX4D","match_id":"hvN0rX4D","collected_at_utc":"2026-08-16T06:09:37.271Z","page_title":"BHA 1-3 WHU | Brighton v West Ham 26/08/2023, Lineups - Flashscore.com | Match","competition":"WORLD CUP","status":"FINISHED","date_time":"26.08.2023 20:30","home_team":"Brighton","away_team":"West Ham","score":{"home":"1","awa
[2026-08-16T06:09:37Z] Merged section: lineups
[2026-08-16T06:09:37Z] English Premier League 2023/2024: Player Stats are unavailable in the source profile.
[2026-08-16T06:09:37Z] Marked all Player Stats categories as not_available; collection continues.
[2026-08-16T06:09:37Z] Opening commentary...
[2026-08-16T06:09:37Z] Navigate: https://www.flashscore.com/match/football/brighton-2XrRecc3/west-ham-Cxq57r8g/summary/live-commentary/?mid=hvN0rX4D
[2026-08-16T06:09:39Z] Page loaded. Waiting for statistics DOM...
[2026-08-16T06:09:41Z] Script [readiness] result prefix: {"body_text_length":12028,"ready":true,"row_count":261,"section":"commentary","title":"BHA 1-3 WHU | Brighton v West Ham 26/08/2023 | Football - Flashscore | Match"}
[2026-08-16T06:09:41Z] Reading rendered DOM...
[2026-08-16T06:09:41Z] Executing extraction script for phase 12; length: 11834.
[2026-08-16T06:09:41Z] Script [extract] result prefix: {"schema_version":"1.3","section":"commentary","statistic_period":null,"source_url":"https://www.flashscore.com/match/football/brighton-2XrRecc3/west-ham-Cxq57r8g/summary/live-commentary/all-comments/?mid=hvN0rX4D","match_id":"hvN0rX4D","collected_at_utc":"2026-08-16T06:09:41.223Z","page_title":"BHA 1-3 WHU | Brighton v West Ham 26/08/2023 | Football - Flashscore | Match","competition":"WORLD CUP","status":"FINISHED","date_time":"26.08.2023 20:30","home_team":"Brighton","away_team":"West Ham","s
[2026-08-16T06:09:41Z] Merged section: commentary
[2026-08-16T06:09:41Z] Saving complete match JSON...
[2026-08-16T06:09:41Z] Player Stats category unavailable; status=not_available: top_stats
[2026-08-16T06:09:41Z] Player Stats category unavailable; status=not_available: shots
[2026-08-16T06:09:41Z] Player Stats category unavailable; status=not_available: attack
[2026-08-16T06:09:41Z] Player Stats category unavailable; status=not_available: passes
[2026-08-16T06:09:41Z] Player Stats category unavailable; status=not_available: defense
[2026-08-16T06:09:41Z] Player Stats category unavailable; status=not_available: goalkeeping
[2026-08-16T06:09:41Z] Player Stats category unavailable; status=not_available: general
[2026-08-16T06:09:41Z] Structured goals, cards and VAR events enriched.
[2026-08-16T06:09:41Z] Saved match JSON with 13 statistics: G:\Mirza\VSCode\FlashscoreFootballCollector_\Data\Matches\PremierLeague\2023_2024\2023-08-26_Brighton_vs_West_Ham_hvN0rX4D.json
[2026-08-16T06:09:41Z] Finished: 2023-08-26_Brighton_vs_West_Ham_hvN0rX4D.json
[2026-08-16T06:09:41Z] Opening overall statistics...
[2026-08-16T06:09:41Z] Navigate: https://www.flashscore.com/match/football/manchester-city-Wtn9Stg0/sheffield-utd-MeKPSerA/summary/stats/overall/?mid=0ppSbhkf
[2026-08-16T06:09:43Z] Page loaded. Waiting for statistics DOM...
[2026-08-16T06:09:45Z] Script [readiness] result prefix: {"body_text_length":3303,"ready":true,"row_count":18,"section":"statistics_overall","title":"SHU 1-2 MCI | Sheffield Utd v Manchester City 27/08/2023, Stats - Flashscore.com | Match"}
[2026-08-16T06:09:45Z] Reading rendered DOM...
[2026-08-16T06:09:45Z] Executing extraction script for phase 0; length: 5174.
[2026-08-16T06:09:45Z] Script [extract] result prefix: {"schema_version":"1.3","section":"statistics_overall","statistic_period":"overall","source_url":"https://www.flashscore.com/match/football/manchester-city-Wtn9Stg0/sheffield-utd-MeKPSerA/summary/stats/overall/?mid=0ppSbhkf","match_id":"0ppSbhkf","collected_at_utc":"2026-08-16T06:09:45.428Z","page_title":"SHU 1-2 MCI | Sheffield Utd v Manchester City 27/08/2023, Stats - Flashscore.com | Match","competition":"WORLD CUP","status":"FINISHED","date_time":"27.08.2023 17:00","home_team":"Sheffield Utd
[2026-08-16T06:09:45Z] Stored overall statistics: 13 rows.
[2026-08-16T06:09:45Z] Merged section: statistics_overall
[2026-08-16T06:09:45Z] Opening 1st half statistics...
[2026-08-16T06:09:45Z] Navigate: https://www.flashscore.com/match/football/manchester-city-Wtn9Stg0/sheffield-utd-MeKPSerA/summary/stats/1st-half/?mid=0ppSbhkf
[2026-08-16T06:09:47Z] Page loaded. Waiting for statistics DOM...
[2026-08-16T06:09:49Z] Script [readiness] result prefix: {"body_text_length":3297,"ready":true,"row_count":18,"section":"statistics_first_half","title":"SHU 1-2 MCI | Sheffield Utd v Manchester City 27/08/2023, Stats - Flashscore.com | Match"}
[2026-08-16T06:09:49Z] Reading rendered DOM...
[2026-08-16T06:09:49Z] Executing extraction script for phase 1; length: 5174.
[2026-08-16T06:09:49Z] Script [extract] result prefix: {"schema_version":"1.3","section":"statistics_first_half","statistic_period":"first_half","source_url":"https://www.flashscore.com/match/football/manchester-city-Wtn9Stg0/sheffield-utd-MeKPSerA/summary/stats/1st-half/?mid=0ppSbhkf","match_id":"0ppSbhkf","collected_at_utc":"2026-08-16T06:09:49.408Z","page_title":"SHU 1-2 MCI | Sheffield Utd v Manchester City 27/08/2023, Stats - Flashscore.com | Match","competition":"WORLD CUP","status":"FINISHED","date_time":"27.08.2023 17:00","home_team":"Sheffi
[2026-08-16T06:09:49Z] Stored first_half statistics: 13 rows.
[2026-08-16T06:09:49Z] Merged section: statistics_first_half
[2026-08-16T06:09:49Z] Opening 2nd half statistics...
[2026-08-16T06:09:49Z] Navigate: https://www.flashscore.com/match/football/manchester-city-Wtn9Stg0/sheffield-utd-MeKPSerA/summary/stats/2nd-half/?mid=0ppSbhkf
[2026-08-16T06:09:51Z] Page loaded. Waiting for statistics DOM...
[2026-08-16T06:09:52Z] Script [readiness] result prefix: {"body_text_length":3300,"ready":true,"row_count":18,"section":"statistics_second_half","title":"SHU 1-2 MCI | Sheffield Utd v Manchester City 27/08/2023, Stats - Flashscore.com | Match"}
[2026-08-16T06:09:52Z] Reading rendered DOM...
[2026-08-16T06:09:52Z] Executing extraction script for phase 2; length: 5174.
[2026-08-16T06:09:52Z] Script [extract] result prefix: {"schema_version":"1.3","section":"statistics_second_half","statistic_period":"second_half","source_url":"https://www.flashscore.com/match/football/manchester-city-Wtn9Stg0/sheffield-utd-MeKPSerA/summary/stats/2nd-half/?mid=0ppSbhkf","match_id":"0ppSbhkf","collected_at_utc":"2026-08-16T06:09:52.752Z","page_title":"SHU 1-2 MCI | Sheffield Utd v Manchester City 27/08/2023, Stats - Flashscore.com | Match","competition":"WORLD CUP","status":"FINISHED","date_time":"27.08.2023 17:00","home_team":"Shef
[2026-08-16T06:09:52Z] Stored second_half statistics: 13 rows.
[2026-08-16T06:09:53Z] Merged section: statistics_second_half
[2026-08-16T06:09:53Z] Opening lineups...
[2026-08-16T06:09:53Z] Navigate: https://www.flashscore.com/match/football/manchester-city-Wtn9Stg0/sheffield-utd-MeKPSerA/summary/lineups/?mid=0ppSbhkf
[2026-08-16T06:09:55Z] Page loaded. Waiting for statistics DOM...
[2026-08-16T06:09:57Z] Script [readiness] result prefix: {"body_text_length":4200,"ready":true,"row_count":106,"section":"lineups","title":"SHU 1-2 MCI | Sheffield Utd v Manchester City 27/08/2023, Lineups - Flashscore.com | Match"}
[2026-08-16T06:09:57Z] Reading rendered DOM...
[2026-08-16T06:09:57Z] Executing extraction script for phase 4; length: 20701.
[2026-08-16T06:09:57Z] Script [extract] result prefix: {"schema_version":"1.3","section":"lineups","statistic_period":null,"source_url":"https://www.flashscore.com/match/football/manchester-city-Wtn9Stg0/sheffield-utd-MeKPSerA/summary/lineups/?mid=0ppSbhkf","match_id":"0ppSbhkf","collected_at_utc":"2026-08-16T06:09:57.320Z","page_title":"SHU 1-2 MCI | Sheffield Utd v Manchester City 27/08/2023, Lineups - Flashscore.com | Match","competition":"WORLD CUP","status":"FINISHED","date_time":"27.08.2023 17:00","home_team":"Sheffield Utd","away_team":"Manch
[2026-08-16T06:09:57Z] Merged section: lineups
[2026-08-16T06:09:57Z] English Premier League 2023/2024: Player Stats are unavailable in the source profile.
[2026-08-16T06:09:57Z] Marked all Player Stats categories as not_available; collection continues.
[2026-08-16T06:09:57Z] Opening commentary...
[2026-08-16T06:09:57Z] Navigate: https://www.flashscore.com/match/football/manchester-city-Wtn9Stg0/sheffield-utd-MeKPSerA/summary/live-commentary/?mid=0ppSbhkf
[2026-08-16T06:10:00Z] Page loaded. Waiting for statistics DOM...
[2026-08-16T06:10:01Z] Script [readiness] result prefix: {"body_text_length":15321,"ready":true,"row_count":257,"section":"commentary","title":"SHU 1-2 MCI | Sheffield Utd v Manchester City 27/08/2023 | Football - Flashscore | Match"}
[2026-08-16T06:10:01Z] Reading rendered DOM...
[2026-08-16T06:10:01Z] Executing extraction script for phase 12; length: 11834.
[2026-08-16T06:10:01Z] Script [extract] result prefix: {"schema_version":"1.3","section":"commentary","statistic_period":null,"source_url":"https://www.flashscore.com/match/football/manchester-city-Wtn9Stg0/sheffield-utd-MeKPSerA/summary/live-commentary/all-comments/?mid=0ppSbhkf","match_id":"0ppSbhkf","collected_at_utc":"2026-08-16T06:10:01.840Z","page_title":"SHU 1-2 MCI | Sheffield Utd v Manchester City 27/08/2023 | Football - Flashscore | Match","competition":"WORLD CUP","status":"FINISHED","date_time":"27.08.2023 17:00","home_team":"Sheffield U
[2026-08-16T06:10:01Z] Merged section: commentary
[2026-08-16T06:10:01Z] Saving complete match JSON...
[2026-08-16T06:10:01Z] Player Stats category unavailable; status=not_available: top_stats
[2026-08-16T06:10:02Z] Player Stats category unavailable; status=not_available: shots
[2026-08-16T06:10:02Z] Player Stats category unavailable; status=not_available: attack
[2026-08-16T06:10:02Z] Player Stats category unavailable; status=not_available: passes
[2026-08-16T06:10:02Z] Player Stats category unavailable; status=not_available: defense
[2026-08-16T06:10:02Z] Player Stats category unavailable; status=not_available: goalkeeping
[2026-08-16T06:10:02Z] Player Stats category unavailable; status=not_available: general
[2026-08-16T06:10:02Z] Structured goals, cards and VAR events enriched.
[2026-08-16T06:10:02Z] Saved match JSON with 13 statistics: G:\Mirza\VSCode\FlashscoreFootballCollector_\Data\Matches\PremierLeague\2023_2024\2023-08-27_Sheffield_Utd_vs_Manchester_City_0ppSbhkf.json
[2026-08-16T06:10:02Z] Finished: 2023-08-27_Sheffield_Utd_vs_Manchester_City_0ppSbhkf.json
[2026-08-16T06:10:02Z] Opening overall statistics...
[2026-08-16T06:10:02Z] Navigate: https://www.flashscore.com/match/football/aston-villa-W00wmLO0/burnley-z3dmTMMO/summary/stats/overall/?mid=fq1q7GsE
[2026-08-16T06:10:04Z] Page loaded. Waiting for statistics DOM...
[2026-08-16T06:10:05Z] Script [readiness] result prefix: {"body_text_length":3255,"ready":true,"row_count":18,"section":"statistics_overall","title":"BUR 1-3 AST | Burnley v Aston Villa 27/08/2023, Stats - Flashscore.com | Match"}
[2026-08-16T06:10:05Z] Reading rendered DOM...
[2026-08-16T06:10:05Z] Executing extraction script for phase 0; length: 5174.
[2026-08-16T06:10:05Z] Script [extract] result prefix: {"schema_version":"1.3","section":"statistics_overall","statistic_period":"overall","source_url":"https://www.flashscore.com/match/football/aston-villa-W00wmLO0/burnley-z3dmTMMO/summary/stats/overall/?mid=fq1q7GsE","match_id":"fq1q7GsE","collected_at_utc":"2026-08-16T06:10:05.812Z","page_title":"BUR 1-3 AST | Burnley v Aston Villa 27/08/2023, Stats - Flashscore.com | Match","competition":"WORLD CUP","status":"FINISHED","date_time":"27.08.2023 17:00","home_team":"Burnley","away_team":"Aston Villa
[2026-08-16T06:10:06Z] Stored overall statistics: 13 rows.
[2026-08-16T06:10:06Z] Merged section: statistics_overall
[2026-08-16T06:10:06Z] Opening 1st half statistics...
[2026-08-16T06:10:06Z] Navigate: https://www.flashscore.com/match/football/aston-villa-W00wmLO0/burnley-z3dmTMMO/summary/stats/1st-half/?mid=fq1q7GsE
[2026-08-16T06:10:08Z] Page loaded. Waiting for statistics DOM...
[2026-08-16T06:10:10Z] Script [readiness] result prefix: {"body_text_length":3246,"ready":true,"row_count":18,"section":"statistics_first_half","title":"BUR 1-3 AST | Burnley v Aston Villa 27/08/2023, Stats - Flashscore.com | Match"}
[2026-08-16T06:10:10Z] Reading rendered DOM...
[2026-08-16T06:10:10Z] Executing extraction script for phase 1; length: 5174.
[2026-08-16T06:10:10Z] Script [extract] result prefix: {"schema_version":"1.3","section":"statistics_first_half","statistic_period":"first_half","source_url":"https://www.flashscore.com/match/football/aston-villa-W00wmLO0/burnley-z3dmTMMO/summary/stats/1st-half/?mid=fq1q7GsE","match_id":"fq1q7GsE","collected_at_utc":"2026-08-16T06:10:10.753Z","page_title":"BUR 1-3 AST | Burnley v Aston Villa 27/08/2023, Stats - Flashscore.com | Match","competition":"WORLD CUP","status":"FINISHED","date_time":"27.08.2023 17:00","home_team":"Burnley","away_team":"Asto
[2026-08-16T06:10:10Z] Stored first_half statistics: 13 rows.
[2026-08-16T06:10:10Z] Merged section: statistics_first_half
[2026-08-16T06:10:11Z] Opening 2nd half statistics...
[2026-08-16T06:10:11Z] Navigate: https://www.flashscore.com/match/football/aston-villa-W00wmLO0/burnley-z3dmTMMO/summary/stats/2nd-half/?mid=fq1q7GsE
[2026-08-16T06:10:13Z] Page loaded. Waiting for statistics DOM...
[2026-08-16T06:10:15Z] Script [readiness] result prefix: {"body_text_length":3229,"ready":true,"row_count":17,"section":"statistics_second_half","title":"BUR 1-3 AST | Burnley v Aston Villa 27/08/2023, Stats - Flashscore.com | Match"}
[2026-08-16T06:10:15Z] Reading rendered DOM...
[2026-08-16T06:10:15Z] Executing extraction script for phase 2; length: 5174.
[2026-08-16T06:10:15Z] Script [extract] result prefix: {"schema_version":"1.3","section":"statistics_second_half","statistic_period":"second_half","source_url":"https://www.flashscore.com/match/football/aston-villa-W00wmLO0/burnley-z3dmTMMO/summary/stats/2nd-half/?mid=fq1q7GsE","match_id":"fq1q7GsE","collected_at_utc":"2026-08-16T06:10:15.163Z","page_title":"BUR 1-3 AST | Burnley v Aston Villa 27/08/2023, Stats - Flashscore.com | Match","competition":"WORLD CUP","status":"FINISHED","date_time":"27.08.2023 17:00","home_team":"Burnley","away_team":"As
[2026-08-16T06:10:15Z] Stored second_half statistics: 12 rows.
[2026-08-16T06:10:15Z] Merged section: statistics_second_half
[2026-08-16T06:10:15Z] Opening lineups...
[2026-08-16T06:10:15Z] Navigate: https://www.flashscore.com/match/football/aston-villa-W00wmLO0/burnley-z3dmTMMO/summary/lineups/?mid=fq1q7GsE
[2026-08-16T06:10:16Z] Page loaded. Waiting for statistics DOM...
[2026-08-16T06:10:18Z] Script [readiness] result prefix: {"body_text_length":4309,"ready":true,"row_count":116,"section":"lineups","title":"BUR 1-3 AST | Burnley v Aston Villa 27/08/2023, Lineups - Flashscore.com | Match"}
[2026-08-16T06:10:18Z] Reading rendered DOM...
[2026-08-16T06:10:18Z] Executing extraction script for phase 4; length: 20701.
[2026-08-16T06:10:18Z] Script [extract] result prefix: {"schema_version":"1.3","section":"lineups","statistic_period":null,"source_url":"https://www.flashscore.com/match/football/aston-villa-W00wmLO0/burnley-z3dmTMMO/summary/lineups/?mid=fq1q7GsE","match_id":"fq1q7GsE","collected_at_utc":"2026-08-16T06:10:18.613Z","page_title":"BUR 1-3 AST | Burnley v Aston Villa 27/08/2023, Lineups - Flashscore.com | Match","competition":"WORLD CUP","status":"FINISHED","date_time":"27.08.2023 17:00","home_team":"Burnley","away_team":"Aston Villa","score":{"home":"1
[2026-08-16T06:10:18Z] Merged section: lineups
[2026-08-16T06:10:18Z] English Premier League 2023/2024: Player Stats are unavailable in the source profile.
[2026-08-16T06:10:18Z] Marked all Player Stats categories as not_available; collection continues.
[2026-08-16T06:10:18Z] Opening commentary...
[2026-08-16T06:10:18Z] Navigate: https://www.flashscore.com/match/football/aston-villa-W00wmLO0/burnley-z3dmTMMO/summary/live-commentary/?mid=fq1q7GsE
[2026-08-16T06:10:21Z] Page loaded. Waiting for statistics DOM...
[2026-08-16T06:10:22Z] Script [readiness] result prefix: {"body_text_length":12379,"ready":true,"row_count":214,"section":"commentary","title":"BUR 1-3 AST | Burnley v Aston Villa 27/08/2023 | Football - Flashscore | Match"}
[2026-08-16T06:10:22Z] Reading rendered DOM...
[2026-08-16T06:10:22Z] Executing extraction script for phase 12; length: 11834.
[2026-08-16T06:10:22Z] Script [extract] result prefix: {"schema_version":"1.3","section":"commentary","statistic_period":null,"source_url":"https://www.flashscore.com/match/football/aston-villa-W00wmLO0/burnley-z3dmTMMO/summary/live-commentary/all-comments/?mid=fq1q7GsE","match_id":"fq1q7GsE","collected_at_utc":"2026-08-16T06:10:22.763Z","page_title":"BUR 1-3 AST | Burnley v Aston Villa 27/08/2023 | Football - Flashscore | Match","competition":"WORLD CUP","status":"FINISHED","date_time":"27.08.2023 17:00","home_team":"Burnley","away_team":"Aston Vil
[2026-08-16T06:10:22Z] Merged section: commentary
[2026-08-16T06:10:22Z] Saving complete match JSON...
[2026-08-16T06:10:22Z] Player Stats category unavailable; status=not_available: top_stats
[2026-08-16T06:10:22Z] Player Stats category unavailable; status=not_available: shots
[2026-08-16T06:10:22Z] Player Stats category unavailable; status=not_available: attack
[2026-08-16T06:10:22Z] Player Stats category unavailable; status=not_available: passes
[2026-08-16T06:10:22Z] Player Stats category unavailable; status=not_available: defense
[2026-08-16T06:10:23Z] Player Stats category unavailable; status=not_available: goalkeeping
[2026-08-16T06:10:23Z] Player Stats category unavailable; status=not_available: general
[2026-08-16T06:10:23Z] Structured goals, cards and VAR events enriched.
[2026-08-16T06:10:23Z] Saved match JSON with 13 statistics: G:\Mirza\VSCode\FlashscoreFootballCollector_\Data\Matches\PremierLeague\2023_2024\2023-08-27_Burnley_vs_Aston_Villa_fq1q7GsE.json
[2026-08-16T06:10:23Z] Finished: 2023-08-27_Burnley_vs_Aston_Villa_fq1q7GsE.json
[2026-08-16T06:10:23Z] Opening overall statistics...
[2026-08-16T06:10:23Z] Navigate: https://www.flashscore.com/match/football/liverpool-lId4TMwf/newcastle-utd-p6ahwuwJ/summary/stats/overall/?mid=MgoOaYZm
[2026-08-16T06:10:25Z] Page loaded. Waiting for statistics DOM...
[2026-08-16T06:10:27Z] Script [readiness] result prefix: {"body_text_length":3269,"ready":true,"row_count":19,"section":"statistics_overall","title":"NEW 1-2 LIV | Newcastle v Liverpool 27/08/2023, Stats - Flashscore.com | Match"}
[2026-08-16T06:10:27Z] Reading rendered DOM...
[2026-08-16T06:10:27Z] Executing extraction script for phase 0; length: 5174.
[2026-08-16T06:10:27Z] Script [extract] result prefix: {"schema_version":"1.3","section":"statistics_overall","statistic_period":"overall","source_url":"https://www.flashscore.com/match/football/liverpool-lId4TMwf/newcastle-utd-p6ahwuwJ/summary/stats/overall/?mid=MgoOaYZm","match_id":"MgoOaYZm","collected_at_utc":"2026-08-16T06:10:27.371Z","page_title":"NEW 1-2 LIV | Newcastle v Liverpool 27/08/2023, Stats - Flashscore.com | Match","competition":"WORLD CUP","status":"FINISHED","date_time":"27.08.2023 19:30","home_team":"Newcastle","away_team":"Liver
[2026-08-16T06:10:27Z] Stored overall statistics: 14 rows.
[2026-08-16T06:10:27Z] Merged section: statistics_overall
[2026-08-16T06:10:27Z] Opening 1st half statistics...
[2026-08-16T06:10:27Z] Navigate: https://www.flashscore.com/match/football/liverpool-lId4TMwf/newcastle-utd-p6ahwuwJ/summary/stats/1st-half/?mid=MgoOaYZm
[2026-08-16T06:10:29Z] Page loaded. Waiting for statistics DOM...
[2026-08-16T06:10:30Z] Script [readiness] result prefix: {"body_text_length":3261,"ready":true,"row_count":19,"section":"statistics_first_half","title":"NEW 1-2 LIV | Newcastle v Liverpool 27/08/2023, Stats - Flashscore.com | Match"}
[2026-08-16T06:10:30Z] Reading rendered DOM...
[2026-08-16T06:10:30Z] Executing extraction script for phase 1; length: 5174.
[2026-08-16T06:10:31Z] Script [extract] result prefix: {"schema_version":"1.3","section":"statistics_first_half","statistic_period":"first_half","source_url":"https://www.flashscore.com/match/football/liverpool-lId4TMwf/newcastle-utd-p6ahwuwJ/summary/stats/1st-half/?mid=MgoOaYZm","match_id":"MgoOaYZm","collected_at_utc":"2026-08-16T06:10:31.198Z","page_title":"NEW 1-2 LIV | Newcastle v Liverpool 27/08/2023, Stats - Flashscore.com | Match","competition":"WORLD CUP","status":"FINISHED","date_time":"27.08.2023 19:30","home_team":"Newcastle","away_team"
[2026-08-16T06:10:31Z] Stored first_half statistics: 14 rows.
[2026-08-16T06:10:32Z] Merged section: statistics_first_half
[2026-08-16T06:10:32Z] Opening 2nd half statistics...
[2026-08-16T06:10:32Z] Navigate: https://www.flashscore.com/match/football/liverpool-lId4TMwf/newcastle-utd-p6ahwuwJ/summary/stats/2nd-half/?mid=MgoOaYZm
[2026-08-16T06:10:36Z] Page loaded. Waiting for statistics DOM...
[2026-08-16T06:10:38Z] Script [readiness] result prefix: {"body_text_length":3228,"ready":true,"row_count":18,"section":"statistics_second_half","title":"NEW 1-2 LIV | Newcastle v Liverpool 27/08/2023, Stats - Flashscore.com | Match"}
[2026-08-16T06:10:38Z] Reading rendered DOM...
[2026-08-16T06:10:38Z] Executing extraction script for phase 2; length: 5174.
[2026-08-16T06:10:39Z] Script [extract] result prefix: {"schema_version":"1.3","section":"statistics_second_half","statistic_period":"second_half","source_url":"https://www.flashscore.com/match/football/liverpool-lId4TMwf/newcastle-utd-p6ahwuwJ/summary/stats/2nd-half/?mid=MgoOaYZm","match_id":"MgoOaYZm","collected_at_utc":"2026-08-16T06:10:39.191Z","page_title":"NEW 1-2 LIV | Newcastle v Liverpool 27/08/2023, Stats - Flashscore.com | Match","competition":"WORLD CUP","status":"FINISHED","date_time":"27.08.2023 19:30","home_team":"Newcastle","away_tea
[2026-08-16T06:10:39Z] Stored second_half statistics: 13 rows.
[2026-08-16T06:10:39Z] Merged section: statistics_second_half
[2026-08-16T06:10:39Z] Opening lineups...
[2026-08-16T06:10:40Z] Navigate: https://www.flashscore.com/match/football/liverpool-lId4TMwf/newcastle-utd-p6ahwuwJ/summary/lineups/?mid=MgoOaYZm
[2026-08-16T06:10:44Z] Page loaded. Waiting for statistics DOM...
[2026-08-16T06:10:47Z] Script [readiness] result prefix: {"body_text_length":4013,"ready":true,"row_count":108,"section":"lineups","title":"NEW 1-2 LIV | Newcastle v Liverpool 27/08/2023, Lineups - Flashscore.com | Match"}
[2026-08-16T06:10:47Z] Reading rendered DOM...
[2026-08-16T06:10:47Z] Executing extraction script for phase 4; length: 20701.
[2026-08-16T06:10:47Z] Script [extract] result prefix: {"schema_version":"1.3","section":"lineups","statistic_period":null,"source_url":"https://www.flashscore.com/match/football/liverpool-lId4TMwf/newcastle-utd-p6ahwuwJ/summary/lineups/?mid=MgoOaYZm","match_id":"MgoOaYZm","collected_at_utc":"2026-08-16T06:10:47.814Z","page_title":"NEW 1-2 LIV | Newcastle v Liverpool 27/08/2023, Lineups - Flashscore.com | Match","competition":"WORLD CUP","status":"FINISHED","date_time":"27.08.2023 19:30","home_team":"Newcastle","away_team":"Liverpool","score":{"home
[2026-08-16T06:10:47Z] Merged section: lineups
[2026-08-16T06:10:47Z] English Premier League 2023/2024: Player Stats are unavailable in the source profile.
[2026-08-16T06:10:48Z] Marked all Player Stats categories as not_available; collection continues.
[2026-08-16T06:10:48Z] Opening commentary...
[2026-08-16T06:10:48Z] Navigate: https://www.flashscore.com/match/football/liverpool-lId4TMwf/newcastle-utd-p6ahwuwJ/summary/live-commentary/?mid=MgoOaYZm
[2026-08-16T06:10:50Z] Page loaded. Waiting for statistics DOM...
[2026-08-16T06:10:51Z] Script [readiness] result prefix: {"body_text_length":17376,"ready":true,"row_count":296,"section":"commentary","title":"NEW 1-2 LIV | Newcastle v Liverpool 27/08/2023 | Football - Flashscore | Match"}
[2026-08-16T06:10:51Z] Reading rendered DOM...
[2026-08-16T06:10:51Z] Executing extraction script for phase 12; length: 11834.
[2026-08-16T06:10:51Z] Script [extract] result prefix: {"schema_version":"1.3","section":"commentary","statistic_period":null,"source_url":"https://www.flashscore.com/match/football/liverpool-lId4TMwf/newcastle-utd-p6ahwuwJ/summary/live-commentary/all-comments/?mid=MgoOaYZm","match_id":"MgoOaYZm","collected_at_utc":"2026-08-16T06:10:51.737Z","page_title":"NEW 1-2 LIV | Newcastle v Liverpool 27/08/2023 | Football - Flashscore | Match","competition":"WORLD CUP","status":"FINISHED","date_time":"27.08.2023 19:30","home_team":"Newcastle","away_team":"Liv
[2026-08-16T06:10:51Z] Merged section: commentary
[2026-08-16T06:10:51Z] Saving complete match JSON...
[2026-08-16T06:10:51Z] Player Stats category unavailable; status=not_available: top_stats
[2026-08-16T06:10:52Z] Player Stats category unavailable; status=not_available: shots
[2026-08-16T06:10:52Z] Player Stats category unavailable; status=not_available: attack
[2026-08-16T06:10:52Z] Player Stats category unavailable; status=not_available: passes
[2026-08-16T06:10:52Z] Player Stats category unavailable; status=not_available: defense
[2026-08-16T06:10:52Z] Player Stats category unavailable; status=not_available: goalkeeping
[2026-08-16T06:10:52Z] Player Stats category unavailable; status=not_available: general
[2026-08-16T06:10:52Z] Structured goals, cards and VAR events enriched.
[2026-08-16T06:10:52Z] Saved match JSON with 14 statistics: G:\Mirza\VSCode\FlashscoreFootballCollector_\Data\Matches\PremierLeague\2023_2024\2023-08-27_Newcastle_vs_Liverpool_MgoOaYZm.json
[2026-08-16T06:10:52Z] Finished: 2023-08-27_Newcastle_vs_Liverpool_MgoOaYZm.json
[2026-08-16T06:10:52Z] Opening overall statistics...
[2026-08-16T06:10:52Z] Navigate: https://www.flashscore.com/match/football/luton-SlybbadF/west-ham-Cxq57r8g/summary/stats/overall/?mid=zF0205Qb
[2026-08-16T06:10:54Z] Page loaded. Waiting for statistics DOM...
[2026-08-16T06:10:56Z] Script [readiness] result prefix: {"body_text_length":3228,"ready":true,"row_count":18,"section":"statistics_overall","title":"LUT 1-2 WHU | Luton v West Ham 01/09/2023, Stats - Flashscore.com | Match"}
[2026-08-16T06:10:56Z] Reading rendered DOM...
[2026-08-16T06:10:56Z] Executing extraction script for phase 0; length: 5174.
[2026-08-16T06:10:56Z] Script [extract] result prefix: {"schema_version":"1.3","section":"statistics_overall","statistic_period":"overall","source_url":"https://www.flashscore.com/match/football/luton-SlybbadF/west-ham-Cxq57r8g/summary/stats/overall/?mid=zF0205Qb","match_id":"zF0205Qb","collected_at_utc":"2026-08-16T06:10:56.449Z","page_title":"LUT 1-2 WHU | Luton v West Ham 01/09/2023, Stats - Flashscore.com | Match","competition":"WORLD CUP","status":"FINISHED","date_time":"01.09.2023 23:00","home_team":"Luton","away_team":"West Ham","score":{"hom
[2026-08-16T06:10:56Z] Stored overall statistics: 13 rows.
[2026-08-16T06:10:56Z] Merged section: statistics_overall
[2026-08-16T06:10:56Z] Opening 1st half statistics...
[2026-08-16T06:10:57Z] Navigate: https://www.flashscore.com/match/football/luton-SlybbadF/west-ham-Cxq57r8g/summary/stats/1st-half/?mid=zF0205Qb
[2026-08-16T06:10:58Z] Page loaded. Waiting for statistics DOM...
[2026-08-16T06:11:00Z] Script [readiness] result prefix: {"body_text_length":3183,"ready":true,"row_count":17,"section":"statistics_first_half","title":"LUT 1-2 WHU | Luton v West Ham 01/09/2023, Stats - Flashscore.com | Match"}
[2026-08-16T06:11:00Z] Reading rendered DOM...
[2026-08-16T06:11:00Z] Executing extraction script for phase 1; length: 5174.
[2026-08-16T06:11:00Z] Script [extract] result prefix: {"schema_version":"1.3","section":"statistics_first_half","statistic_period":"first_half","source_url":"https://www.flashscore.com/match/football/luton-SlybbadF/west-ham-Cxq57r8g/summary/stats/1st-half/?mid=zF0205Qb","match_id":"zF0205Qb","collected_at_utc":"2026-08-16T06:11:00.268Z","page_title":"LUT 1-2 WHU | Luton v West Ham 01/09/2023, Stats - Flashscore.com | Match","competition":"WORLD CUP","status":"FINISHED","date_time":"01.09.2023 23:00","home_team":"Luton","away_team":"West Ham","score
[2026-08-16T06:11:00Z] Stored first_half statistics: 12 rows.
[2026-08-16T06:11:00Z] Merged section: statistics_first_half
[2026-08-16T06:11:00Z] Opening 2nd half statistics...
[2026-08-16T06:11:00Z] Navigate: https://www.flashscore.com/match/football/luton-SlybbadF/west-ham-Cxq57r8g/summary/stats/2nd-half/?mid=zF0205Qb
[2026-08-16T06:11:02Z] Page loaded. Waiting for statistics DOM...
[2026-08-16T06:11:03Z] Script [readiness] result prefix: {"body_text_length":3223,"ready":true,"row_count":18,"section":"statistics_second_half","title":"LUT 1-2 WHU | Luton v West Ham 01/09/2023, Stats - Flashscore.com | Match"}
[2026-08-16T06:11:03Z] Reading rendered DOM...
[2026-08-16T06:11:03Z] Executing extraction script for phase 2; length: 5174.
[2026-08-16T06:11:03Z] Script [extract] result prefix: {"schema_version":"1.3","section":"statistics_second_half","statistic_period":"second_half","source_url":"https://www.flashscore.com/match/football/luton-SlybbadF/west-ham-Cxq57r8g/summary/stats/2nd-half/?mid=zF0205Qb","match_id":"zF0205Qb","collected_at_utc":"2026-08-16T06:11:03.895Z","page_title":"LUT 1-2 WHU | Luton v West Ham 01/09/2023, Stats - Flashscore.com | Match","competition":"WORLD CUP","status":"FINISHED","date_time":"01.09.2023 23:00","home_team":"Luton","away_team":"West Ham","sco
[2026-08-16T06:11:03Z] Stored second_half statistics: 13 rows.
[2026-08-16T06:11:03Z] Merged section: statistics_second_half
[2026-08-16T06:11:03Z] Opening lineups...
[2026-08-16T06:11:04Z] Navigate: https://www.flashscore.com/match/football/luton-SlybbadF/west-ham-Cxq57r8g/summary/lineups/?mid=zF0205Qb
[2026-08-16T06:11:05Z] Page loaded. Waiting for statistics DOM...
[2026-08-16T06:11:07Z] Script [readiness] result prefix: {"body_text_length":4113,"ready":true,"row_count":109,"section":"lineups","title":"LUT 1-2 WHU | Luton v West Ham 01/09/2023, Lineups - Flashscore.com | Match"}
[2026-08-16T06:11:07Z] Reading rendered DOM...
[2026-08-16T06:11:07Z] Executing extraction script for phase 4; length: 20701.
[2026-08-16T06:11:07Z] Script [extract] result prefix: {"schema_version":"1.3","section":"lineups","statistic_period":null,"source_url":"https://www.flashscore.com/match/football/luton-SlybbadF/west-ham-Cxq57r8g/summary/lineups/?mid=zF0205Qb","match_id":"zF0205Qb","collected_at_utc":"2026-08-16T06:11:07.371Z","page_title":"LUT 1-2 WHU | Luton v West Ham 01/09/2023, Lineups - Flashscore.com | Match","competition":"WORLD CUP","status":"FINISHED","date_time":"01.09.2023 23:00","home_team":"Luton","away_team":"West Ham","score":{"home":"1","away":"2","d
[2026-08-16T06:11:07Z] Merged section: lineups
[2026-08-16T06:11:07Z] English Premier League 2023/2024: Player Stats are unavailable in the source profile.
[2026-08-16T06:11:07Z] Marked all Player Stats categories as not_available; collection continues.
[2026-08-16T06:11:07Z] Opening commentary...
[2026-08-16T06:11:07Z] Navigate: https://www.flashscore.com/match/football/luton-SlybbadF/west-ham-Cxq57r8g/summary/live-commentary/?mid=zF0205Qb
[2026-08-16T06:11:11Z] Page loaded. Waiting for statistics DOM...
[2026-08-16T06:11:12Z] Script [readiness] result prefix: {"body_text_length":13120,"ready":true,"row_count":254,"section":"commentary","title":"LUT 1-2 WHU | Luton v West Ham 01/09/2023 | Football - Flashscore | Match"}
[2026-08-16T06:11:12Z] Reading rendered DOM...
[2026-08-16T06:11:12Z] Executing extraction script for phase 12; length: 11834.
[2026-08-16T06:11:12Z] Script [extract] result prefix: {"schema_version":"1.3","section":"commentary","statistic_period":null,"source_url":"https://www.flashscore.com/match/football/luton-SlybbadF/west-ham-Cxq57r8g/summary/live-commentary/all-comments/?mid=zF0205Qb","match_id":"zF0205Qb","collected_at_utc":"2026-08-16T06:11:12.905Z","page_title":"LUT 1-2 WHU | Luton v West Ham 01/09/2023 | Football - Flashscore | Match","competition":"WORLD CUP","status":"FINISHED","date_time":"01.09.2023 23:00","home_team":"Luton","away_team":"West Ham","score":{"h
[2026-08-16T06:11:13Z] Merged section: commentary
[2026-08-16T06:11:13Z] Saving complete match JSON...
[2026-08-16T06:11:13Z] Player Stats category unavailable; status=not_available: top_stats
[2026-08-16T06:11:13Z] Player Stats category unavailable; status=not_available: shots
[2026-08-16T06:11:13Z] Player Stats category unavailable; status=not_available: attack
[2026-08-16T06:11:13Z] Player Stats category unavailable; status=not_available: passes
[2026-08-16T06:11:13Z] Player Stats category unavailable; status=not_available: defense
[2026-08-16T06:11:13Z] Player Stats category unavailable; status=not_available: goalkeeping
[2026-08-16T06:11:13Z] Player Stats category unavailable; status=not_available: general
[2026-08-16T06:11:13Z] Structured goals, cards and VAR events enriched.
[2026-08-16T06:11:13Z] Saved match JSON with 13 statistics: G:\Mirza\VSCode\FlashscoreFootballCollector_\Data\Matches\PremierLeague\2023_2024\2023-09-01_Luton_vs_West_Ham_zF0205Qb.json
[2026-08-16T06:11:13Z] Finished: 2023-09-01_Luton_vs_West_Ham_zF0205Qb.json
[2026-08-16T06:11:13Z] Opening overall statistics...
[2026-08-16T06:11:13Z] Navigate: https://www.flashscore.com/match/football/everton-KluSTr9s/sheffield-utd-MeKPSerA/summary/stats/overall/?mid=8SbAbqeB
[2026-08-16T06:11:16Z] Page loaded. Waiting for statistics DOM...
[2026-08-16T06:11:18Z] Script [readiness] result prefix: {"body_text_length":3267,"ready":true,"row_count":18,"section":"statistics_overall","title":"SHU 2-2 EVE | Sheffield Utd v Everton 02/09/2023, Stats - Flashscore.com | Match"}
[2026-08-16T06:11:18Z] Reading rendered DOM...
[2026-08-16T06:11:18Z] Executing extraction script for phase 0; length: 5174.
[2026-08-16T06:11:18Z] Script [extract] result prefix: {"schema_version":"1.3","section":"statistics_overall","statistic_period":"overall","source_url":"https://www.flashscore.com/match/football/everton-KluSTr9s/sheffield-utd-MeKPSerA/summary/stats/overall/?mid=8SbAbqeB","match_id":"8SbAbqeB","collected_at_utc":"2026-08-16T06:11:18.361Z","page_title":"SHU 2-2 EVE | Sheffield Utd v Everton 02/09/2023, Stats - Flashscore.com | Match","competition":"WORLD CUP","status":"FINISHED","date_time":"02.09.2023 15:30","home_team":"Sheffield Utd","away_team":"E
[2026-08-16T06:11:18Z] Stored overall statistics: 13 rows.
[2026-08-16T06:11:18Z] Merged section: statistics_overall
[2026-08-16T06:11:18Z] Opening 1st half statistics...
[2026-08-16T06:11:18Z] Navigate: https://www.flashscore.com/match/football/everton-KluSTr9s/sheffield-utd-MeKPSerA/summary/stats/1st-half/?mid=8SbAbqeB
[2026-08-16T06:11:20Z] Page loaded. Waiting for statistics DOM...
[2026-08-16T06:11:22Z] Script [readiness] result prefix: {"body_text_length":3258,"ready":true,"row_count":18,"section":"statistics_first_half","title":"SHU 2-2 EVE | Sheffield Utd v Everton 02/09/2023, Stats - Flashscore.com | Match"}
[2026-08-16T06:11:22Z] Reading rendered DOM...
[2026-08-16T06:11:22Z] Executing extraction script for phase 1; length: 5174.
[2026-08-16T06:11:22Z] Script [extract] result prefix: {"schema_version":"1.3","section":"statistics_first_half","statistic_period":"first_half","source_url":"https://www.flashscore.com/match/football/everton-KluSTr9s/sheffield-utd-MeKPSerA/summary/stats/1st-half/?mid=8SbAbqeB","match_id":"8SbAbqeB","collected_at_utc":"2026-08-16T06:11:22.526Z","page_title":"SHU 2-2 EVE | Sheffield Utd v Everton 02/09/2023, Stats - Flashscore.com | Match","competition":"WORLD CUP","status":"FINISHED","date_time":"02.09.2023 15:30","home_team":"Sheffield Utd","away_t
[2026-08-16T06:11:22Z] Stored first_half statistics: 13 rows.
[2026-08-16T06:11:22Z] Merged section: statistics_first_half
[2026-08-16T06:11:22Z] Opening 2nd half statistics...
[2026-08-16T06:11:22Z] Navigate: https://www.flashscore.com/match/football/everton-KluSTr9s/sheffield-utd-MeKPSerA/summary/stats/2nd-half/?mid=8SbAbqeB
[2026-08-16T06:11:24Z] Page loaded. Waiting for statistics DOM...
[2026-08-16T06:11:25Z] Script [readiness] result prefix: {"body_text_length":3258,"ready":true,"row_count":18,"section":"statistics_second_half","title":"SHU 2-2 EVE | Sheffield Utd v Everton 02/09/2023, Stats - Flashscore.com | Match"}
[2026-08-16T06:11:25Z] Reading rendered DOM...
[2026-08-16T06:11:25Z] Executing extraction script for phase 2; length: 5174.
[2026-08-16T06:11:26Z] Script [extract] result prefix: {"schema_version":"1.3","section":"statistics_second_half","statistic_period":"second_half","source_url":"https://www.flashscore.com/match/football/everton-KluSTr9s/sheffield-utd-MeKPSerA/summary/stats/2nd-half/?mid=8SbAbqeB","match_id":"8SbAbqeB","collected_at_utc":"2026-08-16T06:11:26.017Z","page_title":"SHU 2-2 EVE | Sheffield Utd v Everton 02/09/2023, Stats - Flashscore.com | Match","competition":"WORLD CUP","status":"FINISHED","date_time":"02.09.2023 15:30","home_team":"Sheffield Utd","away
[2026-08-16T06:11:26Z] Stored second_half statistics: 13 rows.
[2026-08-16T06:11:26Z] Merged section: statistics_second_half
[2026-08-16T06:11:26Z] Opening lineups...
[2026-08-16T06:11:26Z] Navigate: https://www.flashscore.com/match/football/everton-KluSTr9s/sheffield-utd-MeKPSerA/summary/lineups/?mid=8SbAbqeB
[2026-08-16T06:11:28Z] Page loaded. Waiting for statistics DOM...
[2026-08-16T06:11:30Z] Script [readiness] result prefix: {"body_text_length":4218,"ready":true,"row_count":106,"section":"lineups","title":"SHU 2-2 EVE | Sheffield Utd v Everton 02/09/2023, Lineups - Flashscore.com | Match"}
[2026-08-16T06:11:30Z] Reading rendered DOM...
[2026-08-16T06:11:30Z] Executing extraction script for phase 4; length: 20701.
[2026-08-16T06:11:30Z] Script [extract] result prefix: {"schema_version":"1.3","section":"lineups","statistic_period":null,"source_url":"https://www.flashscore.com/match/football/everton-KluSTr9s/sheffield-utd-MeKPSerA/summary/lineups/?mid=8SbAbqeB","match_id":"8SbAbqeB","collected_at_utc":"2026-08-16T06:11:30.112Z","page_title":"SHU 2-2 EVE | Sheffield Utd v Everton 02/09/2023, Lineups - Flashscore.com | Match","competition":"WORLD CUP","status":"FINISHED","date_time":"02.09.2023 15:30","home_team":"Sheffield Utd","away_team":"Everton","score":{"ho
[2026-08-16T06:11:30Z] Merged section: lineups
[2026-08-16T06:11:30Z] English Premier League 2023/2024: Player Stats are unavailable in the source profile.
[2026-08-16T06:11:30Z] Marked all Player Stats categories as not_available; collection continues.
[2026-08-16T06:11:30Z] Opening commentary...
[2026-08-16T06:11:30Z] Navigate: https://www.flashscore.com/match/football/everton-KluSTr9s/sheffield-utd-MeKPSerA/summary/live-commentary/?mid=8SbAbqeB
[2026-08-16T06:11:32Z] Page loaded. Waiting for statistics DOM...
[2026-08-16T06:11:33Z] Script [readiness] result prefix: {"body_text_length":17435,"ready":true,"row_count":311,"section":"commentary","title":"SHU 2-2 EVE | Sheffield Utd v Everton 02/09/2023 | Football - Flashscore | Match"}
[2026-08-16T06:11:33Z] Reading rendered DOM...
[2026-08-16T06:11:33Z] Executing extraction script for phase 12; length: 11834.
[2026-08-16T06:11:34Z] Script [extract] result prefix: {"schema_version":"1.3","section":"commentary","statistic_period":null,"source_url":"https://www.flashscore.com/match/football/everton-KluSTr9s/sheffield-utd-MeKPSerA/summary/live-commentary/all-comments/?mid=8SbAbqeB","match_id":"8SbAbqeB","collected_at_utc":"2026-08-16T06:11:34.176Z","page_title":"SHU 2-2 EVE | Sheffield Utd v Everton 02/09/2023 | Football - Flashscore | Match","competition":"WORLD CUP","status":"FINISHED","date_time":"02.09.2023 15:30","home_team":"Sheffield Utd","away_team":
[2026-08-16T06:11:34Z] Merged section: commentary
[2026-08-16T06:11:34Z] Saving complete match JSON...
[2026-08-16T06:11:34Z] Player Stats category unavailable; status=not_available: top_stats
[2026-08-16T06:11:34Z] Player Stats category unavailable; status=not_available: shots
[2026-08-16T06:11:34Z] Player Stats category unavailable; status=not_available: attack
[2026-08-16T06:11:34Z] Player Stats category unavailable; status=not_available: passes
[2026-08-16T06:11:34Z] Player Stats category unavailable; status=not_available: defense
[2026-08-16T06:11:34Z] Player Stats category unavailable; status=not_available: goalkeeping
[2026-08-16T06:11:34Z] Player Stats category unavailable; status=not_available: general
[2026-08-16T06:11:34Z] Structured goals, cards and VAR events enriched.
[2026-08-16T06:11:34Z] Saved match JSON with 13 statistics: G:\Mirza\VSCode\FlashscoreFootballCollector_\Data\Matches\PremierLeague\2023_2024\2023-09-02_Sheffield_Utd_vs_Everton_8SbAbqeB.json
[2026-08-16T06:11:34Z] Finished: 2023-09-02_Sheffield_Utd_vs_Everton_8SbAbqeB.json
[2026-08-16T06:11:34Z] Opening overall statistics...
[2026-08-16T06:11:34Z] Navigate: https://www.flashscore.com/match/football/fulham-69ZiU2Om/manchester-city-Wtn9Stg0/summary/stats/overall/?mid=Uy06aPu5
[2026-08-16T06:11:40Z] Page loaded. Waiting for statistics DOM...
[2026-08-16T06:11:42Z] Script [readiness] result prefix: {"body_text_length":3268,"ready":true,"row_count":18,"section":"statistics_overall","title":"MCI 5-1 FUL | Manchester City v Fulham 02/09/2023, Stats - Flashscore.com | Match"}
[2026-08-16T06:11:42Z] Reading rendered DOM...
[2026-08-16T06:11:42Z] Executing extraction script for phase 0; length: 5174.
[2026-08-16T06:11:42Z] Script [extract] result prefix: {"schema_version":"1.3","section":"statistics_overall","statistic_period":"overall","source_url":"https://www.flashscore.com/match/football/fulham-69ZiU2Om/manchester-city-Wtn9Stg0/summary/stats/overall/?mid=Uy06aPu5","match_id":"Uy06aPu5","collected_at_utc":"2026-08-16T06:11:42.261Z","page_title":"MCI 5-1 FUL | Manchester City v Fulham 02/09/2023, Stats - Flashscore.com | Match","competition":"WORLD CUP","status":"FINISHED","date_time":"02.09.2023 18:00","home_team":"Manchester City","away_team
[2026-08-16T06:11:42Z] Stored overall statistics: 13 rows.
[2026-08-16T06:11:42Z] Merged section: statistics_overall
[2026-08-16T06:11:42Z] Opening 1st half statistics...
[2026-08-16T06:11:42Z] Navigate: https://www.flashscore.com/match/football/fulham-69ZiU2Om/manchester-city-Wtn9Stg0/summary/stats/1st-half/?mid=Uy06aPu5
[2026-08-16T06:11:44Z] Page loaded. Waiting for statistics DOM...
[2026-08-16T06:11:45Z] Script [readiness] result prefix: {"body_text_length":3264,"ready":true,"row_count":18,"section":"statistics_first_half","title":"MCI 5-1 FUL | Manchester City v Fulham 02/09/2023, Stats - Flashscore.com | Match"}
[2026-08-16T06:11:45Z] Reading rendered DOM...
[2026-08-16T06:11:45Z] Executing extraction script for phase 1; length: 5174.
[2026-08-16T06:11:45Z] Script [extract] result prefix: {"schema_version":"1.3","section":"statistics_first_half","statistic_period":"first_half","source_url":"https://www.flashscore.com/match/football/fulham-69ZiU2Om/manchester-city-Wtn9Stg0/summary/stats/1st-half/?mid=Uy06aPu5","match_id":"Uy06aPu5","collected_at_utc":"2026-08-16T06:11:45.811Z","page_title":"MCI 5-1 FUL | Manchester City v Fulham 02/09/2023, Stats - Flashscore.com | Match","competition":"WORLD CUP","status":"FINISHED","date_time":"02.09.2023 18:00","home_team":"Manchester City","aw
[2026-08-16T06:11:45Z] Stored first_half statistics: 13 rows.
[2026-08-16T06:11:45Z] Merged section: statistics_first_half
[2026-08-16T06:11:46Z] Opening 2nd half statistics...
[2026-08-16T06:11:46Z] Navigate: https://www.flashscore.com/match/football/fulham-69ZiU2Om/manchester-city-Wtn9Stg0/summary/stats/2nd-half/?mid=Uy06aPu5
[2026-08-16T06:11:48Z] Page loaded. Waiting for statistics DOM...
[2026-08-16T06:11:49Z] Script [readiness] result prefix: {"body_text_length":3262,"ready":true,"row_count":18,"section":"statistics_second_half","title":"MCI 5-1 FUL | Manchester City v Fulham 02/09/2023, Stats - Flashscore.com | Match"}
[2026-08-16T06:11:49Z] Reading rendered DOM...
[2026-08-16T06:11:49Z] Executing extraction script for phase 2; length: 5174.
[2026-08-16T06:11:49Z] Script [extract] result prefix: {"schema_version":"1.3","section":"statistics_second_half","statistic_period":"second_half","source_url":"https://www.flashscore.com/match/football/fulham-69ZiU2Om/manchester-city-Wtn9Stg0/summary/stats/2nd-half/?mid=Uy06aPu5","match_id":"Uy06aPu5","collected_at_utc":"2026-08-16T06:11:49.884Z","page_title":"MCI 5-1 FUL | Manchester City v Fulham 02/09/2023, Stats - Flashscore.com | Match","competition":"WORLD CUP","status":"FINISHED","date_time":"02.09.2023 18:00","home_team":"Manchester City","
[2026-08-16T06:11:50Z] Stored second_half statistics: 13 rows.
[2026-08-16T06:11:50Z] Merged section: statistics_second_half
[2026-08-16T06:11:50Z] Opening lineups...
[2026-08-16T06:11:50Z] Navigate: https://www.flashscore.com/match/football/fulham-69ZiU2Om/manchester-city-Wtn9Stg0/summary/lineups/?mid=Uy06aPu5
[2026-08-16T06:11:53Z] Page loaded. Waiting for statistics DOM...
[2026-08-16T06:11:55Z] Script [readiness] result prefix: {"body_text_length":4167,"ready":true,"row_count":112,"section":"lineups","title":"MCI 5-1 FUL | Manchester City v Fulham 02/09/2023, Lineups - Flashscore.com | Match"}
[2026-08-16T06:11:55Z] Reading rendered DOM...
[2026-08-16T06:11:55Z] Executing extraction script for phase 4; length: 20701.
[2026-08-16T06:11:55Z] Script [extract] result prefix: {"schema_version":"1.3","section":"lineups","statistic_period":null,"source_url":"https://www.flashscore.com/match/football/fulham-69ZiU2Om/manchester-city-Wtn9Stg0/summary/lineups/?mid=Uy06aPu5","match_id":"Uy06aPu5","collected_at_utc":"2026-08-16T06:11:55.367Z","page_title":"MCI 5-1 FUL | Manchester City v Fulham 02/09/2023, Lineups - Flashscore.com | Match","competition":"WORLD CUP","status":"FINISHED","date_time":"02.09.2023 18:00","home_team":"Manchester City","away_team":"Fulham","score":{
[2026-08-16T06:11:55Z] Merged section: lineups
[2026-08-16T06:11:55Z] English Premier League 2023/2024: Player Stats are unavailable in the source profile.
[2026-08-16T06:11:55Z] Marked all Player Stats categories as not_available; collection continues.
[2026-08-16T06:11:55Z] Opening commentary...
[2026-08-16T06:11:56Z] Navigate: https://www.flashscore.com/match/football/fulham-69ZiU2Om/manchester-city-Wtn9Stg0/summary/live-commentary/?mid=Uy06aPu5
[2026-08-16T06:11:58Z] Page loaded. Waiting for statistics DOM...
[2026-08-16T06:11:59Z] Script [readiness] result prefix: {"body_text_length":12623,"ready":true,"row_count":253,"section":"commentary","title":"MCI 5-1 FUL | Manchester City v Fulham 02/09/2023 | Football - Flashscore | Match"}
[2026-08-16T06:11:59Z] Reading rendered DOM...
[2026-08-16T06:11:59Z] Executing extraction script for phase 12; length: 11834.
[2026-08-16T06:12:00Z] Script [extract] result prefix: {"schema_version":"1.3","section":"commentary","statistic_period":null,"source_url":"https://www.flashscore.com/match/football/fulham-69ZiU2Om/manchester-city-Wtn9Stg0/summary/live-commentary/all-comments/?mid=Uy06aPu5","match_id":"Uy06aPu5","collected_at_utc":"2026-08-16T06:12:00.039Z","page_title":"MCI 5-1 FUL | Manchester City v Fulham 02/09/2023 | Football - Flashscore | Match","competition":"WORLD CUP","status":"FINISHED","date_time":"02.09.2023 18:00","home_team":"Manchester City","away_te
[2026-08-16T06:12:00Z] Merged section: commentary
[2026-08-16T06:12:00Z] Saving complete match JSON...
[2026-08-16T06:12:00Z] Player Stats category unavailable; status=not_available: top_stats
[2026-08-16T06:12:00Z] Player Stats category unavailable; status=not_available: shots
[2026-08-16T06:12:00Z] Player Stats category unavailable; status=not_available: attack
[2026-08-16T06:12:00Z] Player Stats category unavailable; status=not_available: passes
[2026-08-16T06:12:00Z] Player Stats category unavailable; status=not_available: defense
[2026-08-16T06:12:00Z] Player Stats category unavailable; status=not_available: goalkeeping
[2026-08-16T06:12:00Z] Player Stats category unavailable; status=not_available: general
[2026-08-16T06:12:00Z] Structured goals, cards and VAR events enriched.
[2026-08-16T06:12:00Z] Saved match JSON with 13 statistics: G:\Mirza\VSCode\FlashscoreFootballCollector_\Data\Matches\PremierLeague\2023_2024\2023-09-02_Manchester_City_vs_Fulham_Uy06aPu5.json
[2026-08-16T06:12:00Z] Finished: 2023-09-02_Manchester_City_vs_Fulham_Uy06aPu5.json
[2026-08-16T06:12:00Z] Opening overall statistics...
[2026-08-16T06:12:00Z] Navigate: https://www.flashscore.com/match/football/chelsea-4fGZN2oK/nottingham-UsushcZr/summary/stats/overall/?mid=0d8k37tt
[2026-08-16T06:12:02Z] Page loaded. Waiting for statistics DOM...
[2026-08-16T06:12:04Z] Script [readiness] result prefix: {"body_text_length":3277,"ready":true,"row_count":18,"section":"statistics_overall","title":"CHE 0-1 NOT | Chelsea v Nottingham Forest 02/09/2023, Stats - Flashscore.com | Match"}
[2026-08-16T06:12:04Z] Reading rendered DOM...
[2026-08-16T06:12:04Z] Executing extraction script for phase 0; length: 5174.
[2026-08-16T06:12:04Z] Script [extract] result prefix: {"schema_version":"1.3","section":"statistics_overall","statistic_period":"overall","source_url":"https://www.flashscore.com/match/football/chelsea-4fGZN2oK/nottingham-UsushcZr/summary/stats/overall/?mid=0d8k37tt","match_id":"0d8k37tt","collected_at_utc":"2026-08-16T06:12:04.425Z","page_title":"CHE 0-1 NOT | Chelsea v Nottingham Forest 02/09/2023, Stats - Flashscore.com | Match","competition":"WORLD CUP","status":"FINISHED","date_time":"02.09.2023 18:00","home_team":"Chelsea","away_team":"Nottin
[2026-08-16T06:12:04Z] Stored overall statistics: 13 rows.
[2026-08-16T06:12:04Z] Merged section: statistics_overall
[2026-08-16T06:12:04Z] Opening 1st half statistics...
[2026-08-16T06:12:04Z] Navigate: https://www.flashscore.com/match/football/chelsea-4fGZN2oK/nottingham-UsushcZr/summary/stats/1st-half/?mid=0d8k37tt
[2026-08-16T06:12:07Z] Page loaded. Waiting for statistics DOM...
[2026-08-16T06:12:08Z] Script [readiness] result prefix: {"body_text_length":3274,"ready":true,"row_count":18,"section":"statistics_first_half","title":"CHE 0-1 NOT | Chelsea v Nottingham Forest 02/09/2023, Stats - Flashscore.com | Match"}
[2026-08-16T06:12:08Z] Reading rendered DOM...
[2026-08-16T06:12:08Z] Executing extraction script for phase 1; length: 5174.
[2026-08-16T06:12:08Z] Script [extract] result prefix: {"schema_version":"1.3","section":"statistics_first_half","statistic_period":"first_half","source_url":"https://www.flashscore.com/match/football/chelsea-4fGZN2oK/nottingham-UsushcZr/summary/stats/1st-half/?mid=0d8k37tt","match_id":"0d8k37tt","collected_at_utc":"2026-08-16T06:12:08.701Z","page_title":"CHE 0-1 NOT | Chelsea v Nottingham Forest 02/09/2023, Stats - Flashscore.com | Match","competition":"WORLD CUP","status":"FINISHED","date_time":"02.09.2023 18:00","home_team":"Chelsea","away_team":
[2026-08-16T06:12:08Z] Stored first_half statistics: 13 rows.
[2026-08-16T06:12:08Z] Merged section: statistics_first_half
[2026-08-16T06:12:08Z] Opening 2nd half statistics...
[2026-08-16T06:12:08Z] Navigate: https://www.flashscore.com/match/football/chelsea-4fGZN2oK/nottingham-UsushcZr/summary/stats/2nd-half/?mid=0d8k37tt
[2026-08-16T06:12:10Z] Page loaded. Waiting for statistics DOM...
[2026-08-16T06:12:11Z] Script [readiness] result prefix: {"body_text_length":3270,"ready":true,"row_count":18,"section":"statistics_second_half","title":"CHE 0-1 NOT | Chelsea v Nottingham Forest 02/09/2023, Stats - Flashscore.com | Match"}
[2026-08-16T06:12:11Z] Reading rendered DOM...
[2026-08-16T06:12:11Z] Executing extraction script for phase 2; length: 5174.
[2026-08-16T06:12:11Z] Script [extract] result prefix: {"schema_version":"1.3","section":"statistics_second_half","statistic_period":"second_half","source_url":"https://www.flashscore.com/match/football/chelsea-4fGZN2oK/nottingham-UsushcZr/summary/stats/2nd-half/?mid=0d8k37tt","match_id":"0d8k37tt","collected_at_utc":"2026-08-16T06:12:11.883Z","page_title":"CHE 0-1 NOT | Chelsea v Nottingham Forest 02/09/2023, Stats - Flashscore.com | Match","competition":"WORLD CUP","status":"FINISHED","date_time":"02.09.2023 18:00","home_team":"Chelsea","away_team
[2026-08-16T06:12:11Z] Stored second_half statistics: 13 rows.
[2026-08-16T06:12:11Z] Merged section: statistics_second_half
[2026-08-16T06:12:11Z] Opening lineups...
[2026-08-16T06:12:12Z] Navigate: https://www.flashscore.com/match/football/chelsea-4fGZN2oK/nottingham-UsushcZr/summary/lineups/?mid=0d8k37tt
[2026-08-16T06:12:13Z] Page loaded. Waiting for statistics DOM...
[2026-08-16T06:12:15Z] Script [readiness] result prefix: {"body_text_length":4400,"ready":true,"row_count":116,"section":"lineups","title":"CHE 0-1 NOT | Chelsea v Nottingham Forest 02/09/2023, Lineups - Flashscore.com | Match"}
[2026-08-16T06:12:15Z] Reading rendered DOM...
[2026-08-16T06:12:15Z] Executing extraction script for phase 4; length: 20701.
[2026-08-16T06:12:15Z] Script [extract] result prefix: {"schema_version":"1.3","section":"lineups","statistic_period":null,"source_url":"https://www.flashscore.com/match/football/chelsea-4fGZN2oK/nottingham-UsushcZr/summary/lineups/?mid=0d8k37tt","match_id":"0d8k37tt","collected_at_utc":"2026-08-16T06:12:15.436Z","page_title":"CHE 0-1 NOT | Chelsea v Nottingham Forest 02/09/2023, Lineups - Flashscore.com | Match","competition":"WORLD CUP","status":"FINISHED","date_time":"02.09.2023 18:00","home_team":"Chelsea","away_team":"Nottingham","score":{"home
[2026-08-16T06:12:15Z] Merged section: lineups
[2026-08-16T06:12:15Z] English Premier League 2023/2024: Player Stats are unavailable in the source profile.
[2026-08-16T06:12:15Z] Marked all Player Stats categories as not_available; collection continues.
[2026-08-16T06:12:15Z] Opening commentary...
[2026-08-16T06:12:15Z] Navigate: https://www.flashscore.com/match/football/chelsea-4fGZN2oK/nottingham-UsushcZr/summary/live-commentary/?mid=0d8k37tt
[2026-08-16T06:12:18Z] Page loaded. Waiting for statistics DOM...
[2026-08-16T06:12:19Z] Script [readiness] result prefix: {"body_text_length":12933,"ready":true,"row_count":236,"section":"commentary","title":"CHE 0-1 NOT | Chelsea v Nottingham Forest 02/09/2023 | Football - Flashscore | Match"}
[2026-08-16T06:12:19Z] Reading rendered DOM...
[2026-08-16T06:12:19Z] Executing extraction script for phase 12; length: 11834.
[2026-08-16T06:12:19Z] Script [extract] result prefix: {"schema_version":"1.3","section":"commentary","statistic_period":null,"source_url":"https://www.flashscore.com/match/football/chelsea-4fGZN2oK/nottingham-UsushcZr/summary/live-commentary/all-comments/?mid=0d8k37tt","match_id":"0d8k37tt","collected_at_utc":"2026-08-16T06:12:19.863Z","page_title":"CHE 0-1 NOT | Chelsea v Nottingham Forest 02/09/2023 | Football - Flashscore | Match","competition":"WORLD CUP","status":"FINISHED","date_time":"02.09.2023 18:00","home_team":"Chelsea","away_team":"Nott
[2026-08-16T06:12:19Z] Merged section: commentary
[2026-08-16T06:12:20Z] Saving complete match JSON...
[2026-08-16T06:12:20Z] Player Stats category unavailable; status=not_available: top_stats
[2026-08-16T06:12:20Z] Player Stats category unavailable; status=not_available: shots
[2026-08-16T06:12:20Z] Player Stats category unavailable; status=not_available: attack
[2026-08-16T06:12:20Z] Player Stats category unavailable; status=not_available: passes
[2026-08-16T06:12:20Z] Player Stats category unavailable; status=not_available: defense
[2026-08-16T06:12:20Z] Player Stats category unavailable; status=not_available: goalkeeping
[2026-08-16T06:12:20Z] Player Stats category unavailable; status=not_available: general
[2026-08-16T06:12:20Z] Structured goals, cards and VAR events enriched.
[2026-08-16T06:12:20Z] Saved match JSON with 13 statistics: G:\Mirza\VSCode\FlashscoreFootballCollector_\Data\Matches\PremierLeague\2023_2024\2023-09-02_Chelsea_vs_Nottingham_0d8k37tt.json
[2026-08-16T06:12:20Z] Finished: 2023-09-02_Chelsea_vs_Nottingham_0d8k37tt.json
[2026-08-16T06:12:21Z] Opening overall statistics...
[2026-08-16T06:12:21Z] Navigate: https://www.flashscore.com/match/football/burnley-z3dmTMMO/tottenham-UDg08Ohm/summary/stats/overall/?mid=E7jreAlJ
[2026-08-16T06:12:23Z] Page loaded. Waiting for statistics DOM...
[2026-08-16T06:12:25Z] Script [readiness] result prefix: {"body_text_length":3280,"ready":true,"row_count":18,"section":"statistics_overall","title":"BUR 2-5 TOT | Burnley v Tottenham Hotspur 02/09/2023, Stats - Flashscore.com | Match"}
[2026-08-16T06:12:25Z] Reading rendered DOM...
[2026-08-16T06:12:25Z] Executing extraction script for phase 0; length: 5174.
[2026-08-16T06:12:25Z] Script [extract] result prefix: {"schema_version":"1.3","section":"statistics_overall","statistic_period":"overall","source_url":"https://www.flashscore.com/match/football/burnley-z3dmTMMO/tottenham-UDg08Ohm/summary/stats/overall/?mid=E7jreAlJ","match_id":"E7jreAlJ","collected_at_utc":"2026-08-16T06:12:25.054Z","page_title":"BUR 2-5 TOT | Burnley v Tottenham Hotspur 02/09/2023, Stats - Flashscore.com | Match","competition":"WORLD CUP","status":"FINISHED","date_time":"02.09.2023 18:00","home_team":"Burnley","away_team":"Tottenh
[2026-08-16T06:12:25Z] Stored overall statistics: 13 rows.
[2026-08-16T06:12:25Z] Merged section: statistics_overall
[2026-08-16T06:12:25Z] Opening 1st half statistics...
[2026-08-16T06:12:25Z] Navigate: https://www.flashscore.com/match/football/burnley-z3dmTMMO/tottenham-UDg08Ohm/summary/stats/1st-half/?mid=E7jreAlJ
[2026-08-16T06:12:27Z] Page loaded. Waiting for statistics DOM...
[2026-08-16T06:12:29Z] Script [readiness] result prefix: {"body_text_length":3271,"ready":true,"row_count":18,"section":"statistics_first_half","title":"BUR 2-5 TOT | Burnley v Tottenham Hotspur 02/09/2023, Stats - Flashscore.com | Match"}
[2026-08-16T06:12:29Z] Reading rendered DOM...
[2026-08-16T06:12:29Z] Executing extraction script for phase 1; length: 5174.
[2026-08-16T06:12:29Z] Script [extract] result prefix: {"schema_version":"1.3","section":"statistics_first_half","statistic_period":"first_half","source_url":"https://www.flashscore.com/match/football/burnley-z3dmTMMO/tottenham-UDg08Ohm/summary/stats/1st-half/?mid=E7jreAlJ","match_id":"E7jreAlJ","collected_at_utc":"2026-08-16T06:12:29.259Z","page_title":"BUR 2-5 TOT | Burnley v Tottenham Hotspur 02/09/2023, Stats - Flashscore.com | Match","competition":"WORLD CUP","status":"FINISHED","date_time":"02.09.2023 18:00","home_team":"Burnley","away_team":"
[2026-08-16T06:12:29Z] Stored first_half statistics: 13 rows.
[2026-08-16T06:12:29Z] Merged section: statistics_first_half
[2026-08-16T06:12:29Z] Opening 2nd half statistics...
[2026-08-16T06:12:29Z] Navigate: https://www.flashscore.com/match/football/burnley-z3dmTMMO/tottenham-UDg08Ohm/summary/stats/2nd-half/?mid=E7jreAlJ
[2026-08-16T06:12:31Z] Page loaded. Waiting for statistics DOM...
[2026-08-16T06:12:33Z] Script [readiness] result prefix: {"body_text_length":3270,"ready":true,"row_count":18,"section":"statistics_second_half","title":"BUR 2-5 TOT | Burnley v Tottenham Hotspur 02/09/2023, Stats - Flashscore.com | Match"}
[2026-08-16T06:12:33Z] Reading rendered DOM...
[2026-08-16T06:12:33Z] Executing extraction script for phase 2; length: 5174.
[2026-08-16T06:12:33Z] Script [extract] result prefix: {"schema_version":"1.3","section":"statistics_second_half","statistic_period":"second_half","source_url":"https://www.flashscore.com/match/football/burnley-z3dmTMMO/tottenham-UDg08Ohm/summary/stats/2nd-half/?mid=E7jreAlJ","match_id":"E7jreAlJ","collected_at_utc":"2026-08-16T06:12:33.177Z","page_title":"BUR 2-5 TOT | Burnley v Tottenham Hotspur 02/09/2023, Stats - Flashscore.com | Match","competition":"WORLD CUP","status":"FINISHED","date_time":"02.09.2023 18:00","home_team":"Burnley","away_team"
[2026-08-16T06:12:33Z] Stored second_half statistics: 13 rows.
[2026-08-16T06:12:33Z] Merged section: statistics_second_half
[2026-08-16T06:12:33Z] Opening lineups...
[2026-08-16T06:12:33Z] Navigate: https://www.flashscore.com/match/football/burnley-z3dmTMMO/tottenham-UDg08Ohm/summary/lineups/?mid=E7jreAlJ
[2026-08-16T06:12:36Z] Page loaded. Waiting for statistics DOM...
[2026-08-16T06:12:38Z] Script [readiness] result prefix: {"body_text_length":4426,"ready":true,"row_count":119,"section":"lineups","title":"BUR 2-5 TOT | Burnley v Tottenham Hotspur 02/09/2023, Lineups - Flashscore.com | Match"}
[2026-08-16T06:12:38Z] Reading rendered DOM...
[2026-08-16T06:12:38Z] Executing extraction script for phase 4; length: 20701.
[2026-08-16T06:12:38Z] Script [extract] result prefix: {"schema_version":"1.3","section":"lineups","statistic_period":null,"source_url":"https://www.flashscore.com/match/football/burnley-z3dmTMMO/tottenham-UDg08Ohm/summary/lineups/?mid=E7jreAlJ","match_id":"E7jreAlJ","collected_at_utc":"2026-08-16T06:12:38.353Z","page_title":"BUR 2-5 TOT | Burnley v Tottenham Hotspur 02/09/2023, Lineups - Flashscore.com | Match","competition":"WORLD CUP","status":"FINISHED","date_time":"02.09.2023 18:00","home_team":"Burnley","away_team":"Tottenham","score":{"home":
[2026-08-16T06:12:38Z] Merged section: lineups
[2026-08-16T06:12:38Z] English Premier League 2023/2024: Player Stats are unavailable in the source profile.
[2026-08-16T06:12:38Z] Marked all Player Stats categories as not_available; collection continues.
[2026-08-16T06:12:38Z] Opening commentary...
[2026-08-16T06:12:38Z] Navigate: https://www.flashscore.com/match/football/burnley-z3dmTMMO/tottenham-UDg08Ohm/summary/live-commentary/?mid=E7jreAlJ
[2026-08-16T06:12:40Z] Page loaded. Waiting for statistics DOM...
[2026-08-16T06:12:42Z] Script [readiness] result prefix: {"body_text_length":16106,"ready":true,"row_count":296,"section":"commentary","title":"BUR 2-5 TOT | Burnley v Tottenham Hotspur 02/09/2023 | Football - Flashscore | Match"}
[2026-08-16T06:12:42Z] Reading rendered DOM...
[2026-08-16T06:12:42Z] Executing extraction script for phase 12; length: 11834.
[2026-08-16T06:12:42Z] Script [extract] result prefix: {"schema_version":"1.3","section":"commentary","statistic_period":null,"source_url":"https://www.flashscore.com/match/football/burnley-z3dmTMMO/tottenham-UDg08Ohm/summary/live-commentary/all-comments/?mid=E7jreAlJ","match_id":"E7jreAlJ","collected_at_utc":"2026-08-16T06:12:42.681Z","page_title":"BUR 2-5 TOT | Burnley v Tottenham Hotspur 02/09/2023 | Football - Flashscore | Match","competition":"WORLD CUP","status":"FINISHED","date_time":"02.09.2023 18:00","home_team":"Burnley","away_team":"Totte
[2026-08-16T06:12:42Z] Merged section: commentary
[2026-08-16T06:12:42Z] Saving complete match JSON...
[2026-08-16T06:12:43Z] Player Stats category unavailable; status=not_available: top_stats
[2026-08-16T06:12:43Z] Player Stats category unavailable; status=not_available: shots
[2026-08-16T06:12:43Z] Player Stats category unavailable; status=not_available: attack
[2026-08-16T06:12:43Z] Player Stats category unavailable; status=not_available: passes
[2026-08-16T06:12:43Z] Player Stats category unavailable; status=not_available: defense
[2026-08-16T06:12:43Z] Player Stats category unavailable; status=not_available: goalkeeping
[2026-08-16T06:12:43Z] Player Stats category unavailable; status=not_available: general
[2026-08-16T06:12:43Z] Structured goals, cards and VAR events enriched.
[2026-08-16T06:12:43Z] Saved match JSON with 13 statistics: G:\Mirza\VSCode\FlashscoreFootballCollector_\Data\Matches\PremierLeague\2023_2024\2023-09-02_Burnley_vs_Tottenham_E7jreAlJ.json
[2026-08-16T06:12:43Z] Finished: 2023-09-02_Burnley_vs_Tottenham_E7jreAlJ.json
[2026-08-16T06:12:43Z] Opening overall statistics...
[2026-08-16T06:12:43Z] Navigate: https://www.flashscore.com/match/football/bournemouth-OtpNdwrc/brentford-xYe7DwID/summary/stats/overall/?mid=hh2ZdWJ6
[2026-08-16T06:12:47Z] Page loaded. Waiting for statistics DOM...
[2026-08-16T06:12:48Z] Script [readiness] result prefix: {"body_text_length":3265,"ready":true,"row_count":18,"section":"statistics_overall","title":"BRE 2-2 BOU | Brentford v Bournemouth 02/09/2023, Stats - Flashscore.com | Match"}
[2026-08-16T06:12:48Z] Reading rendered DOM...
[2026-08-16T06:12:48Z] Executing extraction script for phase 0; length: 5174.
[2026-08-16T06:12:48Z] Script [extract] result prefix: {"schema_version":"1.3","section":"statistics_overall","statistic_period":"overall","source_url":"https://www.flashscore.com/match/football/bournemouth-OtpNdwrc/brentford-xYe7DwID/summary/stats/overall/?mid=hh2ZdWJ6","match_id":"hh2ZdWJ6","collected_at_utc":"2026-08-16T06:12:48.604Z","page_title":"BRE 2-2 BOU | Brentford v Bournemouth 02/09/2023, Stats - Flashscore.com | Match","competition":"WORLD CUP","status":"FINISHED","date_time":"02.09.2023 18:00","home_team":"Brentford","away_team":"Bourn
[2026-08-16T06:12:48Z] Stored overall statistics: 13 rows.
[2026-08-16T06:12:48Z] Merged section: statistics_overall
[2026-08-16T06:12:48Z] Opening 1st half statistics...
[2026-08-16T06:12:48Z] Navigate: https://www.flashscore.com/match/football/bournemouth-OtpNdwrc/brentford-xYe7DwID/summary/stats/1st-half/?mid=hh2ZdWJ6
[2026-08-16T06:12:50Z] Page loaded. Waiting for statistics DOM...
[2026-08-16T06:12:52Z] Script [readiness] result prefix: {"body_text_length":3241,"ready":true,"row_count":17,"section":"statistics_first_half","title":"BRE 2-2 BOU | Brentford v Bournemouth 02/09/2023, Stats - Flashscore.com | Match"}
[2026-08-16T06:12:52Z] Reading rendered DOM...
[2026-08-16T06:12:52Z] Executing extraction script for phase 1; length: 5174.
[2026-08-16T06:12:52Z] Script [extract] result prefix: {"schema_version":"1.3","section":"statistics_first_half","statistic_period":"first_half","source_url":"https://www.flashscore.com/match/football/bournemouth-OtpNdwrc/brentford-xYe7DwID/summary/stats/1st-half/?mid=hh2ZdWJ6","match_id":"hh2ZdWJ6","collected_at_utc":"2026-08-16T06:12:52.333Z","page_title":"BRE 2-2 BOU | Brentford v Bournemouth 02/09/2023, Stats - Flashscore.com | Match","competition":"WORLD CUP","status":"FINISHED","date_time":"02.09.2023 18:00","home_team":"Brentford","away_team"
[2026-08-16T06:12:52Z] Stored first_half statistics: 12 rows.
[2026-08-16T06:12:52Z] Merged section: statistics_first_half
[2026-08-16T06:12:52Z] Opening 2nd half statistics...
[2026-08-16T06:12:52Z] Navigate: https://www.flashscore.com/match/football/bournemouth-OtpNdwrc/brentford-xYe7DwID/summary/stats/2nd-half/?mid=hh2ZdWJ6
[2026-08-16T06:12:54Z] Page loaded. Waiting for statistics DOM...
[2026-08-16T06:12:55Z] Script [readiness] result prefix: {"body_text_length":3259,"ready":true,"row_count":18,"section":"statistics_second_half","title":"BRE 2-2 BOU | Brentford v Bournemouth 02/09/2023, Stats - Flashscore.com | Match"}
[2026-08-16T06:12:55Z] Reading rendered DOM...
[2026-08-16T06:12:55Z] Executing extraction script for phase 2; length: 5174.
[2026-08-16T06:12:55Z] Script [extract] result prefix: {"schema_version":"1.3","section":"statistics_second_half","statistic_period":"second_half","source_url":"https://www.flashscore.com/match/football/bournemouth-OtpNdwrc/brentford-xYe7DwID/summary/stats/2nd-half/?mid=hh2ZdWJ6","match_id":"hh2ZdWJ6","collected_at_utc":"2026-08-16T06:12:55.930Z","page_title":"BRE 2-2 BOU | Brentford v Bournemouth 02/09/2023, Stats - Flashscore.com | Match","competition":"WORLD CUP","status":"FINISHED","date_time":"02.09.2023 18:00","home_team":"Brentford","away_tea
[2026-08-16T06:12:55Z] Stored second_half statistics: 13 rows.
[2026-08-16T06:12:55Z] Merged section: statistics_second_half
[2026-08-16T06:12:56Z] Opening lineups...
[2026-08-16T06:12:56Z] Navigate: https://www.flashscore.com/match/football/bournemouth-OtpNdwrc/brentford-xYe7DwID/summary/lineups/?mid=hh2ZdWJ6
[2026-08-16T06:12:58Z] Page loaded. Waiting for statistics DOM...
[2026-08-16T06:12:59Z] Script [readiness] result prefix: {"body_text_length":4211,"ready":true,"row_count":112,"section":"lineups","title":"BRE 2-2 BOU | Brentford v Bournemouth 02/09/2023, Lineups - Flashscore.com | Match"}
[2026-08-16T06:12:59Z] Reading rendered DOM...
[2026-08-16T06:12:59Z] Executing extraction script for phase 4; length: 20701.
[2026-08-16T06:13:00Z] Script [extract] result prefix: {"schema_version":"1.3","section":"lineups","statistic_period":null,"source_url":"https://www.flashscore.com/match/football/bournemouth-OtpNdwrc/brentford-xYe7DwID/summary/lineups/?mid=hh2ZdWJ6","match_id":"hh2ZdWJ6","collected_at_utc":"2026-08-16T06:12:59.987Z","page_title":"BRE 2-2 BOU | Brentford v Bournemouth 02/09/2023, Lineups - Flashscore.com | Match","competition":"WORLD CUP","status":"FINISHED","date_time":"02.09.2023 18:00","home_team":"Brentford","away_team":"Bournemouth","score":{"ho
[2026-08-16T06:13:00Z] Merged section: lineups
[2026-08-16T06:13:00Z] English Premier League 2023/2024: Player Stats are unavailable in the source profile.
[2026-08-16T06:13:00Z] Marked all Player Stats categories as not_available; collection continues.
[2026-08-16T06:13:00Z] Opening commentary...
[2026-08-16T06:13:00Z] Navigate: https://www.flashscore.com/match/football/bournemouth-OtpNdwrc/brentford-xYe7DwID/summary/live-commentary/?mid=hh2ZdWJ6
[2026-08-16T06:13:02Z] Page loaded. Waiting for statistics DOM...
[2026-08-16T06:13:03Z] Script [readiness] result prefix: {"body_text_length":14104,"ready":true,"row_count":217,"section":"commentary","title":"BRE 2-2 BOU | Brentford v Bournemouth 02/09/2023 | Football - Flashscore | Match"}
[2026-08-16T06:13:03Z] Reading rendered DOM...
[2026-08-16T06:13:04Z] Executing extraction script for phase 12; length: 11834.
[2026-08-16T06:13:04Z] Script [extract] result prefix: {"schema_version":"1.3","section":"commentary","statistic_period":null,"source_url":"https://www.flashscore.com/match/football/bournemouth-OtpNdwrc/brentford-xYe7DwID/summary/live-commentary/all-comments/?mid=hh2ZdWJ6","match_id":"hh2ZdWJ6","collected_at_utc":"2026-08-16T06:13:04.315Z","page_title":"BRE 2-2 BOU | Brentford v Bournemouth 02/09/2023 | Football - Flashscore | Match","competition":"WORLD CUP","status":"FINISHED","date_time":"02.09.2023 18:00","home_team":"Brentford","away_team":"Bou
[2026-08-16T06:13:04Z] Merged section: commentary
[2026-08-16T06:13:04Z] Saving complete match JSON...
[2026-08-16T06:13:04Z] Player Stats category unavailable; status=not_available: top_stats
[2026-08-16T06:13:04Z] Player Stats category unavailable; status=not_available: shots
[2026-08-16T06:13:04Z] Player Stats category unavailable; status=not_available: attack
[2026-08-16T06:13:04Z] Player Stats category unavailable; status=not_available: passes
[2026-08-16T06:13:04Z] Player Stats category unavailable; status=not_available: defense
[2026-08-16T06:13:04Z] Player Stats category unavailable; status=not_available: goalkeeping
[2026-08-16T06:13:04Z] Player Stats category unavailable; status=not_available: general
[2026-08-16T06:13:04Z] Structured goals, cards and VAR events enriched.
[2026-08-16T06:13:04Z] Saved match JSON with 13 statistics: G:\Mirza\VSCode\FlashscoreFootballCollector_\Data\Matches\PremierLeague\2023_2024\2023-09-02_Brentford_vs_Bournemouth_hh2ZdWJ6.json
[2026-08-16T06:13:04Z] Finished: 2023-09-02_Brentford_vs_Bournemouth_hh2ZdWJ6.json
[2026-08-16T06:13:04Z] Opening overall statistics...
[2026-08-16T06:13:04Z] Navigate: https://www.flashscore.com/match/football/brighton-2XrRecc3/newcastle-utd-p6ahwuwJ/summary/stats/overall/?mid=zHivdjZC
[2026-08-16T06:13:06Z] Page loaded. Waiting for statistics DOM...
[2026-08-16T06:13:08Z] Script [readiness] result prefix: {"body_text_length":3249,"ready":true,"row_count":18,"section":"statistics_overall","title":"BHA 3-1 NEW | Brighton v Newcastle 02/09/2023, Stats - Flashscore.com | Match"}
[2026-08-16T06:13:08Z] Reading rendered DOM...
[2026-08-16T06:13:08Z] Executing extraction script for phase 0; length: 5174.
[2026-08-16T06:13:08Z] Script [extract] result prefix: {"schema_version":"1.3","section":"statistics_overall","statistic_period":"overall","source_url":"https://www.flashscore.com/match/football/brighton-2XrRecc3/newcastle-utd-p6ahwuwJ/summary/stats/overall/?mid=zHivdjZC","match_id":"zHivdjZC","collected_at_utc":"2026-08-16T06:13:08.256Z","page_title":"BHA 3-1 NEW | Brighton v Newcastle 02/09/2023, Stats - Flashscore.com | Match","competition":"WORLD CUP","status":"FINISHED","date_time":"02.09.2023 20:30","home_team":"Brighton","away_team":"Newcastl
[2026-08-16T06:13:08Z] Stored overall statistics: 13 rows.
[2026-08-16T06:13:08Z] Merged section: statistics_overall
[2026-08-16T06:13:08Z] Opening 1st half statistics...
[2026-08-16T06:13:08Z] Navigate: https://www.flashscore.com/match/football/brighton-2XrRecc3/newcastle-utd-p6ahwuwJ/summary/stats/1st-half/?mid=zHivdjZC
[2026-08-16T06:13:11Z] Page loaded. Waiting for statistics DOM...
[2026-08-16T06:13:12Z] Script [readiness] result prefix: {"body_text_length":3243,"ready":true,"row_count":18,"section":"statistics_first_half","title":"BHA 3-1 NEW | Brighton v Newcastle 02/09/2023, Stats - Flashscore.com | Match"}
[2026-08-16T06:13:12Z] Reading rendered DOM...
[2026-08-16T06:13:12Z] Executing extraction script for phase 1; length: 5174.
[2026-08-16T06:13:12Z] Script [extract] result prefix: {"schema_version":"1.3","section":"statistics_first_half","statistic_period":"first_half","source_url":"https://www.flashscore.com/match/football/brighton-2XrRecc3/newcastle-utd-p6ahwuwJ/summary/stats/1st-half/?mid=zHivdjZC","match_id":"zHivdjZC","collected_at_utc":"2026-08-16T06:13:12.584Z","page_title":"BHA 3-1 NEW | Brighton v Newcastle 02/09/2023, Stats - Flashscore.com | Match","competition":"WORLD CUP","status":"FINISHED","date_time":"02.09.2023 20:30","home_team":"Brighton","away_team":"N
[2026-08-16T06:13:12Z] Stored first_half statistics: 13 rows.
[2026-08-16T06:13:12Z] Merged section: statistics_first_half
[2026-08-16T06:13:12Z] Opening 2nd half statistics...
[2026-08-16T06:13:12Z] Navigate: https://www.flashscore.com/match/football/brighton-2XrRecc3/newcastle-utd-p6ahwuwJ/summary/stats/2nd-half/?mid=zHivdjZC
[2026-08-16T06:13:16Z] Page loaded. Waiting for statistics DOM...
[2026-08-16T06:13:17Z] Script [readiness] result prefix: {"body_text_length":3242,"ready":true,"row_count":18,"section":"statistics_second_half","title":"BHA 3-1 NEW | Brighton v Newcastle 02/09/2023, Stats - Flashscore.com | Match"}
[2026-08-16T06:13:17Z] Reading rendered DOM...
[2026-08-16T06:13:17Z] Executing extraction script for phase 2; length: 5174.
[2026-08-16T06:13:17Z] Script [extract] result prefix: {"schema_version":"1.3","section":"statistics_second_half","statistic_period":"second_half","source_url":"https://www.flashscore.com/match/football/brighton-2XrRecc3/newcastle-utd-p6ahwuwJ/summary/stats/2nd-half/?mid=zHivdjZC","match_id":"zHivdjZC","collected_at_utc":"2026-08-16T06:13:17.880Z","page_title":"BHA 3-1 NEW | Brighton v Newcastle 02/09/2023, Stats - Flashscore.com | Match","competition":"WORLD CUP","status":"FINISHED","date_time":"02.09.2023 20:30","home_team":"Brighton","away_team":
[2026-08-16T06:13:17Z] Stored second_half statistics: 13 rows.
[2026-08-16T06:13:17Z] Merged section: statistics_second_half
[2026-08-16T06:13:18Z] Opening lineups...
[2026-08-16T06:13:18Z] Navigate: https://www.flashscore.com/match/football/brighton-2XrRecc3/newcastle-utd-p6ahwuwJ/summary/lineups/?mid=zHivdjZC
[2026-08-16T06:13:20Z] Page loaded. Waiting for statistics DOM...
[2026-08-16T06:13:22Z] Script [readiness] result prefix: {"body_text_length":4055,"ready":true,"row_count":108,"section":"lineups","title":"BHA 3-1 NEW | Brighton v Newcastle 02/09/2023, Lineups - Flashscore.com | Match"}
[2026-08-16T06:13:22Z] Reading rendered DOM...
[2026-08-16T06:13:22Z] Executing extraction script for phase 4; length: 20701.
[2026-08-16T06:13:22Z] Script [extract] result prefix: {"schema_version":"1.3","section":"lineups","statistic_period":null,"source_url":"https://www.flashscore.com/match/football/brighton-2XrRecc3/newcastle-utd-p6ahwuwJ/summary/lineups/?mid=zHivdjZC","match_id":"zHivdjZC","collected_at_utc":"2026-08-16T06:13:22.301Z","page_title":"BHA 3-1 NEW | Brighton v Newcastle 02/09/2023, Lineups - Flashscore.com | Match","competition":"WORLD CUP","status":"FINISHED","date_time":"02.09.2023 20:30","home_team":"Brighton","away_team":"Newcastle","score":{"home":"
[2026-08-16T06:13:22Z] Merged section: lineups
[2026-08-16T06:13:22Z] English Premier League 2023/2024: Player Stats are unavailable in the source profile.
[2026-08-16T06:13:22Z] Marked all Player Stats categories as not_available; collection continues.
[2026-08-16T06:13:22Z] Opening commentary...
[2026-08-16T06:13:22Z] Navigate: https://www.flashscore.com/match/football/brighton-2XrRecc3/newcastle-utd-p6ahwuwJ/summary/live-commentary/?mid=zHivdjZC
[2026-08-16T06:13:24Z] Page loaded. Waiting for statistics DOM...
[2026-08-16T06:13:25Z] Script [readiness] result prefix: {"body_text_length":12083,"ready":true,"row_count":230,"section":"commentary","title":"BHA 3-1 NEW | Brighton v Newcastle 02/09/2023 | Football - Flashscore | Match"}
[2026-08-16T06:13:25Z] Reading rendered DOM...
[2026-08-16T06:13:25Z] Executing extraction script for phase 12; length: 11834.
[2026-08-16T06:13:25Z] Script [extract] result prefix: {"schema_version":"1.3","section":"commentary","statistic_period":null,"source_url":"https://www.flashscore.com/match/football/brighton-2XrRecc3/newcastle-utd-p6ahwuwJ/summary/live-commentary/all-comments/?mid=zHivdjZC","match_id":"zHivdjZC","collected_at_utc":"2026-08-16T06:13:25.879Z","page_title":"BHA 3-1 NEW | Brighton v Newcastle 02/09/2023 | Football - Flashscore | Match","competition":"WORLD CUP","status":"FINISHED","date_time":"02.09.2023 20:30","home_team":"Brighton","away_team":"Newcas
[2026-08-16T06:13:25Z] Merged section: commentary
[2026-08-16T06:13:25Z] Saving complete match JSON...
[2026-08-16T06:13:26Z] Player Stats category unavailable; status=not_available: top_stats
[2026-08-16T06:13:26Z] Player Stats category unavailable; status=not_available: shots
[2026-08-16T06:13:26Z] Player Stats category unavailable; status=not_available: attack
[2026-08-16T06:13:26Z] Player Stats category unavailable; status=not_available: passes
[2026-08-16T06:13:26Z] Player Stats category unavailable; status=not_available: defense
[2026-08-16T06:13:26Z] Player Stats category unavailable; status=not_available: goalkeeping
[2026-08-16T06:13:26Z] Player Stats category unavailable; status=not_available: general
[2026-08-16T06:13:26Z] Structured goals, cards and VAR events enriched.
[2026-08-16T06:13:26Z] Saved match JSON with 13 statistics: G:\Mirza\VSCode\FlashscoreFootballCollector_\Data\Matches\PremierLeague\2023_2024\2023-09-02_Brighton_vs_Newcastle_zHivdjZC.json
[2026-08-16T06:13:26Z] Finished: 2023-09-02_Brighton_vs_Newcastle_zHivdjZC.json
[2026-08-16T06:13:26Z] Opening overall statistics...
[2026-08-16T06:13:26Z] Navigate: https://www.flashscore.com/match/football/aston-villa-W00wmLO0/liverpool-lId4TMwf/summary/stats/overall/?mid=MBdb1oBh
[2026-08-16T06:13:28Z] Page loaded. Waiting for statistics DOM...
[2026-08-16T06:13:30Z] Script [readiness] result prefix: {"body_text_length":3242,"ready":true,"row_count":18,"section":"statistics_overall","title":"LIV 3-0 AST | Liverpool v Aston Villa 03/09/2023, Stats - Flashscore.com | Match"}
[2026-08-16T06:13:30Z] Reading rendered DOM...
[2026-08-16T06:13:30Z] Executing extraction script for phase 0; length: 5174.
[2026-08-16T06:13:30Z] Script [extract] result prefix: {"schema_version":"1.3","section":"statistics_overall","statistic_period":"overall","source_url":"https://www.flashscore.com/match/football/aston-villa-W00wmLO0/liverpool-lId4TMwf/summary/stats/overall/?mid=MBdb1oBh","match_id":"MBdb1oBh","collected_at_utc":"2026-08-16T06:13:30.514Z","page_title":"LIV 3-0 AST | Liverpool v Aston Villa 03/09/2023, Stats - Flashscore.com | Match","competition":"WORLD CUP","status":"FINISHED","date_time":"03.09.2023 17:00","home_team":"Liverpool","away_team":"Aston
[2026-08-16T06:13:30Z] Stored overall statistics: 13 rows.
[2026-08-16T06:13:30Z] Merged section: statistics_overall
[2026-08-16T06:13:30Z] Opening 1st half statistics...
[2026-08-16T06:13:30Z] Navigate: https://www.flashscore.com/match/football/aston-villa-W00wmLO0/liverpool-lId4TMwf/summary/stats/1st-half/?mid=MBdb1oBh
[2026-08-16T06:13:34Z] Page loaded. Waiting for statistics DOM...
[2026-08-16T06:13:35Z] Script [readiness] result prefix: {"body_text_length":3256,"ready":true,"row_count":18,"section":"statistics_first_half","title":"LIV 3-0 AST | Liverpool v Aston Villa 03/09/2023, Stats - Flashscore.com | Match"}
[2026-08-16T06:13:35Z] Reading rendered DOM...
[2026-08-16T06:13:35Z] Executing extraction script for phase 1; length: 5174.
[2026-08-16T06:13:35Z] Script [extract] result prefix: {"schema_version":"1.3","section":"statistics_first_half","statistic_period":"first_half","source_url":"https://www.flashscore.com/match/football/aston-villa-W00wmLO0/liverpool-lId4TMwf/summary/stats/1st-half/?mid=MBdb1oBh","match_id":"MBdb1oBh","collected_at_utc":"2026-08-16T06:13:35.574Z","page_title":"LIV 3-0 AST | Liverpool v Aston Villa 03/09/2023, Stats - Flashscore.com | Match","competition":"WORLD CUP","status":"FINISHED","date_time":"03.09.2023 17:00","home_team":"Liverpool","away_team"
[2026-08-16T06:13:35Z] Stored first_half statistics: 13 rows.
[2026-08-16T06:13:35Z] Merged section: statistics_first_half
[2026-08-16T06:13:35Z] Opening 2nd half statistics...
[2026-08-16T06:13:35Z] Navigate: https://www.flashscore.com/match/football/aston-villa-W00wmLO0/liverpool-lId4TMwf/summary/stats/2nd-half/?mid=MBdb1oBh
[2026-08-16T06:13:38Z] Page loaded. Waiting for statistics DOM...
[2026-08-16T06:13:40Z] Script [readiness] result prefix: {"body_text_length":3241,"ready":true,"row_count":17,"section":"statistics_second_half","title":"LIV 3-0 AST | Liverpool v Aston Villa 03/09/2023, Stats - Flashscore.com | Match"}
[2026-08-16T06:13:40Z] Reading rendered DOM...
[2026-08-16T06:13:40Z] Executing extraction script for phase 2; length: 5174.
[2026-08-16T06:13:40Z] Script [extract] result prefix: {"schema_version":"1.3","section":"statistics_second_half","statistic_period":"second_half","source_url":"https://www.flashscore.com/match/football/aston-villa-W00wmLO0/liverpool-lId4TMwf/summary/stats/2nd-half/?mid=MBdb1oBh","match_id":"MBdb1oBh","collected_at_utc":"2026-08-16T06:13:40.163Z","page_title":"LIV 3-0 AST | Liverpool v Aston Villa 03/09/2023, Stats - Flashscore.com | Match","competition":"WORLD CUP","status":"FINISHED","date_time":"03.09.2023 17:00","home_team":"Liverpool","away_tea
[2026-08-16T06:13:40Z] Stored second_half statistics: 12 rows.
[2026-08-16T06:13:40Z] Merged section: statistics_second_half
[2026-08-16T06:13:40Z] Opening lineups...
[2026-08-16T06:13:40Z] Navigate: https://www.flashscore.com/match/football/aston-villa-W00wmLO0/liverpool-lId4TMwf/summary/lineups/?mid=MBdb1oBh
[2026-08-16T06:13:42Z] Page loaded. Waiting for statistics DOM...
[2026-08-16T06:13:44Z] Script [readiness] result prefix: {"body_text_length":4337,"ready":true,"row_count":116,"section":"lineups","title":"LIV 3-0 AST | Liverpool v Aston Villa 03/09/2023, Lineups - Flashscore.com | Match"}
[2026-08-16T06:13:44Z] Reading rendered DOM...
[2026-08-16T06:13:44Z] Executing extraction script for phase 4; length: 20701.
[2026-08-16T06:13:44Z] Script [extract] result prefix: {"schema_version":"1.3","section":"lineups","statistic_period":null,"source_url":"https://www.flashscore.com/match/football/aston-villa-W00wmLO0/liverpool-lId4TMwf/summary/lineups/?mid=MBdb1oBh","match_id":"MBdb1oBh","collected_at_utc":"2026-08-16T06:13:44.269Z","page_title":"LIV 3-0 AST | Liverpool v Aston Villa 03/09/2023, Lineups - Flashscore.com | Match","competition":"WORLD CUP","status":"FINISHED","date_time":"03.09.2023 17:00","home_team":"Liverpool","away_team":"Aston Villa","score":{"ho
[2026-08-16T06:13:44Z] Merged section: lineups
[2026-08-16T06:13:44Z] English Premier League 2023/2024: Player Stats are unavailable in the source profile.
[2026-08-16T06:13:44Z] Marked all Player Stats categories as not_available; collection continues.
[2026-08-16T06:13:44Z] Opening commentary...
[2026-08-16T06:13:44Z] Navigate: https://www.flashscore.com/match/football/aston-villa-W00wmLO0/liverpool-lId4TMwf/summary/live-commentary/?mid=MBdb1oBh
[2026-08-16T06:13:47Z] Page loaded. Waiting for statistics DOM...
[2026-08-16T06:13:48Z] Script [readiness] result prefix: {"body_text_length":14105,"ready":true,"row_count":238,"section":"commentary","title":"LIV 3-0 AST | Liverpool v Aston Villa 03/09/2023 | Football - Flashscore | Match"}
[2026-08-16T06:13:48Z] Reading rendered DOM...
[2026-08-16T06:13:48Z] Executing extraction script for phase 12; length: 11834.
[2026-08-16T06:13:48Z] Script [extract] result prefix: {"schema_version":"1.3","section":"commentary","statistic_period":null,"source_url":"https://www.flashscore.com/match/football/aston-villa-W00wmLO0/liverpool-lId4TMwf/summary/live-commentary/all-comments/?mid=MBdb1oBh","match_id":"MBdb1oBh","collected_at_utc":"2026-08-16T06:13:48.698Z","page_title":"LIV 3-0 AST | Liverpool v Aston Villa 03/09/2023 | Football - Flashscore | Match","competition":"WORLD CUP","status":"FINISHED","date_time":"03.09.2023 17:00","home_team":"Liverpool","away_team":"Ast
[2026-08-16T06:13:48Z] Merged section: commentary
[2026-08-16T06:13:48Z] Saving complete match JSON...
[2026-08-16T06:13:48Z] Player Stats category unavailable; status=not_available: top_stats
[2026-08-16T06:13:48Z] Player Stats category unavailable; status=not_available: shots
[2026-08-16T06:13:48Z] Player Stats category unavailable; status=not_available: attack
[2026-08-16T06:13:48Z] Player Stats category unavailable; status=not_available: passes
[2026-08-16T06:13:48Z] Player Stats category unavailable; status=not_available: defense
[2026-08-16T06:13:48Z] Player Stats category unavailable; status=not_available: goalkeeping
[2026-08-16T06:13:48Z] Player Stats category unavailable; status=not_available: general
[2026-08-16T06:13:49Z] Structured goals, cards and VAR events enriched.
[2026-08-16T06:13:49Z] Saved match JSON with 13 statistics: G:\Mirza\VSCode\FlashscoreFootballCollector_\Data\Matches\PremierLeague\2023_2024\2023-09-03_Liverpool_vs_Aston_Villa_MBdb1oBh.json
[2026-08-16T06:13:49Z] Finished: 2023-09-03_Liverpool_vs_Aston_Villa_MBdb1oBh.json
[2026-08-16T06:13:49Z] Opening overall statistics...
[2026-08-16T06:13:49Z] Navigate: https://www.flashscore.com/match/football/crystal-palace-AovF1Mia/wolves-j3Azpf5d/summary/stats/overall/?mid=vm7g2Ren
[2026-08-16T06:13:51Z] Page loaded. Waiting for statistics DOM...
[2026-08-16T06:13:52Z] Script [readiness] result prefix: {"body_text_length":3268,"ready":true,"row_count":18,"section":"statistics_overall","title":"CRY 3-2 WOL | Crystal Palace v Wolves 03/09/2023, Stats - Flashscore.com | Match"}
[2026-08-16T06:13:52Z] Reading rendered DOM...
[2026-08-16T06:13:52Z] Executing extraction script for phase 0; length: 5174.
[2026-08-16T06:13:52Z] Script [extract] result prefix: {"schema_version":"1.3","section":"statistics_overall","statistic_period":"overall","source_url":"https://www.flashscore.com/match/football/crystal-palace-AovF1Mia/wolves-j3Azpf5d/summary/stats/overall/?mid=vm7g2Ren","match_id":"vm7g2Ren","collected_at_utc":"2026-08-16T06:13:52.650Z","page_title":"CRY 3-2 WOL | Crystal Palace v Wolves 03/09/2023, Stats - Flashscore.com | Match","competition":"WORLD CUP","status":"FINISHED","date_time":"03.09.2023 17:00","home_team":"Crystal Palace","away_team":"
[2026-08-16T06:13:52Z] Stored overall statistics: 13 rows.
[2026-08-16T06:13:52Z] Merged section: statistics_overall
[2026-08-16T06:13:52Z] Opening 1st half statistics...
[2026-08-16T06:13:52Z] Navigate: https://www.flashscore.com/match/football/crystal-palace-AovF1Mia/wolves-j3Azpf5d/summary/stats/1st-half/?mid=vm7g2Ren
[2026-08-16T06:13:54Z] Page loaded. Waiting for statistics DOM...
[2026-08-16T06:13:56Z] Script [readiness] result prefix: {"body_text_length":3257,"ready":true,"row_count":18,"section":"statistics_first_half","title":"CRY 3-2 WOL | Crystal Palace v Wolves 03/09/2023, Stats - Flashscore.com | Match"}
[2026-08-16T06:13:56Z] Reading rendered DOM...
[2026-08-16T06:13:56Z] Executing extraction script for phase 1; length: 5174.
[2026-08-16T06:13:56Z] Script [extract] result prefix: {"schema_version":"1.3","section":"statistics_first_half","statistic_period":"first_half","source_url":"https://www.flashscore.com/match/football/crystal-palace-AovF1Mia/wolves-j3Azpf5d/summary/stats/1st-half/?mid=vm7g2Ren","match_id":"vm7g2Ren","collected_at_utc":"2026-08-16T06:13:56.568Z","page_title":"CRY 3-2 WOL | Crystal Palace v Wolves 03/09/2023, Stats - Flashscore.com | Match","competition":"WORLD CUP","status":"FINISHED","date_time":"03.09.2023 17:00","home_team":"Crystal Palace","away_
[2026-08-16T06:13:56Z] Stored first_half statistics: 13 rows.
[2026-08-16T06:13:56Z] Merged section: statistics_first_half
[2026-08-16T06:13:56Z] Opening 2nd half statistics...
[2026-08-16T06:13:56Z] Navigate: https://www.flashscore.com/match/football/crystal-palace-AovF1Mia/wolves-j3Azpf5d/summary/stats/2nd-half/?mid=vm7g2Ren
[2026-08-16T06:13:58Z] Page loaded. Waiting for statistics DOM...
[2026-08-16T06:14:00Z] Script [readiness] result prefix: {"body_text_length":3259,"ready":true,"row_count":18,"section":"statistics_second_half","title":"CRY 3-2 WOL | Crystal Palace v Wolves 03/09/2023, Stats - Flashscore.com | Match"}
[2026-08-16T06:14:00Z] Reading rendered DOM...
[2026-08-16T06:14:00Z] Executing extraction script for phase 2; length: 5174.
[2026-08-16T06:14:00Z] Script [extract] result prefix: {"schema_version":"1.3","section":"statistics_second_half","statistic_period":"second_half","source_url":"https://www.flashscore.com/match/football/crystal-palace-AovF1Mia/wolves-j3Azpf5d/summary/stats/2nd-half/?mid=vm7g2Ren","match_id":"vm7g2Ren","collected_at_utc":"2026-08-16T06:14:00.191Z","page_title":"CRY 3-2 WOL | Crystal Palace v Wolves 03/09/2023, Stats - Flashscore.com | Match","competition":"WORLD CUP","status":"FINISHED","date_time":"03.09.2023 17:00","home_team":"Crystal Palace","awa
[2026-08-16T06:14:00Z] Stored second_half statistics: 13 rows.
[2026-08-16T06:14:00Z] Merged section: statistics_second_half
[2026-08-16T06:14:00Z] Opening lineups...
[2026-08-16T06:14:00Z] Navigate: https://www.flashscore.com/match/football/crystal-palace-AovF1Mia/wolves-j3Azpf5d/summary/lineups/?mid=vm7g2Ren
[2026-08-16T06:14:02Z] Page loaded. Waiting for statistics DOM...
[2026-08-16T06:14:04Z] Script [readiness] result prefix: {"body_text_length":4036,"ready":true,"row_count":103,"section":"lineups","title":"CRY 3-2 WOL | Crystal Palace v Wolves 03/09/2023, Lineups - Flashscore.com | Match"}
[2026-08-16T06:14:04Z] Reading rendered DOM...
[2026-08-16T06:14:04Z] Executing extraction script for phase 4; length: 20701.
[2026-08-16T06:14:04Z] Script [extract] result prefix: {"schema_version":"1.3","section":"lineups","statistic_period":null,"source_url":"https://www.flashscore.com/match/football/crystal-palace-AovF1Mia/wolves-j3Azpf5d/summary/lineups/?mid=vm7g2Ren","match_id":"vm7g2Ren","collected_at_utc":"2026-08-16T06:14:04.470Z","page_title":"CRY 3-2 WOL | Crystal Palace v Wolves 03/09/2023, Lineups - Flashscore.com | Match","competition":"WORLD CUP","status":"FINISHED","date_time":"03.09.2023 17:00","home_team":"Crystal Palace","away_team":"Wolves","score":{"ho
[2026-08-16T06:14:04Z] Merged section: lineups
[2026-08-16T06:14:04Z] English Premier League 2023/2024: Player Stats are unavailable in the source profile.
[2026-08-16T06:14:04Z] Marked all Player Stats categories as not_available; collection continues.
[2026-08-16T06:14:04Z] Opening commentary...
[2026-08-16T06:14:04Z] Navigate: https://www.flashscore.com/match/football/crystal-palace-AovF1Mia/wolves-j3Azpf5d/summary/live-commentary/?mid=vm7g2Ren
[2026-08-16T06:14:07Z] Page loaded. Waiting for statistics DOM...
[2026-08-16T06:14:08Z] Script [readiness] result prefix: {"body_text_length":12948,"ready":true,"row_count":221,"section":"commentary","title":"CRY 3-2 WOL | Crystal Palace v Wolves 03/09/2023 | Football - Flashscore | Match"}
[2026-08-16T06:14:08Z] Reading rendered DOM...
[2026-08-16T06:14:09Z] Executing extraction script for phase 12; length: 11834.
[2026-08-16T06:14:09Z] Script [extract] result prefix: {"schema_version":"1.3","section":"commentary","statistic_period":null,"source_url":"https://www.flashscore.com/match/football/crystal-palace-AovF1Mia/wolves-j3Azpf5d/summary/live-commentary/all-comments/?mid=vm7g2Ren","match_id":"vm7g2Ren","collected_at_utc":"2026-08-16T06:14:09.027Z","page_title":"CRY 3-2 WOL | Crystal Palace v Wolves 03/09/2023 | Football - Flashscore | Match","competition":"WORLD CUP","status":"FINISHED","date_time":"03.09.2023 17:00","home_team":"Crystal Palace","away_team"
[2026-08-16T06:14:09Z] Merged section: commentary
[2026-08-16T06:14:09Z] Saving complete match JSON...
[2026-08-16T06:14:09Z] Player Stats category unavailable; status=not_available: top_stats
[2026-08-16T06:14:09Z] Player Stats category unavailable; status=not_available: shots
[2026-08-16T06:14:09Z] Player Stats category unavailable; status=not_available: attack
[2026-08-16T06:14:09Z] Player Stats category unavailable; status=not_available: passes
[2026-08-16T06:14:09Z] Player Stats category unavailable; status=not_available: defense
[2026-08-16T06:14:09Z] Player Stats category unavailable; status=not_available: goalkeeping
[2026-08-16T06:14:09Z] Player Stats category unavailable; status=not_available: general
[2026-08-16T06:14:09Z] Structured goals, cards and VAR events enriched.
[2026-08-16T06:14:09Z] Saved match JSON with 13 statistics: G:\Mirza\VSCode\FlashscoreFootballCollector_\Data\Matches\PremierLeague\2023_2024\2023-09-03_Crystal_Palace_vs_Wolves_vm7g2Ren.json
[2026-08-16T06:14:09Z] Finished: 2023-09-03_Crystal_Palace_vs_Wolves_vm7g2Ren.json
[2026-08-16T06:14:09Z] Opening overall statistics...
[2026-08-16T06:14:09Z] Navigate: https://www.flashscore.com/match/football/arsenal-hA1Zm19f/manchester-united-ppjDR086/summary/stats/overall/?mid=f7qWcC40
[2026-08-16T06:14:11Z] Page loaded. Waiting for statistics DOM...
[2026-08-16T06:14:12Z] Script [readiness] result prefix: {"body_text_length":3271,"ready":true,"row_count":18,"section":"statistics_overall","title":"ARS 3-1 MNU | Arsenal v Manchester Utd 03/09/2023, Stats - Flashscore.com | Match"}
[2026-08-16T06:14:12Z] Reading rendered DOM...
[2026-08-16T06:14:12Z] Executing extraction script for phase 0; length: 5174.
[2026-08-16T06:14:12Z] Script [extract] result prefix: {"schema_version":"1.3","section":"statistics_overall","statistic_period":"overall","source_url":"https://www.flashscore.com/match/football/arsenal-hA1Zm19f/manchester-united-ppjDR086/summary/stats/overall/?mid=f7qWcC40","match_id":"f7qWcC40","collected_at_utc":"2026-08-16T06:14:12.929Z","page_title":"ARS 3-1 MNU | Arsenal v Manchester Utd 03/09/2023, Stats - Flashscore.com | Match","competition":"WORLD CUP","status":"FINISHED","date_time":"03.09.2023 19:30","home_team":"Arsenal","away_team":"Ma
[2026-08-16T06:14:12Z] Stored overall statistics: 13 rows.
[2026-08-16T06:14:13Z] Merged section: statistics_overall
[2026-08-16T06:14:13Z] Opening 1st half statistics...
[2026-08-16T06:14:13Z] Navigate: https://www.flashscore.com/match/football/arsenal-hA1Zm19f/manchester-united-ppjDR086/summary/stats/1st-half/?mid=f7qWcC40
[2026-08-16T06:14:15Z] Page loaded. Waiting for statistics DOM...
[2026-08-16T06:14:17Z] Script [readiness] result prefix: {"body_text_length":3261,"ready":true,"row_count":18,"section":"statistics_first_half","title":"ARS 3-1 MNU | Arsenal v Manchester Utd 03/09/2023, Stats - Flashscore.com | Match"}
[2026-08-16T06:14:17Z] Reading rendered DOM...
[2026-08-16T06:14:17Z] Executing extraction script for phase 1; length: 5174.
[2026-08-16T06:14:17Z] Script [extract] result prefix: {"schema_version":"1.3","section":"statistics_first_half","statistic_period":"first_half","source_url":"https://www.flashscore.com/match/football/arsenal-hA1Zm19f/manchester-united-ppjDR086/summary/stats/1st-half/?mid=f7qWcC40","match_id":"f7qWcC40","collected_at_utc":"2026-08-16T06:14:17.218Z","page_title":"ARS 3-1 MNU | Arsenal v Manchester Utd 03/09/2023, Stats - Flashscore.com | Match","competition":"WORLD CUP","status":"FINISHED","date_time":"03.09.2023 19:30","home_team":"Arsenal","away_te
[2026-08-16T06:14:17Z] Stored first_half statistics: 13 rows.
[2026-08-16T06:14:17Z] Merged section: statistics_first_half
[2026-08-16T06:14:17Z] Opening 2nd half statistics...
[2026-08-16T06:14:17Z] Navigate: https://www.flashscore.com/match/football/arsenal-hA1Zm19f/manchester-united-ppjDR086/summary/stats/2nd-half/?mid=f7qWcC40
[2026-08-16T06:14:19Z] Page loaded. Waiting for statistics DOM...
[2026-08-16T06:14:21Z] Script [readiness] result prefix: {"body_text_length":3264,"ready":true,"row_count":18,"section":"statistics_second_half","title":"ARS 3-1 MNU | Arsenal v Manchester Utd 03/09/2023, Stats - Flashscore.com | Match"}
[2026-08-16T06:14:21Z] Reading rendered DOM...
[2026-08-16T06:14:21Z] Executing extraction script for phase 2; length: 5174.
[2026-08-16T06:14:21Z] Script [extract] result prefix: {"schema_version":"1.3","section":"statistics_second_half","statistic_period":"second_half","source_url":"https://www.flashscore.com/match/football/arsenal-hA1Zm19f/manchester-united-ppjDR086/summary/stats/2nd-half/?mid=f7qWcC40","match_id":"f7qWcC40","collected_at_utc":"2026-08-16T06:14:21.324Z","page_title":"ARS 3-1 MNU | Arsenal v Manchester Utd 03/09/2023, Stats - Flashscore.com | Match","competition":"WORLD CUP","status":"FINISHED","date_time":"03.09.2023 19:30","home_team":"Arsenal","away_
[2026-08-16T06:14:21Z] Stored second_half statistics: 13 rows.
[2026-08-16T06:14:21Z] Merged section: statistics_second_half
[2026-08-16T06:14:21Z] Opening lineups...
[2026-08-16T06:14:21Z] Navigate: https://www.flashscore.com/match/football/arsenal-hA1Zm19f/manchester-united-ppjDR086/summary/lineups/?mid=f7qWcC40
[2026-08-16T06:14:23Z] Page loaded. Waiting for statistics DOM...
[2026-08-16T06:14:25Z] Script [readiness] result prefix: {"body_text_length":4319,"ready":true,"row_count":116,"section":"lineups","title":"ARS 3-1 MNU | Arsenal v Manchester Utd 03/09/2023, Lineups - Flashscore.com | Match"}
[2026-08-16T06:14:25Z] Reading rendered DOM...
[2026-08-16T06:14:25Z] Executing extraction script for phase 4; length: 20701.
[2026-08-16T06:14:25Z] Script [extract] result prefix: {"schema_version":"1.3","section":"lineups","statistic_period":null,"source_url":"https://www.flashscore.com/match/football/arsenal-hA1Zm19f/manchester-united-ppjDR086/summary/lineups/?mid=f7qWcC40","match_id":"f7qWcC40","collected_at_utc":"2026-08-16T06:14:25.406Z","page_title":"ARS 3-1 MNU | Arsenal v Manchester Utd 03/09/2023, Lineups - Flashscore.com | Match","competition":"WORLD CUP","status":"FINISHED","date_time":"03.09.2023 19:30","home_team":"Arsenal","away_team":"Manchester Utd","score
[2026-08-16T06:14:25Z] Merged section: lineups
[2026-08-16T06:14:25Z] English Premier League 2023/2024: Player Stats are unavailable in the source profile.
[2026-08-16T06:14:25Z] Marked all Player Stats categories as not_available; collection continues.
[2026-08-16T06:14:25Z] Opening commentary...
[2026-08-16T06:14:25Z] Navigate: https://www.flashscore.com/match/football/arsenal-hA1Zm19f/manchester-united-ppjDR086/summary/live-commentary/?mid=f7qWcC40
[2026-08-16T06:14:27Z] Page loaded. Waiting for statistics DOM...
[2026-08-16T06:14:29Z] Script [readiness] result prefix: {"body_text_length":14469,"ready":true,"row_count":291,"section":"commentary","title":"ARS 3-1 MNU | Arsenal v Manchester Utd 03/09/2023 | Football - Flashscore | Match"}
[2026-08-16T06:14:29Z] Reading rendered DOM...
[2026-08-16T06:14:29Z] Executing extraction script for phase 12; length: 11834.
[2026-08-16T06:14:29Z] Script [extract] result prefix: {"schema_version":"1.3","section":"commentary","statistic_period":null,"source_url":"https://www.flashscore.com/match/football/arsenal-hA1Zm19f/manchester-united-ppjDR086/summary/live-commentary/all-comments/?mid=f7qWcC40","match_id":"f7qWcC40","collected_at_utc":"2026-08-16T06:14:29.365Z","page_title":"ARS 3-1 MNU | Arsenal v Manchester Utd 03/09/2023 | Football - Flashscore | Match","competition":"WORLD CUP","status":"FINISHED","date_time":"03.09.2023 19:30","home_team":"Arsenal","away_team":"
[2026-08-16T06:14:29Z] Merged section: commentary
[2026-08-16T06:14:29Z] Saving complete match JSON...
[2026-08-16T06:14:29Z] Player Stats category unavailable; status=not_available: top_stats
[2026-08-16T06:14:29Z] Player Stats category unavailable; status=not_available: shots
[2026-08-16T06:14:29Z] Player Stats category unavailable; status=not_available: attack
[2026-08-16T06:14:29Z] Player Stats category unavailable; status=not_available: passes
[2026-08-16T06:14:29Z] Player Stats category unavailable; status=not_available: defense
[2026-08-16T06:14:29Z] Player Stats category unavailable; status=not_available: goalkeeping
[2026-08-16T06:14:29Z] Player Stats category unavailable; status=not_available: general
[2026-08-16T06:14:30Z] Structured goals, cards and VAR events enriched.
[2026-08-16T06:14:30Z] Saved match JSON with 13 statistics: G:\Mirza\VSCode\FlashscoreFootballCollector_\Data\Matches\PremierLeague\2023_2024\2023-09-03_Arsenal_vs_Manchester_Utd_f7qWcC40.json
[2026-08-16T06:14:30Z] Finished: 2023-09-03_Arsenal_vs_Manchester_Utd_f7qWcC40.json
[2026-08-16T06:14:30Z] Opening overall statistics...
[2026-08-16T06:14:30Z] Navigate: https://www.flashscore.com/match/football/liverpool-lId4TMwf/wolves-j3Azpf5d/summary/stats/overall/?mid=tYvoBMvH
[2026-08-16T06:14:32Z] Page loaded. Waiting for statistics DOM...
[2026-08-16T06:14:33Z] Script [readiness] result prefix: {"body_text_length":3240,"ready":true,"row_count":18,"section":"statistics_overall","title":"WOL 1-3 LIV | Wolves v Liverpool 16/09/2023, Stats - Flashscore.com | Match"}
[2026-08-16T06:14:33Z] Reading rendered DOM...
[2026-08-16T06:14:33Z] Executing extraction script for phase 0; length: 5174.
[2026-08-16T06:14:33Z] Script [extract] result prefix: {"schema_version":"1.3","section":"statistics_overall","statistic_period":"overall","source_url":"https://www.flashscore.com/match/football/liverpool-lId4TMwf/wolves-j3Azpf5d/summary/stats/overall/?mid=tYvoBMvH","match_id":"tYvoBMvH","collected_at_utc":"2026-08-16T06:14:33.879Z","page_title":"WOL 1-3 LIV | Wolves v Liverpool 16/09/2023, Stats - Flashscore.com | Match","competition":"WORLD CUP","status":"FINISHED","date_time":"16.09.2023 15:30","home_team":"Wolves","away_team":"Liverpool","score"
[2026-08-16T06:14:33Z] Stored overall statistics: 13 rows.
[2026-08-16T06:14:33Z] Merged section: statistics_overall
[2026-08-16T06:14:34Z] Opening 1st half statistics...
[2026-08-16T06:14:34Z] Navigate: https://www.flashscore.com/match/football/liverpool-lId4TMwf/wolves-j3Azpf5d/summary/stats/1st-half/?mid=tYvoBMvH
[2026-08-16T06:14:36Z] Page loaded. Waiting for statistics DOM...
[2026-08-16T06:14:38Z] Script [readiness] result prefix: {"body_text_length":3233,"ready":true,"row_count":18,"section":"statistics_first_half","title":"WOL 1-3 LIV | Wolves v Liverpool 16/09/2023, Stats - Flashscore.com | Match"}
[2026-08-16T06:14:38Z] Reading rendered DOM...
[2026-08-16T06:14:38Z] Executing extraction script for phase 1; length: 5174.
[2026-08-16T06:14:38Z] Script [extract] result prefix: {"schema_version":"1.3","section":"statistics_first_half","statistic_period":"first_half","source_url":"https://www.flashscore.com/match/football/liverpool-lId4TMwf/wolves-j3Azpf5d/summary/stats/1st-half/?mid=tYvoBMvH","match_id":"tYvoBMvH","collected_at_utc":"2026-08-16T06:14:38.166Z","page_title":"WOL 1-3 LIV | Wolves v Liverpool 16/09/2023, Stats - Flashscore.com | Match","competition":"WORLD CUP","status":"FINISHED","date_time":"16.09.2023 15:30","home_team":"Wolves","away_team":"Liverpool",
[2026-08-16T06:14:38Z] Stored first_half statistics: 13 rows.
[2026-08-16T06:14:38Z] Merged section: statistics_first_half
[2026-08-16T06:14:38Z] Opening 2nd half statistics...
[2026-08-16T06:14:38Z] Navigate: https://www.flashscore.com/match/football/liverpool-lId4TMwf/wolves-j3Azpf5d/summary/stats/2nd-half/?mid=tYvoBMvH
[2026-08-16T06:14:40Z] Page loaded. Waiting for statistics DOM...
[2026-08-16T06:14:41Z] Script [readiness] result prefix: {"body_text_length":3235,"ready":true,"row_count":18,"section":"statistics_second_half","title":"WOL 1-3 LIV | Wolves v Liverpool 16/09/2023, Stats - Flashscore.com | Match"}
[2026-08-16T06:14:41Z] Reading rendered DOM...
[2026-08-16T06:14:41Z] Executing extraction script for phase 2; length: 5174.
[2026-08-16T06:14:41Z] Script [extract] result prefix: {"schema_version":"1.3","section":"statistics_second_half","statistic_period":"second_half","source_url":"https://www.flashscore.com/match/football/liverpool-lId4TMwf/wolves-j3Azpf5d/summary/stats/2nd-half/?mid=tYvoBMvH","match_id":"tYvoBMvH","collected_at_utc":"2026-08-16T06:14:41.681Z","page_title":"WOL 1-3 LIV | Wolves v Liverpool 16/09/2023, Stats - Flashscore.com | Match","competition":"WORLD CUP","status":"FINISHED","date_time":"16.09.2023 15:30","home_team":"Wolves","away_team":"Liverpool
[2026-08-16T06:14:41Z] Stored second_half statistics: 13 rows.
[2026-08-16T06:14:41Z] Merged section: statistics_second_half
[2026-08-16T06:14:42Z] Opening lineups...
[2026-08-16T06:14:42Z] Navigate: https://www.flashscore.com/match/football/liverpool-lId4TMwf/wolves-j3Azpf5d/summary/lineups/?mid=tYvoBMvH
[2026-08-16T06:14:44Z] Page loaded. Waiting for statistics DOM...
[2026-08-16T06:14:45Z] Script [readiness] result prefix: {"body_text_length":4161,"ready":true,"row_count":112,"section":"lineups","title":"WOL 1-3 LIV | Wolves v Liverpool 16/09/2023, Lineups - Flashscore.com | Match"}
[2026-08-16T06:14:45Z] Reading rendered DOM...
[2026-08-16T06:14:45Z] Executing extraction script for phase 4; length: 20701.
[2026-08-16T06:14:45Z] Script [extract] result prefix: {"schema_version":"1.3","section":"lineups","statistic_period":null,"source_url":"https://www.flashscore.com/match/football/liverpool-lId4TMwf/wolves-j3Azpf5d/summary/lineups/?mid=tYvoBMvH","match_id":"tYvoBMvH","collected_at_utc":"2026-08-16T06:14:45.703Z","page_title":"WOL 1-3 LIV | Wolves v Liverpool 16/09/2023, Lineups - Flashscore.com | Match","competition":"WORLD CUP","status":"FINISHED","date_time":"16.09.2023 15:30","home_team":"Wolves","away_team":"Liverpool","score":{"home":"1","away":
[2026-08-16T06:14:45Z] Merged section: lineups
[2026-08-16T06:14:45Z] English Premier League 2023/2024: Player Stats are unavailable in the source profile.
[2026-08-16T06:14:45Z] Marked all Player Stats categories as not_available; collection continues.
[2026-08-16T06:14:46Z] Opening commentary...
[2026-08-16T06:14:46Z] Navigate: https://www.flashscore.com/match/football/liverpool-lId4TMwf/wolves-j3Azpf5d/summary/live-commentary/?mid=tYvoBMvH
[2026-08-16T06:14:48Z] Page loaded. Waiting for statistics DOM...
[2026-08-16T06:14:49Z] Script [readiness] result prefix: {"body_text_length":2731,"ready":true,"row_count":3,"section":"commentary","title":"WOL 1-3 LIV | Wolves v Liverpool 16/09/2023 | Football - Flashscore | Match"}
[2026-08-16T06:14:49Z] Reading rendered DOM...
[2026-08-16T06:14:49Z] Executing extraction script for phase 12; length: 11834.
[2026-08-16T06:14:50Z] Script [extract] result prefix: {"schema_version":"1.3","section":"commentary","statistic_period":null,"source_url":"https://www.flashscore.com/match/football/liverpool-lId4TMwf/wolves-j3Azpf5d/summary/live-commentary/all-comments/?mid=tYvoBMvH","match_id":"tYvoBMvH","collected_at_utc":"2026-08-16T06:14:50.008Z","page_title":"WOL 1-3 LIV | Wolves v Liverpool 16/09/2023 | Football - Flashscore | Match","competition":"WORLD CUP","status":"FINISHED","date_time":"16.09.2023 15:30","home_team":"Wolves","away_team":"Liverpool","scor
[2026-08-16T06:14:50Z] Merged section: commentary
[2026-08-16T06:14:50Z] Saving complete match JSON...
[2026-08-16T06:14:50Z] Player Stats category unavailable; status=not_available: top_stats
[2026-08-16T06:14:50Z] Player Stats category unavailable; status=not_available: shots
[2026-08-16T06:14:50Z] Player Stats category unavailable; status=not_available: attack
[2026-08-16T06:14:50Z] Player Stats category unavailable; status=not_available: passes
[2026-08-16T06:14:50Z] Player Stats category unavailable; status=not_available: defense
[2026-08-16T06:14:50Z] Player Stats category unavailable; status=not_available: goalkeeping
[2026-08-16T06:14:50Z] Player Stats category unavailable; status=not_available: general
[2026-08-16T06:14:50Z] Structured goals, cards and VAR events enriched.
[2026-08-16T06:14:50Z] Saved match JSON with 13 statistics: G:\Mirza\VSCode\FlashscoreFootballCollector_\Data\Matches\PremierLeague\2023_2024\2023-09-16_Wolves_vs_Liverpool_tYvoBMvH.json
[2026-08-16T06:14:50Z] Finished: 2023-09-16_Wolves_vs_Liverpool_tYvoBMvH.json
[2026-08-16T06:14:50Z] Opening overall statistics...
[2026-08-16T06:14:51Z] Navigate: https://www.flashscore.com/match/football/manchester-city-Wtn9Stg0/west-ham-Cxq57r8g/summary/stats/overall/?mid=UcysC2PA
[2026-08-16T06:14:53Z] Page loaded. Waiting for statistics DOM...
[2026-08-16T06:14:55Z] Script [readiness] result prefix: {"body_text_length":3283,"ready":true,"row_count":18,"section":"statistics_overall","title":"WHU 1-3 MCI | West Ham v Manchester City 16/09/2023, Stats - Flashscore.com | Match"}
[2026-08-16T06:14:55Z] Reading rendered DOM...
[2026-08-16T06:14:55Z] Executing extraction script for phase 0; length: 5174.
[2026-08-16T06:14:55Z] Script [extract] result prefix: {"schema_version":"1.3","section":"statistics_overall","statistic_period":"overall","source_url":"https://www.flashscore.com/match/football/manchester-city-Wtn9Stg0/west-ham-Cxq57r8g/summary/stats/overall/?mid=UcysC2PA","match_id":"UcysC2PA","collected_at_utc":"2026-08-16T06:14:55.213Z","page_title":"WHU 1-3 MCI | West Ham v Manchester City 16/09/2023, Stats - Flashscore.com | Match","competition":"WORLD CUP","status":"FINISHED","date_time":"16.09.2023 18:00","home_team":"West Ham","away_team":"
[2026-08-16T06:14:55Z] Stored overall statistics: 13 rows.
[2026-08-16T06:14:55Z] Merged section: statistics_overall
[2026-08-16T06:14:55Z] Opening 1st half statistics...
[2026-08-16T06:14:55Z] Navigate: https://www.flashscore.com/match/football/manchester-city-Wtn9Stg0/west-ham-Cxq57r8g/summary/stats/1st-half/?mid=UcysC2PA
[2026-08-16T06:14:57Z] Page loaded. Waiting for statistics DOM...
[2026-08-16T06:14:58Z] Script [readiness] result prefix: {"body_text_length":3274,"ready":true,"row_count":18,"section":"statistics_first_half","title":"WHU 1-3 MCI | West Ham v Manchester City 16/09/2023, Stats - Flashscore.com | Match"}
[2026-08-16T06:14:58Z] Reading rendered DOM...
[2026-08-16T06:14:58Z] Executing extraction script for phase 1; length: 5174.
[2026-08-16T06:14:58Z] Script [extract] result prefix: {"schema_version":"1.3","section":"statistics_first_half","statistic_period":"first_half","source_url":"https://www.flashscore.com/match/football/manchester-city-Wtn9Stg0/west-ham-Cxq57r8g/summary/stats/1st-half/?mid=UcysC2PA","match_id":"UcysC2PA","collected_at_utc":"2026-08-16T06:14:58.684Z","page_title":"WHU 1-3 MCI | West Ham v Manchester City 16/09/2023, Stats - Flashscore.com | Match","competition":"WORLD CUP","status":"FINISHED","date_time":"16.09.2023 18:00","home_team":"West Ham","away_
[2026-08-16T06:14:58Z] Stored first_half statistics: 13 rows.
[2026-08-16T06:14:58Z] Merged section: statistics_first_half
[2026-08-16T06:14:58Z] Opening 2nd half statistics...
[2026-08-16T06:14:58Z] Navigate: https://www.flashscore.com/match/football/manchester-city-Wtn9Stg0/west-ham-Cxq57r8g/summary/stats/2nd-half/?mid=UcysC2PA
[2026-08-16T06:15:00Z] Page loaded. Waiting for statistics DOM...
[2026-08-16T06:15:02Z] Script [readiness] result prefix: {"body_text_length":3273,"ready":true,"row_count":18,"section":"statistics_second_half","title":"WHU 1-3 MCI | West Ham v Manchester City 16/09/2023, Stats - Flashscore.com | Match"}
[2026-08-16T06:15:02Z] Reading rendered DOM...
[2026-08-16T06:15:02Z] Executing extraction script for phase 2; length: 5174.
[2026-08-16T06:15:02Z] Script [extract] result prefix: {"schema_version":"1.3","section":"statistics_second_half","statistic_period":"second_half","source_url":"https://www.flashscore.com/match/football/manchester-city-Wtn9Stg0/west-ham-Cxq57r8g/summary/stats/2nd-half/?mid=UcysC2PA","match_id":"UcysC2PA","collected_at_utc":"2026-08-16T06:15:02.435Z","page_title":"WHU 1-3 MCI | West Ham v Manchester City 16/09/2023, Stats - Flashscore.com | Match","competition":"WORLD CUP","status":"FINISHED","date_time":"16.09.2023 18:00","home_team":"West Ham","awa
[2026-08-16T06:15:02Z] Stored second_half statistics: 13 rows.
[2026-08-16T06:15:02Z] Merged section: statistics_second_half
[2026-08-16T06:15:02Z] Opening lineups...
[2026-08-16T06:15:02Z] Navigate: https://www.flashscore.com/match/football/manchester-city-Wtn9Stg0/west-ham-Cxq57r8g/summary/lineups/?mid=UcysC2PA
[2026-08-16T06:15:04Z] Page loaded. Waiting for statistics DOM...
[2026-08-16T06:15:06Z] Script [readiness] result prefix: {"body_text_length":4015,"ready":true,"row_count":105,"section":"lineups","title":"WHU 1-3 MCI | West Ham v Manchester City 16/09/2023, Lineups - Flashscore.com | Match"}
[2026-08-16T06:15:06Z] Reading rendered DOM...
[2026-08-16T06:15:06Z] Executing extraction script for phase 4; length: 20701.
[2026-08-16T06:15:06Z] Script [extract] result prefix: {"schema_version":"1.3","section":"lineups","statistic_period":null,"source_url":"https://www.flashscore.com/match/football/manchester-city-Wtn9Stg0/west-ham-Cxq57r8g/summary/lineups/?mid=UcysC2PA","match_id":"UcysC2PA","collected_at_utc":"2026-08-16T06:15:06.164Z","page_title":"WHU 1-3 MCI | West Ham v Manchester City 16/09/2023, Lineups - Flashscore.com | Match","competition":"WORLD CUP","status":"FINISHED","date_time":"16.09.2023 18:00","home_team":"West Ham","away_team":"Manchester City","sc
[2026-08-16T06:15:06Z] Merged section: lineups
[2026-08-16T06:15:06Z] English Premier League 2023/2024: Player Stats are unavailable in the source profile.
[2026-08-16T06:15:06Z] Marked all Player Stats categories as not_available; collection continues.
[2026-08-16T06:15:06Z] Opening commentary...
[2026-08-16T06:15:06Z] Navigate: https://www.flashscore.com/match/football/manchester-city-Wtn9Stg0/west-ham-Cxq57r8g/summary/live-commentary/?mid=UcysC2PA
[2026-08-16T06:15:08Z] Page loaded. Waiting for statistics DOM...
[2026-08-16T06:15:10Z] Script [readiness] result prefix: {"body_text_length":11791,"ready":true,"row_count":221,"section":"commentary","title":"WHU 1-3 MCI | West Ham v Manchester City 16/09/2023 | Football - Flashscore | Match"}
[2026-08-16T06:15:10Z] Reading rendered DOM...
[2026-08-16T06:15:10Z] Executing extraction script for phase 12; length: 11834.
[2026-08-16T06:15:10Z] Script [extract] result prefix: {"schema_version":"1.3","section":"commentary","statistic_period":null,"source_url":"https://www.flashscore.com/match/football/manchester-city-Wtn9Stg0/west-ham-Cxq57r8g/summary/live-commentary/all-comments/?mid=UcysC2PA","match_id":"UcysC2PA","collected_at_utc":"2026-08-16T06:15:10.115Z","page_title":"WHU 1-3 MCI | West Ham v Manchester City 16/09/2023 | Football - Flashscore | Match","competition":"WORLD CUP","status":"FINISHED","date_time":"16.09.2023 18:00","home_team":"West Ham","away_team"
[2026-08-16T06:15:10Z] Merged section: commentary
[2026-08-16T06:15:10Z] Saving complete match JSON...
[2026-08-16T06:15:10Z] Player Stats category unavailable; status=not_available: top_stats
[2026-08-16T06:15:10Z] Player Stats category unavailable; status=not_available: shots
[2026-08-16T06:15:11Z] Player Stats category unavailable; status=not_available: attack
[2026-08-16T06:15:11Z] Player Stats category unavailable; status=not_available: passes
[2026-08-16T06:15:11Z] Player Stats category unavailable; status=not_available: defense
[2026-08-16T06:15:11Z] Player Stats category unavailable; status=not_available: goalkeeping
[2026-08-16T06:15:11Z] Player Stats category unavailable; status=not_available: general
[2026-08-16T06:15:11Z] Structured goals, cards and VAR events enriched.
[2026-08-16T06:15:11Z] Saved match JSON with 13 statistics: G:\Mirza\VSCode\FlashscoreFootballCollector_\Data\Matches\PremierLeague\2023_2024\2023-09-16_West_Ham_vs_Manchester_City_UcysC2PA.json
[2026-08-16T06:15:11Z] Finished: 2023-09-16_West_Ham_vs_Manchester_City_UcysC2PA.json
[2026-08-16T06:15:11Z] Opening overall statistics...
[2026-08-16T06:15:11Z] Navigate: https://www.flashscore.com/match/football/sheffield-utd-MeKPSerA/tottenham-UDg08Ohm/summary/stats/overall/?mid=nZoxDrA4
[2026-08-16T06:15:13Z] Page loaded. Waiting for statistics DOM...
[2026-08-16T06:15:15Z] Script [readiness] result prefix: {"body_text_length":3326,"ready":true,"row_count":19,"section":"statistics_overall","title":"TOT 2-1 SHU | Tottenham Hotspur v Sheffield Utd 16/09/2023, Stats - Flashscore.com | Match"}
[2026-08-16T06:15:15Z] Reading rendered DOM...
[2026-08-16T06:15:15Z] Executing extraction script for phase 0; length: 5174.
[2026-08-16T06:15:15Z] Script [extract] result prefix: {"schema_version":"1.3","section":"statistics_overall","statistic_period":"overall","source_url":"https://www.flashscore.com/match/football/sheffield-utd-MeKPSerA/tottenham-UDg08Ohm/summary/stats/overall/?mid=nZoxDrA4","match_id":"nZoxDrA4","collected_at_utc":"2026-08-16T06:15:15.498Z","page_title":"TOT 2-1 SHU | Tottenham Hotspur v Sheffield Utd 16/09/2023, Stats - Flashscore.com | Match","competition":"WORLD CUP","status":"FINISHED","date_time":"16.09.2023 18:00","home_team":"Tottenham","away_
[2026-08-16T06:15:15Z] Stored overall statistics: 14 rows.
[2026-08-16T06:15:15Z] Merged section: statistics_overall
[2026-08-16T06:15:15Z] Opening 1st half statistics...
[2026-08-16T06:15:15Z] Navigate: https://www.flashscore.com/match/football/sheffield-utd-MeKPSerA/tottenham-UDg08Ohm/summary/stats/1st-half/?mid=nZoxDrA4
[2026-08-16T06:15:18Z] Page loaded. Waiting for statistics DOM...
[2026-08-16T06:15:20Z] Script [readiness] result prefix: {"body_text_length":3302,"ready":true,"row_count":18,"section":"statistics_first_half","title":"TOT 2-1 SHU | Tottenham Hotspur v Sheffield Utd 16/09/2023, Stats - Flashscore.com | Match"}
[2026-08-16T06:15:20Z] Reading rendered DOM...
[2026-08-16T06:15:20Z] Executing extraction script for phase 1; length: 5174.
[2026-08-16T06:15:20Z] Script [extract] result prefix: {"schema_version":"1.3","section":"statistics_first_half","statistic_period":"first_half","source_url":"https://www.flashscore.com/match/football/sheffield-utd-MeKPSerA/tottenham-UDg08Ohm/summary/stats/1st-half/?mid=nZoxDrA4","match_id":"nZoxDrA4","collected_at_utc":"2026-08-16T06:15:20.409Z","page_title":"TOT 2-1 SHU | Tottenham Hotspur v Sheffield Utd 16/09/2023, Stats - Flashscore.com | Match","competition":"WORLD CUP","status":"FINISHED","date_time":"16.09.2023 18:00","home_team":"Tottenham"
[2026-08-16T06:15:20Z] Stored first_half statistics: 13 rows.
[2026-08-16T06:15:20Z] Merged section: statistics_first_half
[2026-08-16T06:15:20Z] Opening 2nd half statistics...
[2026-08-16T06:15:20Z] Navigate: https://www.flashscore.com/match/football/sheffield-utd-MeKPSerA/tottenham-UDg08Ohm/summary/stats/2nd-half/?mid=nZoxDrA4
[2026-08-16T06:15:22Z] Page loaded. Waiting for statistics DOM...
[2026-08-16T06:15:24Z] Script [readiness] result prefix: {"body_text_length":3320,"ready":true,"row_count":19,"section":"statistics_second_half","title":"TOT 2-1 SHU | Tottenham Hotspur v Sheffield Utd 16/09/2023, Stats - Flashscore.com | Match"}
[2026-08-16T06:15:24Z] Reading rendered DOM...
[2026-08-16T06:15:24Z] Executing extraction script for phase 2; length: 5174.
[2026-08-16T06:15:24Z] Script [extract] result prefix: {"schema_version":"1.3","section":"statistics_second_half","statistic_period":"second_half","source_url":"https://www.flashscore.com/match/football/sheffield-utd-MeKPSerA/tottenham-UDg08Ohm/summary/stats/2nd-half/?mid=nZoxDrA4","match_id":"nZoxDrA4","collected_at_utc":"2026-08-16T06:15:24.378Z","page_title":"TOT 2-1 SHU | Tottenham Hotspur v Sheffield Utd 16/09/2023, Stats - Flashscore.com | Match","competition":"WORLD CUP","status":"FINISHED","date_time":"16.09.2023 18:00","home_team":"Tottenha
[2026-08-16T06:15:24Z] Stored second_half statistics: 14 rows.
[2026-08-16T06:15:24Z] Merged section: statistics_second_half
[2026-08-16T06:15:24Z] Opening lineups...
[2026-08-16T06:15:24Z] Navigate: https://www.flashscore.com/match/football/sheffield-utd-MeKPSerA/tottenham-UDg08Ohm/summary/lineups/?mid=nZoxDrA4
[2026-08-16T06:15:26Z] Page loaded. Waiting for statistics DOM...
[2026-08-16T06:15:28Z] Script [readiness] result prefix: {"body_text_length":4453,"ready":true,"row_count":116,"section":"lineups","title":"TOT 2-1 SHU | Tottenham Hotspur v Sheffield Utd 16/09/2023, Lineups - Flashscore.com | Match"}
[2026-08-16T06:15:28Z] Reading rendered DOM...
[2026-08-16T06:15:28Z] Executing extraction script for phase 4; length: 20701.
[2026-08-16T06:15:28Z] Script [extract] result prefix: {"schema_version":"1.3","section":"lineups","statistic_period":null,"source_url":"https://www.flashscore.com/match/football/sheffield-utd-MeKPSerA/tottenham-UDg08Ohm/summary/lineups/?mid=nZoxDrA4","match_id":"nZoxDrA4","collected_at_utc":"2026-08-16T06:15:28.242Z","page_title":"TOT 2-1 SHU | Tottenham Hotspur v Sheffield Utd 16/09/2023, Lineups - Flashscore.com | Match","competition":"WORLD CUP","status":"FINISHED","date_time":"16.09.2023 18:00","home_team":"Tottenham","away_team":"Sheffield Utd
[2026-08-16T06:15:28Z] Merged section: lineups
[2026-08-16T06:15:28Z] English Premier League 2023/2024: Player Stats are unavailable in the source profile.
[2026-08-16T06:15:28Z] Marked all Player Stats categories as not_available; collection continues.
[2026-08-16T06:15:28Z] Opening commentary...
[2026-08-16T06:15:28Z] Navigate: https://www.flashscore.com/match/football/sheffield-utd-MeKPSerA/tottenham-UDg08Ohm/summary/live-commentary/?mid=nZoxDrA4
[2026-08-16T06:15:30Z] Page loaded. Waiting for statistics DOM...
[2026-08-16T06:15:32Z] Script [readiness] result prefix: {"body_text_length":15852,"ready":true,"row_count":318,"section":"commentary","title":"TOT 2-1 SHU | Tottenham Hotspur v Sheffield Utd 16/09/2023 | Football - Flashscore | Match"}
[2026-08-16T06:15:32Z] Reading rendered DOM...
[2026-08-16T06:15:32Z] Executing extraction script for phase 12; length: 11834.
[2026-08-16T06:15:32Z] Script [extract] result prefix: {"schema_version":"1.3","section":"commentary","statistic_period":null,"source_url":"https://www.flashscore.com/match/football/sheffield-utd-MeKPSerA/tottenham-UDg08Ohm/summary/live-commentary/all-comments/?mid=nZoxDrA4","match_id":"nZoxDrA4","collected_at_utc":"2026-08-16T06:15:32.162Z","page_title":"TOT 2-1 SHU | Tottenham Hotspur v Sheffield Utd 16/09/2023 | Football - Flashscore | Match","competition":"WORLD CUP","status":"FINISHED","date_time":"16.09.2023 18:00","home_team":"Tottenham","awa
[2026-08-16T06:15:32Z] Merged section: commentary
[2026-08-16T06:15:32Z] Saving complete match JSON...
[2026-08-16T06:15:32Z] Player Stats category unavailable; status=not_available: top_stats
[2026-08-16T06:15:32Z] Player Stats category unavailable; status=not_available: shots
[2026-08-16T06:15:32Z] Player Stats category unavailable; status=not_available: attack
[2026-08-16T06:15:32Z] Player Stats category unavailable; status=not_available: passes
[2026-08-16T06:15:32Z] Player Stats category unavailable; status=not_available: defense
[2026-08-16T06:15:32Z] Player Stats category unavailable; status=not_available: goalkeeping
[2026-08-16T06:15:32Z] Player Stats category unavailable; status=not_available: general
[2026-08-16T06:15:32Z] Structured goals, cards and VAR events enriched.
[2026-08-16T06:15:32Z] Saved match JSON with 14 statistics: G:\Mirza\VSCode\FlashscoreFootballCollector_\Data\Matches\PremierLeague\2023_2024\2023-09-16_Tottenham_vs_Sheffield_Utd_nZoxDrA4.json
[2026-08-16T06:15:32Z] Finished: 2023-09-16_Tottenham_vs_Sheffield_Utd_nZoxDrA4.json
[2026-08-16T06:15:32Z] Opening overall statistics...
[2026-08-16T06:15:32Z] Navigate: https://www.flashscore.com/match/football/brighton-2XrRecc3/manchester-united-ppjDR086/summary/stats/overall/?mid=0IqQFpQo
[2026-08-16T06:15:34Z] Page loaded. Waiting for statistics DOM...
[2026-08-16T06:15:36Z] Script [readiness] result prefix: {"body_text_length":3275,"ready":true,"row_count":18,"section":"statistics_overall","title":"MNU 1-3 BHA | Manchester Utd v Brighton 16/09/2023, Stats - Flashscore.com | Match"}
[2026-08-16T06:15:36Z] Reading rendered DOM...
[2026-08-16T06:15:36Z] Executing extraction script for phase 0; length: 5174.
[2026-08-16T06:15:36Z] Script [extract] result prefix: {"schema_version":"1.3","section":"statistics_overall","statistic_period":"overall","source_url":"https://www.flashscore.com/match/football/brighton-2XrRecc3/manchester-united-ppjDR086/summary/stats/overall/?mid=0IqQFpQo","match_id":"0IqQFpQo","collected_at_utc":"2026-08-16T06:15:36.532Z","page_title":"MNU 1-3 BHA | Manchester Utd v Brighton 16/09/2023, Stats - Flashscore.com | Match","competition":"WORLD CUP","status":"FINISHED","date_time":"16.09.2023 18:00","home_team":"Manchester Utd","away_
[2026-08-16T06:15:36Z] Stored overall statistics: 13 rows.
[2026-08-16T06:15:36Z] Merged section: statistics_overall
[2026-08-16T06:15:36Z] Opening 1st half statistics...
[2026-08-16T06:15:36Z] Navigate: https://www.flashscore.com/match/football/brighton-2XrRecc3/manchester-united-ppjDR086/summary/stats/1st-half/?mid=0IqQFpQo
[2026-08-16T06:15:38Z] Page loaded. Waiting for statistics DOM...
[2026-08-16T06:15:39Z] Script [readiness] result prefix: {"body_text_length":3266,"ready":true,"row_count":18,"section":"statistics_first_half","title":"MNU 1-3 BHA | Manchester Utd v Brighton 16/09/2023, Stats - Flashscore.com | Match"}
[2026-08-16T06:15:39Z] Reading rendered DOM...
[2026-08-16T06:15:39Z] Executing extraction script for phase 1; length: 5174.
[2026-08-16T06:15:39Z] Script [extract] result prefix: {"schema_version":"1.3","section":"statistics_first_half","statistic_period":"first_half","source_url":"https://www.flashscore.com/match/football/brighton-2XrRecc3/manchester-united-ppjDR086/summary/stats/1st-half/?mid=0IqQFpQo","match_id":"0IqQFpQo","collected_at_utc":"2026-08-16T06:15:39.807Z","page_title":"MNU 1-3 BHA | Manchester Utd v Brighton 16/09/2023, Stats - Flashscore.com | Match","competition":"WORLD CUP","status":"FINISHED","date_time":"16.09.2023 18:00","home_team":"Manchester Utd"
[2026-08-16T06:15:39Z] Stored first_half statistics: 13 rows.
[2026-08-16T06:15:39Z] Merged section: statistics_first_half
[2026-08-16T06:15:39Z] Opening 2nd half statistics...
[2026-08-16T06:15:40Z] Navigate: https://www.flashscore.com/match/football/brighton-2XrRecc3/manchester-united-ppjDR086/summary/stats/2nd-half/?mid=0IqQFpQo
[2026-08-16T06:15:41Z] Page loaded. Waiting for statistics DOM...
[2026-08-16T06:15:43Z] Script [readiness] result prefix: {"body_text_length":3266,"ready":true,"row_count":18,"section":"statistics_second_half","title":"MNU 1-3 BHA | Manchester Utd v Brighton 16/09/2023, Stats - Flashscore.com | Match"}
[2026-08-16T06:15:43Z] Reading rendered DOM...
[2026-08-16T06:15:43Z] Executing extraction script for phase 2; length: 5174.
[2026-08-16T06:15:43Z] Script [extract] result prefix: {"schema_version":"1.3","section":"statistics_second_half","statistic_period":"second_half","source_url":"https://www.flashscore.com/match/football/brighton-2XrRecc3/manchester-united-ppjDR086/summary/stats/2nd-half/?mid=0IqQFpQo","match_id":"0IqQFpQo","collected_at_utc":"2026-08-16T06:15:43.578Z","page_title":"MNU 1-3 BHA | Manchester Utd v Brighton 16/09/2023, Stats - Flashscore.com | Match","competition":"WORLD CUP","status":"FINISHED","date_time":"16.09.2023 18:00","home_team":"Manchester Ut
[2026-08-16T06:15:43Z] Stored second_half statistics: 13 rows.
[2026-08-16T06:15:43Z] Merged section: statistics_second_half
[2026-08-16T06:15:43Z] Opening lineups...
[2026-08-16T06:15:43Z] Navigate: https://www.flashscore.com/match/football/brighton-2XrRecc3/manchester-united-ppjDR086/summary/lineups/?mid=0IqQFpQo
[2026-08-16T06:15:47Z] Page loaded. Waiting for statistics DOM...
[2026-08-16T06:15:49Z] Script [readiness] result prefix: {"body_text_length":4408,"ready":true,"row_count":120,"section":"lineups","title":"MNU 1-3 BHA | Manchester Utd v Brighton 16/09/2023, Lineups - Flashscore.com | Match"}
[2026-08-16T06:15:49Z] Reading rendered DOM...
[2026-08-16T06:15:49Z] Executing extraction script for phase 4; length: 20701.
[2026-08-16T06:15:49Z] Script [extract] result prefix: {"schema_version":"1.3","section":"lineups","statistic_period":null,"source_url":"https://www.flashscore.com/match/football/brighton-2XrRecc3/manchester-united-ppjDR086/summary/lineups/?mid=0IqQFpQo","match_id":"0IqQFpQo","collected_at_utc":"2026-08-16T06:15:49.249Z","page_title":"MNU 1-3 BHA | Manchester Utd v Brighton 16/09/2023, Lineups - Flashscore.com | Match","competition":"WORLD CUP","status":"FINISHED","date_time":"16.09.2023 18:00","home_team":"Manchester Utd","away_team":"Brighton","sc
[2026-08-16T06:15:49Z] Merged section: lineups
[2026-08-16T06:15:49Z] English Premier League 2023/2024: Player Stats are unavailable in the source profile.
[2026-08-16T06:15:49Z] Marked all Player Stats categories as not_available; collection continues.
[2026-08-16T06:15:49Z] Opening commentary...
[2026-08-16T06:15:49Z] Navigate: https://www.flashscore.com/match/football/brighton-2XrRecc3/manchester-united-ppjDR086/summary/live-commentary/?mid=0IqQFpQo
[2026-08-16T06:15:52Z] Page loaded. Waiting for statistics DOM...
[2026-08-16T06:15:54Z] Script [readiness] result prefix: {"body_text_length":13389,"ready":true,"row_count":240,"section":"commentary","title":"MNU 1-3 BHA | Manchester Utd v Brighton 16/09/2023 | Football - Flashscore | Match"}
[2026-08-16T06:15:54Z] Reading rendered DOM...
[2026-08-16T06:15:54Z] Executing extraction script for phase 12; length: 11834.
[2026-08-16T06:15:54Z] Script [extract] result prefix: {"schema_version":"1.3","section":"commentary","statistic_period":null,"source_url":"https://www.flashscore.com/match/football/brighton-2XrRecc3/manchester-united-ppjDR086/summary/live-commentary/all-comments/?mid=0IqQFpQo","match_id":"0IqQFpQo","collected_at_utc":"2026-08-16T06:15:54.355Z","page_title":"MNU 1-3 BHA | Manchester Utd v Brighton 16/09/2023 | Football - Flashscore | Match","competition":"WORLD CUP","status":"FINISHED","date_time":"16.09.2023 18:00","home_team":"Manchester Utd","awa
[2026-08-16T06:15:54Z] Merged section: commentary
[2026-08-16T06:15:54Z] Saving complete match JSON...
[2026-08-16T06:15:54Z] Player Stats category unavailable; status=not_available: top_stats
[2026-08-16T06:15:54Z] Player Stats category unavailable; status=not_available: shots
[2026-08-16T06:15:54Z] Player Stats category unavailable; status=not_available: attack
[2026-08-16T06:15:54Z] Player Stats category unavailable; status=not_available: passes
[2026-08-16T06:15:54Z] Player Stats category unavailable; status=not_available: defense
[2026-08-16T06:15:55Z] Player Stats category unavailable; status=not_available: goalkeeping
[2026-08-16T06:15:55Z] Player Stats category unavailable; status=not_available: general
[2026-08-16T06:15:55Z] Structured goals, cards and VAR events enriched.
[2026-08-16T06:15:55Z] Saved match JSON with 13 statistics: G:\Mirza\VSCode\FlashscoreFootballCollector_\Data\Matches\PremierLeague\2023_2024\2023-09-16_Manchester_Utd_vs_Brighton_0IqQFpQo.json
[2026-08-16T06:15:55Z] Finished: 2023-09-16_Manchester_Utd_vs_Brighton_0IqQFpQo.json
[2026-08-16T06:15:56Z] Opening overall statistics...
[2026-08-16T06:15:56Z] Navigate: https://www.flashscore.com/match/football/fulham-69ZiU2Om/luton-SlybbadF/summary/stats/overall/?mid=bD5si1mo
[2026-08-16T06:15:58Z] Page loaded. Waiting for statistics DOM...
[2026-08-16T06:16:00Z] Script [readiness] result prefix: {"body_text_length":3218,"ready":true,"row_count":18,"section":"statistics_overall","title":"FUL 1-0 LUT | Fulham v Luton 16/09/2023, Stats - Flashscore.com | Match"}
[2026-08-16T06:16:00Z] Reading rendered DOM...
[2026-08-16T06:16:00Z] Executing extraction script for phase 0; length: 5174.
[2026-08-16T06:16:00Z] Script [extract] result prefix: {"schema_version":"1.3","section":"statistics_overall","statistic_period":"overall","source_url":"https://www.flashscore.com/match/football/fulham-69ZiU2Om/luton-SlybbadF/summary/stats/overall/?mid=bD5si1mo","match_id":"bD5si1mo","collected_at_utc":"2026-08-16T06:16:00.394Z","page_title":"FUL 1-0 LUT | Fulham v Luton 16/09/2023, Stats - Flashscore.com | Match","competition":"WORLD CUP","status":"FINISHED","date_time":"16.09.2023 18:00","home_team":"Fulham","away_team":"Luton","score":{"home":"1"
[2026-08-16T06:16:00Z] Stored overall statistics: 13 rows.
[2026-08-16T06:16:00Z] Merged section: statistics_overall
[2026-08-16T06:16:00Z] Opening 1st half statistics...
[2026-08-16T06:16:00Z] Navigate: https://www.flashscore.com/match/football/fulham-69ZiU2Om/luton-SlybbadF/summary/stats/1st-half/?mid=bD5si1mo
[2026-08-16T06:16:02Z] Page loaded. Waiting for statistics DOM...
[2026-08-16T06:16:03Z] Script [readiness] result prefix: {"body_text_length":3212,"ready":true,"row_count":18,"section":"statistics_first_half","title":"FUL 1-0 LUT | Fulham v Luton 16/09/2023, Stats - Flashscore.com | Match"}
[2026-08-16T06:16:03Z] Reading rendered DOM...
[2026-08-16T06:16:03Z] Executing extraction script for phase 1; length: 5174.
[2026-08-16T06:16:03Z] Script [extract] result prefix: {"schema_version":"1.3","section":"statistics_first_half","statistic_period":"first_half","source_url":"https://www.flashscore.com/match/football/fulham-69ZiU2Om/luton-SlybbadF/summary/stats/1st-half/?mid=bD5si1mo","match_id":"bD5si1mo","collected_at_utc":"2026-08-16T06:16:03.883Z","page_title":"FUL 1-0 LUT | Fulham v Luton 16/09/2023, Stats - Flashscore.com | Match","competition":"WORLD CUP","status":"FINISHED","date_time":"16.09.2023 18:00","home_team":"Fulham","away_team":"Luton","score":{"ho
[2026-08-16T06:16:03Z] Stored first_half statistics: 13 rows.
[2026-08-16T06:16:04Z] Merged section: statistics_first_half
[2026-08-16T06:16:04Z] Opening 2nd half statistics...
[2026-08-16T06:16:04Z] Navigate: https://www.flashscore.com/match/football/fulham-69ZiU2Om/luton-SlybbadF/summary/stats/2nd-half/?mid=bD5si1mo
[2026-08-16T06:16:06Z] Page loaded. Waiting for statistics DOM...
[2026-08-16T06:16:07Z] Script [readiness] result prefix: {"body_text_length":3196,"ready":true,"row_count":17,"section":"statistics_second_half","title":"FUL 1-0 LUT | Fulham v Luton 16/09/2023, Stats - Flashscore.com | Match"}
[2026-08-16T06:16:07Z] Reading rendered DOM...
[2026-08-16T06:16:08Z] Executing extraction script for phase 2; length: 5174.
[2026-08-16T06:16:08Z] Script [extract] result prefix: {"schema_version":"1.3","section":"statistics_second_half","statistic_period":"second_half","source_url":"https://www.flashscore.com/match/football/fulham-69ZiU2Om/luton-SlybbadF/summary/stats/2nd-half/?mid=bD5si1mo","match_id":"bD5si1mo","collected_at_utc":"2026-08-16T06:16:08.073Z","page_title":"FUL 1-0 LUT | Fulham v Luton 16/09/2023, Stats - Flashscore.com | Match","competition":"WORLD CUP","status":"FINISHED","date_time":"16.09.2023 18:00","home_team":"Fulham","away_team":"Luton","score":{"
[2026-08-16T06:16:08Z] Stored second_half statistics: 12 rows.
[2026-08-16T06:16:08Z] Merged section: statistics_second_half
[2026-08-16T06:16:08Z] Opening lineups...
[2026-08-16T06:16:08Z] Navigate: https://www.flashscore.com/match/football/fulham-69ZiU2Om/luton-SlybbadF/summary/lineups/?mid=bD5si1mo
[2026-08-16T06:16:10Z] Page loaded. Waiting for statistics DOM...
[2026-08-16T06:16:12Z] Script [readiness] result prefix: {"body_text_length":4165,"ready":true,"row_count":114,"section":"lineups","title":"FUL 1-0 LUT | Fulham v Luton 16/09/2023, Lineups - Flashscore.com | Match"}
[2026-08-16T06:16:12Z] Reading rendered DOM...
[2026-08-16T06:16:12Z] Executing extraction script for phase 4; length: 20701.
[2026-08-16T06:16:12Z] Script [extract] result prefix: {"schema_version":"1.3","section":"lineups","statistic_period":null,"source_url":"https://www.flashscore.com/match/football/fulham-69ZiU2Om/luton-SlybbadF/summary/lineups/?mid=bD5si1mo","match_id":"bD5si1mo","collected_at_utc":"2026-08-16T06:16:12.270Z","page_title":"FUL 1-0 LUT | Fulham v Luton 16/09/2023, Lineups - Flashscore.com | Match","competition":"WORLD CUP","status":"FINISHED","date_time":"16.09.2023 18:00","home_team":"Fulham","away_team":"Luton","score":{"home":"1","away":"0","display
[2026-08-16T06:16:12Z] Merged section: lineups
[2026-08-16T06:16:12Z] English Premier League 2023/2024: Player Stats are unavailable in the source profile.
[2026-08-16T06:16:12Z] Marked all Player Stats categories as not_available; collection continues.
[2026-08-16T06:16:12Z] Opening commentary...
[2026-08-16T06:16:12Z] Navigate: https://www.flashscore.com/match/football/fulham-69ZiU2Om/luton-SlybbadF/summary/live-commentary/?mid=bD5si1mo
[2026-08-16T06:16:15Z] Page loaded. Waiting for statistics DOM...
[2026-08-16T06:16:16Z] Script [readiness] result prefix: {"body_text_length":12989,"ready":true,"row_count":214,"section":"commentary","title":"FUL 1-0 LUT | Fulham v Luton 16/09/2023 | Football - Flashscore | Match"}
[2026-08-16T06:16:16Z] Reading rendered DOM...
[2026-08-16T06:16:16Z] Executing extraction script for phase 12; length: 11834.
[2026-08-16T06:16:16Z] Script [extract] result prefix: {"schema_version":"1.3","section":"commentary","statistic_period":null,"source_url":"https://www.flashscore.com/match/football/fulham-69ZiU2Om/luton-SlybbadF/summary/live-commentary/all-comments/?mid=bD5si1mo","match_id":"bD5si1mo","collected_at_utc":"2026-08-16T06:16:16.713Z","page_title":"FUL 1-0 LUT | Fulham v Luton 16/09/2023 | Football - Flashscore | Match","competition":"WORLD CUP","status":"FINISHED","date_time":"16.09.2023 18:00","home_team":"Fulham","away_team":"Luton","score":{"home":"
[2026-08-16T06:16:16Z] Merged section: commentary
[2026-08-16T06:16:17Z] Saving complete match JSON...
[2026-08-16T06:16:17Z] Player Stats category unavailable; status=not_available: top_stats
[2026-08-16T06:16:17Z] Player Stats category unavailable; status=not_available: shots
[2026-08-16T06:16:17Z] Player Stats category unavailable; status=not_available: attack
[2026-08-16T06:16:17Z] Player Stats category unavailable; status=not_available: passes
[2026-08-16T06:16:18Z] Player Stats category unavailable; status=not_available: defense
[2026-08-16T06:16:18Z] Player Stats category unavailable; status=not_available: goalkeeping
[2026-08-16T06:16:18Z] Player Stats category unavailable; status=not_available: general
[2026-08-16T06:16:18Z] Structured goals, cards and VAR events enriched.
[2026-08-16T06:16:18Z] Saved match JSON with 13 statistics: G:\Mirza\VSCode\FlashscoreFootballCollector_\Data\Matches\PremierLeague\2023_2024\2023-09-16_Fulham_vs_Luton_bD5si1mo.json
[2026-08-16T06:16:18Z] Finished: 2023-09-16_Fulham_vs_Luton_bD5si1mo.json
[2026-08-16T06:16:18Z] Opening overall statistics...
[2026-08-16T06:16:18Z] Navigate: https://www.flashscore.com/match/football/aston-villa-W00wmLO0/crystal-palace-AovF1Mia/summary/stats/overall/?mid=SUEBdNPN
[2026-08-16T06:16:20Z] Page loaded. Waiting for statistics DOM...
[2026-08-16T06:16:22Z] Script [readiness] result prefix: {"body_text_length":2827,"ready":false,"row_count":0,"section":"statistics_overall","title":"AST 3-1 CRY | Aston Villa v Crystal Palace 16/09/2023, Stats - Flashscore.com | Match"}
[2026-08-16T06:16:22Z] DOM not ready; statistic rows: 0
[2026-08-16T06:16:23Z] Script [readiness] result prefix: {"body_text_length":3288,"ready":true,"row_count":18,"section":"statistics_overall","title":"AST 3-1 CRY | Aston Villa v Crystal Palace 16/09/2023, Stats - Flashscore.com | Match"}
[2026-08-16T06:16:23Z] Reading rendered DOM...
[2026-08-16T06:16:24Z] Executing extraction script for phase 0; length: 5174.
[2026-08-16T06:16:24Z] Script [extract] result prefix: {"schema_version":"1.3","section":"statistics_overall","statistic_period":"overall","source_url":"https://www.flashscore.com/match/football/aston-villa-W00wmLO0/crystal-palace-AovF1Mia/summary/stats/overall/?mid=SUEBdNPN","match_id":"SUEBdNPN","collected_at_utc":"2026-08-16T06:16:24.090Z","page_title":"AST 3-1 CRY | Aston Villa v Crystal Palace 16/09/2023, Stats - Flashscore.com | Match","competition":"WORLD CUP","status":"FINISHED","date_time":"16.09.2023 18:00","home_team":"Aston Villa","away_
[2026-08-16T06:16:24Z] Stored overall statistics: 13 rows.
[2026-08-16T06:16:24Z] Merged section: statistics_overall
[2026-08-16T06:16:24Z] Opening 1st half statistics...
[2026-08-16T06:16:24Z] Navigate: https://www.flashscore.com/match/football/aston-villa-W00wmLO0/crystal-palace-AovF1Mia/summary/stats/1st-half/?mid=SUEBdNPN
[2026-08-16T06:16:25Z] Page loaded. Waiting for statistics DOM...
[2026-08-16T06:16:27Z] Script [readiness] result prefix: {"body_text_length":3282,"ready":true,"row_count":18,"section":"statistics_first_half","title":"AST 3-1 CRY | Aston Villa v Crystal Palace 16/09/2023, Stats - Flashscore.com | Match"}
[2026-08-16T06:16:27Z] Reading rendered DOM...
[2026-08-16T06:16:27Z] Executing extraction script for phase 1; length: 5174.
[2026-08-16T06:16:27Z] Script [extract] result prefix: {"schema_version":"1.3","section":"statistics_first_half","statistic_period":"first_half","source_url":"https://www.flashscore.com/match/football/aston-villa-W00wmLO0/crystal-palace-AovF1Mia/summary/stats/1st-half/?mid=SUEBdNPN","match_id":"SUEBdNPN","collected_at_utc":"2026-08-16T06:16:27.487Z","page_title":"AST 3-1 CRY | Aston Villa v Crystal Palace 16/09/2023, Stats - Flashscore.com | Match","competition":"WORLD CUP","status":"FINISHED","date_time":"16.09.2023 18:00","home_team":"Aston Villa"
[2026-08-16T06:16:27Z] Stored first_half statistics: 13 rows.
[2026-08-16T06:16:27Z] Merged section: statistics_first_half
[2026-08-16T06:16:27Z] Opening 2nd half statistics...
[2026-08-16T06:16:28Z] Navigate: https://www.flashscore.com/match/football/aston-villa-W00wmLO0/crystal-palace-AovF1Mia/summary/stats/2nd-half/?mid=SUEBdNPN
[2026-08-16T06:16:29Z] Page loaded. Waiting for statistics DOM...
[2026-08-16T06:16:31Z] Script [readiness] result prefix: {"body_text_length":3282,"ready":true,"row_count":18,"section":"statistics_second_half","title":"AST 3-1 CRY | Aston Villa v Crystal Palace 16/09/2023, Stats - Flashscore.com | Match"}
[2026-08-16T06:16:31Z] Reading rendered DOM...
[2026-08-16T06:16:31Z] Executing extraction script for phase 2; length: 5174.
[2026-08-16T06:16:31Z] Script [extract] result prefix: {"schema_version":"1.3","section":"statistics_second_half","statistic_period":"second_half","source_url":"https://www.flashscore.com/match/football/aston-villa-W00wmLO0/crystal-palace-AovF1Mia/summary/stats/2nd-half/?mid=SUEBdNPN","match_id":"SUEBdNPN","collected_at_utc":"2026-08-16T06:16:31.726Z","page_title":"AST 3-1 CRY | Aston Villa v Crystal Palace 16/09/2023, Stats - Flashscore.com | Match","competition":"WORLD CUP","status":"FINISHED","date_time":"16.09.2023 18:00","home_team":"Aston Vill
[2026-08-16T06:16:32Z] Stored second_half statistics: 13 rows.
[2026-08-16T06:16:32Z] Merged section: statistics_second_half
[2026-08-16T06:16:32Z] Opening lineups...
[2026-08-16T06:16:32Z] Navigate: https://www.flashscore.com/match/football/aston-villa-W00wmLO0/crystal-palace-AovF1Mia/summary/lineups/?mid=SUEBdNPN
[2026-08-16T06:16:35Z] Page loaded. Waiting for statistics DOM...
[2026-08-16T06:16:36Z] Script [readiness] result prefix: {"body_text_length":4317,"ready":true,"row_count":114,"section":"lineups","title":"AST 3-1 CRY | Aston Villa v Crystal Palace 16/09/2023, Lineups - Flashscore.com | Match"}
[2026-08-16T06:16:36Z] Reading rendered DOM...
[2026-08-16T06:16:36Z] Executing extraction script for phase 4; length: 20701.
[2026-08-16T06:16:36Z] Script [extract] result prefix: {"schema_version":"1.3","section":"lineups","statistic_period":null,"source_url":"https://www.flashscore.com/match/football/aston-villa-W00wmLO0/crystal-palace-AovF1Mia/summary/lineups/?mid=SUEBdNPN","match_id":"SUEBdNPN","collected_at_utc":"2026-08-16T06:16:36.731Z","page_title":"AST 3-1 CRY | Aston Villa v Crystal Palace 16/09/2023, Lineups - Flashscore.com | Match","competition":"WORLD CUP","status":"FINISHED","date_time":"16.09.2023 18:00","home_team":"Aston Villa","away_team":"Crystal Palac
[2026-08-16T06:16:36Z] Merged section: lineups
[2026-08-16T06:16:36Z] English Premier League 2023/2024: Player Stats are unavailable in the source profile.
[2026-08-16T06:16:36Z] Marked all Player Stats categories as not_available; collection continues.
[2026-08-16T06:16:36Z] Opening commentary...
[2026-08-16T06:16:36Z] Navigate: https://www.flashscore.com/match/football/aston-villa-W00wmLO0/crystal-palace-AovF1Mia/summary/live-commentary/?mid=SUEBdNPN
[2026-08-16T06:16:39Z] Page loaded. Waiting for statistics DOM...
[2026-08-16T06:16:40Z] Script [readiness] result prefix: {"body_text_length":15982,"ready":true,"row_count":280,"section":"commentary","title":"AST 3-1 CRY | Aston Villa v Crystal Palace 16/09/2023 | Football - Flashscore | Match"}
[2026-08-16T06:16:40Z] Reading rendered DOM...
[2026-08-16T06:16:40Z] Executing extraction script for phase 12; length: 11834.
[2026-08-16T06:16:40Z] Script [extract] result prefix: {"schema_version":"1.3","section":"commentary","statistic_period":null,"source_url":"https://www.flashscore.com/match/football/aston-villa-W00wmLO0/crystal-palace-AovF1Mia/summary/live-commentary/all-comments/?mid=SUEBdNPN","match_id":"SUEBdNPN","collected_at_utc":"2026-08-16T06:16:40.775Z","page_title":"AST 3-1 CRY | Aston Villa v Crystal Palace 16/09/2023 | Football - Flashscore | Match","competition":"WORLD CUP","status":"FINISHED","date_time":"16.09.2023 18:00","home_team":"Aston Villa","awa
[2026-08-16T06:16:41Z] Merged section: commentary
[2026-08-16T06:16:41Z] Saving complete match JSON...
[2026-08-16T06:16:41Z] Player Stats category unavailable; status=not_available: top_stats
[2026-08-16T06:16:41Z] Player Stats category unavailable; status=not_available: shots
[2026-08-16T06:16:41Z] Player Stats category unavailable; status=not_available: attack
[2026-08-16T06:16:42Z] Player Stats category unavailable; status=not_available: passes
[2026-08-16T06:16:42Z] Player Stats category unavailable; status=not_available: defense
[2026-08-16T06:16:42Z] Player Stats category unavailable; status=not_available: goalkeeping
[2026-08-16T06:16:42Z] Player Stats category unavailable; status=not_available: general
[2026-08-16T06:16:42Z] Structured goals, cards and VAR events enriched.
[2026-08-16T06:16:42Z] Saved match JSON with 13 statistics: G:\Mirza\VSCode\FlashscoreFootballCollector_\Data\Matches\PremierLeague\2023_2024\2023-09-16_Aston_Villa_vs_Crystal_Palace_SUEBdNPN.json
[2026-08-16T06:16:42Z] Finished: 2023-09-16_Aston_Villa_vs_Crystal_Palace_SUEBdNPN.json
[2026-08-16T06:16:42Z] Opening overall statistics...
[2026-08-16T06:16:42Z] Navigate: https://www.flashscore.com/match/football/brentford-xYe7DwID/newcastle-utd-p6ahwuwJ/summary/stats/overall/?mid=v9rUE4uh
[2026-08-16T06:16:56Z] Page loaded. Waiting for statistics DOM...
[2026-08-16T06:16:57Z] Script [readiness] result prefix: {"body_text_length":3252,"ready":true,"row_count":18,"section":"statistics_overall","title":"NEW 1-0 BRE | Newcastle v Brentford 16/09/2023, Stats - Flashscore.com | Match"}
[2026-08-16T06:16:57Z] Reading rendered DOM...
[2026-08-16T06:16:57Z] Executing extraction script for phase 0; length: 5174.
[2026-08-16T06:16:57Z] Script [extract] result prefix: {"schema_version":"1.3","section":"statistics_overall","statistic_period":"overall","source_url":"https://www.flashscore.com/match/football/brentford-xYe7DwID/newcastle-utd-p6ahwuwJ/summary/stats/overall/?mid=v9rUE4uh","match_id":"v9rUE4uh","collected_at_utc":"2026-08-16T06:16:57.848Z","page_title":"NEW 1-0 BRE | Newcastle v Brentford 16/09/2023, Stats - Flashscore.com | Match","competition":"WORLD CUP","status":"FINISHED","date_time":"16.09.2023 20:30","home_team":"Newcastle","away_team":"Brent
[2026-08-16T06:16:57Z] Stored overall statistics: 13 rows.
[2026-08-16T06:16:58Z] Merged section: statistics_overall
[2026-08-16T06:16:58Z] Opening 1st half statistics...
[2026-08-16T06:16:58Z] Navigate: https://www.flashscore.com/match/football/brentford-xYe7DwID/newcastle-utd-p6ahwuwJ/summary/stats/1st-half/?mid=v9rUE4uh
[2026-08-16T06:17:00Z] Page loaded. Waiting for statistics DOM...
[2026-08-16T06:17:01Z] Script [readiness] result prefix: {"body_text_length":3189,"ready":true,"row_count":16,"section":"statistics_first_half","title":"NEW 1-0 BRE | Newcastle v Brentford 16/09/2023, Stats - Flashscore.com | Match"}
[2026-08-16T06:17:01Z] Reading rendered DOM...
[2026-08-16T06:17:01Z] Executing extraction script for phase 1; length: 5174.
[2026-08-16T06:17:01Z] Script [extract] result prefix: {"schema_version":"1.3","section":"statistics_first_half","statistic_period":"first_half","source_url":"https://www.flashscore.com/match/football/brentford-xYe7DwID/newcastle-utd-p6ahwuwJ/summary/stats/1st-half/?mid=v9rUE4uh","match_id":"v9rUE4uh","collected_at_utc":"2026-08-16T06:17:01.782Z","page_title":"NEW 1-0 BRE | Newcastle v Brentford 16/09/2023, Stats - Flashscore.com | Match","competition":"WORLD CUP","status":"FINISHED","date_time":"16.09.2023 20:30","home_team":"Newcastle","away_team"
[2026-08-16T06:17:01Z] Stored first_half statistics: 12 rows.
[2026-08-16T06:17:01Z] Merged section: statistics_first_half
[2026-08-16T06:17:02Z] Opening 2nd half statistics...
[2026-08-16T06:17:02Z] Navigate: https://www.flashscore.com/match/football/brentford-xYe7DwID/newcastle-utd-p6ahwuwJ/summary/stats/2nd-half/?mid=v9rUE4uh
[2026-08-16T06:17:04Z] Page loaded. Waiting for statistics DOM...
[2026-08-16T06:17:06Z] Script [readiness] result prefix: {"body_text_length":3248,"ready":true,"row_count":18,"section":"statistics_second_half","title":"NEW 1-0 BRE | Newcastle v Brentford 16/09/2023, Stats - Flashscore.com | Match"}
[2026-08-16T06:17:06Z] Reading rendered DOM...
[2026-08-16T06:17:06Z] Executing extraction script for phase 2; length: 5174.
[2026-08-16T06:17:06Z] Script [extract] result prefix: {"schema_version":"1.3","section":"statistics_second_half","statistic_period":"second_half","source_url":"https://www.flashscore.com/match/football/brentford-xYe7DwID/newcastle-utd-p6ahwuwJ/summary/stats/2nd-half/?mid=v9rUE4uh","match_id":"v9rUE4uh","collected_at_utc":"2026-08-16T06:17:06.427Z","page_title":"NEW 1-0 BRE | Newcastle v Brentford 16/09/2023, Stats - Flashscore.com | Match","competition":"WORLD CUP","status":"FINISHED","date_time":"16.09.2023 20:30","home_team":"Newcastle","away_tea
[2026-08-16T06:17:06Z] Stored second_half statistics: 13 rows.
[2026-08-16T06:17:06Z] Merged section: statistics_second_half
[2026-08-16T06:17:06Z] Opening lineups...
[2026-08-16T06:17:06Z] Navigate: https://www.flashscore.com/match/football/brentford-xYe7DwID/newcastle-utd-p6ahwuwJ/summary/lineups/?mid=v9rUE4uh
[2026-08-16T06:17:09Z] Page loaded. Waiting for statistics DOM...
[2026-08-16T06:17:10Z] Script [readiness] result prefix: {"body_text_length":4134,"ready":true,"row_count":107,"section":"lineups","title":"NEW 1-0 BRE | Newcastle v Brentford 16/09/2023, Lineups - Flashscore.com | Match"}
[2026-08-16T06:17:10Z] Reading rendered DOM...
[2026-08-16T06:17:10Z] Executing extraction script for phase 4; length: 20701.
[2026-08-16T06:17:11Z] Script [extract] result prefix: {"schema_version":"1.3","section":"lineups","statistic_period":null,"source_url":"https://www.flashscore.com/match/football/brentford-xYe7DwID/newcastle-utd-p6ahwuwJ/summary/lineups/?mid=v9rUE4uh","match_id":"v9rUE4uh","collected_at_utc":"2026-08-16T06:17:10.846Z","page_title":"NEW 1-0 BRE | Newcastle v Brentford 16/09/2023, Lineups - Flashscore.com | Match","competition":"WORLD CUP","status":"FINISHED","date_time":"16.09.2023 20:30","home_team":"Newcastle","away_team":"Brentford","score":{"home
[2026-08-16T06:17:11Z] Merged section: lineups
[2026-08-16T06:17:11Z] English Premier League 2023/2024: Player Stats are unavailable in the source profile.
[2026-08-16T06:17:11Z] Marked all Player Stats categories as not_available; collection continues.
[2026-08-16T06:17:11Z] Opening commentary...
[2026-08-16T06:17:11Z] Navigate: https://www.flashscore.com/match/football/brentford-xYe7DwID/newcastle-utd-p6ahwuwJ/summary/live-commentary/?mid=v9rUE4uh
[2026-08-16T06:17:14Z] Page loaded. Waiting for statistics DOM...
[2026-08-16T06:17:15Z] Script [readiness] result prefix: {"body_text_length":2728,"ready":false,"row_count":0,"section":"commentary","title":"NEW 1-0 BRE | Newcastle v Brentford 16/09/2023 | Football - Flashscore | Match"}
[2026-08-16T06:17:15Z] DOM not ready; statistic rows: 0
[2026-08-16T06:17:17Z] Script [readiness] result prefix: {"body_text_length":11665,"ready":true,"row_count":231,"section":"commentary","title":"NEW 1-0 BRE | Newcastle v Brentford 16/09/2023 | Football - Flashscore | Match"}
[2026-08-16T06:17:17Z] Reading rendered DOM...
[2026-08-16T06:17:17Z] Executing extraction script for phase 12; length: 11834.
[2026-08-16T06:17:17Z] Script [extract] result prefix: {"schema_version":"1.3","section":"commentary","statistic_period":null,"source_url":"https://www.flashscore.com/match/football/brentford-xYe7DwID/newcastle-utd-p6ahwuwJ/summary/live-commentary/all-comments/?mid=v9rUE4uh","match_id":"v9rUE4uh","collected_at_utc":"2026-08-16T06:17:17.432Z","page_title":"NEW 1-0 BRE | Newcastle v Brentford 16/09/2023 | Football - Flashscore | Match","competition":"WORLD CUP","status":"FINISHED","date_time":"16.09.2023 20:30","home_team":"Newcastle","away_team":"Bre
[2026-08-16T06:17:17Z] Merged section: commentary
[2026-08-16T06:17:17Z] Saving complete match JSON...
[2026-08-16T06:17:17Z] Player Stats category unavailable; status=not_available: top_stats
[2026-08-16T06:17:17Z] Player Stats category unavailable; status=not_available: shots
[2026-08-16T06:17:17Z] Player Stats category unavailable; status=not_available: attack
[2026-08-16T06:17:17Z] Player Stats category unavailable; status=not_available: passes
[2026-08-16T06:17:17Z] Player Stats category unavailable; status=not_available: defense
[2026-08-16T06:17:18Z] Player Stats category unavailable; status=not_available: goalkeeping
[2026-08-16T06:17:18Z] Player Stats category unavailable; status=not_available: general
[2026-08-16T06:17:18Z] Structured goals, cards and VAR events enriched.
[2026-08-16T06:17:18Z] Saved match JSON with 13 statistics: G:\Mirza\VSCode\FlashscoreFootballCollector_\Data\Matches\PremierLeague\2023_2024\2023-09-16_Newcastle_vs_Brentford_v9rUE4uh.json
[2026-08-16T06:17:18Z] Finished: 2023-09-16_Newcastle_vs_Brentford_v9rUE4uh.json
[2026-08-16T06:17:18Z] Opening overall statistics...
[2026-08-16T06:17:18Z] Navigate: https://www.flashscore.com/match/football/bournemouth-OtpNdwrc/chelsea-4fGZN2oK/summary/stats/overall/?mid=lvG7c3AH
[2026-08-16T06:17:22Z] Page loaded. Waiting for statistics DOM...
[2026-08-16T06:17:23Z] Script [readiness] result prefix: {"body_text_length":3256,"ready":true,"row_count":18,"section":"statistics_overall","title":"BOU 0-0 CHE | Bournemouth v Chelsea 17/09/2023, Stats - Flashscore.com | Match"}
[2026-08-16T06:17:23Z] Reading rendered DOM...
[2026-08-16T06:17:23Z] Executing extraction script for phase 0; length: 5174.
[2026-08-16T06:17:23Z] Script [extract] result prefix: {"schema_version":"1.3","section":"statistics_overall","statistic_period":"overall","source_url":"https://www.flashscore.com/match/football/bournemouth-OtpNdwrc/chelsea-4fGZN2oK/summary/stats/overall/?mid=lvG7c3AH","match_id":"lvG7c3AH","collected_at_utc":"2026-08-16T06:17:23.707Z","page_title":"BOU 0-0 CHE | Bournemouth v Chelsea 17/09/2023, Stats - Flashscore.com | Match","competition":"WORLD CUP","status":"FINISHED","date_time":"17.09.2023 17:00","home_team":"Bournemouth","away_team":"Chelsea
[2026-08-16T06:17:23Z] Stored overall statistics: 13 rows.
[2026-08-16T06:17:23Z] Merged section: statistics_overall
[2026-08-16T06:17:23Z] Opening 1st half statistics...
[2026-08-16T06:17:23Z] Navigate: https://www.flashscore.com/match/football/bournemouth-OtpNdwrc/chelsea-4fGZN2oK/summary/stats/1st-half/?mid=lvG7c3AH
[2026-08-16T06:17:25Z] Page loaded. Waiting for statistics DOM...
[2026-08-16T06:17:27Z] Script [readiness] result prefix: {"body_text_length":3248,"ready":true,"row_count":18,"section":"statistics_first_half","title":"BOU 0-0 CHE | Bournemouth v Chelsea 17/09/2023, Stats - Flashscore.com | Match"}
[2026-08-16T06:17:27Z] Reading rendered DOM...
[2026-08-16T06:17:27Z] Executing extraction script for phase 1; length: 5174.
[2026-08-16T06:17:27Z] Script [extract] result prefix: {"schema_version":"1.3","section":"statistics_first_half","statistic_period":"first_half","source_url":"https://www.flashscore.com/match/football/bournemouth-OtpNdwrc/chelsea-4fGZN2oK/summary/stats/1st-half/?mid=lvG7c3AH","match_id":"lvG7c3AH","collected_at_utc":"2026-08-16T06:17:27.173Z","page_title":"BOU 0-0 CHE | Bournemouth v Chelsea 17/09/2023, Stats - Flashscore.com | Match","competition":"WORLD CUP","status":"FINISHED","date_time":"17.09.2023 17:00","home_team":"Bournemouth","away_team":"
[2026-08-16T06:17:27Z] Stored first_half statistics: 13 rows.
[2026-08-16T06:17:27Z] Merged section: statistics_first_half
[2026-08-16T06:17:27Z] Opening 2nd half statistics...
[2026-08-16T06:17:27Z] Navigate: https://www.flashscore.com/match/football/bournemouth-OtpNdwrc/chelsea-4fGZN2oK/summary/stats/2nd-half/?mid=lvG7c3AH
[2026-08-16T06:17:30Z] Page loaded. Waiting for statistics DOM...
[2026-08-16T06:17:32Z] Script [readiness] result prefix: {"body_text_length":3246,"ready":true,"row_count":18,"section":"statistics_second_half","title":"BOU 0-0 CHE | Bournemouth v Chelsea 17/09/2023, Stats - Flashscore.com | Match"}
[2026-08-16T06:17:32Z] Reading rendered DOM...
[2026-08-16T06:17:32Z] Executing extraction script for phase 2; length: 5174.
[2026-08-16T06:17:32Z] Script [extract] result prefix: {"schema_version":"1.3","section":"statistics_second_half","statistic_period":"second_half","source_url":"https://www.flashscore.com/match/football/bournemouth-OtpNdwrc/chelsea-4fGZN2oK/summary/stats/2nd-half/?mid=lvG7c3AH","match_id":"lvG7c3AH","collected_at_utc":"2026-08-16T06:17:32.285Z","page_title":"BOU 0-0 CHE | Bournemouth v Chelsea 17/09/2023, Stats - Flashscore.com | Match","competition":"WORLD CUP","status":"FINISHED","date_time":"17.09.2023 17:00","home_team":"Bournemouth","away_team"
[2026-08-16T06:17:32Z] Stored second_half statistics: 13 rows.
[2026-08-16T06:17:32Z] Merged section: statistics_second_half
[2026-08-16T06:17:32Z] Opening lineups...
[2026-08-16T06:17:32Z] Navigate: https://www.flashscore.com/match/football/bournemouth-OtpNdwrc/chelsea-4fGZN2oK/summary/lineups/?mid=lvG7c3AH
[2026-08-16T06:17:34Z] Page loaded. Waiting for statistics DOM...
[2026-08-16T06:17:36Z] Script [readiness] result prefix: {"body_text_length":4385,"ready":true,"row_count":116,"section":"lineups","title":"BOU 0-0 CHE | Bournemouth v Chelsea 17/09/2023, Lineups - Flashscore.com | Match"}
[2026-08-16T06:17:36Z] Reading rendered DOM...
[2026-08-16T06:17:36Z] Executing extraction script for phase 4; length: 20701.
[2026-08-16T06:17:36Z] Script [extract] result prefix: {"schema_version":"1.3","section":"lineups","statistic_period":null,"source_url":"https://www.flashscore.com/match/football/bournemouth-OtpNdwrc/chelsea-4fGZN2oK/summary/lineups/?mid=lvG7c3AH","match_id":"lvG7c3AH","collected_at_utc":"2026-08-16T06:17:36.130Z","page_title":"BOU 0-0 CHE | Bournemouth v Chelsea 17/09/2023, Lineups - Flashscore.com | Match","competition":"WORLD CUP","status":"FINISHED","date_time":"17.09.2023 17:00","home_team":"Bournemouth","away_team":"Chelsea","score":{"home":"0
[2026-08-16T06:17:36Z] Merged section: lineups
[2026-08-16T06:17:36Z] English Premier League 2023/2024: Player Stats are unavailable in the source profile.
[2026-08-16T06:17:37Z] Marked all Player Stats categories as not_available; collection continues.
[2026-08-16T06:17:37Z] Opening commentary...
[2026-08-16T06:17:37Z] Navigate: https://www.flashscore.com/match/football/bournemouth-OtpNdwrc/chelsea-4fGZN2oK/summary/live-commentary/?mid=lvG7c3AH
[2026-08-16T06:17:40Z] Page loaded. Waiting for statistics DOM...
[2026-08-16T06:17:42Z] Script [readiness] result prefix: {"body_text_length":11732,"ready":true,"row_count":216,"section":"commentary","title":"BOU 0-0 CHE | Bournemouth v Chelsea 17/09/2023 | Football - Flashscore | Match"}
[2026-08-16T06:17:42Z] Reading rendered DOM...
[2026-08-16T06:17:42Z] Executing extraction script for phase 12; length: 11834.
[2026-08-16T06:17:42Z] Script [extract] result prefix: {"schema_version":"1.3","section":"commentary","statistic_period":null,"source_url":"https://www.flashscore.com/match/football/bournemouth-OtpNdwrc/chelsea-4fGZN2oK/summary/live-commentary/all-comments/?mid=lvG7c3AH","match_id":"lvG7c3AH","collected_at_utc":"2026-08-16T06:17:42.591Z","page_title":"BOU 0-0 CHE | Bournemouth v Chelsea 17/09/2023 | Football - Flashscore | Match","competition":"WORLD CUP","status":"FINISHED","date_time":"17.09.2023 17:00","home_team":"Bournemouth","away_team":"Chels
[2026-08-16T06:17:42Z] Merged section: commentary
[2026-08-16T06:17:42Z] Saving complete match JSON...
[2026-08-16T06:17:42Z] Player Stats category unavailable; status=not_available: top_stats
[2026-08-16T06:17:43Z] Player Stats category unavailable; status=not_available: shots
[2026-08-16T06:17:43Z] Player Stats category unavailable; status=not_available: attack
[2026-08-16T06:17:43Z] Player Stats category unavailable; status=not_available: passes
[2026-08-16T06:17:43Z] Player Stats category unavailable; status=not_available: defense
[2026-08-16T06:17:43Z] Player Stats category unavailable; status=not_available: goalkeeping
[2026-08-16T06:17:43Z] Player Stats category unavailable; status=not_available: general
[2026-08-16T06:17:43Z] Structured goals, cards and VAR events enriched.
[2026-08-16T06:17:43Z] Saved match JSON with 13 statistics: G:\Mirza\VSCode\FlashscoreFootballCollector_\Data\Matches\PremierLeague\2023_2024\2023-09-17_Bournemouth_vs_Chelsea_lvG7c3AH.json
[2026-08-16T06:17:43Z] Finished: 2023-09-17_Bournemouth_vs_Chelsea_lvG7c3AH.json
[2026-08-16T06:17:43Z] Opening overall statistics...
[2026-08-16T06:17:43Z] Navigate: https://www.flashscore.com/match/football/arsenal-hA1Zm19f/everton-KluSTr9s/summary/stats/overall/?mid=MiEFesuU
[2026-08-16T06:17:46Z] Page loaded. Waiting for statistics DOM...
[2026-08-16T06:17:47Z] Script [readiness] result prefix: {"body_text_length":3235,"ready":true,"row_count":18,"section":"statistics_overall","title":"EVE 0-1 ARS | Everton v Arsenal 17/09/2023, Stats - Flashscore.com | Match"}
[2026-08-16T06:17:47Z] Reading rendered DOM...
[2026-08-16T06:17:47Z] Executing extraction script for phase 0; length: 5174.
[2026-08-16T06:17:47Z] Script [extract] result prefix: {"schema_version":"1.3","section":"statistics_overall","statistic_period":"overall","source_url":"https://www.flashscore.com/match/football/arsenal-hA1Zm19f/everton-KluSTr9s/summary/stats/overall/?mid=MiEFesuU","match_id":"MiEFesuU","collected_at_utc":"2026-08-16T06:17:47.958Z","page_title":"EVE 0-1 ARS | Everton v Arsenal 17/09/2023, Stats - Flashscore.com | Match","competition":"WORLD CUP","status":"FINISHED","date_time":"17.09.2023 19:30","home_team":"Everton","away_team":"Arsenal","score":{"
[2026-08-16T06:17:48Z] Stored overall statistics: 13 rows.
[2026-08-16T06:17:48Z] Merged section: statistics_overall
[2026-08-16T06:17:48Z] Opening 1st half statistics...
[2026-08-16T06:17:48Z] Navigate: https://www.flashscore.com/match/football/arsenal-hA1Zm19f/everton-KluSTr9s/summary/stats/1st-half/?mid=MiEFesuU
[2026-08-16T06:17:50Z] Page loaded. Waiting for statistics DOM...
[2026-08-16T06:17:52Z] Script [readiness] result prefix: {"body_text_length":3227,"ready":true,"row_count":18,"section":"statistics_first_half","title":"EVE 0-1 ARS | Everton v Arsenal 17/09/2023, Stats - Flashscore.com | Match"}
[2026-08-16T06:17:52Z] Reading rendered DOM...
[2026-08-16T06:17:52Z] Executing extraction script for phase 1; length: 5174.
[2026-08-16T06:17:52Z] Script [extract] result prefix: {"schema_version":"1.3","section":"statistics_first_half","statistic_period":"first_half","source_url":"https://www.flashscore.com/match/football/arsenal-hA1Zm19f/everton-KluSTr9s/summary/stats/1st-half/?mid=MiEFesuU","match_id":"MiEFesuU","collected_at_utc":"2026-08-16T06:17:52.336Z","page_title":"EVE 0-1 ARS | Everton v Arsenal 17/09/2023, Stats - Flashscore.com | Match","competition":"WORLD CUP","status":"FINISHED","date_time":"17.09.2023 19:30","home_team":"Everton","away_team":"Arsenal","sc
[2026-08-16T06:17:52Z] Stored first_half statistics: 13 rows.
[2026-08-16T06:17:52Z] Merged section: statistics_first_half
[2026-08-16T06:17:52Z] Opening 2nd half statistics...
[2026-08-16T06:17:53Z] Navigate: https://www.flashscore.com/match/football/arsenal-hA1Zm19f/everton-KluSTr9s/summary/stats/2nd-half/?mid=MiEFesuU
[2026-08-16T06:17:56Z] Page loaded. Waiting for statistics DOM...
[2026-08-16T06:17:58Z] Script [readiness] result prefix: {"body_text_length":3229,"ready":true,"row_count":18,"section":"statistics_second_half","title":"EVE 0-1 ARS | Everton v Arsenal 17/09/2023, Stats - Flashscore.com | Match"}
[2026-08-16T06:17:58Z] Reading rendered DOM...
[2026-08-16T06:17:58Z] Executing extraction script for phase 2; length: 5174.
[2026-08-16T06:17:58Z] Script [extract] result prefix: {"schema_version":"1.3","section":"statistics_second_half","statistic_period":"second_half","source_url":"https://www.flashscore.com/match/football/arsenal-hA1Zm19f/everton-KluSTr9s/summary/stats/2nd-half/?mid=MiEFesuU","match_id":"MiEFesuU","collected_at_utc":"2026-08-16T06:17:58.190Z","page_title":"EVE 0-1 ARS | Everton v Arsenal 17/09/2023, Stats - Flashscore.com | Match","competition":"WORLD CUP","status":"FINISHED","date_time":"17.09.2023 19:30","home_team":"Everton","away_team":"Arsenal","
[2026-08-16T06:17:58Z] Stored second_half statistics: 13 rows.
[2026-08-16T06:17:58Z] Merged section: statistics_second_half
[2026-08-16T06:17:58Z] Opening lineups...
[2026-08-16T06:17:58Z] Navigate: https://www.flashscore.com/match/football/arsenal-hA1Zm19f/everton-KluSTr9s/summary/lineups/?mid=MiEFesuU
[2026-08-16T06:18:01Z] Page loaded. Waiting for statistics DOM...
[2026-08-16T06:18:02Z] Script [readiness] result prefix: {"body_text_length":4174,"ready":true,"row_count":111,"section":"lineups","title":"EVE 0-1 ARS | Everton v Arsenal 17/09/2023, Lineups - Flashscore.com | Match"}
[2026-08-16T06:18:02Z] Reading rendered DOM...
[2026-08-16T06:18:02Z] Executing extraction script for phase 4; length: 20701.
[2026-08-16T06:18:02Z] Script [extract] result prefix: {"schema_version":"1.3","section":"lineups","statistic_period":null,"source_url":"https://www.flashscore.com/match/football/arsenal-hA1Zm19f/everton-KluSTr9s/summary/lineups/?mid=MiEFesuU","match_id":"MiEFesuU","collected_at_utc":"2026-08-16T06:18:02.721Z","page_title":"EVE 0-1 ARS | Everton v Arsenal 17/09/2023, Lineups - Flashscore.com | Match","competition":"WORLD CUP","status":"FINISHED","date_time":"17.09.2023 19:30","home_team":"Everton","away_team":"Arsenal","score":{"home":"0","away":"1"
[2026-08-16T06:18:03Z] Merged section: lineups
[2026-08-16T06:18:03Z] English Premier League 2023/2024: Player Stats are unavailable in the source profile.
[2026-08-16T06:18:03Z] Marked all Player Stats categories as not_available; collection continues.
[2026-08-16T06:18:03Z] Opening commentary...
[2026-08-16T06:18:03Z] Navigate: https://www.flashscore.com/match/football/arsenal-hA1Zm19f/everton-KluSTr9s/summary/live-commentary/?mid=MiEFesuU
[2026-08-16T06:18:06Z] Page loaded. Waiting for statistics DOM...
[2026-08-16T06:18:08Z] Script [readiness] result prefix: {"body_text_length":15396,"ready":true,"row_count":290,"section":"commentary","title":"EVE 0-1 ARS | Everton v Arsenal 17/09/2023 | Football - Flashscore | Match"}
[2026-08-16T06:18:08Z] Reading rendered DOM...
[2026-08-16T06:18:08Z] Executing extraction script for phase 12; length: 11834.
[2026-08-16T06:18:08Z] Script [extract] result prefix: {"schema_version":"1.3","section":"commentary","statistic_period":null,"source_url":"https://www.flashscore.com/match/football/arsenal-hA1Zm19f/everton-KluSTr9s/summary/live-commentary/all-comments/?mid=MiEFesuU","match_id":"MiEFesuU","collected_at_utc":"2026-08-16T06:18:08.315Z","page_title":"EVE 0-1 ARS | Everton v Arsenal 17/09/2023 | Football - Flashscore | Match","competition":"WORLD CUP","status":"FINISHED","date_time":"17.09.2023 19:30","home_team":"Everton","away_team":"Arsenal","score":
[2026-08-16T06:18:08Z] Merged section: commentary
[2026-08-16T06:18:08Z] Saving complete match JSON...
[2026-08-16T06:18:08Z] Player Stats category unavailable; status=not_available: top_stats
[2026-08-16T06:18:08Z] Player Stats category unavailable; status=not_available: shots
[2026-08-16T06:18:08Z] Player Stats category unavailable; status=not_available: attack
[2026-08-16T06:18:08Z] Player Stats category unavailable; status=not_available: passes
[2026-08-16T06:18:09Z] Player Stats category unavailable; status=not_available: defense
[2026-08-16T06:18:09Z] Player Stats category unavailable; status=not_available: goalkeeping
[2026-08-16T06:18:09Z] Player Stats category unavailable; status=not_available: general
[2026-08-16T06:18:09Z] Structured goals, cards and VAR events enriched.
[2026-08-16T06:18:09Z] Saved match JSON with 13 statistics: G:\Mirza\VSCode\FlashscoreFootballCollector_\Data\Matches\PremierLeague\2023_2024\2023-09-17_Everton_vs_Arsenal_MiEFesuU.json
[2026-08-16T06:18:09Z] Finished: 2023-09-17_Everton_vs_Arsenal_MiEFesuU.json
[2026-08-16T06:18:09Z] Opening overall statistics...
[2026-08-16T06:18:09Z] Navigate: https://www.flashscore.com/match/football/burnley-z3dmTMMO/nottingham-UsushcZr/summary/stats/overall/?mid=8rmYDOfb
[2026-08-16T06:18:12Z] Page loaded. Waiting for statistics DOM...
[2026-08-16T06:18:14Z] Script [readiness] result prefix: {"body_text_length":3294,"ready":true,"row_count":19,"section":"statistics_overall","title":"NOT 1-1 BUR | Nottingham Forest v Burnley 18/09/2023, Stats - Flashscore.com | Match"}
[2026-08-16T06:18:14Z] Reading rendered DOM...
[2026-08-16T06:18:14Z] Executing extraction script for phase 0; length: 5174.
[2026-08-16T06:18:14Z] Script [extract] result prefix: {"schema_version":"1.3","section":"statistics_overall","statistic_period":"overall","source_url":"https://www.flashscore.com/match/football/burnley-z3dmTMMO/nottingham-UsushcZr/summary/stats/overall/?mid=8rmYDOfb","match_id":"8rmYDOfb","collected_at_utc":"2026-08-16T06:18:14.223Z","page_title":"NOT 1-1 BUR | Nottingham Forest v Burnley 18/09/2023, Stats - Flashscore.com | Match","competition":"WORLD CUP","status":"FINISHED","date_time":"18.09.2023 22:45","home_team":"Nottingham","away_team":"Bur
[2026-08-16T06:18:14Z] Stored overall statistics: 14 rows.
[2026-08-16T06:18:14Z] Merged section: statistics_overall
[2026-08-16T06:18:14Z] Opening 1st half statistics...
[2026-08-16T06:18:14Z] Navigate: https://www.flashscore.com/match/football/burnley-z3dmTMMO/nottingham-UsushcZr/summary/stats/1st-half/?mid=8rmYDOfb
[2026-08-16T06:18:16Z] Page loaded. Waiting for statistics DOM...
[2026-08-16T06:18:17Z] Script [readiness] result prefix: {"body_text_length":3249,"ready":true,"row_count":18,"section":"statistics_first_half","title":"NOT 1-1 BUR | Nottingham Forest v Burnley 18/09/2023, Stats - Flashscore.com | Match"}
[2026-08-16T06:18:17Z] Reading rendered DOM...
[2026-08-16T06:18:17Z] Executing extraction script for phase 1; length: 5174.
[2026-08-16T06:18:18Z] Script [extract] result prefix: {"schema_version":"1.3","section":"statistics_first_half","statistic_period":"first_half","source_url":"https://www.flashscore.com/match/football/burnley-z3dmTMMO/nottingham-UsushcZr/summary/stats/1st-half/?mid=8rmYDOfb","match_id":"8rmYDOfb","collected_at_utc":"2026-08-16T06:18:18.010Z","page_title":"NOT 1-1 BUR | Nottingham Forest v Burnley 18/09/2023, Stats - Flashscore.com | Match","competition":"WORLD CUP","status":"FINISHED","date_time":"18.09.2023 22:45","home_team":"Nottingham","away_tea
[2026-08-16T06:18:18Z] Stored first_half statistics: 13 rows.
[2026-08-16T06:18:18Z] Merged section: statistics_first_half
[2026-08-16T06:18:18Z] Opening 2nd half statistics...
[2026-08-16T06:18:18Z] Navigate: https://www.flashscore.com/match/football/burnley-z3dmTMMO/nottingham-UsushcZr/summary/stats/2nd-half/?mid=8rmYDOfb
[2026-08-16T06:18:20Z] Page loaded. Waiting for statistics DOM...
[2026-08-16T06:18:21Z] Script [readiness] result prefix: {"body_text_length":3284,"ready":true,"row_count":19,"section":"statistics_second_half","title":"NOT 1-1 BUR | Nottingham Forest v Burnley 18/09/2023, Stats - Flashscore.com | Match"}
[2026-08-16T06:18:21Z] Reading rendered DOM...
[2026-08-16T06:18:21Z] Executing extraction script for phase 2; length: 5174.
[2026-08-16T06:18:21Z] Script [extract] result prefix: {"schema_version":"1.3","section":"statistics_second_half","statistic_period":"second_half","source_url":"https://www.flashscore.com/match/football/burnley-z3dmTMMO/nottingham-UsushcZr/summary/stats/2nd-half/?mid=8rmYDOfb","match_id":"8rmYDOfb","collected_at_utc":"2026-08-16T06:18:21.722Z","page_title":"NOT 1-1 BUR | Nottingham Forest v Burnley 18/09/2023, Stats - Flashscore.com | Match","competition":"WORLD CUP","status":"FINISHED","date_time":"18.09.2023 22:45","home_team":"Nottingham","away_t
[2026-08-16T06:18:21Z] Stored second_half statistics: 14 rows.
[2026-08-16T06:18:21Z] Merged section: statistics_second_half
[2026-08-16T06:18:21Z] Opening lineups...
[2026-08-16T06:18:21Z] Navigate: https://www.flashscore.com/match/football/burnley-z3dmTMMO/nottingham-UsushcZr/summary/lineups/?mid=8rmYDOfb
[2026-08-16T06:18:23Z] Page loaded. Waiting for statistics DOM...
[2026-08-16T06:18:25Z] Script [readiness] result prefix: {"body_text_length":4096,"ready":true,"row_count":104,"section":"lineups","title":"NOT 1-1 BUR | Nottingham Forest v Burnley 18/09/2023, Lineups - Flashscore.com | Match"}
[2026-08-16T06:18:25Z] Reading rendered DOM...
[2026-08-16T06:18:25Z] Executing extraction script for phase 4; length: 20701.
[2026-08-16T06:18:25Z] Script [extract] result prefix: {"schema_version":"1.3","section":"lineups","statistic_period":null,"source_url":"https://www.flashscore.com/match/football/burnley-z3dmTMMO/nottingham-UsushcZr/summary/lineups/?mid=8rmYDOfb","match_id":"8rmYDOfb","collected_at_utc":"2026-08-16T06:18:25.818Z","page_title":"NOT 1-1 BUR | Nottingham Forest v Burnley 18/09/2023, Lineups - Flashscore.com | Match","competition":"WORLD CUP","status":"FINISHED","date_time":"18.09.2023 22:45","home_team":"Nottingham","away_team":"Burnley","score":{"home
[2026-08-16T06:18:25Z] Merged section: lineups
[2026-08-16T06:18:25Z] English Premier League 2023/2024: Player Stats are unavailable in the source profile.
[2026-08-16T06:18:25Z] Marked all Player Stats categories as not_available; collection continues.
[2026-08-16T06:18:26Z] Opening commentary...
[2026-08-16T06:18:26Z] Navigate: https://www.flashscore.com/match/football/burnley-z3dmTMMO/nottingham-UsushcZr/summary/live-commentary/?mid=8rmYDOfb
[2026-08-16T06:18:27Z] Page loaded. Waiting for statistics DOM...
[2026-08-16T06:18:29Z] Script [readiness] result prefix: {"body_text_length":14079,"ready":true,"row_count":258,"section":"commentary","title":"NOT 1-1 BUR | Nottingham Forest v Burnley 18/09/2023 | Football - Flashscore | Match"}
[2026-08-16T06:18:29Z] Reading rendered DOM...
[2026-08-16T06:18:29Z] Executing extraction script for phase 12; length: 11834.
[2026-08-16T06:18:29Z] Script [extract] result prefix: {"schema_version":"1.3","section":"commentary","statistic_period":null,"source_url":"https://www.flashscore.com/match/football/burnley-z3dmTMMO/nottingham-UsushcZr/summary/live-commentary/all-comments/?mid=8rmYDOfb","match_id":"8rmYDOfb","collected_at_utc":"2026-08-16T06:18:29.590Z","page_title":"NOT 1-1 BUR | Nottingham Forest v Burnley 18/09/2023 | Football - Flashscore | Match","competition":"WORLD CUP","status":"FINISHED","date_time":"18.09.2023 22:45","home_team":"Nottingham","away_team":"B
[2026-08-16T06:18:29Z] Merged section: commentary
[2026-08-16T06:18:29Z] Saving complete match JSON...
[2026-08-16T06:18:29Z] Player Stats category unavailable; status=not_available: top_stats
[2026-08-16T06:18:29Z] Player Stats category unavailable; status=not_available: shots
[2026-08-16T06:18:29Z] Player Stats category unavailable; status=not_available: attack
[2026-08-16T06:18:29Z] Player Stats category unavailable; status=not_available: passes
[2026-08-16T06:18:30Z] Player Stats category unavailable; status=not_available: defense
[2026-08-16T06:18:30Z] Player Stats category unavailable; status=not_available: goalkeeping
[2026-08-16T06:18:30Z] Player Stats category unavailable; status=not_available: general
[2026-08-16T06:18:30Z] Structured goals, cards and VAR events enriched.
[2026-08-16T06:18:30Z] Saved match JSON with 14 statistics: G:\Mirza\VSCode\FlashscoreFootballCollector_\Data\Matches\PremierLeague\2023_2024\2023-09-18_Nottingham_vs_Burnley_8rmYDOfb.json
[2026-08-16T06:18:30Z] Finished: 2023-09-18_Nottingham_vs_Burnley_8rmYDOfb.json
[2026-08-16T06:18:30Z] Opening overall statistics...
[2026-08-16T06:18:30Z] Navigate: https://www.flashscore.com/match/football/manchester-city-Wtn9Stg0/nottingham-UsushcZr/summary/stats/overall/?mid=GSENOu9G
[2026-08-16T06:18:32Z] Page loaded. Waiting for statistics DOM...
[2026-08-16T06:18:34Z] Script [readiness] result prefix: {"body_text_length":3330,"ready":true,"row_count":19,"section":"statistics_overall","title":"MCI 2-0 NOT | Manchester City v Nottingham Forest 23/09/2023, Stats - Flashscore.com | Match"}
[2026-08-16T06:18:34Z] Reading rendered DOM...
[2026-08-16T06:18:34Z] Executing extraction script for phase 0; length: 5174.
[2026-08-16T06:18:34Z] Script [extract] result prefix: {"schema_version":"1.3","section":"statistics_overall","statistic_period":"overall","source_url":"https://www.flashscore.com/match/football/manchester-city-Wtn9Stg0/nottingham-UsushcZr/summary/stats/overall/?mid=GSENOu9G","match_id":"GSENOu9G","collected_at_utc":"2026-08-16T06:18:34.570Z","page_title":"MCI 2-0 NOT | Manchester City v Nottingham Forest 23/09/2023, Stats - Flashscore.com | Match","competition":"WORLD CUP","status":"FINISHED","date_time":"23.09.2023 18:00","home_team":"Manchester C
[2026-08-16T06:18:34Z] Stored overall statistics: 14 rows.
[2026-08-16T06:18:34Z] Merged section: statistics_overall
[2026-08-16T06:18:34Z] Opening 1st half statistics...
[2026-08-16T06:18:34Z] Navigate: https://www.flashscore.com/match/football/manchester-city-Wtn9Stg0/nottingham-UsushcZr/summary/stats/1st-half/?mid=GSENOu9G
[2026-08-16T06:18:36Z] Page loaded. Waiting for statistics DOM...
[2026-08-16T06:18:38Z] Script [readiness] result prefix: {"body_text_length":3310,"ready":true,"row_count":18,"section":"statistics_first_half","title":"MCI 2-0 NOT | Manchester City v Nottingham Forest 23/09/2023, Stats - Flashscore.com | Match"}
[2026-08-16T06:18:38Z] Reading rendered DOM...
[2026-08-16T06:18:38Z] Executing extraction script for phase 1; length: 5174.
[2026-08-16T06:18:38Z] Script [extract] result prefix: {"schema_version":"1.3","section":"statistics_first_half","statistic_period":"first_half","source_url":"https://www.flashscore.com/match/football/manchester-city-Wtn9Stg0/nottingham-UsushcZr/summary/stats/1st-half/?mid=GSENOu9G","match_id":"GSENOu9G","collected_at_utc":"2026-08-16T06:18:38.347Z","page_title":"MCI 2-0 NOT | Manchester City v Nottingham Forest 23/09/2023, Stats - Flashscore.com | Match","competition":"WORLD CUP","status":"FINISHED","date_time":"23.09.2023 18:00","home_team":"Manch
[2026-08-16T06:18:38Z] Stored first_half statistics: 13 rows.
[2026-08-16T06:18:38Z] Merged section: statistics_first_half
[2026-08-16T06:18:38Z] Opening 2nd half statistics...
[2026-08-16T06:18:38Z] Navigate: https://www.flashscore.com/match/football/manchester-city-Wtn9Stg0/nottingham-UsushcZr/summary/stats/2nd-half/?mid=GSENOu9G
[2026-08-16T06:18:40Z] Page loaded. Waiting for statistics DOM...
[2026-08-16T06:18:42Z] Script [readiness] result prefix: {"body_text_length":3326,"ready":true,"row_count":19,"section":"statistics_second_half","title":"MCI 2-0 NOT | Manchester City v Nottingham Forest 23/09/2023, Stats - Flashscore.com | Match"}
[2026-08-16T06:18:42Z] Reading rendered DOM...
[2026-08-16T06:18:42Z] Executing extraction script for phase 2; length: 5174.
[2026-08-16T06:18:42Z] Script [extract] result prefix: {"schema_version":"1.3","section":"statistics_second_half","statistic_period":"second_half","source_url":"https://www.flashscore.com/match/football/manchester-city-Wtn9Stg0/nottingham-UsushcZr/summary/stats/2nd-half/?mid=GSENOu9G","match_id":"GSENOu9G","collected_at_utc":"2026-08-16T06:18:42.261Z","page_title":"MCI 2-0 NOT | Manchester City v Nottingham Forest 23/09/2023, Stats - Flashscore.com | Match","competition":"WORLD CUP","status":"FINISHED","date_time":"23.09.2023 18:00","home_team":"Man
[2026-08-16T06:18:42Z] Stored second_half statistics: 14 rows.
[2026-08-16T06:18:42Z] Merged section: statistics_second_half
[2026-08-16T06:18:42Z] Opening lineups...
[2026-08-16T06:18:42Z] Navigate: https://www.flashscore.com/match/football/manchester-city-Wtn9Stg0/nottingham-UsushcZr/summary/lineups/?mid=GSENOu9G
[2026-08-16T06:18:44Z] Page loaded. Waiting for statistics DOM...
[2026-08-16T06:18:46Z] Script [readiness] result prefix: {"body_text_length":4044,"ready":true,"row_count":103,"section":"lineups","title":"MCI 2-0 NOT | Manchester City v Nottingham Forest 23/09/2023, Lineups - Flashscore.com | Match"}
[2026-08-16T06:18:46Z] Reading rendered DOM...
[2026-08-16T06:18:46Z] Executing extraction script for phase 4; length: 20701.
[2026-08-16T06:18:46Z] Script [extract] result prefix: {"schema_version":"1.3","section":"lineups","statistic_period":null,"source_url":"https://www.flashscore.com/match/football/manchester-city-Wtn9Stg0/nottingham-UsushcZr/summary/lineups/?mid=GSENOu9G","match_id":"GSENOu9G","collected_at_utc":"2026-08-16T06:18:46.260Z","page_title":"MCI 2-0 NOT | Manchester City v Nottingham Forest 23/09/2023, Lineups - Flashscore.com | Match","competition":"WORLD CUP","status":"FINISHED","date_time":"23.09.2023 18:00","home_team":"Manchester City","away_team":"No
[2026-08-16T06:18:46Z] Merged section: lineups
[2026-08-16T06:18:46Z] English Premier League 2023/2024: Player Stats are unavailable in the source profile.
[2026-08-16T06:18:46Z] Marked all Player Stats categories as not_available; collection continues.
[2026-08-16T06:18:46Z] Opening commentary...
[2026-08-16T06:18:46Z] Navigate: https://www.flashscore.com/match/football/manchester-city-Wtn9Stg0/nottingham-UsushcZr/summary/live-commentary/?mid=GSENOu9G
[2026-08-16T06:18:48Z] Page loaded. Waiting for statistics DOM...
[2026-08-16T06:18:49Z] Script [readiness] result prefix: {"body_text_length":11718,"ready":true,"row_count":248,"section":"commentary","title":"MCI 2-0 NOT | Manchester City v Nottingham Forest 23/09/2023 | Football - Flashscore | Match"}
[2026-08-16T06:18:49Z] Reading rendered DOM...
[2026-08-16T06:18:49Z] Executing extraction script for phase 12; length: 11834.
[2026-08-16T06:18:50Z] Script [extract] result prefix: {"schema_version":"1.3","section":"commentary","statistic_period":null,"source_url":"https://www.flashscore.com/match/football/manchester-city-Wtn9Stg0/nottingham-UsushcZr/summary/live-commentary/all-comments/?mid=GSENOu9G","match_id":"GSENOu9G","collected_at_utc":"2026-08-16T06:18:50.045Z","page_title":"MCI 2-0 NOT | Manchester City v Nottingham Forest 23/09/2023 | Football - Flashscore | Match","competition":"WORLD CUP","status":"FINISHED","date_time":"23.09.2023 18:00","home_team":"Manchester
[2026-08-16T06:18:50Z] Merged section: commentary
[2026-08-16T06:18:50Z] Saving complete match JSON...
[2026-08-16T06:18:50Z] Player Stats category unavailable; status=not_available: top_stats
[2026-08-16T06:18:50Z] Player Stats category unavailable; status=not_available: shots
[2026-08-16T06:18:50Z] Player Stats category unavailable; status=not_available: attack
[2026-08-16T06:18:50Z] Player Stats category unavailable; status=not_available: passes
[2026-08-16T06:18:50Z] Player Stats category unavailable; status=not_available: defense
[2026-08-16T06:18:50Z] Player Stats category unavailable; status=not_available: goalkeeping
[2026-08-16T06:18:50Z] Player Stats category unavailable; status=not_available: general
[2026-08-16T06:18:50Z] Structured goals, cards and VAR events enriched.
[2026-08-16T06:18:50Z] Saved match JSON with 14 statistics: G:\Mirza\VSCode\FlashscoreFootballCollector_\Data\Matches\PremierLeague\2023_2024\2023-09-23_Manchester_City_vs_Nottingham_GSENOu9G.json
[2026-08-16T06:18:50Z] Finished: 2023-09-23_Manchester_City_vs_Nottingham_GSENOu9G.json
[2026-08-16T06:18:50Z] Opening overall statistics...
[2026-08-16T06:18:50Z] Navigate: https://www.flashscore.com/match/football/luton-SlybbadF/wolves-j3Azpf5d/summary/stats/overall/?mid=Mi0KPLgA
[2026-08-16T06:18:53Z] Page loaded. Waiting for statistics DOM...
[2026-08-16T06:18:54Z] Script [readiness] result prefix: {"body_text_length":3236,"ready":true,"row_count":19,"section":"statistics_overall","title":"LUT 1-1 WOL | Luton v Wolves 23/09/2023, Stats - Flashscore.com | Match"}
[2026-08-16T06:18:54Z] Reading rendered DOM...
[2026-08-16T06:18:54Z] Executing extraction script for phase 0; length: 5174.
[2026-08-16T06:18:54Z] Script [extract] result prefix: {"schema_version":"1.3","section":"statistics_overall","statistic_period":"overall","source_url":"https://www.flashscore.com/match/football/luton-SlybbadF/wolves-j3Azpf5d/summary/stats/overall/?mid=Mi0KPLgA","match_id":"Mi0KPLgA","collected_at_utc":"2026-08-16T06:18:54.644Z","page_title":"LUT 1-1 WOL | Luton v Wolves 23/09/2023, Stats - Flashscore.com | Match","competition":"WORLD CUP","status":"FINISHED","date_time":"23.09.2023 18:00","home_team":"Luton","away_team":"Wolves","score":{"home":"1"
[2026-08-16T06:18:54Z] Stored overall statistics: 14 rows.
[2026-08-16T06:18:54Z] Merged section: statistics_overall
[2026-08-16T06:18:54Z] Opening 1st half statistics...
[2026-08-16T06:18:54Z] Navigate: https://www.flashscore.com/match/football/luton-SlybbadF/wolves-j3Azpf5d/summary/stats/1st-half/?mid=Mi0KPLgA
[2026-08-16T06:18:57Z] Page loaded. Waiting for statistics DOM...
[2026-08-16T06:18:59Z] Script [readiness] result prefix: {"body_text_length":3226,"ready":true,"row_count":19,"section":"statistics_first_half","title":"LUT 1-1 WOL | Luton v Wolves 23/09/2023, Stats - Flashscore.com | Match"}
[2026-08-16T06:18:59Z] Reading rendered DOM...
[2026-08-16T06:18:59Z] Executing extraction script for phase 1; length: 5174.
[2026-08-16T06:18:59Z] Script [extract] result prefix: {"schema_version":"1.3","section":"statistics_first_half","statistic_period":"first_half","source_url":"https://www.flashscore.com/match/football/luton-SlybbadF/wolves-j3Azpf5d/summary/stats/1st-half/?mid=Mi0KPLgA","match_id":"Mi0KPLgA","collected_at_utc":"2026-08-16T06:18:59.506Z","page_title":"LUT 1-1 WOL | Luton v Wolves 23/09/2023, Stats - Flashscore.com | Match","competition":"WORLD CUP","status":"FINISHED","date_time":"23.09.2023 18:00","home_team":"Luton","away_team":"Wolves","score":{"ho
[2026-08-16T06:18:59Z] Stored first_half statistics: 14 rows.
[2026-08-16T06:18:59Z] Merged section: statistics_first_half
[2026-08-16T06:18:59Z] Opening 2nd half statistics...
[2026-08-16T06:18:59Z] Navigate: https://www.flashscore.com/match/football/luton-SlybbadF/wolves-j3Azpf5d/summary/stats/2nd-half/?mid=Mi0KPLgA
[2026-08-16T06:19:02Z] Page loaded. Waiting for statistics DOM...
[2026-08-16T06:19:04Z] Script [readiness] result prefix: {"body_text_length":3215,"ready":true,"row_count":18,"section":"statistics_second_half","title":"LUT 1-1 WOL | Luton v Wolves 23/09/2023, Stats - Flashscore.com | Match"}
[2026-08-16T06:19:04Z] Reading rendered DOM...
[2026-08-16T06:19:04Z] Executing extraction script for phase 2; length: 5174.
[2026-08-16T06:19:04Z] Script [extract] result prefix: {"schema_version":"1.3","section":"statistics_second_half","statistic_period":"second_half","source_url":"https://www.flashscore.com/match/football/luton-SlybbadF/wolves-j3Azpf5d/summary/stats/2nd-half/?mid=Mi0KPLgA","match_id":"Mi0KPLgA","collected_at_utc":"2026-08-16T06:19:04.595Z","page_title":"LUT 1-1 WOL | Luton v Wolves 23/09/2023, Stats - Flashscore.com | Match","competition":"WORLD CUP","status":"FINISHED","date_time":"23.09.2023 18:00","home_team":"Luton","away_team":"Wolves","score":{"
[2026-08-16T06:19:04Z] Stored second_half statistics: 13 rows.
[2026-08-16T06:19:04Z] Merged section: statistics_second_half
[2026-08-16T06:19:04Z] Opening lineups...
[2026-08-16T06:19:04Z] Navigate: https://www.flashscore.com/match/football/luton-SlybbadF/wolves-j3Azpf5d/summary/lineups/?mid=Mi0KPLgA
[2026-08-16T06:19:07Z] Page loaded. Waiting for statistics DOM...
[2026-08-16T06:19:08Z] Script [readiness] result prefix: {"body_text_length":3939,"ready":true,"row_count":106,"section":"lineups","title":"LUT 1-1 WOL | Luton v Wolves 23/09/2023, Lineups - Flashscore.com | Match"}
[2026-08-16T06:19:08Z] Reading rendered DOM...
[2026-08-16T06:19:08Z] Executing extraction script for phase 4; length: 20701.
[2026-08-16T06:19:08Z] Script [extract] result prefix: {"schema_version":"1.3","section":"lineups","statistic_period":null,"source_url":"https://www.flashscore.com/match/football/luton-SlybbadF/wolves-j3Azpf5d/summary/lineups/?mid=Mi0KPLgA","match_id":"Mi0KPLgA","collected_at_utc":"2026-08-16T06:19:08.855Z","page_title":"LUT 1-1 WOL | Luton v Wolves 23/09/2023, Lineups - Flashscore.com | Match","competition":"WORLD CUP","status":"FINISHED","date_time":"23.09.2023 18:00","home_team":"Luton","away_team":"Wolves","score":{"home":"1","away":"1","display
[2026-08-16T06:19:08Z] Merged section: lineups
[2026-08-16T06:19:08Z] English Premier League 2023/2024: Player Stats are unavailable in the source profile.
[2026-08-16T06:19:08Z] Marked all Player Stats categories as not_available; collection continues.
[2026-08-16T06:19:09Z] Opening commentary...
[2026-08-16T06:19:09Z] Navigate: https://www.flashscore.com/match/football/luton-SlybbadF/wolves-j3Azpf5d/summary/live-commentary/?mid=Mi0KPLgA
[2026-08-16T06:19:12Z] Page loaded. Waiting for statistics DOM...
[2026-08-16T06:19:13Z] Script [readiness] result prefix: {"body_text_length":13492,"ready":true,"row_count":245,"section":"commentary","title":"LUT 1-1 WOL | Luton v Wolves 23/09/2023 | Football - Flashscore | Match"}
[2026-08-16T06:19:13Z] Reading rendered DOM...
[2026-08-16T06:19:13Z] Executing extraction script for phase 12; length: 11834.
[2026-08-16T06:19:13Z] Script [extract] result prefix: {"schema_version":"1.3","section":"commentary","statistic_period":null,"source_url":"https://www.flashscore.com/match/football/luton-SlybbadF/wolves-j3Azpf5d/summary/live-commentary/all-comments/?mid=Mi0KPLgA","match_id":"Mi0KPLgA","collected_at_utc":"2026-08-16T06:19:13.632Z","page_title":"LUT 1-1 WOL | Luton v Wolves 23/09/2023 | Football - Flashscore | Match","competition":"WORLD CUP","status":"FINISHED","date_time":"23.09.2023 18:00","home_team":"Luton","away_team":"Wolves","score":{"home":"
[2026-08-16T06:19:13Z] Merged section: commentary
[2026-08-16T06:19:13Z] Saving complete match JSON...
[2026-08-16T06:19:13Z] Player Stats category unavailable; status=not_available: top_stats
[2026-08-16T06:19:13Z] Player Stats category unavailable; status=not_available: shots
[2026-08-16T06:19:13Z] Player Stats category unavailable; status=not_available: attack
[2026-08-16T06:19:13Z] Player Stats category unavailable; status=not_available: passes
[2026-08-16T06:19:13Z] Player Stats category unavailable; status=not_available: defense
[2026-08-16T06:19:13Z] Player Stats category unavailable; status=not_available: goalkeeping
[2026-08-16T06:19:13Z] Player Stats category unavailable; status=not_available: general
[2026-08-16T06:19:13Z] Structured goals, cards and VAR events enriched.
[2026-08-16T06:19:13Z] Saved match JSON with 14 statistics: G:\Mirza\VSCode\FlashscoreFootballCollector_\Data\Matches\PremierLeague\2023_2024\2023-09-23_Luton_vs_Wolves_Mi0KPLgA.json
[2026-08-16T06:19:14Z] Finished: 2023-09-23_Luton_vs_Wolves_Mi0KPLgA.json
[2026-08-16T06:19:14Z] Opening overall statistics...
[2026-08-16T06:19:14Z] Navigate: https://www.flashscore.com/match/football/crystal-palace-AovF1Mia/fulham-69ZiU2Om/summary/stats/overall/?mid=0xCBRsPc
[2026-08-16T06:19:15Z] Page loaded. Waiting for statistics DOM...
[2026-08-16T06:19:17Z] Script [readiness] result prefix: {"body_text_length":3243,"ready":true,"row_count":18,"section":"statistics_overall","title":"CRY 0-0 FUL | Crystal Palace v Fulham 23/09/2023, Stats - Flashscore.com | Match"}
[2026-08-16T06:19:17Z] Reading rendered DOM...
[2026-08-16T06:19:17Z] Executing extraction script for phase 0; length: 5174.
[2026-08-16T06:19:17Z] Script [extract] result prefix: {"schema_version":"1.3","section":"statistics_overall","statistic_period":"overall","source_url":"https://www.flashscore.com/match/football/crystal-palace-AovF1Mia/fulham-69ZiU2Om/summary/stats/overall/?mid=0xCBRsPc","match_id":"0xCBRsPc","collected_at_utc":"2026-08-16T06:19:17.929Z","page_title":"CRY 0-0 FUL | Crystal Palace v Fulham 23/09/2023, Stats - Flashscore.com | Match","competition":"WORLD CUP","status":"FINISHED","date_time":"23.09.2023 18:00","home_team":"Crystal Palace","away_team":"
[2026-08-16T06:19:18Z] Stored overall statistics: 13 rows.
[2026-08-16T06:19:18Z] Merged section: statistics_overall
[2026-08-16T06:19:18Z] Opening 1st half statistics...
[2026-08-16T06:19:18Z] Navigate: https://www.flashscore.com/match/football/crystal-palace-AovF1Mia/fulham-69ZiU2Om/summary/stats/1st-half/?mid=0xCBRsPc
[2026-08-16T06:19:20Z] Page loaded. Waiting for statistics DOM...
[2026-08-16T06:19:21Z] Script [readiness] result prefix: {"body_text_length":3258,"ready":true,"row_count":18,"section":"statistics_first_half","title":"CRY 0-0 FUL | Crystal Palace v Fulham 23/09/2023, Stats - Flashscore.com | Match"}
[2026-08-16T06:19:21Z] Reading rendered DOM...
[2026-08-16T06:19:21Z] Executing extraction script for phase 1; length: 5174.
[2026-08-16T06:19:22Z] Script [extract] result prefix: {"schema_version":"1.3","section":"statistics_first_half","statistic_period":"first_half","source_url":"https://www.flashscore.com/match/football/crystal-palace-AovF1Mia/fulham-69ZiU2Om/summary/stats/1st-half/?mid=0xCBRsPc","match_id":"0xCBRsPc","collected_at_utc":"2026-08-16T06:19:22.020Z","page_title":"CRY 0-0 FUL | Crystal Palace v Fulham 23/09/2023, Stats - Flashscore.com | Match","competition":"WORLD CUP","status":"FINISHED","date_time":"23.09.2023 18:00","home_team":"Crystal Palace","away_
[2026-08-16T06:19:22Z] Stored first_half statistics: 13 rows.
[2026-08-16T06:19:22Z] Merged section: statistics_first_half
[2026-08-16T06:19:22Z] Opening 2nd half statistics...
[2026-08-16T06:19:22Z] Navigate: https://www.flashscore.com/match/football/crystal-palace-AovF1Mia/fulham-69ZiU2Om/summary/stats/2nd-half/?mid=0xCBRsPc
[2026-08-16T06:19:23Z] Page loaded. Waiting for statistics DOM...
[2026-08-16T06:19:25Z] Script [readiness] result prefix: {"body_text_length":3257,"ready":true,"row_count":18,"section":"statistics_second_half","title":"CRY 0-0 FUL | Crystal Palace v Fulham 23/09/2023, Stats - Flashscore.com | Match"}
[2026-08-16T06:19:25Z] Reading rendered DOM...
[2026-08-16T06:19:25Z] Executing extraction script for phase 2; length: 5174.
[2026-08-16T06:19:25Z] Script [extract] result prefix: {"schema_version":"1.3","section":"statistics_second_half","statistic_period":"second_half","source_url":"https://www.flashscore.com/match/football/crystal-palace-AovF1Mia/fulham-69ZiU2Om/summary/stats/2nd-half/?mid=0xCBRsPc","match_id":"0xCBRsPc","collected_at_utc":"2026-08-16T06:19:25.486Z","page_title":"CRY 0-0 FUL | Crystal Palace v Fulham 23/09/2023, Stats - Flashscore.com | Match","competition":"WORLD CUP","status":"FINISHED","date_time":"23.09.2023 18:00","home_team":"Crystal Palace","awa
[2026-08-16T06:19:25Z] Stored second_half statistics: 13 rows.
[2026-08-16T06:19:25Z] Merged section: statistics_second_half
[2026-08-16T06:19:25Z] Opening lineups...
[2026-08-16T06:19:25Z] Navigate: https://www.flashscore.com/match/football/crystal-palace-AovF1Mia/fulham-69ZiU2Om/summary/lineups/?mid=0xCBRsPc
