[2026-08-16T05:09:56Z] Discovering complete competition season from the selected results page...
[2026-08-16T05:09:56Z] Discovering tournament matches...
[2026-08-16T05:09:56Z] Discovery navigate: https://www.flashscore.com/football/spain/laliga-2023-2024/results/
[2026-08-16T05:09:59Z] Tournament page loaded. Waiting for match list...
[2026-08-16T05:10:01Z] Reading tournament match list...
[2026-08-16T05:10:01Z] Script [discover_matches] result prefix: {"section":"match_discovery","page_url":"https://www.flashscore.com/football/spain/laliga-2023-2024/results/","page_title":"LaLiga 2023/2024 Results - Football/Spain","body_text_length":6570,"event_node_count":106,"anchor_count":136,"match_count":106,"final_tournament_limit":0,"load_more_clicked":true,"matches":[{"match_id":"bDmOFmNG","url":"https://www.flashscore.com/match/football/barcelona-SKbpVP5K/sevilla-h8oAv4Ts/summary/stats/overall/?mid=bDmOFmNG","text":"26.05.2024 Sevilla Barcelona 1 2"
[2026-08-16T05:10:01Z] WARNING: Discovery anchor was not found on the results page: 
[2026-08-16T05:10:01Z] Discovery page returned 106 matches; 0 added. Event nodes: 106; anchors: 136; body text: 6570.
[2026-08-16T05:10:01Z] Flashscore Show more clicked; waiting for additional matches...
[2026-08-16T05:10:02Z] Reading tournament match list...
[2026-08-16T05:10:02Z] Script [discover_matches] result prefix: {"section":"match_discovery","page_url":"https://www.flashscore.com/football/spain/laliga-2023-2024/results/","page_title":"LaLiga 2023/2024 Results - Football/Spain","body_text_length":9912,"event_node_count":200,"anchor_count":230,"match_count":200,"final_tournament_limit":0,"load_more_clicked":true,"matches":[{"match_id":"bDmOFmNG","url":"https://www.flashscore.com/match/football/barcelona-SKbpVP5K/sevilla-h8oAv4Ts/summary/stats/overall/?mid=bDmOFmNG","text":"26.05.2024 Sevilla Barcelona 1 2"
[2026-08-16T05:10:02Z] WARNING: Discovery anchor was not found on the results page: 
[2026-08-16T05:10:02Z] Discovery page returned 200 matches; 0 added. Event nodes: 200; anchors: 230; body text: 9912.
[2026-08-16T05:10:02Z] Flashscore Show more clicked; waiting for additional matches...
[2026-08-16T05:10:04Z] Reading tournament match list...
[2026-08-16T05:10:04Z] Script [discover_matches] result prefix: {"section":"match_discovery","page_url":"https://www.flashscore.com/football/spain/laliga-2023-2024/results/","page_title":"LaLiga 2023/2024 Results - Football/Spain","body_text_length":13483,"event_node_count":300,"anchor_count":330,"match_count":300,"final_tournament_limit":0,"load_more_clicked":true,"matches":[{"match_id":"bDmOFmNG","url":"https://www.flashscore.com/match/football/barcelona-SKbpVP5K/sevilla-h8oAv4Ts/summary/stats/overall/?mid=bDmOFmNG","text":"26.05.2024 Sevilla Barcelona 1 2
[2026-08-16T05:10:04Z] WARNING: Discovery anchor was not found on the results page: 
[2026-08-16T05:10:04Z] Discovery page returned 300 matches; 0 added. Event nodes: 300; anchors: 330; body text: 13483.
[2026-08-16T05:10:04Z] Flashscore Show more clicked; waiting for additional matches...
[2026-08-16T05:10:05Z] Reading tournament match list...
[2026-08-16T05:10:05Z] Script [discover_matches] result prefix: {"section":"match_discovery","page_url":"https://www.flashscore.com/football/spain/laliga-2023-2024/results/","page_title":"LaLiga 2023/2024 Results - Football/Spain","body_text_length":16296,"event_node_count":380,"anchor_count":410,"match_count":380,"final_tournament_limit":0,"load_more_clicked":false,"matches":[{"match_id":"bDmOFmNG","url":"https://www.flashscore.com/match/football/barcelona-SKbpVP5K/sevilla-h8oAv4Ts/summary/stats/overall/?mid=bDmOFmNG","text":"26.05.2024 Sevilla Barcelona 1 
[2026-08-16T05:10:05Z] WARNING: Discovery anchor was not found on the results page: 
[2026-08-16T05:10:05Z] Discovery page returned 380 matches; 0 added. Event nodes: 380; anchors: 410; body text: 16296.
[2026-08-16T05:10:05Z] Season discovery finished. Discovered 0 matches.
[2026-08-16T05:10:05Z] Spanish LaLiga 2023/2024 discovery is incomplete: expected 380 matches, discovered 0. Collection was not started.
[2026-08-16T05:13:30Z] Discovering complete competition season from the selected results page...
[2026-08-16T05:13:30Z] Discovering tournament matches...
[2026-08-16T05:13:30Z] Discovery navigate: https://www.flashscore.com/football/spain/laliga-2023-2024/results/
[2026-08-16T05:13:32Z] Tournament page loaded. Waiting for match list...
[2026-08-16T05:13:33Z] Reading tournament match list...
[2026-08-16T05:13:33Z] Script [discover_matches] result prefix: {"section":"match_discovery","page_url":"https://www.flashscore.com/football/spain/laliga-2023-2024/results/","page_title":"LaLiga 2023/2024 Results - Football/Spain","body_text_length":6570,"event_node_count":106,"anchor_count":136,"match_count":106,"final_tournament_limit":0,"load_more_clicked":true,"matches":[{"match_id":"bDmOFmNG","url":"https://www.flashscore.com/match/football/barcelona-SKbpVP5K/sevilla-h8oAv4Ts/summary/stats/overall/?mid=bDmOFmNG","text":"26.05.2024 Sevilla Barcelona 1 2"
[2026-08-16T05:13:33Z] WARNING: Discovery anchor was not found on the results page: 
[2026-08-16T05:13:33Z] Discovery page returned 106 matches; 0 added. Event nodes: 106; anchors: 136; body text: 6570.
[2026-08-16T05:13:33Z] Flashscore Show more clicked; waiting for additional matches...
[2026-08-16T05:13:35Z] Reading tournament match list...
[2026-08-16T05:13:35Z] Script [discover_matches] result prefix: {"section":"match_discovery","page_url":"https://www.flashscore.com/football/spain/laliga-2023-2024/results/","page_title":"LaLiga 2023/2024 Results - Football/Spain","body_text_length":6552,"event_node_count":106,"anchor_count":136,"match_count":106,"final_tournament_limit":0,"load_more_clicked":false,"matches":[{"match_id":"bDmOFmNG","url":"https://www.flashscore.com/match/football/barcelona-SKbpVP5K/sevilla-h8oAv4Ts/summary/stats/overall/?mid=bDmOFmNG","text":"26.05.2024 Sevilla Barcelona 1 2
[2026-08-16T05:13:35Z] WARNING: Discovery anchor was not found on the results page: 
[2026-08-16T05:13:35Z] Discovery page returned 106 matches; 0 added. Event nodes: 106; anchors: 136; body text: 6552.
[2026-08-16T05:13:35Z] Season discovery finished. Discovered 0 matches.
[2026-08-16T05:13:35Z] Spanish LaLiga 2023/2024 discovery is incomplete: expected 380 matches, discovered 0. Collection was not started.
[2026-08-16T05:59:54Z] Discovering complete competition season from the selected results page...
[2026-08-16T05:59:54Z] Discovering tournament matches...
[2026-08-16T05:59:54Z] Discovery navigate: https://www.flashscore.com/football/spain/laliga-2023-2024/results/
[2026-08-16T05:59:56Z] Tournament page loaded. Waiting for match list...
[2026-08-16T05:59:58Z] Reading tournament match list...
[2026-08-16T05:59:58Z] Script [discover_matches] result prefix: {"section":"match_discovery","page_url":"https://www.flashscore.com/football/spain/laliga-2023-2024/results/","page_title":"LaLiga 2023/2024 Results - Football/Spain","body_text_length":6570,"event_node_count":106,"anchor_count":136,"match_count":106,"final_tournament_limit":0,"load_more_clicked":true,"matches":[{"match_id":"bDmOFmNG","url":"https://www.flashscore.com/match/football/barcelona-SKbpVP5K/sevilla-h8oAv4Ts/summary/stats/overall/?mid=bDmOFmNG","text":"26.05.2024 Sevilla Barcelona 1 2"
[2026-08-16T05:59:58Z] Discovery snapshot is partial (106 matches rendered). Flashscore Show more clicked; waiting for earlier rounds...
[2026-08-16T05:59:59Z] Reading tournament match list...
[2026-08-16T05:59:59Z] Script [discover_matches] result prefix: {"section":"match_discovery","page_url":"https://www.flashscore.com/football/spain/laliga-2023-2024/results/","page_title":"LaLiga 2023/2024 Results - Football/Spain","body_text_length":9912,"event_node_count":200,"anchor_count":230,"match_count":200,"final_tournament_limit":0,"load_more_clicked":true,"matches":[{"match_id":"bDmOFmNG","url":"https://www.flashscore.com/match/football/barcelona-SKbpVP5K/sevilla-h8oAv4Ts/summary/stats/overall/?mid=bDmOFmNG","text":"26.05.2024 Sevilla Barcelona 1 2"
[2026-08-16T05:59:59Z] Discovery snapshot is partial (200 matches rendered). Flashscore Show more clicked; waiting for earlier rounds...
[2026-08-16T06:00:01Z] Reading tournament match list...
[2026-08-16T06:00:01Z] Script [discover_matches] result prefix: {"section":"match_discovery","page_url":"https://www.flashscore.com/football/spain/laliga-2023-2024/results/","page_title":"LaLiga 2023/2024 Results - Football/Spain","body_text_length":13483,"event_node_count":300,"anchor_count":330,"match_count":300,"final_tournament_limit":0,"load_more_clicked":true,"matches":[{"match_id":"bDmOFmNG","url":"https://www.flashscore.com/match/football/barcelona-SKbpVP5K/sevilla-h8oAv4Ts/summary/stats/overall/?mid=bDmOFmNG","text":"26.05.2024 Sevilla Barcelona 1 2
[2026-08-16T06:00:01Z] Discovery snapshot is partial (300 matches rendered). Flashscore Show more clicked; waiting for earlier rounds...
[2026-08-16T06:00:02Z] Reading tournament match list...
[2026-08-16T06:00:02Z] Script [discover_matches] result prefix: {"section":"match_discovery","page_url":"https://www.flashscore.com/football/spain/laliga-2023-2024/results/","page_title":"LaLiga 2023/2024 Results - Football/Spain","body_text_length":16296,"event_node_count":380,"anchor_count":410,"match_count":380,"final_tournament_limit":0,"load_more_clicked":false,"matches":[{"match_id":"bDmOFmNG","url":"https://www.flashscore.com/match/football/barcelona-SKbpVP5K/sevilla-h8oAv4Ts/summary/stats/overall/?mid=bDmOFmNG","text":"26.05.2024 Sevilla Barcelona 1 
[2026-08-16T06:00:02Z] Discovery expanded from 300 to 380 rendered matches; waiting for the next Show more state...
[2026-08-16T06:00:04Z] Reading tournament match list...
[2026-08-16T06:00:04Z] Script [discover_matches] result prefix: {"section":"match_discovery","page_url":"https://www.flashscore.com/football/spain/laliga-2023-2024/results/","page_title":"LaLiga 2023/2024 Results - Football/Spain","body_text_length":16296,"event_node_count":380,"anchor_count":410,"match_count":380,"final_tournament_limit":0,"load_more_clicked":false,"matches":[{"match_id":"bDmOFmNG","url":"https://www.flashscore.com/match/football/barcelona-SKbpVP5K/sevilla-h8oAv4Ts/summary/stats/overall/?mid=bDmOFmNG","text":"26.05.2024 Sevilla Barcelona 1 
[2026-08-16T06:00:05Z] Reading tournament match list...
[2026-08-16T06:00:05Z] Script [discover_matches] result prefix: {"section":"match_discovery","page_url":"https://www.flashscore.com/football/spain/laliga-2023-2024/results/","page_title":"LaLiga 2023/2024 Results - Football/Spain","body_text_length":16296,"event_node_count":380,"anchor_count":410,"match_count":380,"final_tournament_limit":0,"load_more_clicked":false,"matches":[{"match_id":"bDmOFmNG","url":"https://www.flashscore.com/match/football/barcelona-SKbpVP5K/sevilla-h8oAv4Ts/summary/stats/overall/?mid=bDmOFmNG","text":"26.05.2024 Sevilla Barcelona 1 
[2026-08-16T06:00:07Z] Reading tournament match list...
[2026-08-16T06:00:07Z] Script [discover_matches] result prefix: {"section":"match_discovery","page_url":"https://www.flashscore.com/football/spain/laliga-2023-2024/results/","page_title":"LaLiga 2023/2024 Results - Football/Spain","body_text_length":16296,"event_node_count":380,"anchor_count":410,"match_count":380,"final_tournament_limit":0,"load_more_clicked":false,"matches":[{"match_id":"bDmOFmNG","url":"https://www.flashscore.com/match/football/barcelona-SKbpVP5K/sevilla-h8oAv4Ts/summary/stats/overall/?mid=bDmOFmNG","text":"26.05.2024 Sevilla Barcelona 1 
[2026-08-16T06:00:08Z] Reading tournament match list...
[2026-08-16T06:00:08Z] Script [discover_matches] result prefix: {"section":"match_discovery","page_url":"https://www.flashscore.com/football/spain/laliga-2023-2024/results/","page_title":"LaLiga 2023/2024 Results - Football/Spain","body_text_length":16296,"event_node_count":380,"anchor_count":410,"match_count":380,"final_tournament_limit":0,"load_more_clicked":false,"matches":[{"match_id":"bDmOFmNG","url":"https://www.flashscore.com/match/football/barcelona-SKbpVP5K/sevilla-h8oAv4Ts/summary/stats/overall/?mid=bDmOFmNG","text":"26.05.2024 Sevilla Barcelona 1 
[2026-08-16T06:00:10Z] Reading tournament match list...
[2026-08-16T06:00:10Z] Script [discover_matches] result prefix: {"section":"match_discovery","page_url":"https://www.flashscore.com/football/spain/laliga-2023-2024/results/","page_title":"LaLiga 2023/2024 Results - Football/Spain","body_text_length":16296,"event_node_count":380,"anchor_count":410,"match_count":380,"final_tournament_limit":0,"load_more_clicked":false,"matches":[{"match_id":"bDmOFmNG","url":"https://www.flashscore.com/match/football/barcelona-SKbpVP5K/sevilla-h8oAv4Ts/summary/stats/overall/?mid=bDmOFmNG","text":"26.05.2024 Sevilla Barcelona 1 
[2026-08-16T06:00:12Z] Reading tournament match list...
[2026-08-16T06:00:12Z] Script [discover_matches] result prefix: {"section":"match_discovery","page_url":"https://www.flashscore.com/football/spain/laliga-2023-2024/results/","page_title":"LaLiga 2023/2024 Results - Football/Spain","body_text_length":16296,"event_node_count":380,"anchor_count":410,"match_count":380,"final_tournament_limit":0,"load_more_clicked":false,"matches":[{"match_id":"bDmOFmNG","url":"https://www.flashscore.com/match/football/barcelona-SKbpVP5K/sevilla-h8oAv4Ts/summary/stats/overall/?mid=bDmOFmNG","text":"26.05.2024 Sevilla Barcelona 1 
[2026-08-16T06:00:12Z] Discovery list stabilized at 380 rendered matches; processing the final snapshot.
[2026-08-16T06:00:19Z] Discovery page returned 380 matches; 380 added. Event nodes: 380; anchors: 410; body text: 16296.
[2026-08-16T06:00:19Z] Season discovery finished. Discovered 380 matches.
[2026-08-16T06:00:19Z] Discovery finished: 380 matches.
[2026-08-16T06:00:38Z] Discovering complete competition season from the selected results page...
[2026-08-16T06:00:38Z] Discovering tournament matches...
[2026-08-16T06:00:39Z] Discovery navigate: https://www.flashscore.com/football/spain/laliga-2023-2024/results/
[2026-08-16T06:00:40Z] Tournament page loaded. Waiting for match list...
[2026-08-16T06:00:41Z] Reading tournament match list...
[2026-08-16T06:00:41Z] Script [discover_matches] result prefix: {"section":"match_discovery","page_url":"https://www.flashscore.com/football/spain/laliga-2023-2024/results/","page_title":"LaLiga 2023/2024 Results - Football/Spain","body_text_length":6570,"event_node_count":106,"anchor_count":136,"match_count":106,"final_tournament_limit":0,"load_more_clicked":true,"matches":[{"match_id":"bDmOFmNG","url":"https://www.flashscore.com/match/football/barcelona-SKbpVP5K/sevilla-h8oAv4Ts/summary/stats/overall/?mid=bDmOFmNG","text":"26.05.2024 Sevilla Barcelona 1 2"
[2026-08-16T06:00:41Z] Discovery snapshot is partial (106 matches rendered). Flashscore Show more clicked; waiting for earlier rounds...
[2026-08-16T06:00:43Z] Reading tournament match list...
[2026-08-16T06:00:43Z] Script [discover_matches] result prefix: {"section":"match_discovery","page_url":"https://www.flashscore.com/football/spain/laliga-2023-2024/results/","page_title":"LaLiga 2023/2024 Results - Football/Spain","body_text_length":9912,"event_node_count":200,"anchor_count":230,"match_count":200,"final_tournament_limit":0,"load_more_clicked":true,"matches":[{"match_id":"bDmOFmNG","url":"https://www.flashscore.com/match/football/barcelona-SKbpVP5K/sevilla-h8oAv4Ts/summary/stats/overall/?mid=bDmOFmNG","text":"26.05.2024 Sevilla Barcelona 1 2"
[2026-08-16T06:00:43Z] Discovery snapshot is partial (200 matches rendered). Flashscore Show more clicked; waiting for earlier rounds...
[2026-08-16T06:00:44Z] Reading tournament match list...
[2026-08-16T06:00:44Z] Script [discover_matches] result prefix: {"section":"match_discovery","page_url":"https://www.flashscore.com/football/spain/laliga-2023-2024/results/","page_title":"LaLiga 2023/2024 Results - Football/Spain","body_text_length":13483,"event_node_count":300,"anchor_count":330,"match_count":300,"final_tournament_limit":0,"load_more_clicked":true,"matches":[{"match_id":"bDmOFmNG","url":"https://www.flashscore.com/match/football/barcelona-SKbpVP5K/sevilla-h8oAv4Ts/summary/stats/overall/?mid=bDmOFmNG","text":"26.05.2024 Sevilla Barcelona 1 2
[2026-08-16T06:00:44Z] Discovery snapshot is partial (300 matches rendered). Flashscore Show more clicked; waiting for earlier rounds...
[2026-08-16T06:00:46Z] Reading tournament match list...
[2026-08-16T06:00:46Z] Script [discover_matches] result prefix: {"section":"match_discovery","page_url":"https://www.flashscore.com/football/spain/laliga-2023-2024/results/","page_title":"LaLiga 2023/2024 Results - Football/Spain","body_text_length":16296,"event_node_count":380,"anchor_count":410,"match_count":380,"final_tournament_limit":0,"load_more_clicked":false,"matches":[{"match_id":"bDmOFmNG","url":"https://www.flashscore.com/match/football/barcelona-SKbpVP5K/sevilla-h8oAv4Ts/summary/stats/overall/?mid=bDmOFmNG","text":"26.05.2024 Sevilla Barcelona 1 
[2026-08-16T06:00:46Z] Discovery expanded from 300 to 380 rendered matches; waiting for the next Show more state...
[2026-08-16T06:00:47Z] Reading tournament match list...
[2026-08-16T06:00:47Z] Script [discover_matches] result prefix: {"section":"match_discovery","page_url":"https://www.flashscore.com/football/spain/laliga-2023-2024/results/","page_title":"LaLiga 2023/2024 Results - Football/Spain","body_text_length":16296,"event_node_count":380,"anchor_count":410,"match_count":380,"final_tournament_limit":0,"load_more_clicked":false,"matches":[{"match_id":"bDmOFmNG","url":"https://www.flashscore.com/match/football/barcelona-SKbpVP5K/sevilla-h8oAv4Ts/summary/stats/overall/?mid=bDmOFmNG","text":"26.05.2024 Sevilla Barcelona 1 
[2026-08-16T06:00:49Z] Reading tournament match list...
[2026-08-16T06:00:49Z] Script [discover_matches] result prefix: {"section":"match_discovery","page_url":"https://www.flashscore.com/football/spain/laliga-2023-2024/results/","page_title":"LaLiga 2023/2024 Results - Football/Spain","body_text_length":16296,"event_node_count":380,"anchor_count":410,"match_count":380,"final_tournament_limit":0,"load_more_clicked":false,"matches":[{"match_id":"bDmOFmNG","url":"https://www.flashscore.com/match/football/barcelona-SKbpVP5K/sevilla-h8oAv4Ts/summary/stats/overall/?mid=bDmOFmNG","text":"26.05.2024 Sevilla Barcelona 1 
[2026-08-16T06:00:50Z] Reading tournament match list...
[2026-08-16T06:00:50Z] Script [discover_matches] result prefix: {"section":"match_discovery","page_url":"https://www.flashscore.com/football/spain/laliga-2023-2024/results/","page_title":"LaLiga 2023/2024 Results - Football/Spain","body_text_length":16296,"event_node_count":380,"anchor_count":410,"match_count":380,"final_tournament_limit":0,"load_more_clicked":false,"matches":[{"match_id":"bDmOFmNG","url":"https://www.flashscore.com/match/football/barcelona-SKbpVP5K/sevilla-h8oAv4Ts/summary/stats/overall/?mid=bDmOFmNG","text":"26.05.2024 Sevilla Barcelona 1 
[2026-08-16T06:00:52Z] Reading tournament match list...
[2026-08-16T06:00:52Z] Script [discover_matches] result prefix: {"section":"match_discovery","page_url":"https://www.flashscore.com/football/spain/laliga-2023-2024/results/","page_title":"LaLiga 2023/2024 Results - Football/Spain","body_text_length":16296,"event_node_count":380,"anchor_count":410,"match_count":380,"final_tournament_limit":0,"load_more_clicked":false,"matches":[{"match_id":"bDmOFmNG","url":"https://www.flashscore.com/match/football/barcelona-SKbpVP5K/sevilla-h8oAv4Ts/summary/stats/overall/?mid=bDmOFmNG","text":"26.05.2024 Sevilla Barcelona 1 
[2026-08-16T06:00:53Z] Reading tournament match list...
[2026-08-16T06:00:54Z] Script [discover_matches] result prefix: {"section":"match_discovery","page_url":"https://www.flashscore.com/football/spain/laliga-2023-2024/results/","page_title":"LaLiga 2023/2024 Results - Football/Spain","body_text_length":16296,"event_node_count":380,"anchor_count":410,"match_count":380,"final_tournament_limit":0,"load_more_clicked":false,"matches":[{"match_id":"bDmOFmNG","url":"https://www.flashscore.com/match/football/barcelona-SKbpVP5K/sevilla-h8oAv4Ts/summary/stats/overall/?mid=bDmOFmNG","text":"26.05.2024 Sevilla Barcelona 1 
[2026-08-16T06:00:55Z] Reading tournament match list...
[2026-08-16T06:00:55Z] Script [discover_matches] result prefix: {"section":"match_discovery","page_url":"https://www.flashscore.com/football/spain/laliga-2023-2024/results/","page_title":"LaLiga 2023/2024 Results - Football/Spain","body_text_length":16296,"event_node_count":380,"anchor_count":410,"match_count":380,"final_tournament_limit":0,"load_more_clicked":false,"matches":[{"match_id":"bDmOFmNG","url":"https://www.flashscore.com/match/football/barcelona-SKbpVP5K/sevilla-h8oAv4Ts/summary/stats/overall/?mid=bDmOFmNG","text":"26.05.2024 Sevilla Barcelona 1 
[2026-08-16T06:00:55Z] Discovery list stabilized at 380 rendered matches; processing the final snapshot.
[2026-08-16T06:01:04Z] Discovery page returned 380 matches; 380 added. Event nodes: 380; anchors: 410; body text: 16296.
[2026-08-16T06:01:04Z] Season discovery finished. Discovered 380 matches.
[2026-08-16T06:01:04Z] Starting collection from the earliest unprocessed match: pAqhrBjO
[2026-08-16T06:01:04Z] Opening overall statistics...
[2026-08-16T06:01:04Z] Navigate: https://www.flashscore.com/match/football/almeria-nF2Vy2D0/rayo-vallecano-8bcjFy6O/summary/stats/overall/?mid=pAqhrBjO
[2026-08-16T06:01:07Z] Page loaded. Waiting for statistics DOM...
[2026-08-16T06:01:08Z] Script [readiness] result prefix: {"body_text_length":3217,"ready":true,"row_count":17,"section":"statistics_overall","title":"ALM 0-2 RAY | Almeria v Rayo Vallecano 11/08/2023, Stats - Flashscore.com | Match"}
[2026-08-16T06:01:08Z] Reading rendered DOM...
[2026-08-16T06:01:08Z] Executing extraction script for phase 0; length: 5174.
[2026-08-16T06:01:08Z] Script [extract] result prefix: {"schema_version":"1.3","section":"statistics_overall","statistic_period":"overall","source_url":"https://www.flashscore.com/match/football/almeria-nF2Vy2D0/rayo-vallecano-8bcjFy6O/summary/stats/overall/?mid=pAqhrBjO","match_id":"pAqhrBjO","collected_at_utc":"2026-08-16T06:01:08.828Z","page_title":"ALM 0-2 RAY | Almeria v Rayo Vallecano 11/08/2023, Stats - Flashscore.com | Match","competition":"WORLD CUP","status":"FINISHED","date_time":"11.08.2023 21:30","home_team":"Almeria","away_team":"Rayo 
[2026-08-16T06:01:08Z] Stored overall statistics: 13 rows.
[2026-08-16T06:01:08Z] Merged section: statistics_overall
[2026-08-16T06:01:08Z] Opening 1st half statistics...
[2026-08-16T06:01:08Z] Navigate: https://www.flashscore.com/match/football/almeria-nF2Vy2D0/rayo-vallecano-8bcjFy6O/summary/stats/1st-half/?mid=pAqhrBjO
[2026-08-16T06:01:10Z] Page loaded. Waiting for statistics DOM...
[2026-08-16T06:01:12Z] Script [readiness] result prefix: {"body_text_length":3208,"ready":true,"row_count":17,"section":"statistics_first_half","title":"ALM 0-2 RAY | Almeria v Rayo Vallecano 11/08/2023, Stats - Flashscore.com | Match"}
[2026-08-16T06:01:12Z] Reading rendered DOM...
[2026-08-16T06:01:12Z] Executing extraction script for phase 1; length: 5174.
[2026-08-16T06:01:12Z] Script [extract] result prefix: {"schema_version":"1.3","section":"statistics_first_half","statistic_period":"first_half","source_url":"https://www.flashscore.com/match/football/almeria-nF2Vy2D0/rayo-vallecano-8bcjFy6O/summary/stats/1st-half/?mid=pAqhrBjO","match_id":"pAqhrBjO","collected_at_utc":"2026-08-16T06:01:12.516Z","page_title":"ALM 0-2 RAY | Almeria v Rayo Vallecano 11/08/2023, Stats - Flashscore.com | Match","competition":"WORLD CUP","status":"FINISHED","date_time":"11.08.2023 21:30","home_team":"Almeria","away_team"
[2026-08-16T06:01:12Z] Stored first_half statistics: 13 rows.
[2026-08-16T06:01:12Z] Merged section: statistics_first_half
[2026-08-16T06:01:12Z] Opening 2nd half statistics...
[2026-08-16T06:01:12Z] Navigate: https://www.flashscore.com/match/football/almeria-nF2Vy2D0/rayo-vallecano-8bcjFy6O/summary/stats/2nd-half/?mid=pAqhrBjO
[2026-08-16T06:01:14Z] Page loaded. Waiting for statistics DOM...
[2026-08-16T06:01:16Z] Script [readiness] result prefix: {"body_text_length":3210,"ready":true,"row_count":17,"section":"statistics_second_half","title":"ALM 0-2 RAY | Almeria v Rayo Vallecano 11/08/2023, Stats - Flashscore.com | Match"}
[2026-08-16T06:01:16Z] Reading rendered DOM...
[2026-08-16T06:01:16Z] Executing extraction script for phase 2; length: 5174.
[2026-08-16T06:01:16Z] Script [extract] result prefix: {"schema_version":"1.3","section":"statistics_second_half","statistic_period":"second_half","source_url":"https://www.flashscore.com/match/football/almeria-nF2Vy2D0/rayo-vallecano-8bcjFy6O/summary/stats/2nd-half/?mid=pAqhrBjO","match_id":"pAqhrBjO","collected_at_utc":"2026-08-16T06:01:16.265Z","page_title":"ALM 0-2 RAY | Almeria v Rayo Vallecano 11/08/2023, Stats - Flashscore.com | Match","competition":"WORLD CUP","status":"FINISHED","date_time":"11.08.2023 21:30","home_team":"Almeria","away_tea
[2026-08-16T06:01:16Z] Stored second_half statistics: 13 rows.
[2026-08-16T06:01:16Z] Merged section: statistics_second_half
[2026-08-16T06:01:16Z] Opening lineups...
[2026-08-16T06:01:16Z] Navigate: https://www.flashscore.com/match/football/almeria-nF2Vy2D0/rayo-vallecano-8bcjFy6O/summary/lineups/?mid=pAqhrBjO
[2026-08-16T06:01:18Z] Page loaded. Waiting for statistics DOM...
[2026-08-16T06:01:20Z] Script [readiness] result prefix: {"body_text_length":4195,"ready":true,"row_count":117,"section":"lineups","title":"ALM 0-2 RAY | Almeria v Rayo Vallecano 11/08/2023, Lineups - Flashscore.com | Match"}
[2026-08-16T06:01:20Z] Reading rendered DOM...
[2026-08-16T06:01:20Z] Executing extraction script for phase 4; length: 20701.
[2026-08-16T06:01:20Z] Script [extract] result prefix: {"schema_version":"1.3","section":"lineups","statistic_period":null,"source_url":"https://www.flashscore.com/match/football/almeria-nF2Vy2D0/rayo-vallecano-8bcjFy6O/summary/lineups/?mid=pAqhrBjO","match_id":"pAqhrBjO","collected_at_utc":"2026-08-16T06:01:20.222Z","page_title":"ALM 0-2 RAY | Almeria v Rayo Vallecano 11/08/2023, Lineups - Flashscore.com | Match","competition":"WORLD CUP","status":"FINISHED","date_time":"11.08.2023 21:30","home_team":"Almeria","away_team":"Rayo Vallecano","score":{
[2026-08-16T06:01:20Z] Merged section: lineups
[2026-08-16T06:01:20Z] Spanish LaLiga 2023/2024: Player Stats are unavailable in the source profile.
[2026-08-16T06:01:20Z] Marked all Player Stats categories as not_available; collection continues.
[2026-08-16T06:01:20Z] Opening commentary...
[2026-08-16T06:01:20Z] Navigate: https://www.flashscore.com/match/football/almeria-nF2Vy2D0/rayo-vallecano-8bcjFy6O/summary/live-commentary/?mid=pAqhrBjO
[2026-08-16T06:01:22Z] Page loaded. Waiting for statistics DOM...
[2026-08-16T06:01:23Z] Script [readiness] result prefix: {"body_text_length":12414,"ready":true,"row_count":240,"section":"commentary","title":"ALM 0-2 RAY | Almeria v Rayo Vallecano 11/08/2023 | Football - Flashscore | Match"}
[2026-08-16T06:01:23Z] Reading rendered DOM...
[2026-08-16T06:01:23Z] Executing extraction script for phase 12; length: 11834.
[2026-08-16T06:01:23Z] Script [extract] result prefix: {"schema_version":"1.3","section":"commentary","statistic_period":null,"source_url":"https://www.flashscore.com/match/football/almeria-nF2Vy2D0/rayo-vallecano-8bcjFy6O/summary/live-commentary/all-comments/?mid=pAqhrBjO","match_id":"pAqhrBjO","collected_at_utc":"2026-08-16T06:01:23.903Z","page_title":"ALM 0-2 RAY | Almeria v Rayo Vallecano 11/08/2023 | Football - Flashscore | Match","competition":"WORLD CUP","status":"FINISHED","date_time":"11.08.2023 21:30","home_team":"Almeria","away_team":"Ray
[2026-08-16T06:01:23Z] Merged section: commentary
[2026-08-16T06:01:23Z] Saving complete match JSON...
[2026-08-16T06:01:23Z] Player Stats category unavailable; status=not_available: top_stats
[2026-08-16T06:01:23Z] Player Stats category unavailable; status=not_available: shots
[2026-08-16T06:01:24Z] Player Stats category unavailable; status=not_available: attack
[2026-08-16T06:01:24Z] Player Stats category unavailable; status=not_available: passes
[2026-08-16T06:01:24Z] Player Stats category unavailable; status=not_available: defense
[2026-08-16T06:01:24Z] Player Stats category unavailable; status=not_available: goalkeeping
[2026-08-16T06:01:24Z] Player Stats category unavailable; status=not_available: general
[2026-08-16T06:01:24Z] Structured goals, cards and VAR events enriched.
[2026-08-16T06:01:24Z] Saved match JSON with 13 statistics: G:\Mirza\VSCode\FlashscoreFootballCollector_\Data\Matches\LaLiga\2023_2024\2023-08-11_Almeria_vs_Rayo_Vallecano_pAqhrBjO.json
[2026-08-16T06:01:24Z] Finished: 2023-08-11_Almeria_vs_Rayo_Vallecano_pAqhrBjO.json
[2026-08-16T06:01:24Z] Opening overall statistics...
[2026-08-16T06:01:24Z] Navigate: https://www.flashscore.com/match/football/sevilla-h8oAv4Ts/valencia-CQeaytrD/summary/stats/overall/?mid=UXHA0h6h
[2026-08-16T06:01:25Z] Page loaded. Waiting for statistics DOM...
[2026-08-16T06:01:27Z] Script [readiness] result prefix: {"body_text_length":3198,"ready":true,"row_count":18,"section":"statistics_overall","title":"SEV 1-2 VAL | Sevilla v Valencia 11/08/2023, Stats - Flashscore.com | Match"}
[2026-08-16T06:01:27Z] Reading rendered DOM...
[2026-08-16T06:01:27Z] Executing extraction script for phase 0; length: 5174.
[2026-08-16T06:01:27Z] Script [extract] result prefix: {"schema_version":"1.3","section":"statistics_overall","statistic_period":"overall","source_url":"https://www.flashscore.com/match/football/sevilla-h8oAv4Ts/valencia-CQeaytrD/summary/stats/overall/?mid=UXHA0h6h","match_id":"UXHA0h6h","collected_at_utc":"2026-08-16T06:01:27.200Z","page_title":"SEV 1-2 VAL | Sevilla v Valencia 11/08/2023, Stats - Flashscore.com | Match","competition":"WORLD CUP","status":"FINISHED","date_time":"12.08.2023 00:00","home_team":"Sevilla","away_team":"Valencia","score"
[2026-08-16T06:01:27Z] Stored overall statistics: 14 rows.
[2026-08-16T06:01:27Z] Merged section: statistics_overall
[2026-08-16T06:01:27Z] Opening 1st half statistics...
[2026-08-16T06:01:27Z] Navigate: https://www.flashscore.com/match/football/sevilla-h8oAv4Ts/valencia-CQeaytrD/summary/stats/1st-half/?mid=UXHA0h6h
[2026-08-16T06:01:29Z] Page loaded. Waiting for statistics DOM...
[2026-08-16T06:01:30Z] Script [readiness] result prefix: {"body_text_length":3178,"ready":true,"row_count":17,"section":"statistics_first_half","title":"SEV 1-2 VAL | Sevilla v Valencia 11/08/2023, Stats - Flashscore.com | Match"}
[2026-08-16T06:01:30Z] Reading rendered DOM...
[2026-08-16T06:01:30Z] Executing extraction script for phase 1; length: 5174.
[2026-08-16T06:01:30Z] Script [extract] result prefix: {"schema_version":"1.3","section":"statistics_first_half","statistic_period":"first_half","source_url":"https://www.flashscore.com/match/football/sevilla-h8oAv4Ts/valencia-CQeaytrD/summary/stats/1st-half/?mid=UXHA0h6h","match_id":"UXHA0h6h","collected_at_utc":"2026-08-16T06:01:30.732Z","page_title":"SEV 1-2 VAL | Sevilla v Valencia 11/08/2023, Stats - Flashscore.com | Match","competition":"WORLD CUP","status":"FINISHED","date_time":"12.08.2023 00:00","home_team":"Sevilla","away_team":"Valencia",
[2026-08-16T06:01:30Z] Stored first_half statistics: 13 rows.
[2026-08-16T06:01:30Z] Merged section: statistics_first_half
[2026-08-16T06:01:30Z] Opening 2nd half statistics...
[2026-08-16T06:01:30Z] Navigate: https://www.flashscore.com/match/football/sevilla-h8oAv4Ts/valencia-CQeaytrD/summary/stats/2nd-half/?mid=UXHA0h6h
[2026-08-16T06:01:32Z] Page loaded. Waiting for statistics DOM...
[2026-08-16T06:01:33Z] Script [readiness] result prefix: {"body_text_length":3192,"ready":true,"row_count":18,"section":"statistics_second_half","title":"SEV 1-2 VAL | Sevilla v Valencia 11/08/2023, Stats - Flashscore.com | Match"}
[2026-08-16T06:01:33Z] Reading rendered DOM...
[2026-08-16T06:01:33Z] Executing extraction script for phase 2; length: 5174.
[2026-08-16T06:01:34Z] Script [extract] result prefix: {"schema_version":"1.3","section":"statistics_second_half","statistic_period":"second_half","source_url":"https://www.flashscore.com/match/football/sevilla-h8oAv4Ts/valencia-CQeaytrD/summary/stats/2nd-half/?mid=UXHA0h6h","match_id":"UXHA0h6h","collected_at_utc":"2026-08-16T06:01:34.001Z","page_title":"SEV 1-2 VAL | Sevilla v Valencia 11/08/2023, Stats - Flashscore.com | Match","competition":"WORLD CUP","status":"FINISHED","date_time":"12.08.2023 00:00","home_team":"Sevilla","away_team":"Valencia
[2026-08-16T06:01:34Z] Stored second_half statistics: 14 rows.
[2026-08-16T06:01:34Z] Merged section: statistics_second_half
[2026-08-16T06:01:34Z] Opening lineups...
[2026-08-16T06:01:34Z] Navigate: https://www.flashscore.com/match/football/sevilla-h8oAv4Ts/valencia-CQeaytrD/summary/lineups/?mid=UXHA0h6h
[2026-08-16T06:01:36Z] Page loaded. Waiting for statistics DOM...
[2026-08-16T06:01:37Z] Script [readiness] result prefix: {"body_text_length":4164,"ready":true,"row_count":114,"section":"lineups","title":"SEV 1-2 VAL | Sevilla v Valencia 11/08/2023, Lineups - Flashscore.com | Match"}
[2026-08-16T06:01:37Z] Reading rendered DOM...
[2026-08-16T06:01:37Z] Executing extraction script for phase 4; length: 20701.
[2026-08-16T06:01:37Z] Script [extract] result prefix: {"schema_version":"1.3","section":"lineups","statistic_period":null,"source_url":"https://www.flashscore.com/match/football/sevilla-h8oAv4Ts/valencia-CQeaytrD/summary/lineups/?mid=UXHA0h6h","match_id":"UXHA0h6h","collected_at_utc":"2026-08-16T06:01:37.590Z","page_title":"SEV 1-2 VAL | Sevilla v Valencia 11/08/2023, Lineups - Flashscore.com | Match","competition":"WORLD CUP","status":"FINISHED","date_time":"12.08.2023 00:00","home_team":"Sevilla","away_team":"Valencia","score":{"home":"1","away":
[2026-08-16T06:01:37Z] Merged section: lineups
[2026-08-16T06:01:37Z] Spanish LaLiga 2023/2024: Player Stats are unavailable in the source profile.
[2026-08-16T06:01:37Z] Marked all Player Stats categories as not_available; collection continues.
[2026-08-16T06:01:37Z] Opening commentary...
[2026-08-16T06:01:37Z] Navigate: https://www.flashscore.com/match/football/sevilla-h8oAv4Ts/valencia-CQeaytrD/summary/live-commentary/?mid=UXHA0h6h
[2026-08-16T06:01:39Z] Page loaded. Waiting for statistics DOM...
[2026-08-16T06:01:41Z] Script [readiness] result prefix: {"body_text_length":14980,"ready":true,"row_count":272,"section":"commentary","title":"SEV 1-2 VAL | Sevilla v Valencia 11/08/2023 | Football - Flashscore | Match"}
[2026-08-16T06:01:41Z] Reading rendered DOM...
[2026-08-16T06:01:41Z] Executing extraction script for phase 12; length: 11834.
[2026-08-16T06:01:41Z] Script [extract] result prefix: {"schema_version":"1.3","section":"commentary","statistic_period":null,"source_url":"https://www.flashscore.com/match/football/sevilla-h8oAv4Ts/valencia-CQeaytrD/summary/live-commentary/all-comments/?mid=UXHA0h6h","match_id":"UXHA0h6h","collected_at_utc":"2026-08-16T06:01:41.282Z","page_title":"SEV 1-2 VAL | Sevilla v Valencia 11/08/2023 | Football - Flashscore | Match","competition":"WORLD CUP","status":"FINISHED","date_time":"12.08.2023 00:00","home_team":"Sevilla","away_team":"Valencia","scor
[2026-08-16T06:01:41Z] Merged section: commentary
[2026-08-16T06:01:41Z] Saving complete match JSON...
[2026-08-16T06:01:41Z] Player Stats category unavailable; status=not_available: top_stats
[2026-08-16T06:01:41Z] Player Stats category unavailable; status=not_available: shots
[2026-08-16T06:01:41Z] Player Stats category unavailable; status=not_available: attack
[2026-08-16T06:01:41Z] Player Stats category unavailable; status=not_available: passes
[2026-08-16T06:01:41Z] Player Stats category unavailable; status=not_available: defense
[2026-08-16T06:01:41Z] Player Stats category unavailable; status=not_available: goalkeeping
[2026-08-16T06:01:41Z] Player Stats category unavailable; status=not_available: general
[2026-08-16T06:01:41Z] Structured goals, cards and VAR events enriched.
[2026-08-16T06:01:41Z] Saved match JSON with 14 statistics: G:\Mirza\VSCode\FlashscoreFootballCollector_\Data\Matches\LaLiga\2023_2024\2023-08-12_Sevilla_vs_Valencia_UXHA0h6h.json
[2026-08-16T06:01:41Z] Finished: 2023-08-12_Sevilla_vs_Valencia_UXHA0h6h.json
[2026-08-16T06:01:41Z] Opening overall statistics...
[2026-08-16T06:01:41Z] Navigate: https://www.flashscore.com/match/football/girona-nNNpcUSL/real-sociedad-jNvak2f3/summary/stats/overall/?mid=bD9RdA5H
[2026-08-16T06:01:44Z] Page loaded. Waiting for statistics DOM...
[2026-08-16T06:01:45Z] Script [readiness] result prefix: {"body_text_length":3204,"ready":true,"row_count":17,"section":"statistics_overall","title":"RSO 1-1 GIR | Real Sociedad v Girona 12/08/2023, Stats - Flashscore.com | Match"}
[2026-08-16T06:01:45Z] Reading rendered DOM...
[2026-08-16T06:01:45Z] Executing extraction script for phase 0; length: 5174.
[2026-08-16T06:01:45Z] Script [extract] result prefix: {"schema_version":"1.3","section":"statistics_overall","statistic_period":"overall","source_url":"https://www.flashscore.com/match/football/girona-nNNpcUSL/real-sociedad-jNvak2f3/summary/stats/overall/?mid=bD9RdA5H","match_id":"bD9RdA5H","collected_at_utc":"2026-08-16T06:01:45.928Z","page_title":"RSO 1-1 GIR | Real Sociedad v Girona 12/08/2023, Stats - Flashscore.com | Match","competition":"WORLD CUP","status":"FINISHED","date_time":"12.08.2023 19:00","home_team":"Real Sociedad","away_team":"Gir
[2026-08-16T06:01:45Z] Stored overall statistics: 13 rows.
[2026-08-16T06:01:45Z] Merged section: statistics_overall
[2026-08-16T06:01:45Z] Opening 1st half statistics...
[2026-08-16T06:01:46Z] Navigate: https://www.flashscore.com/match/football/girona-nNNpcUSL/real-sociedad-jNvak2f3/summary/stats/1st-half/?mid=bD9RdA5H
[2026-08-16T06:01:48Z] Page loaded. Waiting for statistics DOM...
[2026-08-16T06:01:49Z] Script [readiness] result prefix: {"body_text_length":3198,"ready":true,"row_count":17,"section":"statistics_first_half","title":"RSO 1-1 GIR | Real Sociedad v Girona 12/08/2023, Stats - Flashscore.com | Match"}
[2026-08-16T06:01:49Z] Reading rendered DOM...
[2026-08-16T06:01:49Z] Executing extraction script for phase 1; length: 5174.
[2026-08-16T06:01:49Z] Script [extract] result prefix: {"schema_version":"1.3","section":"statistics_first_half","statistic_period":"first_half","source_url":"https://www.flashscore.com/match/football/girona-nNNpcUSL/real-sociedad-jNvak2f3/summary/stats/1st-half/?mid=bD9RdA5H","match_id":"bD9RdA5H","collected_at_utc":"2026-08-16T06:01:49.546Z","page_title":"RSO 1-1 GIR | Real Sociedad v Girona 12/08/2023, Stats - Flashscore.com | Match","competition":"WORLD CUP","status":"FINISHED","date_time":"12.08.2023 19:00","home_team":"Real Sociedad","away_tea
[2026-08-16T06:01:49Z] Stored first_half statistics: 13 rows.
[2026-08-16T06:01:49Z] Merged section: statistics_first_half
[2026-08-16T06:01:49Z] Opening 2nd half statistics...
[2026-08-16T06:01:49Z] Navigate: https://www.flashscore.com/match/football/girona-nNNpcUSL/real-sociedad-jNvak2f3/summary/stats/2nd-half/?mid=bD9RdA5H
[2026-08-16T06:01:51Z] Page loaded. Waiting for statistics DOM...
[2026-08-16T06:01:52Z] Script [readiness] result prefix: {"body_text_length":3201,"ready":true,"row_count":17,"section":"statistics_second_half","title":"RSO 1-1 GIR | Real Sociedad v Girona 12/08/2023, Stats - Flashscore.com | Match"}
[2026-08-16T06:01:52Z] Reading rendered DOM...
[2026-08-16T06:01:52Z] Executing extraction script for phase 2; length: 5174.
[2026-08-16T06:01:52Z] Script [extract] result prefix: {"schema_version":"1.3","section":"statistics_second_half","statistic_period":"second_half","source_url":"https://www.flashscore.com/match/football/girona-nNNpcUSL/real-sociedad-jNvak2f3/summary/stats/2nd-half/?mid=bD9RdA5H","match_id":"bD9RdA5H","collected_at_utc":"2026-08-16T06:01:52.577Z","page_title":"RSO 1-1 GIR | Real Sociedad v Girona 12/08/2023, Stats - Flashscore.com | Match","competition":"WORLD CUP","status":"FINISHED","date_time":"12.08.2023 19:00","home_team":"Real Sociedad","away_t
[2026-08-16T06:01:52Z] Stored second_half statistics: 13 rows.
[2026-08-16T06:01:52Z] Merged section: statistics_second_half
[2026-08-16T06:01:52Z] Opening lineups...
[2026-08-16T06:01:52Z] Navigate: https://www.flashscore.com/match/football/girona-nNNpcUSL/real-sociedad-jNvak2f3/summary/lineups/?mid=bD9RdA5H
[2026-08-16T06:01:55Z] Page loaded. Waiting for statistics DOM...
[2026-08-16T06:01:56Z] Script [readiness] result prefix: {"body_text_length":4419,"ready":true,"row_count":125,"section":"lineups","title":"RSO 1-1 GIR | Real Sociedad v Girona 12/08/2023, Lineups - Flashscore.com | Match"}
[2026-08-16T06:01:56Z] Reading rendered DOM...
[2026-08-16T06:01:56Z] Executing extraction script for phase 4; length: 20701.
[2026-08-16T06:01:56Z] Script [extract] result prefix: {"schema_version":"1.3","section":"lineups","statistic_period":null,"source_url":"https://www.flashscore.com/match/football/girona-nNNpcUSL/real-sociedad-jNvak2f3/summary/lineups/?mid=bD9RdA5H","match_id":"bD9RdA5H","collected_at_utc":"2026-08-16T06:01:56.634Z","page_title":"RSO 1-1 GIR | Real Sociedad v Girona 12/08/2023, Lineups - Flashscore.com | Match","competition":"WORLD CUP","status":"FINISHED","date_time":"12.08.2023 19:00","home_team":"Real Sociedad","away_team":"Girona","score":{"home"
[2026-08-16T06:01:56Z] Merged section: lineups
[2026-08-16T06:01:56Z] Spanish LaLiga 2023/2024: Player Stats are unavailable in the source profile.
[2026-08-16T06:01:56Z] Marked all Player Stats categories as not_available; collection continues.
[2026-08-16T06:01:56Z] Opening commentary...
[2026-08-16T06:01:56Z] Navigate: https://www.flashscore.com/match/football/girona-nNNpcUSL/real-sociedad-jNvak2f3/summary/live-commentary/?mid=bD9RdA5H
[2026-08-16T06:01:58Z] Page loaded. Waiting for statistics DOM...
[2026-08-16T06:02:00Z] Script [readiness] result prefix: {"body_text_length":10213,"ready":true,"row_count":201,"section":"commentary","title":"RSO 1-1 GIR | Real Sociedad v Girona 12/08/2023 | Football - Flashscore | Match"}
[2026-08-16T06:02:00Z] Reading rendered DOM...
[2026-08-16T06:02:00Z] Executing extraction script for phase 12; length: 11834.
[2026-08-16T06:02:00Z] Script [extract] result prefix: {"schema_version":"1.3","section":"commentary","statistic_period":null,"source_url":"https://www.flashscore.com/match/football/girona-nNNpcUSL/real-sociedad-jNvak2f3/summary/live-commentary/all-comments/?mid=bD9RdA5H","match_id":"bD9RdA5H","collected_at_utc":"2026-08-16T06:02:00.545Z","page_title":"RSO 1-1 GIR | Real Sociedad v Girona 12/08/2023 | Football - Flashscore | Match","competition":"WORLD CUP","status":"FINISHED","date_time":"12.08.2023 19:00","home_team":"Real Sociedad","away_team":"G
[2026-08-16T06:02:00Z] Merged section: commentary
[2026-08-16T06:02:00Z] Saving complete match JSON...
[2026-08-16T06:02:00Z] Player Stats category unavailable; status=not_available: top_stats
[2026-08-16T06:02:00Z] Player Stats category unavailable; status=not_available: shots
[2026-08-16T06:02:00Z] Player Stats category unavailable; status=not_available: attack
[2026-08-16T06:02:00Z] Player Stats category unavailable; status=not_available: passes
[2026-08-16T06:02:00Z] Player Stats category unavailable; status=not_available: defense
[2026-08-16T06:02:00Z] Player Stats category unavailable; status=not_available: goalkeeping
[2026-08-16T06:02:00Z] Player Stats category unavailable; status=not_available: general
[2026-08-16T06:02:00Z] Structured goals, cards and VAR events enriched.
[2026-08-16T06:02:00Z] Saved match JSON with 13 statistics: G:\Mirza\VSCode\FlashscoreFootballCollector_\Data\Matches\LaLiga\2023_2024\2023-08-12_Real_Sociedad_vs_Girona_bD9RdA5H.json
[2026-08-16T06:02:00Z] Finished: 2023-08-12_Real_Sociedad_vs_Girona_bD9RdA5H.json
[2026-08-16T06:02:00Z] Opening overall statistics...
[2026-08-16T06:02:00Z] Navigate: https://www.flashscore.com/match/football/las-palmas-IyRQC2vM/mallorca-4jDQxrbf/summary/stats/overall/?mid=8OGEaCLb
[2026-08-16T06:02:02Z] Page loaded. Waiting for statistics DOM...
[2026-08-16T06:02:04Z] Script [readiness] result prefix: {"body_text_length":3199,"ready":true,"row_count":17,"section":"statistics_overall","title":"PAL 1-1 MAL | Las Palmas v Mallorca 12/08/2023, Stats - Flashscore.com | Match"}
[2026-08-16T06:02:04Z] Reading rendered DOM...
[2026-08-16T06:02:04Z] Executing extraction script for phase 0; length: 5174.
[2026-08-16T06:02:04Z] Script [extract] result prefix: {"schema_version":"1.3","section":"statistics_overall","statistic_period":"overall","source_url":"https://www.flashscore.com/match/football/las-palmas-IyRQC2vM/mallorca-4jDQxrbf/summary/stats/overall/?mid=8OGEaCLb","match_id":"8OGEaCLb","collected_at_utc":"2026-08-16T06:02:04.449Z","page_title":"PAL 1-1 MAL | Las Palmas v Mallorca 12/08/2023, Stats - Flashscore.com | Match","competition":"WORLD CUP","status":"FINISHED","date_time":"12.08.2023 21:30","home_team":"Las Palmas","away_team":"Mallorca
[2026-08-16T06:02:04Z] Stored overall statistics: 13 rows.
[2026-08-16T06:02:04Z] Merged section: statistics_overall
[2026-08-16T06:02:04Z] Opening 1st half statistics...
[2026-08-16T06:02:04Z] Navigate: https://www.flashscore.com/match/football/las-palmas-IyRQC2vM/mallorca-4jDQxrbf/summary/stats/1st-half/?mid=8OGEaCLb
[2026-08-16T06:02:05Z] Page loaded. Waiting for statistics DOM...
[2026-08-16T06:02:07Z] Script [readiness] result prefix: {"body_text_length":3193,"ready":true,"row_count":17,"section":"statistics_first_half","title":"PAL 1-1 MAL | Las Palmas v Mallorca 12/08/2023, Stats - Flashscore.com | Match"}
[2026-08-16T06:02:07Z] Reading rendered DOM...
[2026-08-16T06:02:07Z] Executing extraction script for phase 1; length: 5174.
[2026-08-16T06:02:07Z] Script [extract] result prefix: {"schema_version":"1.3","section":"statistics_first_half","statistic_period":"first_half","source_url":"https://www.flashscore.com/match/football/las-palmas-IyRQC2vM/mallorca-4jDQxrbf/summary/stats/1st-half/?mid=8OGEaCLb","match_id":"8OGEaCLb","collected_at_utc":"2026-08-16T06:02:07.502Z","page_title":"PAL 1-1 MAL | Las Palmas v Mallorca 12/08/2023, Stats - Flashscore.com | Match","competition":"WORLD CUP","status":"FINISHED","date_time":"12.08.2023 21:30","home_team":"Las Palmas","away_team":"M
[2026-08-16T06:02:07Z] Stored first_half statistics: 13 rows.
[2026-08-16T06:02:07Z] Merged section: statistics_first_half
[2026-08-16T06:02:07Z] Opening 2nd half statistics...
[2026-08-16T06:02:07Z] Navigate: https://www.flashscore.com/match/football/las-palmas-IyRQC2vM/mallorca-4jDQxrbf/summary/stats/2nd-half/?mid=8OGEaCLb
[2026-08-16T06:02:09Z] Page loaded. Waiting for statistics DOM...
[2026-08-16T06:02:10Z] Script [readiness] result prefix: {"body_text_length":3194,"ready":true,"row_count":17,"section":"statistics_second_half","title":"PAL 1-1 MAL | Las Palmas v Mallorca 12/08/2023, Stats - Flashscore.com | Match"}
[2026-08-16T06:02:10Z] Reading rendered DOM...
[2026-08-16T06:02:10Z] Executing extraction script for phase 2; length: 5174.
[2026-08-16T06:02:10Z] Script [extract] result prefix: {"schema_version":"1.3","section":"statistics_second_half","statistic_period":"second_half","source_url":"https://www.flashscore.com/match/football/las-palmas-IyRQC2vM/mallorca-4jDQxrbf/summary/stats/2nd-half/?mid=8OGEaCLb","match_id":"8OGEaCLb","collected_at_utc":"2026-08-16T06:02:10.968Z","page_title":"PAL 1-1 MAL | Las Palmas v Mallorca 12/08/2023, Stats - Flashscore.com | Match","competition":"WORLD CUP","status":"FINISHED","date_time":"12.08.2023 21:30","home_team":"Las Palmas","away_team":
[2026-08-16T06:02:11Z] Stored second_half statistics: 13 rows.
[2026-08-16T06:02:11Z] Merged section: statistics_second_half
[2026-08-16T06:02:11Z] Opening lineups...
[2026-08-16T06:02:11Z] Navigate: https://www.flashscore.com/match/football/las-palmas-IyRQC2vM/mallorca-4jDQxrbf/summary/lineups/?mid=8OGEaCLb
[2026-08-16T06:02:13Z] Page loaded. Waiting for statistics DOM...
[2026-08-16T06:02:15Z] Script [readiness] result prefix: {"body_text_length":4202,"ready":true,"row_count":112,"section":"lineups","title":"PAL 1-1 MAL | Las Palmas v Mallorca 12/08/2023, Lineups - Flashscore.com | Match"}
[2026-08-16T06:02:15Z] Reading rendered DOM...
[2026-08-16T06:02:15Z] Executing extraction script for phase 4; length: 20701.
[2026-08-16T06:02:15Z] Script [extract] result prefix: {"schema_version":"1.3","section":"lineups","statistic_period":null,"source_url":"https://www.flashscore.com/match/football/las-palmas-IyRQC2vM/mallorca-4jDQxrbf/summary/lineups/?mid=8OGEaCLb","match_id":"8OGEaCLb","collected_at_utc":"2026-08-16T06:02:15.277Z","page_title":"PAL 1-1 MAL | Las Palmas v Mallorca 12/08/2023, Lineups - Flashscore.com | Match","competition":"WORLD CUP","status":"FINISHED","date_time":"12.08.2023 21:30","home_team":"Las Palmas","away_team":"Mallorca","score":{"home":"1
[2026-08-16T06:02:15Z] Merged section: lineups
[2026-08-16T06:02:15Z] Spanish LaLiga 2023/2024: Player Stats are unavailable in the source profile.
[2026-08-16T06:02:15Z] Marked all Player Stats categories as not_available; collection continues.
[2026-08-16T06:02:15Z] Opening commentary...
[2026-08-16T06:02:15Z] Navigate: https://www.flashscore.com/match/football/las-palmas-IyRQC2vM/mallorca-4jDQxrbf/summary/live-commentary/?mid=8OGEaCLb
[2026-08-16T06:02:16Z] Page loaded. Waiting for statistics DOM...
[2026-08-16T06:02:18Z] Script [readiness] result prefix: {"body_text_length":11229,"ready":true,"row_count":225,"section":"commentary","title":"PAL 1-1 MAL | Las Palmas v Mallorca 12/08/2023 | Football - Flashscore | Match"}
[2026-08-16T06:02:18Z] Reading rendered DOM...
[2026-08-16T06:02:18Z] Executing extraction script for phase 12; length: 11834.
[2026-08-16T06:02:18Z] Script [extract] result prefix: {"schema_version":"1.3","section":"commentary","statistic_period":null,"source_url":"https://www.flashscore.com/match/football/las-palmas-IyRQC2vM/mallorca-4jDQxrbf/summary/live-commentary/all-comments/?mid=8OGEaCLb","match_id":"8OGEaCLb","collected_at_utc":"2026-08-16T06:02:18.534Z","page_title":"PAL 1-1 MAL | Las Palmas v Mallorca 12/08/2023 | Football - Flashscore | Match","competition":"WORLD CUP","status":"FINISHED","date_time":"12.08.2023 21:30","home_team":"Las Palmas","away_team":"Mallor
[2026-08-16T06:02:18Z] Merged section: commentary
[2026-08-16T06:02:18Z] Saving complete match JSON...
[2026-08-16T06:02:18Z] Player Stats category unavailable; status=not_available: top_stats
[2026-08-16T06:02:18Z] Player Stats category unavailable; status=not_available: shots
[2026-08-16T06:02:18Z] Player Stats category unavailable; status=not_available: attack
[2026-08-16T06:02:18Z] Player Stats category unavailable; status=not_available: passes
[2026-08-16T06:02:18Z] Player Stats category unavailable; status=not_available: defense
[2026-08-16T06:02:18Z] Player Stats category unavailable; status=not_available: goalkeeping
[2026-08-16T06:02:18Z] Player Stats category unavailable; status=not_available: general
[2026-08-16T06:02:18Z] Structured goals, cards and VAR events enriched.
[2026-08-16T06:02:19Z] Saved match JSON with 13 statistics: G:\Mirza\VSCode\FlashscoreFootballCollector_\Data\Matches\LaLiga\2023_2024\2023-08-12_Las_Palmas_vs_Mallorca_8OGEaCLb.json
[2026-08-16T06:02:19Z] Finished: 2023-08-12_Las_Palmas_vs_Mallorca_8OGEaCLb.json
[2026-08-16T06:02:19Z] Opening overall statistics...
[2026-08-16T06:02:19Z] Navigate: https://www.flashscore.com/match/football/ath-bilbao-IP5zl0cJ/real-madrid-W8mj7MDD/summary/stats/overall/?mid=dpmdsV5U
[2026-08-16T06:02:21Z] Page loaded. Waiting for statistics DOM...
[2026-08-16T06:02:23Z] Script [readiness] result prefix: {"body_text_length":3237,"ready":true,"row_count":17,"section":"statistics_overall","title":"BIL 0-2 RMA | Athletic Bilbao v Real Madrid 12/08/2023, Stats - Flashscore.com | Match"}
[2026-08-16T06:02:23Z] Reading rendered DOM...
[2026-08-16T06:02:23Z] Executing extraction script for phase 0; length: 5174.
[2026-08-16T06:02:23Z] Script [extract] result prefix: {"schema_version":"1.3","section":"statistics_overall","statistic_period":"overall","source_url":"https://www.flashscore.com/match/football/ath-bilbao-IP5zl0cJ/real-madrid-W8mj7MDD/summary/stats/overall/?mid=dpmdsV5U","match_id":"dpmdsV5U","collected_at_utc":"2026-08-16T06:02:23.263Z","page_title":"BIL 0-2 RMA | Athletic Bilbao v Real Madrid 12/08/2023, Stats - Flashscore.com | Match","competition":"WORLD CUP","status":"FINISHED","date_time":"12.08.2023 23:30","home_team":"Ath Bilbao","away_team
[2026-08-16T06:02:23Z] Stored overall statistics: 13 rows.
[2026-08-16T06:02:23Z] Merged section: statistics_overall
[2026-08-16T06:02:23Z] Opening 1st half statistics...
[2026-08-16T06:02:23Z] Navigate: https://www.flashscore.com/match/football/ath-bilbao-IP5zl0cJ/real-madrid-W8mj7MDD/summary/stats/1st-half/?mid=dpmdsV5U
[2026-08-16T06:02:25Z] Page loaded. Waiting for statistics DOM...
[2026-08-16T06:02:27Z] Script [readiness] result prefix: {"body_text_length":3235,"ready":true,"row_count":17,"section":"statistics_first_half","title":"BIL 0-2 RMA | Athletic Bilbao v Real Madrid 12/08/2023, Stats - Flashscore.com | Match"}
[2026-08-16T06:02:27Z] Reading rendered DOM...
[2026-08-16T06:02:27Z] Executing extraction script for phase 1; length: 5174.
[2026-08-16T06:02:27Z] Script [extract] result prefix: {"schema_version":"1.3","section":"statistics_first_half","statistic_period":"first_half","source_url":"https://www.flashscore.com/match/football/ath-bilbao-IP5zl0cJ/real-madrid-W8mj7MDD/summary/stats/1st-half/?mid=dpmdsV5U","match_id":"dpmdsV5U","collected_at_utc":"2026-08-16T06:02:27.247Z","page_title":"BIL 0-2 RMA | Athletic Bilbao v Real Madrid 12/08/2023, Stats - Flashscore.com | Match","competition":"WORLD CUP","status":"FINISHED","date_time":"12.08.2023 23:30","home_team":"Ath Bilbao","aw
[2026-08-16T06:02:27Z] Stored first_half statistics: 13 rows.
[2026-08-16T06:02:27Z] Merged section: statistics_first_half
[2026-08-16T06:02:27Z] Opening 2nd half statistics...
[2026-08-16T06:02:27Z] Navigate: https://www.flashscore.com/match/football/ath-bilbao-IP5zl0cJ/real-madrid-W8mj7MDD/summary/stats/2nd-half/?mid=dpmdsV5U
[2026-08-16T06:02:29Z] Page loaded. Waiting for statistics DOM...
[2026-08-16T06:02:31Z] Script [readiness] result prefix: {"body_text_length":3231,"ready":true,"row_count":17,"section":"statistics_second_half","title":"BIL 0-2 RMA | Athletic Bilbao v Real Madrid 12/08/2023, Stats - Flashscore.com | Match"}
[2026-08-16T06:02:31Z] Reading rendered DOM...
[2026-08-16T06:02:31Z] Executing extraction script for phase 2; length: 5174.
[2026-08-16T06:02:31Z] Script [extract] result prefix: {"schema_version":"1.3","section":"statistics_second_half","statistic_period":"second_half","source_url":"https://www.flashscore.com/match/football/ath-bilbao-IP5zl0cJ/real-madrid-W8mj7MDD/summary/stats/2nd-half/?mid=dpmdsV5U","match_id":"dpmdsV5U","collected_at_utc":"2026-08-16T06:02:31.525Z","page_title":"BIL 0-2 RMA | Athletic Bilbao v Real Madrid 12/08/2023, Stats - Flashscore.com | Match","competition":"WORLD CUP","status":"FINISHED","date_time":"12.08.2023 23:30","home_team":"Ath Bilbao","
[2026-08-16T06:02:31Z] Stored second_half statistics: 13 rows.
[2026-08-16T06:02:31Z] Merged section: statistics_second_half
[2026-08-16T06:02:31Z] Opening lineups...
[2026-08-16T06:02:31Z] Navigate: https://www.flashscore.com/match/football/ath-bilbao-IP5zl0cJ/real-madrid-W8mj7MDD/summary/lineups/?mid=dpmdsV5U
[2026-08-16T06:02:33Z] Page loaded. Waiting for statistics DOM...
[2026-08-16T06:02:35Z] Script [readiness] result prefix: {"body_text_length":4402,"ready":true,"row_count":117,"section":"lineups","title":"BIL 0-2 RMA | Athletic Bilbao v Real Madrid 12/08/2023, Lineups - Flashscore.com | Match"}
[2026-08-16T06:02:35Z] Reading rendered DOM...
[2026-08-16T06:02:35Z] Executing extraction script for phase 4; length: 20701.
[2026-08-16T06:02:35Z] Script [extract] result prefix: {"schema_version":"1.3","section":"lineups","statistic_period":null,"source_url":"https://www.flashscore.com/match/football/ath-bilbao-IP5zl0cJ/real-madrid-W8mj7MDD/summary/lineups/?mid=dpmdsV5U","match_id":"dpmdsV5U","collected_at_utc":"2026-08-16T06:02:35.108Z","page_title":"BIL 0-2 RMA | Athletic Bilbao v Real Madrid 12/08/2023, Lineups - Flashscore.com | Match","competition":"WORLD CUP","status":"FINISHED","date_time":"12.08.2023 23:30","home_team":"Ath Bilbao","away_team":"Real Madrid","sco
[2026-08-16T06:02:35Z] Merged section: lineups
[2026-08-16T06:02:35Z] Spanish LaLiga 2023/2024: Player Stats are unavailable in the source profile.
[2026-08-16T06:02:35Z] Marked all Player Stats categories as not_available; collection continues.
[2026-08-16T06:02:35Z] Opening commentary...
[2026-08-16T06:02:35Z] Navigate: https://www.flashscore.com/match/football/ath-bilbao-IP5zl0cJ/real-madrid-W8mj7MDD/summary/live-commentary/?mid=dpmdsV5U
[2026-08-16T06:02:37Z] Page loaded. Waiting for statistics DOM...
[2026-08-16T06:02:38Z] Script [readiness] result prefix: {"body_text_length":10912,"ready":true,"row_count":215,"section":"commentary","title":"BIL 0-2 RMA | Athletic Bilbao v Real Madrid 12/08/2023 | Football - Flashscore | Match"}
[2026-08-16T06:02:38Z] Reading rendered DOM...
[2026-08-16T06:02:38Z] Executing extraction script for phase 12; length: 11834.
[2026-08-16T06:02:39Z] Script [extract] result prefix: {"schema_version":"1.3","section":"commentary","statistic_period":null,"source_url":"https://www.flashscore.com/match/football/ath-bilbao-IP5zl0cJ/real-madrid-W8mj7MDD/summary/live-commentary/all-comments/?mid=dpmdsV5U","match_id":"dpmdsV5U","collected_at_utc":"2026-08-16T06:02:38.961Z","page_title":"BIL 0-2 RMA | Athletic Bilbao v Real Madrid 12/08/2023 | Football - Flashscore | Match","competition":"WORLD CUP","status":"FINISHED","date_time":"12.08.2023 23:30","home_team":"Ath Bilbao","away_te
[2026-08-16T06:02:39Z] Merged section: commentary
[2026-08-16T06:02:39Z] Saving complete match JSON...
[2026-08-16T06:02:39Z] Player Stats category unavailable; status=not_available: top_stats
[2026-08-16T06:02:39Z] Player Stats category unavailable; status=not_available: shots
[2026-08-16T06:02:39Z] Player Stats category unavailable; status=not_available: attack
[2026-08-16T06:02:39Z] Player Stats category unavailable; status=not_available: passes
[2026-08-16T06:02:39Z] Player Stats category unavailable; status=not_available: defense
[2026-08-16T06:02:39Z] Player Stats category unavailable; status=not_available: goalkeeping
[2026-08-16T06:02:39Z] Player Stats category unavailable; status=not_available: general
[2026-08-16T06:02:39Z] Structured goals, cards and VAR events enriched.
[2026-08-16T06:02:39Z] Saved match JSON with 13 statistics: G:\Mirza\VSCode\FlashscoreFootballCollector_\Data\Matches\LaLiga\2023_2024\2023-08-12_Ath_Bilbao_vs_Real_Madrid_dpmdsV5U.json
[2026-08-16T06:02:39Z] Finished: 2023-08-12_Ath_Bilbao_vs_Real_Madrid_dpmdsV5U.json
[2026-08-16T06:02:39Z] Opening overall statistics...
[2026-08-16T06:02:39Z] Navigate: https://www.flashscore.com/match/football/celta-vigo-8pvUZFhf/osasuna-ETdxjU8a/summary/stats/overall/?mid=0bD61Yjn
[2026-08-16T06:02:41Z] Page loaded. Waiting for statistics DOM...
[2026-08-16T06:02:42Z] Script [readiness] result prefix: {"body_text_length":3196,"ready":true,"row_count":17,"section":"statistics_overall","title":"CEL 0-2 OSA | Celta Vigo v Osasuna 13/08/2023, Stats - Flashscore.com | Match"}
[2026-08-16T06:02:42Z] Reading rendered DOM...
[2026-08-16T06:02:42Z] Executing extraction script for phase 0; length: 5174.
[2026-08-16T06:02:43Z] Script [extract] result prefix: {"schema_version":"1.3","section":"statistics_overall","statistic_period":"overall","source_url":"https://www.flashscore.com/match/football/celta-vigo-8pvUZFhf/osasuna-ETdxjU8a/summary/stats/overall/?mid=0bD61Yjn","match_id":"0bD61Yjn","collected_at_utc":"2026-08-16T06:02:43.078Z","page_title":"CEL 0-2 OSA | Celta Vigo v Osasuna 13/08/2023, Stats - Flashscore.com | Match","competition":"WORLD CUP","status":"FINISHED","date_time":"13.08.2023 19:00","home_team":"Celta Vigo","away_team":"Osasuna","
[2026-08-16T06:02:43Z] Stored overall statistics: 13 rows.
[2026-08-16T06:02:43Z] Merged section: statistics_overall
[2026-08-16T06:02:43Z] Opening 1st half statistics...
[2026-08-16T06:02:43Z] Navigate: https://www.flashscore.com/match/football/celta-vigo-8pvUZFhf/osasuna-ETdxjU8a/summary/stats/1st-half/?mid=0bD61Yjn
[2026-08-16T06:02:45Z] Page loaded. Waiting for statistics DOM...
[2026-08-16T06:02:47Z] Script [readiness] result prefix: {"body_text_length":3188,"ready":true,"row_count":17,"section":"statistics_first_half","title":"CEL 0-2 OSA | Celta Vigo v Osasuna 13/08/2023, Stats - Flashscore.com | Match"}
[2026-08-16T06:02:47Z] Reading rendered DOM...
[2026-08-16T06:02:47Z] Executing extraction script for phase 1; length: 5174.
[2026-08-16T06:02:47Z] Script [extract] result prefix: {"schema_version":"1.3","section":"statistics_first_half","statistic_period":"first_half","source_url":"https://www.flashscore.com/match/football/celta-vigo-8pvUZFhf/osasuna-ETdxjU8a/summary/stats/1st-half/?mid=0bD61Yjn","match_id":"0bD61Yjn","collected_at_utc":"2026-08-16T06:02:47.101Z","page_title":"CEL 0-2 OSA | Celta Vigo v Osasuna 13/08/2023, Stats - Flashscore.com | Match","competition":"WORLD CUP","status":"FINISHED","date_time":"13.08.2023 19:00","home_team":"Celta Vigo","away_team":"Osa
[2026-08-16T06:02:47Z] Stored first_half statistics: 13 rows.
[2026-08-16T06:02:47Z] Merged section: statistics_first_half
[2026-08-16T06:02:47Z] Opening 2nd half statistics...
[2026-08-16T06:02:47Z] Navigate: https://www.flashscore.com/match/football/celta-vigo-8pvUZFhf/osasuna-ETdxjU8a/summary/stats/2nd-half/?mid=0bD61Yjn
[2026-08-16T06:02:49Z] Page loaded. Waiting for statistics DOM...
[2026-08-16T06:02:51Z] Script [readiness] result prefix: {"body_text_length":3187,"ready":true,"row_count":17,"section":"statistics_second_half","title":"CEL 0-2 OSA | Celta Vigo v Osasuna 13/08/2023, Stats - Flashscore.com | Match"}
[2026-08-16T06:02:51Z] Reading rendered DOM...
[2026-08-16T06:02:51Z] Executing extraction script for phase 2; length: 5174.
[2026-08-16T06:02:51Z] Script [extract] result prefix: {"schema_version":"1.3","section":"statistics_second_half","statistic_period":"second_half","source_url":"https://www.flashscore.com/match/football/celta-vigo-8pvUZFhf/osasuna-ETdxjU8a/summary/stats/2nd-half/?mid=0bD61Yjn","match_id":"0bD61Yjn","collected_at_utc":"2026-08-16T06:02:51.350Z","page_title":"CEL 0-2 OSA | Celta Vigo v Osasuna 13/08/2023, Stats - Flashscore.com | Match","competition":"WORLD CUP","status":"FINISHED","date_time":"13.08.2023 19:00","home_team":"Celta Vigo","away_team":"O
[2026-08-16T06:02:51Z] Stored second_half statistics: 13 rows.
[2026-08-16T06:02:51Z] Merged section: statistics_second_half
[2026-08-16T06:02:51Z] Opening lineups...
[2026-08-16T06:02:51Z] Navigate: https://www.flashscore.com/match/football/celta-vigo-8pvUZFhf/osasuna-ETdxjU8a/summary/lineups/?mid=0bD61Yjn
[2026-08-16T06:02:54Z] Page loaded. Waiting for statistics DOM...
[2026-08-16T06:02:55Z] Script [readiness] result prefix: {"body_text_length":4098,"ready":true,"row_count":114,"section":"lineups","title":"CEL 0-2 OSA | Celta Vigo v Osasuna 13/08/2023, Lineups - Flashscore.com | Match"}
[2026-08-16T06:02:55Z] Reading rendered DOM...
[2026-08-16T06:02:55Z] Executing extraction script for phase 4; length: 20701.
[2026-08-16T06:02:55Z] Script [extract] result prefix: {"schema_version":"1.3","section":"lineups","statistic_period":null,"source_url":"https://www.flashscore.com/match/football/celta-vigo-8pvUZFhf/osasuna-ETdxjU8a/summary/lineups/?mid=0bD61Yjn","match_id":"0bD61Yjn","collected_at_utc":"2026-08-16T06:02:55.899Z","page_title":"CEL 0-2 OSA | Celta Vigo v Osasuna 13/08/2023, Lineups - Flashscore.com | Match","competition":"WORLD CUP","status":"FINISHED","date_time":"13.08.2023 19:00","home_team":"Celta Vigo","away_team":"Osasuna","score":{"home":"0","
[2026-08-16T06:02:56Z] Merged section: lineups
[2026-08-16T06:02:56Z] Spanish LaLiga 2023/2024: Player Stats are unavailable in the source profile.
[2026-08-16T06:02:56Z] Marked all Player Stats categories as not_available; collection continues.
[2026-08-16T06:02:56Z] Opening commentary...
[2026-08-16T06:02:56Z] Navigate: https://www.flashscore.com/match/football/celta-vigo-8pvUZFhf/osasuna-ETdxjU8a/summary/live-commentary/?mid=0bD61Yjn
[2026-08-16T06:02:58Z] Page loaded. Waiting for statistics DOM...
[2026-08-16T06:02:59Z] Script [readiness] result prefix: {"body_text_length":10139,"ready":true,"row_count":200,"section":"commentary","title":"CEL 0-2 OSA | Celta Vigo v Osasuna 13/08/2023 | Football - Flashscore | Match"}
[2026-08-16T06:02:59Z] Reading rendered DOM...
[2026-08-16T06:02:59Z] Executing extraction script for phase 12; length: 11834.
[2026-08-16T06:03:00Z] Script [extract] result prefix: {"schema_version":"1.3","section":"commentary","statistic_period":null,"source_url":"https://www.flashscore.com/match/football/celta-vigo-8pvUZFhf/osasuna-ETdxjU8a/summary/live-commentary/all-comments/?mid=0bD61Yjn","match_id":"0bD61Yjn","collected_at_utc":"2026-08-16T06:03:00.043Z","page_title":"CEL 0-2 OSA | Celta Vigo v Osasuna 13/08/2023 | Football - Flashscore | Match","competition":"WORLD CUP","status":"FINISHED","date_time":"13.08.2023 19:00","home_team":"Celta Vigo","away_team":"Osasuna"
[2026-08-16T06:03:00Z] Merged section: commentary
[2026-08-16T06:03:00Z] Saving complete match JSON...
[2026-08-16T06:03:00Z] Player Stats category unavailable; status=not_available: top_stats
[2026-08-16T06:03:00Z] Player Stats category unavailable; status=not_available: shots
[2026-08-16T06:03:00Z] Player Stats category unavailable; status=not_available: attack
[2026-08-16T06:03:00Z] Player Stats category unavailable; status=not_available: passes
[2026-08-16T06:03:00Z] Player Stats category unavailable; status=not_available: defense
[2026-08-16T06:03:00Z] Player Stats category unavailable; status=not_available: goalkeeping
[2026-08-16T06:03:00Z] Player Stats category unavailable; status=not_available: general
[2026-08-16T06:03:00Z] Structured goals, cards and VAR events enriched.
[2026-08-16T06:03:00Z] Saved match JSON with 13 statistics: G:\Mirza\VSCode\FlashscoreFootballCollector_\Data\Matches\LaLiga\2023_2024\2023-08-13_Celta_Vigo_vs_Osasuna_0bD61Yjn.json
[2026-08-16T06:03:01Z] Finished: 2023-08-13_Celta_Vigo_vs_Osasuna_0bD61Yjn.json
[2026-08-16T06:03:01Z] Opening overall statistics...
[2026-08-16T06:03:01Z] Navigate: https://www.flashscore.com/match/football/betis-vJbTeCGP/villarreal-lUatW5jE/summary/stats/overall/?mid=4jANcjjB
[2026-08-16T06:03:03Z] Page loaded. Waiting for statistics DOM...
[2026-08-16T06:03:05Z] Script [readiness] result prefix: {"body_text_length":3186,"ready":true,"row_count":17,"section":"statistics_overall","title":"VIL 1-2 BET | Villarreal v Betis 13/08/2023, Stats - Flashscore.com | Match"}
[2026-08-16T06:03:05Z] Reading rendered DOM...
[2026-08-16T06:03:05Z] Executing extraction script for phase 0; length: 5174.
[2026-08-16T06:03:05Z] Script [extract] result prefix: {"schema_version":"1.3","section":"statistics_overall","statistic_period":"overall","source_url":"https://www.flashscore.com/match/football/betis-vJbTeCGP/villarreal-lUatW5jE/summary/stats/overall/?mid=4jANcjjB","match_id":"4jANcjjB","collected_at_utc":"2026-08-16T06:03:05.255Z","page_title":"VIL 1-2 BET | Villarreal v Betis 13/08/2023, Stats - Flashscore.com | Match","competition":"WORLD CUP","status":"FINISHED","date_time":"13.08.2023 21:30","home_team":"Villarreal","away_team":"Betis","score"
[2026-08-16T06:03:05Z] Stored overall statistics: 13 rows.
[2026-08-16T06:03:05Z] Merged section: statistics_overall
[2026-08-16T06:03:05Z] Opening 1st half statistics...
[2026-08-16T06:03:05Z] Navigate: https://www.flashscore.com/match/football/betis-vJbTeCGP/villarreal-lUatW5jE/summary/stats/1st-half/?mid=4jANcjjB
[2026-08-16T06:03:07Z] Page loaded. Waiting for statistics DOM...
[2026-08-16T06:03:09Z] Script [readiness] result prefix: {"body_text_length":3176,"ready":true,"row_count":17,"section":"statistics_first_half","title":"VIL 1-2 BET | Villarreal v Betis 13/08/2023, Stats - Flashscore.com | Match"}
[2026-08-16T06:03:09Z] Reading rendered DOM...
[2026-08-16T06:03:09Z] Executing extraction script for phase 1; length: 5174.
[2026-08-16T06:03:09Z] Script [extract] result prefix: {"schema_version":"1.3","section":"statistics_first_half","statistic_period":"first_half","source_url":"https://www.flashscore.com/match/football/betis-vJbTeCGP/villarreal-lUatW5jE/summary/stats/1st-half/?mid=4jANcjjB","match_id":"4jANcjjB","collected_at_utc":"2026-08-16T06:03:09.356Z","page_title":"VIL 1-2 BET | Villarreal v Betis 13/08/2023, Stats - Flashscore.com | Match","competition":"WORLD CUP","status":"FINISHED","date_time":"13.08.2023 21:30","home_team":"Villarreal","away_team":"Betis",
[2026-08-16T06:03:09Z] Stored first_half statistics: 13 rows.
[2026-08-16T06:03:09Z] Merged section: statistics_first_half
[2026-08-16T06:03:09Z] Opening 2nd half statistics...
[2026-08-16T06:03:09Z] Navigate: https://www.flashscore.com/match/football/betis-vJbTeCGP/villarreal-lUatW5jE/summary/stats/2nd-half/?mid=4jANcjjB
[2026-08-16T06:03:11Z] Page loaded. Waiting for statistics DOM...
[2026-08-16T06:03:12Z] Script [readiness] result prefix: {"body_text_length":3179,"ready":true,"row_count":17,"section":"statistics_second_half","title":"VIL 1-2 BET | Villarreal v Betis 13/08/2023, Stats - Flashscore.com | Match"}
[2026-08-16T06:03:12Z] Reading rendered DOM...
[2026-08-16T06:03:12Z] Executing extraction script for phase 2; length: 5174.
[2026-08-16T06:03:12Z] Script [extract] result prefix: {"schema_version":"1.3","section":"statistics_second_half","statistic_period":"second_half","source_url":"https://www.flashscore.com/match/football/betis-vJbTeCGP/villarreal-lUatW5jE/summary/stats/2nd-half/?mid=4jANcjjB","match_id":"4jANcjjB","collected_at_utc":"2026-08-16T06:03:12.577Z","page_title":"VIL 1-2 BET | Villarreal v Betis 13/08/2023, Stats - Flashscore.com | Match","competition":"WORLD CUP","status":"FINISHED","date_time":"13.08.2023 21:30","home_team":"Villarreal","away_team":"Betis
[2026-08-16T06:03:12Z] Stored second_half statistics: 13 rows.
[2026-08-16T06:03:12Z] Merged section: statistics_second_half
[2026-08-16T06:03:12Z] Opening lineups...
[2026-08-16T06:03:12Z] Navigate: https://www.flashscore.com/match/football/betis-vJbTeCGP/villarreal-lUatW5jE/summary/lineups/?mid=4jANcjjB
[2026-08-16T06:03:15Z] Page loaded. Waiting for statistics DOM...
[2026-08-16T06:03:17Z] Script [readiness] result prefix: {"body_text_length":4149,"ready":true,"row_count":112,"section":"lineups","title":"VIL 1-2 BET | Villarreal v Betis 13/08/2023, Lineups - Flashscore.com | Match"}
[2026-08-16T06:03:17Z] Reading rendered DOM...
[2026-08-16T06:03:17Z] Executing extraction script for phase 4; length: 20701.
[2026-08-16T06:03:17Z] Script [extract] result prefix: {"schema_version":"1.3","section":"lineups","statistic_period":null,"source_url":"https://www.flashscore.com/match/football/betis-vJbTeCGP/villarreal-lUatW5jE/summary/lineups/?mid=4jANcjjB","match_id":"4jANcjjB","collected_at_utc":"2026-08-16T06:03:17.238Z","page_title":"VIL 1-2 BET | Villarreal v Betis 13/08/2023, Lineups - Flashscore.com | Match","competition":"WORLD CUP","status":"FINISHED","date_time":"13.08.2023 21:30","home_team":"Villarreal","away_team":"Betis","score":{"home":"1","away":
[2026-08-16T06:03:17Z] Merged section: lineups
[2026-08-16T06:03:17Z] Spanish LaLiga 2023/2024: Player Stats are unavailable in the source profile.
[2026-08-16T06:03:17Z] Marked all Player Stats categories as not_available; collection continues.
[2026-08-16T06:03:17Z] Opening commentary...
[2026-08-16T06:03:17Z] Navigate: https://www.flashscore.com/match/football/betis-vJbTeCGP/villarreal-lUatW5jE/summary/live-commentary/?mid=4jANcjjB
[2026-08-16T06:03:18Z] Page loaded. Waiting for statistics DOM...
[2026-08-16T06:03:20Z] Script [readiness] result prefix: {"body_text_length":16052,"ready":true,"row_count":281,"section":"commentary","title":"VIL 1-2 BET | Villarreal v Betis 13/08/2023 | Football - Flashscore | Match"}
[2026-08-16T06:03:20Z] Reading rendered DOM...
[2026-08-16T06:03:20Z] Executing extraction script for phase 12; length: 11834.
[2026-08-16T06:03:20Z] Script [extract] result prefix: {"schema_version":"1.3","section":"commentary","statistic_period":null,"source_url":"https://www.flashscore.com/match/football/betis-vJbTeCGP/villarreal-lUatW5jE/summary/live-commentary/all-comments/?mid=4jANcjjB","match_id":"4jANcjjB","collected_at_utc":"2026-08-16T06:03:20.473Z","page_title":"VIL 1-2 BET | Villarreal v Betis 13/08/2023 | Football - Flashscore | Match","competition":"WORLD CUP","status":"FINISHED","date_time":"13.08.2023 21:30","home_team":"Villarreal","away_team":"Betis","scor
[2026-08-16T06:03:20Z] Merged section: commentary
[2026-08-16T06:03:20Z] Saving complete match JSON...
[2026-08-16T06:03:20Z] Player Stats category unavailable; status=not_available: top_stats
[2026-08-16T06:03:20Z] Player Stats category unavailable; status=not_available: shots
[2026-08-16T06:03:20Z] Player Stats category unavailable; status=not_available: attack
[2026-08-16T06:03:20Z] Player Stats category unavailable; status=not_available: passes
[2026-08-16T06:03:20Z] Player Stats category unavailable; status=not_available: defense
[2026-08-16T06:03:21Z] Player Stats category unavailable; status=not_available: goalkeeping
[2026-08-16T06:03:21Z] Player Stats category unavailable; status=not_available: general
[2026-08-16T06:03:21Z] Structured goals, cards and VAR events enriched.
[2026-08-16T06:03:21Z] Saved match JSON with 13 statistics: G:\Mirza\VSCode\FlashscoreFootballCollector_\Data\Matches\LaLiga\2023_2024\2023-08-13_Villarreal_vs_Betis_4jANcjjB.json
[2026-08-16T06:03:21Z] Finished: 2023-08-13_Villarreal_vs_Betis_4jANcjjB.json
[2026-08-16T06:03:21Z] Opening overall statistics...
[2026-08-16T06:03:21Z] Navigate: https://www.flashscore.com/match/football/barcelona-SKbpVP5K/getafe-dboeiWOt/summary/stats/overall/?mid=jm6JbWz5
[2026-08-16T06:03:22Z] Page loaded. Waiting for statistics DOM...
[2026-08-16T06:03:24Z] Script [readiness] result prefix: {"body_text_length":3198,"ready":true,"row_count":18,"section":"statistics_overall","title":"GET 0-0 BAR | Getafe v Barcelona 13/08/2023, Stats - Flashscore.com | Match"}
[2026-08-16T06:03:24Z] Reading rendered DOM...
[2026-08-16T06:03:24Z] Executing extraction script for phase 0; length: 5174.
[2026-08-16T06:03:24Z] Script [extract] result prefix: {"schema_version":"1.3","section":"statistics_overall","statistic_period":"overall","source_url":"https://www.flashscore.com/match/football/barcelona-SKbpVP5K/getafe-dboeiWOt/summary/stats/overall/?mid=jm6JbWz5","match_id":"jm6JbWz5","collected_at_utc":"2026-08-16T06:03:24.662Z","page_title":"GET 0-0 BAR | Getafe v Barcelona 13/08/2023, Stats - Flashscore.com | Match","competition":"WORLD CUP","status":"FINISHED","date_time":"13.08.2023 23:30","home_team":"Getafe","away_team":"Barcelona","score"
[2026-08-16T06:03:24Z] Stored overall statistics: 14 rows.
[2026-08-16T06:03:24Z] Merged section: statistics_overall
[2026-08-16T06:03:24Z] Opening 1st half statistics...
[2026-08-16T06:03:24Z] Navigate: https://www.flashscore.com/match/football/barcelona-SKbpVP5K/getafe-dboeiWOt/summary/stats/1st-half/?mid=jm6JbWz5
[2026-08-16T06:03:26Z] Page loaded. Waiting for statistics DOM...
[2026-08-16T06:03:28Z] Script [readiness] result prefix: {"body_text_length":3190,"ready":true,"row_count":18,"section":"statistics_first_half","title":"GET 0-0 BAR | Getafe v Barcelona 13/08/2023, Stats - Flashscore.com | Match"}
[2026-08-16T06:03:28Z] Reading rendered DOM...
[2026-08-16T06:03:28Z] Executing extraction script for phase 1; length: 5174.
[2026-08-16T06:03:28Z] Script [extract] result prefix: {"schema_version":"1.3","section":"statistics_first_half","statistic_period":"first_half","source_url":"https://www.flashscore.com/match/football/barcelona-SKbpVP5K/getafe-dboeiWOt/summary/stats/1st-half/?mid=jm6JbWz5","match_id":"jm6JbWz5","collected_at_utc":"2026-08-16T06:03:28.243Z","page_title":"GET 0-0 BAR | Getafe v Barcelona 13/08/2023, Stats - Flashscore.com | Match","competition":"WORLD CUP","status":"FINISHED","date_time":"13.08.2023 23:30","home_team":"Getafe","away_team":"Barcelona",
[2026-08-16T06:03:28Z] Stored first_half statistics: 14 rows.
[2026-08-16T06:03:28Z] Merged section: statistics_first_half
[2026-08-16T06:03:28Z] Opening 2nd half statistics...
[2026-08-16T06:03:28Z] Navigate: https://www.flashscore.com/match/football/barcelona-SKbpVP5K/getafe-dboeiWOt/summary/stats/2nd-half/?mid=jm6JbWz5
[2026-08-16T06:03:29Z] Page loaded. Waiting for statistics DOM...
[2026-08-16T06:03:31Z] Script [readiness] result prefix: {"body_text_length":3193,"ready":true,"row_count":18,"section":"statistics_second_half","title":"GET 0-0 BAR | Getafe v Barcelona 13/08/2023, Stats - Flashscore.com | Match"}
[2026-08-16T06:03:31Z] Reading rendered DOM...
[2026-08-16T06:03:31Z] Executing extraction script for phase 2; length: 5174.
[2026-08-16T06:03:31Z] Script [extract] result prefix: {"schema_version":"1.3","section":"statistics_second_half","statistic_period":"second_half","source_url":"https://www.flashscore.com/match/football/barcelona-SKbpVP5K/getafe-dboeiWOt/summary/stats/2nd-half/?mid=jm6JbWz5","match_id":"jm6JbWz5","collected_at_utc":"2026-08-16T06:03:31.538Z","page_title":"GET 0-0 BAR | Getafe v Barcelona 13/08/2023, Stats - Flashscore.com | Match","competition":"WORLD CUP","status":"FINISHED","date_time":"13.08.2023 23:30","home_team":"Getafe","away_team":"Barcelona
[2026-08-16T06:03:31Z] Stored second_half statistics: 14 rows.
[2026-08-16T06:03:31Z] Merged section: statistics_second_half
[2026-08-16T06:03:31Z] Opening lineups...
[2026-08-16T06:03:31Z] Navigate: https://www.flashscore.com/match/football/barcelona-SKbpVP5K/getafe-dboeiWOt/summary/lineups/?mid=jm6JbWz5
[2026-08-16T06:03:34Z] Page loaded. Waiting for statistics DOM...
[2026-08-16T06:03:36Z] Script [readiness] result prefix: {"body_text_length":4088,"ready":true,"row_count":107,"section":"lineups","title":"GET 0-0 BAR | Getafe v Barcelona 13/08/2023, Lineups - Flashscore.com | Match"}
[2026-08-16T06:03:36Z] Reading rendered DOM...
[2026-08-16T06:03:36Z] Executing extraction script for phase 4; length: 20701.
[2026-08-16T06:03:36Z] Script [extract] result prefix: {"schema_version":"1.3","section":"lineups","statistic_period":null,"source_url":"https://www.flashscore.com/match/football/barcelona-SKbpVP5K/getafe-dboeiWOt/summary/lineups/?mid=jm6JbWz5","match_id":"jm6JbWz5","collected_at_utc":"2026-08-16T06:03:36.533Z","page_title":"GET 0-0 BAR | Getafe v Barcelona 13/08/2023, Lineups - Flashscore.com | Match","competition":"WORLD CUP","status":"FINISHED","date_time":"13.08.2023 23:30","home_team":"Getafe","away_team":"Barcelona","score":{"home":"0","away":
[2026-08-16T06:03:36Z] Merged section: lineups
[2026-08-16T06:03:36Z] Spanish LaLiga 2023/2024: Player Stats are unavailable in the source profile.
[2026-08-16T06:03:36Z] Marked all Player Stats categories as not_available; collection continues.
[2026-08-16T06:03:36Z] Opening commentary...
[2026-08-16T06:03:36Z] Navigate: https://www.flashscore.com/match/football/barcelona-SKbpVP5K/getafe-dboeiWOt/summary/live-commentary/?mid=jm6JbWz5
[2026-08-16T06:03:39Z] Page loaded. Waiting for statistics DOM...
[2026-08-16T06:03:40Z] Script [readiness] result prefix: {"body_text_length":12619,"ready":true,"row_count":254,"section":"commentary","title":"GET 0-0 BAR | Getafe v Barcelona 13/08/2023 | Football - Flashscore | Match"}
[2026-08-16T06:03:40Z] Reading rendered DOM...
[2026-08-16T06:03:40Z] Executing extraction script for phase 12; length: 11834.
[2026-08-16T06:03:41Z] Script [extract] result prefix: {"schema_version":"1.3","section":"commentary","statistic_period":null,"source_url":"https://www.flashscore.com/match/football/barcelona-SKbpVP5K/getafe-dboeiWOt/summary/live-commentary/all-comments/?mid=jm6JbWz5","match_id":"jm6JbWz5","collected_at_utc":"2026-08-16T06:03:40.996Z","page_title":"GET 0-0 BAR | Getafe v Barcelona 13/08/2023 | Football - Flashscore | Match","competition":"WORLD CUP","status":"FINISHED","date_time":"13.08.2023 23:30","home_team":"Getafe","away_team":"Barcelona","scor
[2026-08-16T06:03:41Z] Merged section: commentary
[2026-08-16T06:03:41Z] Saving complete match JSON...
[2026-08-16T06:03:41Z] Player Stats category unavailable; status=not_available: top_stats
[2026-08-16T06:03:41Z] Player Stats category unavailable; status=not_available: shots
[2026-08-16T06:03:41Z] Player Stats category unavailable; status=not_available: attack
[2026-08-16T06:03:41Z] Player Stats category unavailable; status=not_available: passes
[2026-08-16T06:03:41Z] Player Stats category unavailable; status=not_available: defense
[2026-08-16T06:03:41Z] Player Stats category unavailable; status=not_available: goalkeeping
[2026-08-16T06:03:41Z] Player Stats category unavailable; status=not_available: general
[2026-08-16T06:03:41Z] Structured goals, cards and VAR events enriched.
[2026-08-16T06:03:41Z] Saved match JSON with 14 statistics: G:\Mirza\VSCode\FlashscoreFootballCollector_\Data\Matches\LaLiga\2023_2024\2023-08-13_Getafe_vs_Barcelona_jm6JbWz5.json
[2026-08-16T06:03:41Z] Finished: 2023-08-13_Getafe_vs_Barcelona_jm6JbWz5.json
[2026-08-16T06:03:41Z] Opening overall statistics...
[2026-08-16T06:03:41Z] Navigate: https://www.flashscore.com/match/football/alaves-hxt57t2q/cadiz-hdWjLJUJ/summary/stats/overall/?mid=zwXfurzp
[2026-08-16T06:03:44Z] Page loaded. Waiting for statistics DOM...
[2026-08-16T06:03:46Z] Script [readiness] result prefix: {"body_text_length":3195,"ready":true,"row_count":18,"section":"statistics_overall","title":"CAD 1-0 ALA | Cadiz CF v Alaves 14/08/2023, Stats - Flashscore.com | Match"}
[2026-08-16T06:03:46Z] Reading rendered DOM...
[2026-08-16T06:03:46Z] Executing extraction script for phase 0; length: 5174.
[2026-08-16T06:03:46Z] Script [extract] result prefix: {"schema_version":"1.3","section":"statistics_overall","statistic_period":"overall","source_url":"https://www.flashscore.com/match/football/alaves-hxt57t2q/cadiz-hdWjLJUJ/summary/stats/overall/?mid=zwXfurzp","match_id":"zwXfurzp","collected_at_utc":"2026-08-16T06:03:46.552Z","page_title":"CAD 1-0 ALA | Cadiz CF v Alaves 14/08/2023, Stats - Flashscore.com | Match","competition":"WORLD CUP","status":"FINISHED","date_time":"14.08.2023 21:30","home_team":"Cadiz CF","away_team":"Alaves","score":{"hom
[2026-08-16T06:03:46Z] Stored overall statistics: 14 rows.
[2026-08-16T06:03:46Z] Merged section: statistics_overall
[2026-08-16T06:03:46Z] Opening 1st half statistics...
[2026-08-16T06:03:46Z] Navigate: https://www.flashscore.com/match/football/alaves-hxt57t2q/cadiz-hdWjLJUJ/summary/stats/1st-half/?mid=zwXfurzp
[2026-08-16T06:03:48Z] Page loaded. Waiting for statistics DOM...
[2026-08-16T06:03:49Z] Script [readiness] result prefix: {"body_text_length":3155,"ready":true,"row_count":16,"section":"statistics_first_half","title":"CAD 1-0 ALA | Cadiz CF v Alaves 14/08/2023, Stats - Flashscore.com | Match"}
[2026-08-16T06:03:49Z] Reading rendered DOM...
[2026-08-16T06:03:49Z] Executing extraction script for phase 1; length: 5174.
[2026-08-16T06:03:49Z] Script [extract] result prefix: {"schema_version":"1.3","section":"statistics_first_half","statistic_period":"first_half","source_url":"https://www.flashscore.com/match/football/alaves-hxt57t2q/cadiz-hdWjLJUJ/summary/stats/1st-half/?mid=zwXfurzp","match_id":"zwXfurzp","collected_at_utc":"2026-08-16T06:03:49.874Z","page_title":"CAD 1-0 ALA | Cadiz CF v Alaves 14/08/2023, Stats - Flashscore.com | Match","competition":"WORLD CUP","status":"FINISHED","date_time":"14.08.2023 21:30","home_team":"Cadiz CF","away_team":"Alaves","score
[2026-08-16T06:03:49Z] Stored first_half statistics: 12 rows.
[2026-08-16T06:03:49Z] Merged section: statistics_first_half
[2026-08-16T06:03:49Z] Opening 2nd half statistics...
[2026-08-16T06:03:49Z] Navigate: https://www.flashscore.com/match/football/alaves-hxt57t2q/cadiz-hdWjLJUJ/summary/stats/2nd-half/?mid=zwXfurzp
[2026-08-16T06:03:51Z] Page loaded. Waiting for statistics DOM...
[2026-08-16T06:03:52Z] Script [readiness] result prefix: {"body_text_length":3189,"ready":true,"row_count":18,"section":"statistics_second_half","title":"CAD 1-0 ALA | Cadiz CF v Alaves 14/08/2023, Stats - Flashscore.com | Match"}
[2026-08-16T06:03:52Z] Reading rendered DOM...
[2026-08-16T06:03:53Z] Executing extraction script for phase 2; length: 5174.
[2026-08-16T06:03:53Z] Script [extract] result prefix: {"schema_version":"1.3","section":"statistics_second_half","statistic_period":"second_half","source_url":"https://www.flashscore.com/match/football/alaves-hxt57t2q/cadiz-hdWjLJUJ/summary/stats/2nd-half/?mid=zwXfurzp","match_id":"zwXfurzp","collected_at_utc":"2026-08-16T06:03:53.058Z","page_title":"CAD 1-0 ALA | Cadiz CF v Alaves 14/08/2023, Stats - Flashscore.com | Match","competition":"WORLD CUP","status":"FINISHED","date_time":"14.08.2023 21:30","home_team":"Cadiz CF","away_team":"Alaves","sco
[2026-08-16T06:03:53Z] Stored second_half statistics: 14 rows.
[2026-08-16T06:03:53Z] Merged section: statistics_second_half
[2026-08-16T06:03:53Z] Opening lineups...
[2026-08-16T06:03:53Z] Navigate: https://www.flashscore.com/match/football/alaves-hxt57t2q/cadiz-hdWjLJUJ/summary/lineups/?mid=zwXfurzp
[2026-08-16T06:03:55Z] Page loaded. Waiting for statistics DOM...
[2026-08-16T06:03:56Z] Script [readiness] result prefix: {"body_text_length":4228,"ready":true,"row_count":118,"section":"lineups","title":"CAD 1-0 ALA | Cadiz CF v Alaves 14/08/2023, Lineups - Flashscore.com | Match"}
[2026-08-16T06:03:56Z] Reading rendered DOM...
[2026-08-16T06:03:56Z] Executing extraction script for phase 4; length: 20701.
[2026-08-16T06:03:56Z] Script [extract] result prefix: {"schema_version":"1.3","section":"lineups","statistic_period":null,"source_url":"https://www.flashscore.com/match/football/alaves-hxt57t2q/cadiz-hdWjLJUJ/summary/lineups/?mid=zwXfurzp","match_id":"zwXfurzp","collected_at_utc":"2026-08-16T06:03:56.955Z","page_title":"CAD 1-0 ALA | Cadiz CF v Alaves 14/08/2023, Lineups - Flashscore.com | Match","competition":"WORLD CUP","status":"FINISHED","date_time":"14.08.2023 21:30","home_team":"Cadiz CF","away_team":"Alaves","score":{"home":"1","away":"0","d
[2026-08-16T06:03:57Z] Merged section: lineups
[2026-08-16T06:03:57Z] Spanish LaLiga 2023/2024: Player Stats are unavailable in the source profile.
[2026-08-16T06:03:57Z] Marked all Player Stats categories as not_available; collection continues.
[2026-08-16T06:03:57Z] Opening commentary...
[2026-08-16T06:03:57Z] Navigate: https://www.flashscore.com/match/football/alaves-hxt57t2q/cadiz-hdWjLJUJ/summary/live-commentary/?mid=zwXfurzp
[2026-08-16T06:03:59Z] Page loaded. Waiting for statistics DOM...
[2026-08-16T06:04:01Z] Script [readiness] result prefix: {"body_text_length":14431,"ready":true,"row_count":259,"section":"commentary","title":"CAD 1-0 ALA | Cadiz CF v Alaves 14/08/2023 | Football - Flashscore | Match"}
[2026-08-16T06:04:01Z] Reading rendered DOM...
[2026-08-16T06:04:01Z] Executing extraction script for phase 12; length: 11834.
[2026-08-16T06:04:01Z] Script [extract] result prefix: {"schema_version":"1.3","section":"commentary","statistic_period":null,"source_url":"https://www.flashscore.com/match/football/alaves-hxt57t2q/cadiz-hdWjLJUJ/summary/live-commentary/all-comments/?mid=zwXfurzp","match_id":"zwXfurzp","collected_at_utc":"2026-08-16T06:04:01.192Z","page_title":"CAD 1-0 ALA | Cadiz CF v Alaves 14/08/2023 | Football - Flashscore | Match","competition":"WORLD CUP","status":"FINISHED","date_time":"14.08.2023 21:30","home_team":"Cadiz CF","away_team":"Alaves","score":{"h
[2026-08-16T06:04:01Z] Merged section: commentary
[2026-08-16T06:04:01Z] Saving complete match JSON...
[2026-08-16T06:04:01Z] Player Stats category unavailable; status=not_available: top_stats
[2026-08-16T06:04:01Z] Player Stats category unavailable; status=not_available: shots
[2026-08-16T06:04:01Z] Player Stats category unavailable; status=not_available: attack
[2026-08-16T06:04:01Z] Player Stats category unavailable; status=not_available: passes
[2026-08-16T06:04:01Z] Player Stats category unavailable; status=not_available: defense
[2026-08-16T06:04:01Z] Player Stats category unavailable; status=not_available: goalkeeping
[2026-08-16T06:04:01Z] Player Stats category unavailable; status=not_available: general
[2026-08-16T06:04:01Z] Structured goals, cards and VAR events enriched.
[2026-08-16T06:04:01Z] Saved match JSON with 14 statistics: G:\Mirza\VSCode\FlashscoreFootballCollector_\Data\Matches\LaLiga\2023_2024\2023-08-14_Cadiz_CF_vs_Alaves_zwXfurzp.json
[2026-08-16T06:04:01Z] Finished: 2023-08-14_Cadiz_CF_vs_Alaves_zwXfurzp.json
[2026-08-16T06:04:01Z] Opening overall statistics...
[2026-08-16T06:04:01Z] Navigate: https://www.flashscore.com/match/football/atl-madrid-jaarqpLQ/granada-cf-EXuxl1xP/summary/stats/overall/?mid=M7E22Eyt
[2026-08-16T06:04:03Z] Page loaded. Waiting for statistics DOM...
[2026-08-16T06:04:04Z] Script [readiness] result prefix: {"body_text_length":3229,"ready":true,"row_count":17,"section":"statistics_overall","title":"ATM 3-1 GRA | Atletico Madrid v Granada CF 14/08/2023, Stats - Flashscore.com | Match"}
[2026-08-16T06:04:04Z] Reading rendered DOM...
[2026-08-16T06:04:04Z] Executing extraction script for phase 0; length: 5174.
[2026-08-16T06:04:04Z] Script [extract] result prefix: {"schema_version":"1.3","section":"statistics_overall","statistic_period":"overall","source_url":"https://www.flashscore.com/match/football/atl-madrid-jaarqpLQ/granada-cf-EXuxl1xP/summary/stats/overall/?mid=M7E22Eyt","match_id":"M7E22Eyt","collected_at_utc":"2026-08-16T06:04:04.967Z","page_title":"ATM 3-1 GRA | Atletico Madrid v Granada CF 14/08/2023, Stats - Flashscore.com | Match","competition":"WORLD CUP","status":"FINISHED","date_time":"14.08.2023 23:30","home_team":"Atl. Madrid","away_team"
[2026-08-16T06:04:04Z] Stored overall statistics: 13 rows.
[2026-08-16T06:04:05Z] Merged section: statistics_overall
[2026-08-16T06:04:05Z] Opening 1st half statistics...
[2026-08-16T06:04:05Z] Navigate: https://www.flashscore.com/match/football/atl-madrid-jaarqpLQ/granada-cf-EXuxl1xP/summary/stats/1st-half/?mid=M7E22Eyt
[2026-08-16T06:04:07Z] Page loaded. Waiting for statistics DOM...
[2026-08-16T06:04:08Z] Script [readiness] result prefix: {"body_text_length":3225,"ready":true,"row_count":17,"section":"statistics_first_half","title":"ATM 3-1 GRA | Atletico Madrid v Granada CF 14/08/2023, Stats - Flashscore.com | Match"}
[2026-08-16T06:04:08Z] Reading rendered DOM...
[2026-08-16T06:04:08Z] Executing extraction script for phase 1; length: 5174.
[2026-08-16T06:04:08Z] Script [extract] result prefix: {"schema_version":"1.3","section":"statistics_first_half","statistic_period":"first_half","source_url":"https://www.flashscore.com/match/football/atl-madrid-jaarqpLQ/granada-cf-EXuxl1xP/summary/stats/1st-half/?mid=M7E22Eyt","match_id":"M7E22Eyt","collected_at_utc":"2026-08-16T06:04:08.810Z","page_title":"ATM 3-1 GRA | Atletico Madrid v Granada CF 14/08/2023, Stats - Flashscore.com | Match","competition":"WORLD CUP","status":"FINISHED","date_time":"14.08.2023 23:30","home_team":"Atl. Madrid","awa
[2026-08-16T06:04:08Z] Stored first_half statistics: 13 rows.
[2026-08-16T06:04:08Z] Merged section: statistics_first_half
[2026-08-16T06:04:08Z] Opening 2nd half statistics...
[2026-08-16T06:04:08Z] Navigate: https://www.flashscore.com/match/football/atl-madrid-jaarqpLQ/granada-cf-EXuxl1xP/summary/stats/2nd-half/?mid=M7E22Eyt
[2026-08-16T06:04:11Z] Page loaded. Waiting for statistics DOM...
[2026-08-16T06:04:12Z] Script [readiness] result prefix: {"body_text_length":3224,"ready":true,"row_count":17,"section":"statistics_second_half","title":"ATM 3-1 GRA | Atletico Madrid v Granada CF 14/08/2023, Stats - Flashscore.com | Match"}
[2026-08-16T06:04:12Z] Reading rendered DOM...
[2026-08-16T06:04:12Z] Executing extraction script for phase 2; length: 5174.
[2026-08-16T06:04:12Z] Script [extract] result prefix: {"schema_version":"1.3","section":"statistics_second_half","statistic_period":"second_half","source_url":"https://www.flashscore.com/match/football/atl-madrid-jaarqpLQ/granada-cf-EXuxl1xP/summary/stats/2nd-half/?mid=M7E22Eyt","match_id":"M7E22Eyt","collected_at_utc":"2026-08-16T06:04:12.849Z","page_title":"ATM 3-1 GRA | Atletico Madrid v Granada CF 14/08/2023, Stats - Flashscore.com | Match","competition":"WORLD CUP","status":"FINISHED","date_time":"14.08.2023 23:30","home_team":"Atl. Madrid","a
[2026-08-16T06:04:12Z] Stored second_half statistics: 13 rows.
[2026-08-16T06:04:12Z] Merged section: statistics_second_half
[2026-08-16T06:04:12Z] Opening lineups...
[2026-08-16T06:04:12Z] Navigate: https://www.flashscore.com/match/football/atl-madrid-jaarqpLQ/granada-cf-EXuxl1xP/summary/lineups/?mid=M7E22Eyt
[2026-08-16T06:04:16Z] Page loaded. Waiting for statistics DOM...
[2026-08-16T06:04:17Z] Script [readiness] result prefix: {"body_text_length":4340,"ready":true,"row_count":122,"section":"lineups","title":"ATM 3-1 GRA | Atletico Madrid v Granada CF 14/08/2023, Lineups - Flashscore.com | Match"}
[2026-08-16T06:04:17Z] Reading rendered DOM...
[2026-08-16T06:04:17Z] Executing extraction script for phase 4; length: 20701.
[2026-08-16T06:04:17Z] Script [extract] result prefix: {"schema_version":"1.3","section":"lineups","statistic_period":null,"source_url":"https://www.flashscore.com/match/football/atl-madrid-jaarqpLQ/granada-cf-EXuxl1xP/summary/lineups/?mid=M7E22Eyt","match_id":"M7E22Eyt","collected_at_utc":"2026-08-16T06:04:17.691Z","page_title":"ATM 3-1 GRA | Atletico Madrid v Granada CF 14/08/2023, Lineups - Flashscore.com | Match","competition":"WORLD CUP","status":"FINISHED","date_time":"14.08.2023 23:30","home_team":"Atl. Madrid","away_team":"Granada CF","score
[2026-08-16T06:04:17Z] Merged section: lineups
[2026-08-16T06:04:17Z] Spanish LaLiga 2023/2024: Player Stats are unavailable in the source profile.
[2026-08-16T06:04:17Z] Marked all Player Stats categories as not_available; collection continues.
[2026-08-16T06:04:17Z] Opening commentary...
[2026-08-16T06:04:17Z] Navigate: https://www.flashscore.com/match/football/atl-madrid-jaarqpLQ/granada-cf-EXuxl1xP/summary/live-commentary/?mid=M7E22Eyt
[2026-08-16T06:04:20Z] Page loaded. Waiting for statistics DOM...
[2026-08-16T06:04:21Z] Script [readiness] result prefix: {"body_text_length":13323,"ready":true,"row_count":229,"section":"commentary","title":"ATM 3-1 GRA | Atletico Madrid v Granada CF 14/08/2023 | Football - Flashscore | Match"}
[2026-08-16T06:04:21Z] Reading rendered DOM...
[2026-08-16T06:04:22Z] Executing extraction script for phase 12; length: 11834.
[2026-08-16T06:04:22Z] Script [extract] result prefix: {"schema_version":"1.3","section":"commentary","statistic_period":null,"source_url":"https://www.flashscore.com/match/football/atl-madrid-jaarqpLQ/granada-cf-EXuxl1xP/summary/live-commentary/all-comments/?mid=M7E22Eyt","match_id":"M7E22Eyt","collected_at_utc":"2026-08-16T06:04:22.044Z","page_title":"ATM 3-1 GRA | Atletico Madrid v Granada CF 14/08/2023 | Football - Flashscore | Match","competition":"WORLD CUP","status":"FINISHED","date_time":"14.08.2023 23:30","home_team":"Atl. Madrid","away_tea
[2026-08-16T06:04:22Z] Merged section: commentary
[2026-08-16T06:04:22Z] Saving complete match JSON...
[2026-08-16T06:04:22Z] Player Stats category unavailable; status=not_available: top_stats
[2026-08-16T06:04:22Z] Player Stats category unavailable; status=not_available: shots
[2026-08-16T06:04:22Z] Player Stats category unavailable; status=not_available: attack
[2026-08-16T06:04:22Z] Player Stats category unavailable; status=not_available: passes
[2026-08-16T06:04:22Z] Player Stats category unavailable; status=not_available: defense
[2026-08-16T06:04:22Z] Player Stats category unavailable; status=not_available: goalkeeping
[2026-08-16T06:04:22Z] Player Stats category unavailable; status=not_available: general
[2026-08-16T06:04:22Z] Structured goals, cards and VAR events enriched.
[2026-08-16T06:04:22Z] Saved match JSON with 13 statistics: G:\Mirza\VSCode\FlashscoreFootballCollector_\Data\Matches\LaLiga\2023_2024\2023-08-14_Atl._Madrid_vs_Granada_CF_M7E22Eyt.json
[2026-08-16T06:04:22Z] Finished: 2023-08-14_Atl._Madrid_vs_Granada_CF_M7E22Eyt.json
[2026-08-16T06:04:22Z] Opening overall statistics...
[2026-08-16T06:04:22Z] Navigate: https://www.flashscore.com/match/football/mallorca-4jDQxrbf/villarreal-lUatW5jE/summary/stats/overall/?mid=fgjw25sc
[2026-08-16T06:04:24Z] Page loaded. Waiting for statistics DOM...
[2026-08-16T06:04:26Z] Script [readiness] result prefix: {"body_text_length":3204,"ready":true,"row_count":17,"section":"statistics_overall","title":"MAL 0-1 VIL | Mallorca v Villarreal 18/08/2023, Stats - Flashscore.com | Match"}
[2026-08-16T06:04:26Z] Reading rendered DOM...
[2026-08-16T06:04:26Z] Executing extraction script for phase 0; length: 5174.
[2026-08-16T06:04:26Z] Script [extract] result prefix: {"schema_version":"1.3","section":"statistics_overall","statistic_period":"overall","source_url":"https://www.flashscore.com/match/football/mallorca-4jDQxrbf/villarreal-lUatW5jE/summary/stats/overall/?mid=fgjw25sc","match_id":"fgjw25sc","collected_at_utc":"2026-08-16T06:04:26.368Z","page_title":"MAL 0-1 VIL | Mallorca v Villarreal 18/08/2023, Stats - Flashscore.com | Match","competition":"WORLD CUP","status":"FINISHED","date_time":"18.08.2023 21:30","home_team":"Mallorca","away_team":"Villarreal
[2026-08-16T06:04:26Z] Stored overall statistics: 13 rows.
[2026-08-16T06:04:26Z] Merged section: statistics_overall
[2026-08-16T06:04:26Z] Opening 1st half statistics...
[2026-08-16T06:04:26Z] Navigate: https://www.flashscore.com/match/football/mallorca-4jDQxrbf/villarreal-lUatW5jE/summary/stats/1st-half/?mid=fgjw25sc
[2026-08-16T06:04:28Z] Page loaded. Waiting for statistics DOM...
[2026-08-16T06:04:29Z] Script [readiness] result prefix: {"body_text_length":3197,"ready":true,"row_count":17,"section":"statistics_first_half","title":"MAL 0-1 VIL | Mallorca v Villarreal 18/08/2023, Stats - Flashscore.com | Match"}
[2026-08-16T06:04:29Z] Reading rendered DOM...
[2026-08-16T06:04:29Z] Executing extraction script for phase 1; length: 5174.
[2026-08-16T06:04:29Z] Script [extract] result prefix: {"schema_version":"1.3","section":"statistics_first_half","statistic_period":"first_half","source_url":"https://www.flashscore.com/match/football/mallorca-4jDQxrbf/villarreal-lUatW5jE/summary/stats/1st-half/?mid=fgjw25sc","match_id":"fgjw25sc","collected_at_utc":"2026-08-16T06:04:29.762Z","page_title":"MAL 0-1 VIL | Mallorca v Villarreal 18/08/2023, Stats - Flashscore.com | Match","competition":"WORLD CUP","status":"FINISHED","date_time":"18.08.2023 21:30","home_team":"Mallorca","away_team":"Vil
[2026-08-16T06:04:29Z] Stored first_half statistics: 13 rows.
[2026-08-16T06:04:29Z] Merged section: statistics_first_half
[2026-08-16T06:04:29Z] Opening 2nd half statistics...
[2026-08-16T06:04:29Z] Navigate: https://www.flashscore.com/match/football/mallorca-4jDQxrbf/villarreal-lUatW5jE/summary/stats/2nd-half/?mid=fgjw25sc
[2026-08-16T06:04:32Z] Page loaded. Waiting for statistics DOM...
[2026-08-16T06:04:34Z] Script [readiness] result prefix: {"body_text_length":3200,"ready":true,"row_count":17,"section":"statistics_second_half","title":"MAL 0-1 VIL | Mallorca v Villarreal 18/08/2023, Stats - Flashscore.com | Match"}
[2026-08-16T06:04:34Z] Reading rendered DOM...
[2026-08-16T06:04:34Z] Executing extraction script for phase 2; length: 5174.
[2026-08-16T06:04:34Z] Script [extract] result prefix: {"schema_version":"1.3","section":"statistics_second_half","statistic_period":"second_half","source_url":"https://www.flashscore.com/match/football/mallorca-4jDQxrbf/villarreal-lUatW5jE/summary/stats/2nd-half/?mid=fgjw25sc","match_id":"fgjw25sc","collected_at_utc":"2026-08-16T06:04:34.168Z","page_title":"MAL 0-1 VIL | Mallorca v Villarreal 18/08/2023, Stats - Flashscore.com | Match","competition":"WORLD CUP","status":"FINISHED","date_time":"18.08.2023 21:30","home_team":"Mallorca","away_team":"V
[2026-08-16T06:04:34Z] Stored second_half statistics: 13 rows.
[2026-08-16T06:04:34Z] Merged section: statistics_second_half
[2026-08-16T06:04:34Z] Opening lineups...
[2026-08-16T06:04:34Z] Navigate: https://www.flashscore.com/match/football/mallorca-4jDQxrbf/villarreal-lUatW5jE/summary/lineups/?mid=fgjw25sc
[2026-08-16T06:04:36Z] Page loaded. Waiting for statistics DOM...
[2026-08-16T06:04:37Z] Script [readiness] result prefix: {"body_text_length":4242,"ready":true,"row_count":116,"section":"lineups","title":"MAL 0-1 VIL | Mallorca v Villarreal 18/08/2023, Lineups - Flashscore.com | Match"}
[2026-08-16T06:04:37Z] Reading rendered DOM...
[2026-08-16T06:04:37Z] Executing extraction script for phase 4; length: 20701.
[2026-08-16T06:04:37Z] Script [extract] result prefix: {"schema_version":"1.3","section":"lineups","statistic_period":null,"source_url":"https://www.flashscore.com/match/football/mallorca-4jDQxrbf/villarreal-lUatW5jE/summary/lineups/?mid=fgjw25sc","match_id":"fgjw25sc","collected_at_utc":"2026-08-16T06:04:37.964Z","page_title":"MAL 0-1 VIL | Mallorca v Villarreal 18/08/2023, Lineups - Flashscore.com | Match","competition":"WORLD CUP","status":"FINISHED","date_time":"18.08.2023 21:30","home_team":"Mallorca","away_team":"Villarreal","score":{"home":"0
[2026-08-16T06:04:37Z] Merged section: lineups
[2026-08-16T06:04:38Z] Spanish LaLiga 2023/2024: Player Stats are unavailable in the source profile.
[2026-08-16T06:04:38Z] Marked all Player Stats categories as not_available; collection continues.
[2026-08-16T06:04:38Z] Opening commentary...
[2026-08-16T06:04:38Z] Navigate: https://www.flashscore.com/match/football/mallorca-4jDQxrbf/villarreal-lUatW5jE/summary/live-commentary/?mid=fgjw25sc
[2026-08-16T06:04:39Z] Page loaded. Waiting for statistics DOM...
[2026-08-16T06:04:41Z] Script [readiness] result prefix: {"body_text_length":10457,"ready":true,"row_count":217,"section":"commentary","title":"MAL 0-1 VIL | Mallorca v Villarreal 18/08/2023 | Football - Flashscore | Match"}
[2026-08-16T06:04:41Z] Reading rendered DOM...
[2026-08-16T06:04:41Z] Executing extraction script for phase 12; length: 11834.
[2026-08-16T06:04:41Z] Script [extract] result prefix: {"schema_version":"1.3","section":"commentary","statistic_period":null,"source_url":"https://www.flashscore.com/match/football/mallorca-4jDQxrbf/villarreal-lUatW5jE/summary/live-commentary/all-comments/?mid=fgjw25sc","match_id":"fgjw25sc","collected_at_utc":"2026-08-16T06:04:41.212Z","page_title":"MAL 0-1 VIL | Mallorca v Villarreal 18/08/2023 | Football - Flashscore | Match","competition":"WORLD CUP","status":"FINISHED","date_time":"18.08.2023 21:30","home_team":"Mallorca","away_team":"Villarre
[2026-08-16T06:04:41Z] Merged section: commentary
[2026-08-16T06:04:41Z] Saving complete match JSON...
[2026-08-16T06:04:41Z] Player Stats category unavailable; status=not_available: top_stats
[2026-08-16T06:04:41Z] Player Stats category unavailable; status=not_available: shots
[2026-08-16T06:04:41Z] Player Stats category unavailable; status=not_available: attack
[2026-08-16T06:04:41Z] Player Stats category unavailable; status=not_available: passes
[2026-08-16T06:04:41Z] Player Stats category unavailable; status=not_available: defense
[2026-08-16T06:04:41Z] Player Stats category unavailable; status=not_available: goalkeeping
[2026-08-16T06:04:41Z] Player Stats category unavailable; status=not_available: general
[2026-08-16T06:04:41Z] Structured goals, cards and VAR events enriched.
[2026-08-16T06:04:41Z] Saved match JSON with 13 statistics: G:\Mirza\VSCode\FlashscoreFootballCollector_\Data\Matches\LaLiga\2023_2024\2023-08-18_Mallorca_vs_Villarreal_fgjw25sc.json
[2026-08-16T06:04:41Z] Finished: 2023-08-18_Mallorca_vs_Villarreal_fgjw25sc.json
[2026-08-16T06:04:41Z] Opening overall statistics...
[2026-08-16T06:04:41Z] Navigate: https://www.flashscore.com/match/football/las-palmas-IyRQC2vM/valencia-CQeaytrD/summary/stats/overall/?mid=fgSUiLJk
[2026-08-16T06:04:43Z] Page loaded. Waiting for statistics DOM...
[2026-08-16T06:04:45Z] Script [readiness] result prefix: {"body_text_length":3183,"ready":true,"row_count":16,"section":"statistics_overall","title":"VAL 1-0 PAL | Valencia v Las Palmas 18/08/2023, Stats - Flashscore.com | Match"}
[2026-08-16T06:04:45Z] Reading rendered DOM...
[2026-08-16T06:04:45Z] Executing extraction script for phase 0; length: 5174.
[2026-08-16T06:04:45Z] Script [extract] result prefix: {"schema_version":"1.3","section":"statistics_overall","statistic_period":"overall","source_url":"https://www.flashscore.com/match/football/las-palmas-IyRQC2vM/valencia-CQeaytrD/summary/stats/overall/?mid=fgSUiLJk","match_id":"fgSUiLJk","collected_at_utc":"2026-08-16T06:04:45.515Z","page_title":"VAL 1-0 PAL | Valencia v Las Palmas 18/08/2023, Stats - Flashscore.com | Match","competition":"WORLD CUP","status":"FINISHED","date_time":"18.08.2023 23:30","home_team":"Valencia","away_team":"Las Palmas
[2026-08-16T06:04:45Z] Stored overall statistics: 12 rows.
[2026-08-16T06:04:45Z] Merged section: statistics_overall
[2026-08-16T06:04:45Z] Opening 1st half statistics...
[2026-08-16T06:04:45Z] Navigate: https://www.flashscore.com/match/football/las-palmas-IyRQC2vM/valencia-CQeaytrD/summary/stats/1st-half/?mid=fgSUiLJk
[2026-08-16T06:04:47Z] Page loaded. Waiting for statistics DOM...
[2026-08-16T06:04:48Z] Script [readiness] result prefix: {"body_text_length":3180,"ready":true,"row_count":16,"section":"statistics_first_half","title":"VAL 1-0 PAL | Valencia v Las Palmas 18/08/2023, Stats - Flashscore.com | Match"}
[2026-08-16T06:04:48Z] Reading rendered DOM...
[2026-08-16T06:04:48Z] Executing extraction script for phase 1; length: 5174.
[2026-08-16T06:04:48Z] Script [extract] result prefix: {"schema_version":"1.3","section":"statistics_first_half","statistic_period":"first_half","source_url":"https://www.flashscore.com/match/football/las-palmas-IyRQC2vM/valencia-CQeaytrD/summary/stats/1st-half/?mid=fgSUiLJk","match_id":"fgSUiLJk","collected_at_utc":"2026-08-16T06:04:48.819Z","page_title":"VAL 1-0 PAL | Valencia v Las Palmas 18/08/2023, Stats - Flashscore.com | Match","competition":"WORLD CUP","status":"FINISHED","date_time":"18.08.2023 23:30","home_team":"Valencia","away_team":"Las
[2026-08-16T06:04:48Z] Stored first_half statistics: 12 rows.
[2026-08-16T06:04:48Z] Merged section: statistics_first_half
[2026-08-16T06:04:48Z] Opening 2nd half statistics...
[2026-08-16T06:04:49Z] Navigate: https://www.flashscore.com/match/football/las-palmas-IyRQC2vM/valencia-CQeaytrD/summary/stats/2nd-half/?mid=fgSUiLJk
[2026-08-16T06:04:50Z] Page loaded. Waiting for statistics DOM...
[2026-08-16T06:04:52Z] Script [readiness] result prefix: {"body_text_length":3181,"ready":true,"row_count":16,"section":"statistics_second_half","title":"VAL 1-0 PAL | Valencia v Las Palmas 18/08/2023, Stats - Flashscore.com | Match"}
[2026-08-16T06:04:52Z] Reading rendered DOM...
[2026-08-16T06:04:52Z] Executing extraction script for phase 2; length: 5174.
[2026-08-16T06:04:52Z] Script [extract] result prefix: {"schema_version":"1.3","section":"statistics_second_half","statistic_period":"second_half","source_url":"https://www.flashscore.com/match/football/las-palmas-IyRQC2vM/valencia-CQeaytrD/summary/stats/2nd-half/?mid=fgSUiLJk","match_id":"fgSUiLJk","collected_at_utc":"2026-08-16T06:04:52.261Z","page_title":"VAL 1-0 PAL | Valencia v Las Palmas 18/08/2023, Stats - Flashscore.com | Match","competition":"WORLD CUP","status":"FINISHED","date_time":"18.08.2023 23:30","home_team":"Valencia","away_team":"L
[2026-08-16T06:04:52Z] Stored second_half statistics: 12 rows.
[2026-08-16T06:04:52Z] Merged section: statistics_second_half
[2026-08-16T06:04:52Z] Opening lineups...
[2026-08-16T06:04:52Z] Navigate: https://www.flashscore.com/match/football/las-palmas-IyRQC2vM/valencia-CQeaytrD/summary/lineups/?mid=fgSUiLJk
[2026-08-16T06:04:55Z] Page loaded. Waiting for statistics DOM...
[2026-08-16T06:04:56Z] Script [readiness] result prefix: {"body_text_length":4273,"ready":true,"row_count":116,"section":"lineups","title":"VAL 1-0 PAL | Valencia v Las Palmas 18/08/2023, Lineups - Flashscore.com | Match"}
[2026-08-16T06:04:56Z] Reading rendered DOM...
[2026-08-16T06:04:56Z] Executing extraction script for phase 4; length: 20701.
[2026-08-16T06:04:56Z] Script [extract] result prefix: {"schema_version":"1.3","section":"lineups","statistic_period":null,"source_url":"https://www.flashscore.com/match/football/las-palmas-IyRQC2vM/valencia-CQeaytrD/summary/lineups/?mid=fgSUiLJk","match_id":"fgSUiLJk","collected_at_utc":"2026-08-16T06:04:56.740Z","page_title":"VAL 1-0 PAL | Valencia v Las Palmas 18/08/2023, Lineups - Flashscore.com | Match","competition":"WORLD CUP","status":"FINISHED","date_time":"18.08.2023 23:30","home_team":"Valencia","away_team":"Las Palmas","score":{"home":"1
[2026-08-16T06:04:56Z] Merged section: lineups
[2026-08-16T06:04:56Z] Spanish LaLiga 2023/2024: Player Stats are unavailable in the source profile.
[2026-08-16T06:04:56Z] Marked all Player Stats categories as not_available; collection continues.
[2026-08-16T06:04:56Z] Opening commentary...
[2026-08-16T06:04:56Z] Navigate: https://www.flashscore.com/match/football/las-palmas-IyRQC2vM/valencia-CQeaytrD/summary/live-commentary/?mid=fgSUiLJk
[2026-08-16T06:04:58Z] Page loaded. Waiting for statistics DOM...
[2026-08-16T06:05:00Z] Script [readiness] result prefix: {"body_text_length":11468,"ready":true,"row_count":223,"section":"commentary","title":"VAL 1-0 PAL | Valencia v Las Palmas 18/08/2023 | Football - Flashscore | Match"}
[2026-08-16T06:05:00Z] Reading rendered DOM...
[2026-08-16T06:05:00Z] Executing extraction script for phase 12; length: 11834.
[2026-08-16T06:05:00Z] Script [extract] result prefix: {"schema_version":"1.3","section":"commentary","statistic_period":null,"source_url":"https://www.flashscore.com/match/football/las-palmas-IyRQC2vM/valencia-CQeaytrD/summary/live-commentary/all-comments/?mid=fgSUiLJk","match_id":"fgSUiLJk","collected_at_utc":"2026-08-16T06:05:00.255Z","page_title":"VAL 1-0 PAL | Valencia v Las Palmas 18/08/2023 | Football - Flashscore | Match","competition":"WORLD CUP","status":"FINISHED","date_time":"18.08.2023 23:30","home_team":"Valencia","away_team":"Las Palm
[2026-08-16T06:05:00Z] Merged section: commentary
[2026-08-16T06:05:00Z] Saving complete match JSON...
[2026-08-16T06:05:00Z] Player Stats category unavailable; status=not_available: top_stats
[2026-08-16T06:05:00Z] Player Stats category unavailable; status=not_available: shots
[2026-08-16T06:05:00Z] Player Stats category unavailable; status=not_available: attack
[2026-08-16T06:05:00Z] Player Stats category unavailable; status=not_available: passes
[2026-08-16T06:05:00Z] Player Stats category unavailable; status=not_available: defense
[2026-08-16T06:05:00Z] Player Stats category unavailable; status=not_available: goalkeeping
[2026-08-16T06:05:00Z] Player Stats category unavailable; status=not_available: general
[2026-08-16T06:05:00Z] Structured goals, cards and VAR events enriched.
[2026-08-16T06:05:00Z] Saved match JSON with 12 statistics: G:\Mirza\VSCode\FlashscoreFootballCollector_\Data\Matches\LaLiga\2023_2024\2023-08-18_Valencia_vs_Las_Palmas_fgSUiLJk.json
[2026-08-16T06:05:00Z] Finished: 2023-08-18_Valencia_vs_Las_Palmas_fgSUiLJk.json
[2026-08-16T06:05:00Z] Opening overall statistics...
[2026-08-16T06:05:00Z] Navigate: https://www.flashscore.com/match/football/celta-vigo-8pvUZFhf/real-sociedad-jNvak2f3/summary/stats/overall/?mid=xxnbcsdS
[2026-08-16T06:05:02Z] Page loaded. Waiting for statistics DOM...
[2026-08-16T06:05:04Z] Script [readiness] result prefix: {"body_text_length":3231,"ready":true,"row_count":17,"section":"statistics_overall","title":"RSO 1-1 CEL | Real Sociedad v Celta Vigo 19/08/2023, Stats - Flashscore.com | Match"}
[2026-08-16T06:05:04Z] Reading rendered DOM...
[2026-08-16T06:05:04Z] Executing extraction script for phase 0; length: 5174.
[2026-08-16T06:05:04Z] Script [extract] result prefix: {"schema_version":"1.3","section":"statistics_overall","statistic_period":"overall","source_url":"https://www.flashscore.com/match/football/celta-vigo-8pvUZFhf/real-sociedad-jNvak2f3/summary/stats/overall/?mid=xxnbcsdS","match_id":"xxnbcsdS","collected_at_utc":"2026-08-16T06:05:04.310Z","page_title":"RSO 1-1 CEL | Real Sociedad v Celta Vigo 19/08/2023, Stats - Flashscore.com | Match","competition":"WORLD CUP","status":"FINISHED","date_time":"19.08.2023 19:00","home_team":"Real Sociedad","away_te
[2026-08-16T06:05:04Z] Stored overall statistics: 13 rows.
[2026-08-16T06:05:04Z] Merged section: statistics_overall
[2026-08-16T06:05:04Z] Opening 1st half statistics...
[2026-08-16T06:05:04Z] Navigate: https://www.flashscore.com/match/football/celta-vigo-8pvUZFhf/real-sociedad-jNvak2f3/summary/stats/1st-half/?mid=xxnbcsdS
[2026-08-16T06:05:06Z] Page loaded. Waiting for statistics DOM...
[2026-08-16T06:05:07Z] Script [readiness] result prefix: {"body_text_length":3222,"ready":true,"row_count":17,"section":"statistics_first_half","title":"RSO 1-1 CEL | Real Sociedad v Celta Vigo 19/08/2023, Stats - Flashscore.com | Match"}
[2026-08-16T06:05:07Z] Reading rendered DOM...
[2026-08-16T06:05:07Z] Executing extraction script for phase 1; length: 5174.
[2026-08-16T06:05:07Z] Script [extract] result prefix: {"schema_version":"1.3","section":"statistics_first_half","statistic_period":"first_half","source_url":"https://www.flashscore.com/match/football/celta-vigo-8pvUZFhf/real-sociedad-jNvak2f3/summary/stats/1st-half/?mid=xxnbcsdS","match_id":"xxnbcsdS","collected_at_utc":"2026-08-16T06:05:07.875Z","page_title":"RSO 1-1 CEL | Real Sociedad v Celta Vigo 19/08/2023, Stats - Flashscore.com | Match","competition":"WORLD CUP","status":"FINISHED","date_time":"19.08.2023 19:00","home_team":"Real Sociedad","
[2026-08-16T06:05:07Z] Stored first_half statistics: 13 rows.
[2026-08-16T06:05:07Z] Merged section: statistics_first_half
[2026-08-16T06:05:08Z] Opening 2nd half statistics...
[2026-08-16T06:05:08Z] Navigate: https://www.flashscore.com/match/football/celta-vigo-8pvUZFhf/real-sociedad-jNvak2f3/summary/stats/2nd-half/?mid=xxnbcsdS
[2026-08-16T06:05:09Z] Page loaded. Waiting for statistics DOM...
[2026-08-16T06:05:11Z] Script [readiness] result prefix: {"body_text_length":3225,"ready":true,"row_count":17,"section":"statistics_second_half","title":"RSO 1-1 CEL | Real Sociedad v Celta Vigo 19/08/2023, Stats - Flashscore.com | Match"}
[2026-08-16T06:05:11Z] Reading rendered DOM...
[2026-08-16T06:05:11Z] Executing extraction script for phase 2; length: 5174.
[2026-08-16T06:05:11Z] Script [extract] result prefix: {"schema_version":"1.3","section":"statistics_second_half","statistic_period":"second_half","source_url":"https://www.flashscore.com/match/football/celta-vigo-8pvUZFhf/real-sociedad-jNvak2f3/summary/stats/2nd-half/?mid=xxnbcsdS","match_id":"xxnbcsdS","collected_at_utc":"2026-08-16T06:05:11.188Z","page_title":"RSO 1-1 CEL | Real Sociedad v Celta Vigo 19/08/2023, Stats - Flashscore.com | Match","competition":"WORLD CUP","status":"FINISHED","date_time":"19.08.2023 19:00","home_team":"Real Sociedad"
[2026-08-16T06:05:11Z] Stored second_half statistics: 13 rows.
[2026-08-16T06:05:11Z] Merged section: statistics_second_half
[2026-08-16T06:05:11Z] Opening lineups...
[2026-08-16T06:05:11Z] Navigate: https://www.flashscore.com/match/football/celta-vigo-8pvUZFhf/real-sociedad-jNvak2f3/summary/lineups/?mid=xxnbcsdS
[2026-08-16T06:05:13Z] Page loaded. Waiting for statistics DOM...
[2026-08-16T06:05:15Z] Script [readiness] result prefix: {"body_text_length":4378,"ready":true,"row_count":120,"section":"lineups","title":"RSO 1-1 CEL | Real Sociedad v Celta Vigo 19/08/2023, Lineups - Flashscore.com | Match"}
[2026-08-16T06:05:15Z] Reading rendered DOM...
[2026-08-16T06:05:15Z] Executing extraction script for phase 4; length: 20701.
[2026-08-16T06:05:15Z] Script [extract] result prefix: {"schema_version":"1.3","section":"lineups","statistic_period":null,"source_url":"https://www.flashscore.com/match/football/celta-vigo-8pvUZFhf/real-sociedad-jNvak2f3/summary/lineups/?mid=xxnbcsdS","match_id":"xxnbcsdS","collected_at_utc":"2026-08-16T06:05:15.502Z","page_title":"RSO 1-1 CEL | Real Sociedad v Celta Vigo 19/08/2023, Lineups - Flashscore.com | Match","competition":"WORLD CUP","status":"FINISHED","date_time":"19.08.2023 19:00","home_team":"Real Sociedad","away_team":"Celta Vigo","sc
[2026-08-16T06:05:15Z] Merged section: lineups
[2026-08-16T06:05:15Z] Spanish LaLiga 2023/2024: Player Stats are unavailable in the source profile.
[2026-08-16T06:05:15Z] Marked all Player Stats categories as not_available; collection continues.
[2026-08-16T06:05:15Z] Opening commentary...
[2026-08-16T06:05:15Z] Navigate: https://www.flashscore.com/match/football/celta-vigo-8pvUZFhf/real-sociedad-jNvak2f3/summary/live-commentary/?mid=xxnbcsdS
[2026-08-16T06:05:17Z] Page loaded. Waiting for statistics DOM...
[2026-08-16T06:05:18Z] Script [readiness] result prefix: {"body_text_length":13727,"ready":true,"row_count":255,"section":"commentary","title":"RSO 1-1 CEL | Real Sociedad v Celta Vigo 19/08/2023 | Football - Flashscore | Match"}
[2026-08-16T06:05:18Z] Reading rendered DOM...
[2026-08-16T06:05:18Z] Executing extraction script for phase 12; length: 11834.
[2026-08-16T06:05:19Z] Script [extract] result prefix: {"schema_version":"1.3","section":"commentary","statistic_period":null,"source_url":"https://www.flashscore.com/match/football/celta-vigo-8pvUZFhf/real-sociedad-jNvak2f3/summary/live-commentary/all-comments/?mid=xxnbcsdS","match_id":"xxnbcsdS","collected_at_utc":"2026-08-16T06:05:18.986Z","page_title":"RSO 1-1 CEL | Real Sociedad v Celta Vigo 19/08/2023 | Football - Flashscore | Match","competition":"WORLD CUP","status":"FINISHED","date_time":"19.08.2023 19:00","home_team":"Real Sociedad","away_
[2026-08-16T06:05:19Z] Merged section: commentary
[2026-08-16T06:05:19Z] Saving complete match JSON...
[2026-08-16T06:05:19Z] Player Stats category unavailable; status=not_available: top_stats
[2026-08-16T06:05:19Z] Player Stats category unavailable; status=not_available: shots
[2026-08-16T06:05:19Z] Player Stats category unavailable; status=not_available: attack
[2026-08-16T06:05:19Z] Player Stats category unavailable; status=not_available: passes
[2026-08-16T06:05:19Z] Player Stats category unavailable; status=not_available: defense
[2026-08-16T06:05:19Z] Player Stats category unavailable; status=not_available: goalkeeping
[2026-08-16T06:05:19Z] Player Stats category unavailable; status=not_available: general
[2026-08-16T06:05:19Z] Structured goals, cards and VAR events enriched.
[2026-08-16T06:05:19Z] Saved match JSON with 13 statistics: G:\Mirza\VSCode\FlashscoreFootballCollector_\Data\Matches\LaLiga\2023_2024\2023-08-19_Real_Sociedad_vs_Celta_Vigo_xxnbcsdS.json
[2026-08-16T06:05:19Z] Finished: 2023-08-19_Real_Sociedad_vs_Celta_Vigo_xxnbcsdS.json
[2026-08-16T06:05:19Z] Opening overall statistics...
[2026-08-16T06:05:19Z] Navigate: https://www.flashscore.com/match/football/almeria-nF2Vy2D0/real-madrid-W8mj7MDD/summary/stats/overall/?mid=2a3iv2kj
[2026-08-16T06:05:21Z] Page loaded. Waiting for statistics DOM...
[2026-08-16T06:05:23Z] Script [readiness] result prefix: {"body_text_length":3207,"ready":true,"row_count":17,"section":"statistics_overall","title":"ALM 1-3 RMA | Almeria v Real Madrid 19/08/2023, Stats - Flashscore.com | Match"}
[2026-08-16T06:05:23Z] Reading rendered DOM...
[2026-08-16T06:05:23Z] Executing extraction script for phase 0; length: 5174.
[2026-08-16T06:05:23Z] Script [extract] result prefix: {"schema_version":"1.3","section":"statistics_overall","statistic_period":"overall","source_url":"https://www.flashscore.com/match/football/almeria-nF2Vy2D0/real-madrid-W8mj7MDD/summary/stats/overall/?mid=2a3iv2kj","match_id":"2a3iv2kj","collected_at_utc":"2026-08-16T06:05:23.139Z","page_title":"ALM 1-3 RMA | Almeria v Real Madrid 19/08/2023, Stats - Flashscore.com | Match","competition":"WORLD CUP","status":"FINISHED","date_time":"19.08.2023 21:30","home_team":"Almeria","away_team":"Real Madrid
[2026-08-16T06:05:23Z] Stored overall statistics: 13 rows.
[2026-08-16T06:05:23Z] Merged section: statistics_overall
[2026-08-16T06:05:23Z] Opening 1st half statistics...
[2026-08-16T06:05:23Z] Navigate: https://www.flashscore.com/match/football/almeria-nF2Vy2D0/real-madrid-W8mj7MDD/summary/stats/1st-half/?mid=2a3iv2kj
[2026-08-16T06:05:25Z] Page loaded. Waiting for statistics DOM...
[2026-08-16T06:05:26Z] Script [readiness] result prefix: {"body_text_length":3164,"ready":true,"row_count":16,"section":"statistics_first_half","title":"ALM 1-3 RMA | Almeria v Real Madrid 19/08/2023, Stats - Flashscore.com | Match"}
[2026-08-16T06:05:26Z] Reading rendered DOM...
[2026-08-16T06:05:27Z] Executing extraction script for phase 1; length: 5174.
[2026-08-16T06:05:27Z] Script [extract] result prefix: {"schema_version":"1.3","section":"statistics_first_half","statistic_period":"first_half","source_url":"https://www.flashscore.com/match/football/almeria-nF2Vy2D0/real-madrid-W8mj7MDD/summary/stats/1st-half/?mid=2a3iv2kj","match_id":"2a3iv2kj","collected_at_utc":"2026-08-16T06:05:27.038Z","page_title":"ALM 1-3 RMA | Almeria v Real Madrid 19/08/2023, Stats - Flashscore.com | Match","competition":"WORLD CUP","status":"FINISHED","date_time":"19.08.2023 21:30","home_team":"Almeria","away_team":"Real
[2026-08-16T06:05:27Z] Stored first_half statistics: 12 rows.
[2026-08-16T06:05:27Z] Merged section: statistics_first_half
[2026-08-16T06:05:27Z] Opening 2nd half statistics...
[2026-08-16T06:05:27Z] Navigate: https://www.flashscore.com/match/football/almeria-nF2Vy2D0/real-madrid-W8mj7MDD/summary/stats/2nd-half/?mid=2a3iv2kj
[2026-08-16T06:05:28Z] Page loaded. Waiting for statistics DOM...
[2026-08-16T06:05:30Z] Script [readiness] result prefix: {"body_text_length":3199,"ready":true,"row_count":17,"section":"statistics_second_half","title":"ALM 1-3 RMA | Almeria v Real Madrid 19/08/2023, Stats - Flashscore.com | Match"}
[2026-08-16T06:05:30Z] Reading rendered DOM...
[2026-08-16T06:05:30Z] Executing extraction script for phase 2; length: 5174.
[2026-08-16T06:05:30Z] Script [extract] result prefix: {"schema_version":"1.3","section":"statistics_second_half","statistic_period":"second_half","source_url":"https://www.flashscore.com/match/football/almeria-nF2Vy2D0/real-madrid-W8mj7MDD/summary/stats/2nd-half/?mid=2a3iv2kj","match_id":"2a3iv2kj","collected_at_utc":"2026-08-16T06:05:30.528Z","page_title":"ALM 1-3 RMA | Almeria v Real Madrid 19/08/2023, Stats - Flashscore.com | Match","competition":"WORLD CUP","status":"FINISHED","date_time":"19.08.2023 21:30","home_team":"Almeria","away_team":"Re
[2026-08-16T06:05:30Z] Stored second_half statistics: 13 rows.
[2026-08-16T06:05:30Z] Merged section: statistics_second_half
[2026-08-16T06:05:30Z] Opening lineups...
[2026-08-16T06:05:30Z] Navigate: https://www.flashscore.com/match/football/almeria-nF2Vy2D0/real-madrid-W8mj7MDD/summary/lineups/?mid=2a3iv2kj
[2026-08-16T06:05:33Z] Page loaded. Waiting for statistics DOM...
[2026-08-16T06:05:35Z] Script [readiness] result prefix: {"body_text_length":4308,"ready":true,"row_count":119,"section":"lineups","title":"ALM 1-3 RMA | Almeria v Real Madrid 19/08/2023, Lineups - Flashscore.com | Match"}
[2026-08-16T06:05:35Z] Reading rendered DOM...
[2026-08-16T06:05:35Z] Executing extraction script for phase 4; length: 20701.
[2026-08-16T06:05:35Z] Script [extract] result prefix: {"schema_version":"1.3","section":"lineups","statistic_period":null,"source_url":"https://www.flashscore.com/match/football/almeria-nF2Vy2D0/real-madrid-W8mj7MDD/summary/lineups/?mid=2a3iv2kj","match_id":"2a3iv2kj","collected_at_utc":"2026-08-16T06:05:35.297Z","page_title":"ALM 1-3 RMA | Almeria v Real Madrid 19/08/2023, Lineups - Flashscore.com | Match","competition":"WORLD CUP","status":"FINISHED","date_time":"19.08.2023 21:30","home_team":"Almeria","away_team":"Real Madrid","score":{"home":"1
[2026-08-16T06:05:35Z] Merged section: lineups
[2026-08-16T06:05:35Z] Spanish LaLiga 2023/2024: Player Stats are unavailable in the source profile.
[2026-08-16T06:05:35Z] Marked all Player Stats categories as not_available; collection continues.
[2026-08-16T06:05:35Z] Opening commentary...
[2026-08-16T06:05:35Z] Navigate: https://www.flashscore.com/match/football/almeria-nF2Vy2D0/real-madrid-W8mj7MDD/summary/live-commentary/?mid=2a3iv2kj
[2026-08-16T06:05:37Z] Page loaded. Waiting for statistics DOM...
[2026-08-16T06:05:38Z] Script [readiness] result prefix: {"body_text_length":12101,"ready":true,"row_count":223,"section":"commentary","title":"ALM 1-3 RMA | Almeria v Real Madrid 19/08/2023 | Football - Flashscore | Match"}
[2026-08-16T06:05:38Z] Reading rendered DOM...
[2026-08-16T06:05:38Z] Executing extraction script for phase 12; length: 11834.
[2026-08-16T06:05:39Z] Script [extract] result prefix: {"schema_version":"1.3","section":"commentary","statistic_period":null,"source_url":"https://www.flashscore.com/match/football/almeria-nF2Vy2D0/real-madrid-W8mj7MDD/summary/live-commentary/all-comments/?mid=2a3iv2kj","match_id":"2a3iv2kj","collected_at_utc":"2026-08-16T06:05:38.989Z","page_title":"ALM 1-3 RMA | Almeria v Real Madrid 19/08/2023 | Football - Flashscore | Match","competition":"WORLD CUP","status":"FINISHED","date_time":"19.08.2023 21:30","home_team":"Almeria","away_team":"Real Madr
[2026-08-16T06:05:39Z] Merged section: commentary
[2026-08-16T06:05:39Z] Saving complete match JSON...
[2026-08-16T06:05:39Z] Player Stats category unavailable; status=not_available: top_stats
[2026-08-16T06:05:39Z] Player Stats category unavailable; status=not_available: shots
[2026-08-16T06:05:39Z] Player Stats category unavailable; status=not_available: attack
[2026-08-16T06:05:39Z] Player Stats category unavailable; status=not_available: passes
[2026-08-16T06:05:39Z] Player Stats category unavailable; status=not_available: defense
[2026-08-16T06:05:39Z] Player Stats category unavailable; status=not_available: goalkeeping
[2026-08-16T06:05:39Z] Player Stats category unavailable; status=not_available: general
[2026-08-16T06:05:39Z] Structured goals, cards and VAR events enriched.
[2026-08-16T06:05:39Z] Saved match JSON with 13 statistics: G:\Mirza\VSCode\FlashscoreFootballCollector_\Data\Matches\LaLiga\2023_2024\2023-08-19_Almeria_vs_Real_Madrid_2a3iv2kj.json
[2026-08-16T06:05:39Z] Finished: 2023-08-19_Almeria_vs_Real_Madrid_2a3iv2kj.json
[2026-08-16T06:05:39Z] Opening overall statistics...
[2026-08-16T06:05:39Z] Navigate: https://www.flashscore.com/match/football/ath-bilbao-IP5zl0cJ/osasuna-ETdxjU8a/summary/stats/overall/?mid=UBrja3RF
[2026-08-16T06:05:41Z] Page loaded. Waiting for statistics DOM...
[2026-08-16T06:05:42Z] Script [readiness] result prefix: {"body_text_length":3232,"ready":true,"row_count":18,"section":"statistics_overall","title":"OSA 0-2 BIL | Osasuna v Athletic Bilbao 19/08/2023, Stats - Flashscore.com | Match"}
[2026-08-16T06:05:42Z] Reading rendered DOM...
[2026-08-16T06:05:43Z] Executing extraction script for phase 0; length: 5174.
[2026-08-16T06:05:43Z] Script [extract] result prefix: {"schema_version":"1.3","section":"statistics_overall","statistic_period":"overall","source_url":"https://www.flashscore.com/match/football/ath-bilbao-IP5zl0cJ/osasuna-ETdxjU8a/summary/stats/overall/?mid=UBrja3RF","match_id":"UBrja3RF","collected_at_utc":"2026-08-16T06:05:43.098Z","page_title":"OSA 0-2 BIL | Osasuna v Athletic Bilbao 19/08/2023, Stats - Flashscore.com | Match","competition":"WORLD CUP","status":"FINISHED","date_time":"19.08.2023 23:30","home_team":"Osasuna","away_team":"Ath Bilb
[2026-08-16T06:05:43Z] Stored overall statistics: 14 rows.
[2026-08-16T06:05:43Z] Merged section: statistics_overall
[2026-08-16T06:05:43Z] Opening 1st half statistics...
[2026-08-16T06:05:43Z] Navigate: https://www.flashscore.com/match/football/ath-bilbao-IP5zl0cJ/osasuna-ETdxjU8a/summary/stats/1st-half/?mid=UBrja3RF
[2026-08-16T06:05:44Z] Page loaded. Waiting for statistics DOM...
[2026-08-16T06:05:46Z] Script [readiness] result prefix: {"body_text_length":3212,"ready":true,"row_count":17,"section":"statistics_first_half","title":"OSA 0-2 BIL | Osasuna v Athletic Bilbao 19/08/2023, Stats - Flashscore.com | Match"}
[2026-08-16T06:05:46Z] Reading rendered DOM...
[2026-08-16T06:05:46Z] Executing extraction script for phase 1; length: 5174.
[2026-08-16T06:05:46Z] Script [extract] result prefix: {"schema_version":"1.3","section":"statistics_first_half","statistic_period":"first_half","source_url":"https://www.flashscore.com/match/football/ath-bilbao-IP5zl0cJ/osasuna-ETdxjU8a/summary/stats/1st-half/?mid=UBrja3RF","match_id":"UBrja3RF","collected_at_utc":"2026-08-16T06:05:46.468Z","page_title":"OSA 0-2 BIL | Osasuna v Athletic Bilbao 19/08/2023, Stats - Flashscore.com | Match","competition":"WORLD CUP","status":"FINISHED","date_time":"19.08.2023 23:30","home_team":"Osasuna","away_team":"A
[2026-08-16T06:05:46Z] Stored first_half statistics: 13 rows.
[2026-08-16T06:05:46Z] Merged section: statistics_first_half
[2026-08-16T06:05:46Z] Opening 2nd half statistics...
[2026-08-16T06:05:46Z] Navigate: https://www.flashscore.com/match/football/ath-bilbao-IP5zl0cJ/osasuna-ETdxjU8a/summary/stats/2nd-half/?mid=UBrja3RF
[2026-08-16T06:05:49Z] Page loaded. Waiting for statistics DOM...
[2026-08-16T06:05:50Z] Script [readiness] result prefix: {"body_text_length":3229,"ready":true,"row_count":18,"section":"statistics_second_half","title":"OSA 0-2 BIL | Osasuna v Athletic Bilbao 19/08/2023, Stats - Flashscore.com | Match"}
[2026-08-16T06:05:50Z] Reading rendered DOM...
[2026-08-16T06:05:50Z] Executing extraction script for phase 2; length: 5174.
[2026-08-16T06:05:50Z] Script [extract] result prefix: {"schema_version":"1.3","section":"statistics_second_half","statistic_period":"second_half","source_url":"https://www.flashscore.com/match/football/ath-bilbao-IP5zl0cJ/osasuna-ETdxjU8a/summary/stats/2nd-half/?mid=UBrja3RF","match_id":"UBrja3RF","collected_at_utc":"2026-08-16T06:05:50.789Z","page_title":"OSA 0-2 BIL | Osasuna v Athletic Bilbao 19/08/2023, Stats - Flashscore.com | Match","competition":"WORLD CUP","status":"FINISHED","date_time":"19.08.2023 23:30","home_team":"Osasuna","away_team":
[2026-08-16T06:05:50Z] Stored second_half statistics: 14 rows.
[2026-08-16T06:05:50Z] Merged section: statistics_second_half
[2026-08-16T06:05:50Z] Opening lineups...
[2026-08-16T06:05:50Z] Navigate: https://www.flashscore.com/match/football/ath-bilbao-IP5zl0cJ/osasuna-ETdxjU8a/summary/lineups/?mid=UBrja3RF
[2026-08-16T06:05:53Z] Page loaded. Waiting for statistics DOM...
[2026-08-16T06:05:55Z] Script [readiness] result prefix: {"body_text_length":4315,"ready":true,"row_count":118,"section":"lineups","title":"OSA 0-2 BIL | Osasuna v Athletic Bilbao 19/08/2023, Lineups - Flashscore.com | Match"}
[2026-08-16T06:05:55Z] Reading rendered DOM...
[2026-08-16T06:05:55Z] Executing extraction script for phase 4; length: 20701.
[2026-08-16T06:05:55Z] Script [extract] result prefix: {"schema_version":"1.3","section":"lineups","statistic_period":null,"source_url":"https://www.flashscore.com/match/football/ath-bilbao-IP5zl0cJ/osasuna-ETdxjU8a/summary/lineups/?mid=UBrja3RF","match_id":"UBrja3RF","collected_at_utc":"2026-08-16T06:05:55.399Z","page_title":"OSA 0-2 BIL | Osasuna v Athletic Bilbao 19/08/2023, Lineups - Flashscore.com | Match","competition":"WORLD CUP","status":"FINISHED","date_time":"19.08.2023 23:30","home_team":"Osasuna","away_team":"Ath Bilbao","score":{"home":
[2026-08-16T06:05:55Z] Merged section: lineups
[2026-08-16T06:05:55Z] Spanish LaLiga 2023/2024: Player Stats are unavailable in the source profile.
[2026-08-16T06:05:55Z] Marked all Player Stats categories as not_available; collection continues.
[2026-08-16T06:05:55Z] Opening commentary...
[2026-08-16T06:05:55Z] Navigate: https://www.flashscore.com/match/football/ath-bilbao-IP5zl0cJ/osasuna-ETdxjU8a/summary/live-commentary/?mid=UBrja3RF
[2026-08-16T06:05:57Z] Page loaded. Waiting for statistics DOM...
[2026-08-16T06:05:59Z] Script [readiness] result prefix: {"body_text_length":10772,"ready":true,"row_count":209,"section":"commentary","title":"OSA 0-2 BIL | Osasuna v Athletic Bilbao 19/08/2023 | Football - Flashscore | Match"}
[2026-08-16T06:05:59Z] Reading rendered DOM...
[2026-08-16T06:05:59Z] Executing extraction script for phase 12; length: 11834.
[2026-08-16T06:05:59Z] Script [extract] result prefix: {"schema_version":"1.3","section":"commentary","statistic_period":null,"source_url":"https://www.flashscore.com/match/football/ath-bilbao-IP5zl0cJ/osasuna-ETdxjU8a/summary/live-commentary/all-comments/?mid=UBrja3RF","match_id":"UBrja3RF","collected_at_utc":"2026-08-16T06:05:59.436Z","page_title":"OSA 0-2 BIL | Osasuna v Athletic Bilbao 19/08/2023 | Football - Flashscore | Match","competition":"WORLD CUP","status":"FINISHED","date_time":"19.08.2023 23:30","home_team":"Osasuna","away_team":"Ath Bi
[2026-08-16T06:05:59Z] Merged section: commentary
[2026-08-16T06:05:59Z] Saving complete match JSON...
[2026-08-16T06:05:59Z] Player Stats category unavailable; status=not_available: top_stats
[2026-08-16T06:05:59Z] Player Stats category unavailable; status=not_available: shots
[2026-08-16T06:05:59Z] Player Stats category unavailable; status=not_available: attack
[2026-08-16T06:05:59Z] Player Stats category unavailable; status=not_available: passes
[2026-08-16T06:05:59Z] Player Stats category unavailable; status=not_available: defense
[2026-08-16T06:05:59Z] Player Stats category unavailable; status=not_available: goalkeeping
[2026-08-16T06:05:59Z] Player Stats category unavailable; status=not_available: general
[2026-08-16T06:05:59Z] Structured goals, cards and VAR events enriched.
[2026-08-16T06:05:59Z] Saved match JSON with 14 statistics: G:\Mirza\VSCode\FlashscoreFootballCollector_\Data\Matches\LaLiga\2023_2024\2023-08-19_Osasuna_vs_Ath_Bilbao_UBrja3RF.json
[2026-08-16T06:05:59Z] Finished: 2023-08-19_Osasuna_vs_Ath_Bilbao_UBrja3RF.json
[2026-08-16T06:05:59Z] Opening overall statistics...
[2026-08-16T06:05:59Z] Navigate: https://www.flashscore.com/match/football/getafe-dboeiWOt/girona-nNNpcUSL/summary/stats/overall/?mid=rJOQh14q
[2026-08-16T06:06:01Z] Page loaded. Waiting for statistics DOM...
[2026-08-16T06:06:03Z] Script [readiness] result prefix: {"body_text_length":3172,"ready":true,"row_count":17,"section":"statistics_overall","title":"GIR 3-0 GET | Girona v Getafe 20/08/2023, Stats - Flashscore.com | Match"}
[2026-08-16T06:06:03Z] Reading rendered DOM...
[2026-08-16T06:06:03Z] Executing extraction script for phase 0; length: 5174.
[2026-08-16T06:06:03Z] Script [extract] result prefix: {"schema_version":"1.3","section":"statistics_overall","statistic_period":"overall","source_url":"https://www.flashscore.com/match/football/getafe-dboeiWOt/girona-nNNpcUSL/summary/stats/overall/?mid=rJOQh14q","match_id":"rJOQh14q","collected_at_utc":"2026-08-16T06:06:03.367Z","page_title":"GIR 3-0 GET | Girona v Getafe 20/08/2023, Stats - Flashscore.com | Match","competition":"WORLD CUP","status":"FINISHED","date_time":"20.08.2023 21:00","home_team":"Girona","away_team":"Getafe","score":{"home":
[2026-08-16T06:06:03Z] Stored overall statistics: 13 rows.
[2026-08-16T06:06:03Z] Merged section: statistics_overall
[2026-08-16T06:06:03Z] Opening 1st half statistics...
[2026-08-16T06:06:03Z] Navigate: https://www.flashscore.com/match/football/getafe-dboeiWOt/girona-nNNpcUSL/summary/stats/1st-half/?mid=rJOQh14q
[2026-08-16T06:06:05Z] Page loaded. Waiting for statistics DOM...
[2026-08-16T06:06:06Z] Script [readiness] result prefix: {"body_text_length":3169,"ready":true,"row_count":17,"section":"statistics_first_half","title":"GIR 3-0 GET | Girona v Getafe 20/08/2023, Stats - Flashscore.com | Match"}
[2026-08-16T06:06:06Z] Reading rendered DOM...
[2026-08-16T06:06:06Z] Executing extraction script for phase 1; length: 5174.
[2026-08-16T06:06:06Z] Script [extract] result prefix: {"schema_version":"1.3","section":"statistics_first_half","statistic_period":"first_half","source_url":"https://www.flashscore.com/match/football/getafe-dboeiWOt/girona-nNNpcUSL/summary/stats/1st-half/?mid=rJOQh14q","match_id":"rJOQh14q","collected_at_utc":"2026-08-16T06:06:06.758Z","page_title":"GIR 3-0 GET | Girona v Getafe 20/08/2023, Stats - Flashscore.com | Match","competition":"WORLD CUP","status":"FINISHED","date_time":"20.08.2023 21:00","home_team":"Girona","away_team":"Getafe","score":{
[2026-08-16T06:06:06Z] Stored first_half statistics: 13 rows.
[2026-08-16T06:06:06Z] Merged section: statistics_first_half
[2026-08-16T06:06:06Z] Opening 2nd half statistics...
[2026-08-16T06:06:06Z] Navigate: https://www.flashscore.com/match/football/getafe-dboeiWOt/girona-nNNpcUSL/summary/stats/2nd-half/?mid=rJOQh14q
[2026-08-16T06:06:08Z] Page loaded. Waiting for statistics DOM...
[2026-08-16T06:06:10Z] Script [readiness] result prefix: {"body_text_length":3170,"ready":true,"row_count":17,"section":"statistics_second_half","title":"GIR 3-0 GET | Girona v Getafe 20/08/2023, Stats - Flashscore.com | Match"}
[2026-08-16T06:06:10Z] Reading rendered DOM...
[2026-08-16T06:06:10Z] Executing extraction script for phase 2; length: 5174.
[2026-08-16T06:06:10Z] Script [extract] result prefix: {"schema_version":"1.3","section":"statistics_second_half","statistic_period":"second_half","source_url":"https://www.flashscore.com/match/football/getafe-dboeiWOt/girona-nNNpcUSL/summary/stats/2nd-half/?mid=rJOQh14q","match_id":"rJOQh14q","collected_at_utc":"2026-08-16T06:06:10.351Z","page_title":"GIR 3-0 GET | Girona v Getafe 20/08/2023, Stats - Flashscore.com | Match","competition":"WORLD CUP","status":"FINISHED","date_time":"20.08.2023 21:00","home_team":"Girona","away_team":"Getafe","score"
[2026-08-16T06:06:10Z] Stored second_half statistics: 13 rows.
[2026-08-16T06:06:10Z] Merged section: statistics_second_half
[2026-08-16T06:06:10Z] Opening lineups...
[2026-08-16T06:06:10Z] Navigate: https://www.flashscore.com/match/football/getafe-dboeiWOt/girona-nNNpcUSL/summary/lineups/?mid=rJOQh14q
[2026-08-16T06:06:12Z] Page loaded. Waiting for statistics DOM...
[2026-08-16T06:06:13Z] Script [readiness] result prefix: {"body_text_length":4263,"ready":true,"row_count":119,"section":"lineups","title":"GIR 3-0 GET | Girona v Getafe 20/08/2023, Lineups - Flashscore.com | Match"}
[2026-08-16T06:06:13Z] Reading rendered DOM...
[2026-08-16T06:06:13Z] Executing extraction script for phase 4; length: 20701.
[2026-08-16T06:06:13Z] Script [extract] result prefix: {"schema_version":"1.3","section":"lineups","statistic_period":null,"source_url":"https://www.flashscore.com/match/football/getafe-dboeiWOt/girona-nNNpcUSL/summary/lineups/?mid=rJOQh14q","match_id":"rJOQh14q","collected_at_utc":"2026-08-16T06:06:13.643Z","page_title":"GIR 3-0 GET | Girona v Getafe 20/08/2023, Lineups - Flashscore.com | Match","competition":"WORLD CUP","status":"FINISHED","date_time":"20.08.2023 21:00","home_team":"Girona","away_team":"Getafe","score":{"home":"3","away":"0","disp
[2026-08-16T06:06:13Z] Merged section: lineups
[2026-08-16T06:06:13Z] Spanish LaLiga 2023/2024: Player Stats are unavailable in the source profile.
[2026-08-16T06:06:13Z] Marked all Player Stats categories as not_available; collection continues.
[2026-08-16T06:06:13Z] Opening commentary...
[2026-08-16T06:06:13Z] Navigate: https://www.flashscore.com/match/football/getafe-dboeiWOt/girona-nNNpcUSL/summary/live-commentary/?mid=rJOQh14q
[2026-08-16T06:06:16Z] Page loaded. Waiting for statistics DOM...
[2026-08-16T06:06:17Z] Script [readiness] result prefix: {"body_text_length":10962,"ready":true,"row_count":217,"section":"commentary","title":"GIR 3-0 GET | Girona v Getafe 20/08/2023 | Football - Flashscore | Match"}
[2026-08-16T06:06:17Z] Reading rendered DOM...
[2026-08-16T06:06:17Z] Executing extraction script for phase 12; length: 11834.
[2026-08-16T06:06:17Z] Script [extract] result prefix: {"schema_version":"1.3","section":"commentary","statistic_period":null,"source_url":"https://www.flashscore.com/match/football/getafe-dboeiWOt/girona-nNNpcUSL/summary/live-commentary/all-comments/?mid=rJOQh14q","match_id":"rJOQh14q","collected_at_utc":"2026-08-16T06:06:17.908Z","page_title":"GIR 3-0 GET | Girona v Getafe 20/08/2023 | Football - Flashscore | Match","competition":"WORLD CUP","status":"FINISHED","date_time":"20.08.2023 21:00","home_team":"Girona","away_team":"Getafe","score":{"home
[2026-08-16T06:06:17Z] Merged section: commentary
[2026-08-16T06:06:17Z] Saving complete match JSON...
[2026-08-16T06:06:18Z] Player Stats category unavailable; status=not_available: top_stats
[2026-08-16T06:06:18Z] Player Stats category unavailable; status=not_available: shots
[2026-08-16T06:06:18Z] Player Stats category unavailable; status=not_available: attack
[2026-08-16T06:06:18Z] Player Stats category unavailable; status=not_available: passes
[2026-08-16T06:06:18Z] Player Stats category unavailable; status=not_available: defense
[2026-08-16T06:06:18Z] Player Stats category unavailable; status=not_available: goalkeeping
[2026-08-16T06:06:18Z] Player Stats category unavailable; status=not_available: general
[2026-08-16T06:06:18Z] Structured goals, cards and VAR events enriched.
[2026-08-16T06:06:18Z] Saved match JSON with 13 statistics: G:\Mirza\VSCode\FlashscoreFootballCollector_\Data\Matches\LaLiga\2023_2024\2023-08-20_Girona_vs_Getafe_rJOQh14q.json
[2026-08-16T06:06:18Z] Finished: 2023-08-20_Girona_vs_Getafe_rJOQh14q.json
[2026-08-16T06:06:18Z] Opening overall statistics...
[2026-08-16T06:06:18Z] Navigate: https://www.flashscore.com/match/football/barcelona-SKbpVP5K/cadiz-hdWjLJUJ/summary/stats/overall/?mid=tj2ewM4d
[2026-08-16T06:06:20Z] Page loaded. Waiting for statistics DOM...
[2026-08-16T06:06:22Z] Script [readiness] result prefix: {"body_text_length":3282,"ready":true,"row_count":17,"section":"statistics_overall","title":"BAR 2-0 CAD | Barcelona v Cadiz CF 20/08/2023, Stats - Flashscore.com | Match"}
[2026-08-16T06:06:22Z] Reading rendered DOM...
[2026-08-16T06:06:22Z] Executing extraction script for phase 0; length: 5174.
[2026-08-16T06:06:22Z] Script [extract] result prefix: {"schema_version":"1.3","section":"statistics_overall","statistic_period":"overall","source_url":"https://www.flashscore.com/match/football/barcelona-SKbpVP5K/cadiz-hdWjLJUJ/summary/stats/overall/?mid=tj2ewM4d","match_id":"tj2ewM4d","collected_at_utc":"2026-08-16T06:06:22.488Z","page_title":"BAR 2-0 CAD | Barcelona v Cadiz CF 20/08/2023, Stats - Flashscore.com | Match","competition":"WORLD CUP","status":"FINISHED","date_time":"20.08.2023 21:30","home_team":"Barcelona","away_team":"Cadiz CF","sco
[2026-08-16T06:06:22Z] Stored overall statistics: 13 rows.
[2026-08-16T06:06:22Z] Merged section: statistics_overall
[2026-08-16T06:06:22Z] Opening 1st half statistics...
[2026-08-16T06:06:22Z] Navigate: https://www.flashscore.com/match/football/barcelona-SKbpVP5K/cadiz-hdWjLJUJ/summary/stats/1st-half/?mid=tj2ewM4d
[2026-08-16T06:06:24Z] Page loaded. Waiting for statistics DOM...
[2026-08-16T06:06:25Z] Script [readiness] result prefix: {"body_text_length":3271,"ready":true,"row_count":17,"section":"statistics_first_half","title":"BAR 2-0 CAD | Barcelona v Cadiz CF 20/08/2023, Stats - Flashscore.com | Match"}
[2026-08-16T06:06:25Z] Reading rendered DOM...
[2026-08-16T06:06:25Z] Executing extraction script for phase 1; length: 5174.
[2026-08-16T06:06:25Z] Script [extract] result prefix: {"schema_version":"1.3","section":"statistics_first_half","statistic_period":"first_half","source_url":"https://www.flashscore.com/match/football/barcelona-SKbpVP5K/cadiz-hdWjLJUJ/summary/stats/1st-half/?mid=tj2ewM4d","match_id":"tj2ewM4d","collected_at_utc":"2026-08-16T06:06:25.904Z","page_title":"BAR 2-0 CAD | Barcelona v Cadiz CF 20/08/2023, Stats - Flashscore.com | Match","competition":"WORLD CUP","status":"FINISHED","date_time":"20.08.2023 21:30","home_team":"Barcelona","away_team":"Cadiz C
[2026-08-16T06:06:26Z] Stored first_half statistics: 13 rows.
[2026-08-16T06:06:26Z] Merged section: statistics_first_half
[2026-08-16T06:06:26Z] Opening 2nd half statistics...
[2026-08-16T06:06:26Z] Navigate: https://www.flashscore.com/match/football/barcelona-SKbpVP5K/cadiz-hdWjLJUJ/summary/stats/2nd-half/?mid=tj2ewM4d
[2026-08-16T06:06:27Z] Page loaded. Waiting for statistics DOM...
[2026-08-16T06:06:29Z] Script [readiness] result prefix: {"body_text_length":3273,"ready":true,"row_count":17,"section":"statistics_second_half","title":"BAR 2-0 CAD | Barcelona v Cadiz CF 20/08/2023, Stats - Flashscore.com | Match"}
[2026-08-16T06:06:29Z] Reading rendered DOM...
[2026-08-16T06:06:29Z] Executing extraction script for phase 2; length: 5174.
[2026-08-16T06:06:29Z] Script [extract] result prefix: {"schema_version":"1.3","section":"statistics_second_half","statistic_period":"second_half","source_url":"https://www.flashscore.com/match/football/barcelona-SKbpVP5K/cadiz-hdWjLJUJ/summary/stats/2nd-half/?mid=tj2ewM4d","match_id":"tj2ewM4d","collected_at_utc":"2026-08-16T06:06:29.453Z","page_title":"BAR 2-0 CAD | Barcelona v Cadiz CF 20/08/2023, Stats - Flashscore.com | Match","competition":"WORLD CUP","status":"FINISHED","date_time":"20.08.2023 21:30","home_team":"Barcelona","away_team":"Cadiz
[2026-08-16T06:06:29Z] Stored second_half statistics: 13 rows.
[2026-08-16T06:06:29Z] Merged section: statistics_second_half
[2026-08-16T06:06:29Z] Opening lineups...
[2026-08-16T06:06:29Z] Navigate: https://www.flashscore.com/match/football/barcelona-SKbpVP5K/cadiz-hdWjLJUJ/summary/lineups/?mid=tj2ewM4d
[2026-08-16T06:06:33Z] Page loaded. Waiting for statistics DOM...
[2026-08-16T06:06:34Z] Script [readiness] result prefix: {"body_text_length":4331,"ready":true,"row_count":116,"section":"lineups","title":"BAR 2-0 CAD | Barcelona v Cadiz CF 20/08/2023, Lineups - Flashscore.com | Match"}
[2026-08-16T06:06:34Z] Reading rendered DOM...
[2026-08-16T06:06:34Z] Executing extraction script for phase 4; length: 20701.
[2026-08-16T06:06:34Z] Script [extract] result prefix: {"schema_version":"1.3","section":"lineups","statistic_period":null,"source_url":"https://www.flashscore.com/match/football/barcelona-SKbpVP5K/cadiz-hdWjLJUJ/summary/lineups/?mid=tj2ewM4d","match_id":"tj2ewM4d","collected_at_utc":"2026-08-16T06:06:34.663Z","page_title":"BAR 2-0 CAD | Barcelona v Cadiz CF 20/08/2023, Lineups - Flashscore.com | Match","competition":"WORLD CUP","status":"FINISHED","date_time":"20.08.2023 21:30","home_team":"Barcelona","away_team":"Cadiz CF","score":{"home":"2","awa
[2026-08-16T06:06:35Z] Merged section: lineups
[2026-08-16T06:06:35Z] Spanish LaLiga 2023/2024: Player Stats are unavailable in the source profile.
[2026-08-16T06:06:35Z] Marked all Player Stats categories as not_available; collection continues.
[2026-08-16T06:06:35Z] Opening commentary...
[2026-08-16T06:06:35Z] Navigate: https://www.flashscore.com/match/football/barcelona-SKbpVP5K/cadiz-hdWjLJUJ/summary/live-commentary/?mid=tj2ewM4d
[2026-08-16T06:06:37Z] Page loaded. Waiting for statistics DOM...
[2026-08-16T06:06:39Z] Script [readiness] result prefix: {"body_text_length":13471,"ready":true,"row_count":247,"section":"commentary","title":"BAR 2-0 CAD | Barcelona v Cadiz CF 20/08/2023 | Football - Flashscore | Match"}
[2026-08-16T06:06:39Z] Reading rendered DOM...
[2026-08-16T06:06:39Z] Executing extraction script for phase 12; length: 11834.
[2026-08-16T06:06:39Z] Script [extract] result prefix: {"schema_version":"1.3","section":"commentary","statistic_period":null,"source_url":"https://www.flashscore.com/match/football/barcelona-SKbpVP5K/cadiz-hdWjLJUJ/summary/live-commentary/all-comments/?mid=tj2ewM4d","match_id":"tj2ewM4d","collected_at_utc":"2026-08-16T06:06:39.652Z","page_title":"BAR 2-0 CAD | Barcelona v Cadiz CF 20/08/2023 | Football - Flashscore | Match","competition":"WORLD CUP","status":"FINISHED","date_time":"20.08.2023 21:30","home_team":"Barcelona","away_team":"Cadiz CF","s
[2026-08-16T06:06:39Z] Merged section: commentary
[2026-08-16T06:06:39Z] Saving complete match JSON...
[2026-08-16T06:06:39Z] Player Stats category unavailable; status=not_available: top_stats
[2026-08-16T06:06:39Z] Player Stats category unavailable; status=not_available: shots
[2026-08-16T06:06:40Z] Player Stats category unavailable; status=not_available: attack
[2026-08-16T06:06:40Z] Player Stats category unavailable; status=not_available: passes
[2026-08-16T06:06:40Z] Player Stats category unavailable; status=not_available: defense
[2026-08-16T06:06:40Z] Player Stats category unavailable; status=not_available: goalkeeping
[2026-08-16T06:06:40Z] Player Stats category unavailable; status=not_available: general
[2026-08-16T06:06:40Z] Structured goals, cards and VAR events enriched.
[2026-08-16T06:06:40Z] Saved match JSON with 13 statistics: G:\Mirza\VSCode\FlashscoreFootballCollector_\Data\Matches\LaLiga\2023_2024\2023-08-20_Barcelona_vs_Cadiz_CF_tj2ewM4d.json
[2026-08-16T06:06:40Z] Finished: 2023-08-20_Barcelona_vs_Cadiz_CF_tj2ewM4d.json
[2026-08-16T06:06:40Z] Opening overall statistics...
[2026-08-16T06:06:40Z] Navigate: https://www.flashscore.com/match/football/atl-madrid-jaarqpLQ/betis-vJbTeCGP/summary/stats/overall/?mid=bomfbNtM
[2026-08-16T06:06:43Z] Page loaded. Waiting for statistics DOM...
[2026-08-16T06:06:44Z] Script [readiness] result prefix: {"body_text_length":3209,"ready":true,"row_count":17,"section":"statistics_overall","title":"BET 0-0 ATM | Betis v Atletico Madrid 20/08/2023, Stats - Flashscore.com | Match"}
[2026-08-16T06:06:44Z] Reading rendered DOM...
[2026-08-16T06:06:44Z] Executing extraction script for phase 0; length: 5174.
[2026-08-16T06:06:45Z] Script [extract] result prefix: {"schema_version":"1.3","section":"statistics_overall","statistic_period":"overall","source_url":"https://www.flashscore.com/match/football/atl-madrid-jaarqpLQ/betis-vJbTeCGP/summary/stats/overall/?mid=bomfbNtM","match_id":"bomfbNtM","collected_at_utc":"2026-08-16T06:06:44.993Z","page_title":"BET 0-0 ATM | Betis v Atletico Madrid 20/08/2023, Stats - Flashscore.com | Match","competition":"WORLD CUP","status":"FINISHED","date_time":"20.08.2023 23:30","home_team":"Betis","away_team":"Atl. Madrid","
[2026-08-16T06:06:45Z] Stored overall statistics: 13 rows.
[2026-08-16T06:06:45Z] Merged section: statistics_overall
[2026-08-16T06:06:45Z] Opening 1st half statistics...
[2026-08-16T06:06:45Z] Navigate: https://www.flashscore.com/match/football/atl-madrid-jaarqpLQ/betis-vJbTeCGP/summary/stats/1st-half/?mid=bomfbNtM
[2026-08-16T06:06:47Z] Page loaded. Waiting for statistics DOM...
[2026-08-16T06:06:49Z] Script [readiness] result prefix: {"body_text_length":3204,"ready":true,"row_count":17,"section":"statistics_first_half","title":"BET 0-0 ATM | Betis v Atletico Madrid 20/08/2023, Stats - Flashscore.com | Match"}
[2026-08-16T06:06:49Z] Reading rendered DOM...
[2026-08-16T06:06:49Z] Executing extraction script for phase 1; length: 5174.
[2026-08-16T06:06:49Z] Script [extract] result prefix: {"schema_version":"1.3","section":"statistics_first_half","statistic_period":"first_half","source_url":"https://www.flashscore.com/match/football/atl-madrid-jaarqpLQ/betis-vJbTeCGP/summary/stats/1st-half/?mid=bomfbNtM","match_id":"bomfbNtM","collected_at_utc":"2026-08-16T06:06:49.261Z","page_title":"BET 0-0 ATM | Betis v Atletico Madrid 20/08/2023, Stats - Flashscore.com | Match","competition":"WORLD CUP","status":"FINISHED","date_time":"20.08.2023 23:30","home_team":"Betis","away_team":"Atl. Ma
[2026-08-16T06:06:49Z] Stored first_half statistics: 13 rows.
[2026-08-16T06:06:49Z] Merged section: statistics_first_half
[2026-08-16T06:06:49Z] Opening 2nd half statistics...
[2026-08-16T06:06:49Z] Navigate: https://www.flashscore.com/match/football/atl-madrid-jaarqpLQ/betis-vJbTeCGP/summary/stats/2nd-half/?mid=bomfbNtM
[2026-08-16T06:06:51Z] Page loaded. Waiting for statistics DOM...
[2026-08-16T06:06:53Z] Script [readiness] result prefix: {"body_text_length":3203,"ready":true,"row_count":17,"section":"statistics_second_half","title":"BET 0-0 ATM | Betis v Atletico Madrid 20/08/2023, Stats - Flashscore.com | Match"}
[2026-08-16T06:06:53Z] Reading rendered DOM...
[2026-08-16T06:06:53Z] Executing extraction script for phase 2; length: 5174.
[2026-08-16T06:06:53Z] Script [extract] result prefix: {"schema_version":"1.3","section":"statistics_second_half","statistic_period":"second_half","source_url":"https://www.flashscore.com/match/football/atl-madrid-jaarqpLQ/betis-vJbTeCGP/summary/stats/2nd-half/?mid=bomfbNtM","match_id":"bomfbNtM","collected_at_utc":"2026-08-16T06:06:53.479Z","page_title":"BET 0-0 ATM | Betis v Atletico Madrid 20/08/2023, Stats - Flashscore.com | Match","competition":"WORLD CUP","status":"FINISHED","date_time":"20.08.2023 23:30","home_team":"Betis","away_team":"Atl. 
[2026-08-16T06:06:53Z] Stored second_half statistics: 13 rows.
[2026-08-16T06:06:53Z] Merged section: statistics_second_half
[2026-08-16T06:06:53Z] Opening lineups...
[2026-08-16T06:06:53Z] Navigate: https://www.flashscore.com/match/football/atl-madrid-jaarqpLQ/betis-vJbTeCGP/summary/lineups/?mid=bomfbNtM
[2026-08-16T06:06:55Z] Page loaded. Waiting for statistics DOM...
[2026-08-16T06:06:57Z] Script [readiness] result prefix: {"body_text_length":4302,"ready":true,"row_count":118,"section":"lineups","title":"BET 0-0 ATM | Betis v Atletico Madrid 20/08/2023, Lineups - Flashscore.com | Match"}
[2026-08-16T06:06:57Z] Reading rendered DOM...
[2026-08-16T06:06:57Z] Executing extraction script for phase 4; length: 20701.
[2026-08-16T06:06:57Z] Script [extract] result prefix: {"schema_version":"1.3","section":"lineups","statistic_period":null,"source_url":"https://www.flashscore.com/match/football/atl-madrid-jaarqpLQ/betis-vJbTeCGP/summary/lineups/?mid=bomfbNtM","match_id":"bomfbNtM","collected_at_utc":"2026-08-16T06:06:57.490Z","page_title":"BET 0-0 ATM | Betis v Atletico Madrid 20/08/2023, Lineups - Flashscore.com | Match","competition":"WORLD CUP","status":"FINISHED","date_time":"20.08.2023 23:30","home_team":"Betis","away_team":"Atl. Madrid","score":{"home":"0","
[2026-08-16T06:06:57Z] Merged section: lineups
[2026-08-16T06:06:57Z] Spanish LaLiga 2023/2024: Player Stats are unavailable in the source profile.
[2026-08-16T06:06:57Z] Marked all Player Stats categories as not_available; collection continues.
[2026-08-16T06:06:57Z] Opening commentary...
[2026-08-16T06:06:57Z] Navigate: https://www.flashscore.com/match/football/atl-madrid-jaarqpLQ/betis-vJbTeCGP/summary/live-commentary/?mid=bomfbNtM
[2026-08-16T06:06:59Z] Page loaded. Waiting for statistics DOM...
[2026-08-16T06:07:01Z] Script [readiness] result prefix: {"body_text_length":12647,"ready":true,"row_count":224,"section":"commentary","title":"BET 0-0 ATM | Betis v Atletico Madrid 20/08/2023 | Football - Flashscore | Match"}
[2026-08-16T06:07:01Z] Reading rendered DOM...
[2026-08-16T06:07:01Z] Executing extraction script for phase 12; length: 11834.
[2026-08-16T06:07:01Z] Script [extract] result prefix: {"schema_version":"1.3","section":"commentary","statistic_period":null,"source_url":"https://www.flashscore.com/match/football/atl-madrid-jaarqpLQ/betis-vJbTeCGP/summary/live-commentary/all-comments/?mid=bomfbNtM","match_id":"bomfbNtM","collected_at_utc":"2026-08-16T06:07:01.143Z","page_title":"BET 0-0 ATM | Betis v Atletico Madrid 20/08/2023 | Football - Flashscore | Match","competition":"WORLD CUP","status":"FINISHED","date_time":"20.08.2023 23:30","home_team":"Betis","away_team":"Atl. Madrid"
[2026-08-16T06:07:01Z] Merged section: commentary
[2026-08-16T06:07:01Z] Saving complete match JSON...
[2026-08-16T06:07:01Z] Player Stats category unavailable; status=not_available: top_stats
[2026-08-16T06:07:01Z] Player Stats category unavailable; status=not_available: shots
[2026-08-16T06:07:01Z] Player Stats category unavailable; status=not_available: attack
[2026-08-16T06:07:01Z] Player Stats category unavailable; status=not_available: passes
[2026-08-16T06:07:01Z] Player Stats category unavailable; status=not_available: defense
[2026-08-16T06:07:01Z] Player Stats category unavailable; status=not_available: goalkeeping
[2026-08-16T06:07:01Z] Player Stats category unavailable; status=not_available: general
[2026-08-16T06:07:01Z] Structured goals, cards and VAR events enriched.
[2026-08-16T06:07:01Z] Saved match JSON with 13 statistics: G:\Mirza\VSCode\FlashscoreFootballCollector_\Data\Matches\LaLiga\2023_2024\2023-08-20_Betis_vs_Atl._Madrid_bomfbNtM.json
[2026-08-16T06:07:01Z] Finished: 2023-08-20_Betis_vs_Atl._Madrid_bomfbNtM.json
[2026-08-16T06:07:01Z] Opening overall statistics...
[2026-08-16T06:07:01Z] Navigate: https://www.flashscore.com/match/football/alaves-hxt57t2q/sevilla-h8oAv4Ts/summary/stats/overall/?mid=jLqn0qC9
[2026-08-16T06:07:03Z] Page loaded. Waiting for statistics DOM...
[2026-08-16T06:07:05Z] Script [readiness] result prefix: {"body_text_length":3181,"ready":true,"row_count":17,"section":"statistics_overall","title":"ALA 4-3 SEV | Alaves v Sevilla 21/08/2023, Stats - Flashscore.com | Match"}
[2026-08-16T06:07:05Z] Reading rendered DOM...
[2026-08-16T06:07:05Z] Executing extraction script for phase 0; length: 5174.
[2026-08-16T06:07:05Z] Script [extract] result prefix: {"schema_version":"1.3","section":"statistics_overall","statistic_period":"overall","source_url":"https://www.flashscore.com/match/football/alaves-hxt57t2q/sevilla-h8oAv4Ts/summary/stats/overall/?mid=jLqn0qC9","match_id":"jLqn0qC9","collected_at_utc":"2026-08-16T06:07:05.330Z","page_title":"ALA 4-3 SEV | Alaves v Sevilla 21/08/2023, Stats - Flashscore.com | Match","competition":"WORLD CUP","status":"FINISHED","date_time":"21.08.2023 21:00","home_team":"Alaves","away_team":"Sevilla","score":{"hom
[2026-08-16T06:07:05Z] Stored overall statistics: 13 rows.
[2026-08-16T06:07:05Z] Merged section: statistics_overall
[2026-08-16T06:07:05Z] Opening 1st half statistics...
[2026-08-16T06:07:05Z] Navigate: https://www.flashscore.com/match/football/alaves-hxt57t2q/sevilla-h8oAv4Ts/summary/stats/1st-half/?mid=jLqn0qC9
[2026-08-16T06:07:07Z] Page loaded. Waiting for statistics DOM...
[2026-08-16T06:07:08Z] Script [readiness] result prefix: {"body_text_length":3156,"ready":true,"row_count":16,"section":"statistics_first_half","title":"ALA 4-3 SEV | Alaves v Sevilla 21/08/2023, Stats - Flashscore.com | Match"}
[2026-08-16T06:07:08Z] Reading rendered DOM...
[2026-08-16T06:07:08Z] Executing extraction script for phase 1; length: 5174.
[2026-08-16T06:07:08Z] Script [extract] result prefix: {"schema_version":"1.3","section":"statistics_first_half","statistic_period":"first_half","source_url":"https://www.flashscore.com/match/football/alaves-hxt57t2q/sevilla-h8oAv4Ts/summary/stats/1st-half/?mid=jLqn0qC9","match_id":"jLqn0qC9","collected_at_utc":"2026-08-16T06:07:08.870Z","page_title":"ALA 4-3 SEV | Alaves v Sevilla 21/08/2023, Stats - Flashscore.com | Match","competition":"WORLD CUP","status":"FINISHED","date_time":"21.08.2023 21:00","home_team":"Alaves","away_team":"Sevilla","score
[2026-08-16T06:07:08Z] Stored first_half statistics: 12 rows.
[2026-08-16T06:07:08Z] Merged section: statistics_first_half
[2026-08-16T06:07:08Z] Opening 2nd half statistics...
[2026-08-16T06:07:08Z] Navigate: https://www.flashscore.com/match/football/alaves-hxt57t2q/sevilla-h8oAv4Ts/summary/stats/2nd-half/?mid=jLqn0qC9
[2026-08-16T06:07:10Z] Page loaded. Waiting for statistics DOM...
[2026-08-16T06:07:12Z] Script [readiness] result prefix: {"body_text_length":3172,"ready":true,"row_count":17,"section":"statistics_second_half","title":"ALA 4-3 SEV | Alaves v Sevilla 21/08/2023, Stats - Flashscore.com | Match"}
[2026-08-16T06:07:12Z] Reading rendered DOM...
[2026-08-16T06:07:12Z] Executing extraction script for phase 2; length: 5174.
[2026-08-16T06:07:12Z] Script [extract] result prefix: {"schema_version":"1.3","section":"statistics_second_half","statistic_period":"second_half","source_url":"https://www.flashscore.com/match/football/alaves-hxt57t2q/sevilla-h8oAv4Ts/summary/stats/2nd-half/?mid=jLqn0qC9","match_id":"jLqn0qC9","collected_at_utc":"2026-08-16T06:07:12.235Z","page_title":"ALA 4-3 SEV | Alaves v Sevilla 21/08/2023, Stats - Flashscore.com | Match","competition":"WORLD CUP","status":"FINISHED","date_time":"21.08.2023 21:00","home_team":"Alaves","away_team":"Sevilla","sco
[2026-08-16T06:07:12Z] Stored second_half statistics: 13 rows.
[2026-08-16T06:07:12Z] Merged section: statistics_second_half
[2026-08-16T06:07:13Z] Opening lineups...
[2026-08-16T06:07:13Z] Navigate: https://www.flashscore.com/match/football/alaves-hxt57t2q/sevilla-h8oAv4Ts/summary/lineups/?mid=jLqn0qC9
[2026-08-16T06:07:16Z] Page loaded. Waiting for statistics DOM...
[2026-08-16T06:07:17Z] Script [readiness] result prefix: {"body_text_length":4196,"ready":true,"row_count":118,"section":"lineups","title":"ALA 4-3 SEV | Alaves v Sevilla 21/08/2023, Lineups - Flashscore.com | Match"}
[2026-08-16T06:07:17Z] Reading rendered DOM...
[2026-08-16T06:07:17Z] Executing extraction script for phase 4; length: 20701.
[2026-08-16T06:07:17Z] Script [extract] result prefix: {"schema_version":"1.3","section":"lineups","statistic_period":null,"source_url":"https://www.flashscore.com/match/football/alaves-hxt57t2q/sevilla-h8oAv4Ts/summary/lineups/?mid=jLqn0qC9","match_id":"jLqn0qC9","collected_at_utc":"2026-08-16T06:07:17.818Z","page_title":"ALA 4-3 SEV | Alaves v Sevilla 21/08/2023, Lineups - Flashscore.com | Match","competition":"WORLD CUP","status":"FINISHED","date_time":"21.08.2023 21:00","home_team":"Alaves","away_team":"Sevilla","score":{"home":"4","away":"3","d
[2026-08-16T06:07:17Z] Merged section: lineups
[2026-08-16T06:07:17Z] Spanish LaLiga 2023/2024: Player Stats are unavailable in the source profile.
[2026-08-16T06:07:17Z] Marked all Player Stats categories as not_available; collection continues.
[2026-08-16T06:07:17Z] Opening commentary...
[2026-08-16T06:07:17Z] Navigate: https://www.flashscore.com/match/football/alaves-hxt57t2q/sevilla-h8oAv4Ts/summary/live-commentary/?mid=jLqn0qC9
[2026-08-16T06:07:20Z] Page loaded. Waiting for statistics DOM...
[2026-08-16T06:07:22Z] Script [readiness] result prefix: {"body_text_length":12238,"ready":true,"row_count":220,"section":"commentary","title":"ALA 4-3 SEV | Alaves v Sevilla 21/08/2023 | Football - Flashscore | Match"}
[2026-08-16T06:07:22Z] Reading rendered DOM...
[2026-08-16T06:07:22Z] Executing extraction script for phase 12; length: 11834.
[2026-08-16T06:07:22Z] Script [extract] result prefix: {"schema_version":"1.3","section":"commentary","statistic_period":null,"source_url":"https://www.flashscore.com/match/football/alaves-hxt57t2q/sevilla-h8oAv4Ts/summary/live-commentary/all-comments/?mid=jLqn0qC9","match_id":"jLqn0qC9","collected_at_utc":"2026-08-16T06:07:22.065Z","page_title":"ALA 4-3 SEV | Alaves v Sevilla 21/08/2023 | Football - Flashscore | Match","competition":"WORLD CUP","status":"FINISHED","date_time":"21.08.2023 21:00","home_team":"Alaves","away_team":"Sevilla","score":{"h
[2026-08-16T06:07:22Z] Merged section: commentary
[2026-08-16T06:07:22Z] Saving complete match JSON...
[2026-08-16T06:07:22Z] Player Stats category unavailable; status=not_available: top_stats
[2026-08-16T06:07:22Z] Player Stats category unavailable; status=not_available: shots
[2026-08-16T06:07:22Z] Player Stats category unavailable; status=not_available: attack
[2026-08-16T06:07:22Z] Player Stats category unavailable; status=not_available: passes
[2026-08-16T06:07:22Z] Player Stats category unavailable; status=not_available: defense
[2026-08-16T06:07:22Z] Player Stats category unavailable; status=not_available: goalkeeping
[2026-08-16T06:07:22Z] Player Stats category unavailable; status=not_available: general
[2026-08-16T06:07:22Z] Structured goals, cards and VAR events enriched.
[2026-08-16T06:07:22Z] Saved match JSON with 13 statistics: G:\Mirza\VSCode\FlashscoreFootballCollector_\Data\Matches\LaLiga\2023_2024\2023-08-21_Alaves_vs_Sevilla_jLqn0qC9.json
[2026-08-16T06:07:22Z] Finished: 2023-08-21_Alaves_vs_Sevilla_jLqn0qC9.json
[2026-08-16T06:07:22Z] Opening overall statistics...
[2026-08-16T06:07:22Z] Navigate: https://www.flashscore.com/match/football/granada-cf-EXuxl1xP/rayo-vallecano-8bcjFy6O/summary/stats/overall/?mid=8dfs1Pd3
[2026-08-16T06:07:24Z] Page loaded. Waiting for statistics DOM...
[2026-08-16T06:07:26Z] Script [readiness] result prefix: {"body_text_length":3250,"ready":true,"row_count":18,"section":"statistics_overall","title":"GRA 0-2 RAY | Granada CF v Rayo Vallecano 21/08/2023, Stats - Flashscore.com | Match"}
[2026-08-16T06:07:26Z] Reading rendered DOM...
[2026-08-16T06:07:26Z] Executing extraction script for phase 0; length: 5174.
[2026-08-16T06:07:26Z] Script [extract] result prefix: {"schema_version":"1.3","section":"statistics_overall","statistic_period":"overall","source_url":"https://www.flashscore.com/match/football/granada-cf-EXuxl1xP/rayo-vallecano-8bcjFy6O/summary/stats/overall/?mid=8dfs1Pd3","match_id":"8dfs1Pd3","collected_at_utc":"2026-08-16T06:07:26.425Z","page_title":"GRA 0-2 RAY | Granada CF v Rayo Vallecano 21/08/2023, Stats - Flashscore.com | Match","competition":"WORLD CUP","status":"FINISHED","date_time":"21.08.2023 23:30","home_team":"Granada CF","away_tea
[2026-08-16T06:07:26Z] Stored overall statistics: 14 rows.
[2026-08-16T06:07:26Z] Merged section: statistics_overall
[2026-08-16T06:07:26Z] Opening 1st half statistics...
[2026-08-16T06:07:26Z] Navigate: https://www.flashscore.com/match/football/granada-cf-EXuxl1xP/rayo-vallecano-8bcjFy6O/summary/stats/1st-half/?mid=8dfs1Pd3
[2026-08-16T06:07:28Z] Page loaded. Waiting for statistics DOM...
[2026-08-16T06:07:30Z] Script [readiness] result prefix: {"body_text_length":3229,"ready":true,"row_count":17,"section":"statistics_first_half","title":"GRA 0-2 RAY | Granada CF v Rayo Vallecano 21/08/2023, Stats - Flashscore.com | Match"}
[2026-08-16T06:07:30Z] Reading rendered DOM...
[2026-08-16T06:07:30Z] Executing extraction script for phase 1; length: 5174.
[2026-08-16T06:07:30Z] Script [extract] result prefix: {"schema_version":"1.3","section":"statistics_first_half","statistic_period":"first_half","source_url":"https://www.flashscore.com/match/football/granada-cf-EXuxl1xP/rayo-vallecano-8bcjFy6O/summary/stats/1st-half/?mid=8dfs1Pd3","match_id":"8dfs1Pd3","collected_at_utc":"2026-08-16T06:07:30.298Z","page_title":"GRA 0-2 RAY | Granada CF v Rayo Vallecano 21/08/2023, Stats - Flashscore.com | Match","competition":"WORLD CUP","status":"FINISHED","date_time":"21.08.2023 23:30","home_team":"Granada CF","a
[2026-08-16T06:07:30Z] Stored first_half statistics: 13 rows.
[2026-08-16T06:07:30Z] Merged section: statistics_first_half
[2026-08-16T06:07:30Z] Opening 2nd half statistics...
[2026-08-16T06:07:30Z] Navigate: https://www.flashscore.com/match/football/granada-cf-EXuxl1xP/rayo-vallecano-8bcjFy6O/summary/stats/2nd-half/?mid=8dfs1Pd3
[2026-08-16T06:07:33Z] Page loaded. Waiting for statistics DOM...
[2026-08-16T06:07:34Z] Script [readiness] result prefix: {"body_text_length":3246,"ready":true,"row_count":18,"section":"statistics_second_half","title":"GRA 0-2 RAY | Granada CF v Rayo Vallecano 21/08/2023, Stats - Flashscore.com | Match"}
[2026-08-16T06:07:34Z] Reading rendered DOM...
[2026-08-16T06:07:34Z] Executing extraction script for phase 2; length: 5174.
[2026-08-16T06:07:34Z] Script [extract] result prefix: {"schema_version":"1.3","section":"statistics_second_half","statistic_period":"second_half","source_url":"https://www.flashscore.com/match/football/granada-cf-EXuxl1xP/rayo-vallecano-8bcjFy6O/summary/stats/2nd-half/?mid=8dfs1Pd3","match_id":"8dfs1Pd3","collected_at_utc":"2026-08-16T06:07:34.918Z","page_title":"GRA 0-2 RAY | Granada CF v Rayo Vallecano 21/08/2023, Stats - Flashscore.com | Match","competition":"WORLD CUP","status":"FINISHED","date_time":"21.08.2023 23:30","home_team":"Granada CF",
[2026-08-16T06:07:34Z] Stored second_half statistics: 14 rows.
[2026-08-16T06:07:34Z] Merged section: statistics_second_half
[2026-08-16T06:07:34Z] Opening lineups...
[2026-08-16T06:07:35Z] Navigate: https://www.flashscore.com/match/football/granada-cf-EXuxl1xP/rayo-vallecano-8bcjFy6O/summary/lineups/?mid=8dfs1Pd3
[2026-08-16T06:07:36Z] Page loaded. Waiting for statistics DOM...
[2026-08-16T06:07:38Z] Script [readiness] result prefix: {"body_text_length":4208,"ready":true,"row_count":116,"section":"lineups","title":"GRA 0-2 RAY | Granada CF v Rayo Vallecano 21/08/2023, Lineups - Flashscore.com | Match"}
[2026-08-16T06:07:38Z] Reading rendered DOM...
[2026-08-16T06:07:38Z] Executing extraction script for phase 4; length: 20701.
[2026-08-16T06:07:38Z] Script [extract] result prefix: {"schema_version":"1.3","section":"lineups","statistic_period":null,"source_url":"https://www.flashscore.com/match/football/granada-cf-EXuxl1xP/rayo-vallecano-8bcjFy6O/summary/lineups/?mid=8dfs1Pd3","match_id":"8dfs1Pd3","collected_at_utc":"2026-08-16T06:07:38.169Z","page_title":"GRA 0-2 RAY | Granada CF v Rayo Vallecano 21/08/2023, Lineups - Flashscore.com | Match","competition":"WORLD CUP","status":"FINISHED","date_time":"21.08.2023 23:30","home_team":"Granada CF","away_team":"Rayo Vallecano",
[2026-08-16T06:07:38Z] Merged section: lineups
[2026-08-16T06:07:38Z] Spanish LaLiga 2023/2024: Player Stats are unavailable in the source profile.
[2026-08-16T06:07:38Z] Marked all Player Stats categories as not_available; collection continues.
[2026-08-16T06:07:38Z] Opening commentary...
[2026-08-16T06:07:38Z] Navigate: https://www.flashscore.com/match/football/granada-cf-EXuxl1xP/rayo-vallecano-8bcjFy6O/summary/live-commentary/?mid=8dfs1Pd3
[2026-08-16T06:07:40Z] Page loaded. Waiting for statistics DOM...
[2026-08-16T06:07:41Z] Script [readiness] result prefix: {"body_text_length":13606,"ready":true,"row_count":230,"section":"commentary","title":"GRA 0-2 RAY | Granada CF v Rayo Vallecano 21/08/2023 | Football - Flashscore | Match"}
[2026-08-16T06:07:41Z] Reading rendered DOM...
[2026-08-16T06:07:41Z] Executing extraction script for phase 12; length: 11834.
[2026-08-16T06:07:41Z] Script [extract] result prefix: {"schema_version":"1.3","section":"commentary","statistic_period":null,"source_url":"https://www.flashscore.com/match/football/granada-cf-EXuxl1xP/rayo-vallecano-8bcjFy6O/summary/live-commentary/all-comments/?mid=8dfs1Pd3","match_id":"8dfs1Pd3","collected_at_utc":"2026-08-16T06:07:41.772Z","page_title":"GRA 0-2 RAY | Granada CF v Rayo Vallecano 21/08/2023 | Football - Flashscore | Match","competition":"WORLD CUP","status":"FINISHED","date_time":"21.08.2023 23:30","home_team":"Granada CF","away_t
[2026-08-16T06:07:41Z] Merged section: commentary
[2026-08-16T06:07:41Z] Saving complete match JSON...
[2026-08-16T06:07:41Z] Player Stats category unavailable; status=not_available: top_stats
[2026-08-16T06:07:41Z] Player Stats category unavailable; status=not_available: shots
[2026-08-16T06:07:41Z] Player Stats category unavailable; status=not_available: attack
[2026-08-16T06:07:41Z] Player Stats category unavailable; status=not_available: passes
[2026-08-16T06:07:41Z] Player Stats category unavailable; status=not_available: defense
[2026-08-16T06:07:42Z] Player Stats category unavailable; status=not_available: goalkeeping
[2026-08-16T06:07:42Z] Player Stats category unavailable; status=not_available: general
[2026-08-16T06:07:42Z] Structured goals, cards and VAR events enriched.
[2026-08-16T06:07:42Z] Saved match JSON with 14 statistics: G:\Mirza\VSCode\FlashscoreFootballCollector_\Data\Matches\LaLiga\2023_2024\2023-08-21_Granada_CF_vs_Rayo_Vallecano_8dfs1Pd3.json
[2026-08-16T06:07:42Z] Finished: 2023-08-21_Granada_CF_vs_Rayo_Vallecano_8dfs1Pd3.json
[2026-08-16T06:07:42Z] Opening overall statistics...
[2026-08-16T06:07:42Z] Navigate: https://www.flashscore.com/match/football/las-palmas-IyRQC2vM/real-sociedad-jNvak2f3/summary/stats/overall/?mid=rF8PD2t9
[2026-08-16T06:07:44Z] Page loaded. Waiting for statistics DOM...
[2026-08-16T06:07:46Z] Script [readiness] result prefix: {"body_text_length":3228,"ready":true,"row_count":17,"section":"statistics_overall","title":"PAL 0-0 RSO | Las Palmas v Real Sociedad 25/08/2023, Stats - Flashscore.com | Match"}
[2026-08-16T06:07:46Z] Reading rendered DOM...
[2026-08-16T06:07:46Z] Executing extraction script for phase 0; length: 5174.
[2026-08-16T06:07:46Z] Script [extract] result prefix: {"schema_version":"1.3","section":"statistics_overall","statistic_period":"overall","source_url":"https://www.flashscore.com/match/football/las-palmas-IyRQC2vM/real-sociedad-jNvak2f3/summary/stats/overall/?mid=rF8PD2t9","match_id":"rF8PD2t9","collected_at_utc":"2026-08-16T06:07:46.193Z","page_title":"PAL 0-0 RSO | Las Palmas v Real Sociedad 25/08/2023, Stats - Flashscore.com | Match","competition":"WORLD CUP","status":"FINISHED","date_time":"25.08.2023 21:30","home_team":"Las Palmas","away_team"
[2026-08-16T06:07:46Z] Stored overall statistics: 13 rows.
[2026-08-16T06:07:46Z] Merged section: statistics_overall
[2026-08-16T06:07:46Z] Opening 1st half statistics...
[2026-08-16T06:07:46Z] Navigate: https://www.flashscore.com/match/football/las-palmas-IyRQC2vM/real-sociedad-jNvak2f3/summary/stats/1st-half/?mid=rF8PD2t9
[2026-08-16T06:07:48Z] Page loaded. Waiting for statistics DOM...
[2026-08-16T06:07:49Z] Script [readiness] result prefix: {"body_text_length":3223,"ready":true,"row_count":17,"section":"statistics_first_half","title":"PAL 0-0 RSO | Las Palmas v Real Sociedad 25/08/2023, Stats - Flashscore.com | Match"}
[2026-08-16T06:07:49Z] Reading rendered DOM...
[2026-08-16T06:07:49Z] Executing extraction script for phase 1; length: 5174.
[2026-08-16T06:07:49Z] Script [extract] result prefix: {"schema_version":"1.3","section":"statistics_first_half","statistic_period":"first_half","source_url":"https://www.flashscore.com/match/football/las-palmas-IyRQC2vM/real-sociedad-jNvak2f3/summary/stats/1st-half/?mid=rF8PD2t9","match_id":"rF8PD2t9","collected_at_utc":"2026-08-16T06:07:49.965Z","page_title":"PAL 0-0 RSO | Las Palmas v Real Sociedad 25/08/2023, Stats - Flashscore.com | Match","competition":"WORLD CUP","status":"FINISHED","date_time":"25.08.2023 21:30","home_team":"Las Palmas","awa
[2026-08-16T06:07:50Z] Stored first_half statistics: 13 rows.
[2026-08-16T06:07:50Z] Merged section: statistics_first_half
[2026-08-16T06:07:50Z] Opening 2nd half statistics...
[2026-08-16T06:07:50Z] Navigate: https://www.flashscore.com/match/football/las-palmas-IyRQC2vM/real-sociedad-jNvak2f3/summary/stats/2nd-half/?mid=rF8PD2t9
[2026-08-16T06:07:52Z] Page loaded. Waiting for statistics DOM...
[2026-08-16T06:07:53Z] Script [readiness] result prefix: {"body_text_length":3224,"ready":true,"row_count":17,"section":"statistics_second_half","title":"PAL 0-0 RSO | Las Palmas v Real Sociedad 25/08/2023, Stats - Flashscore.com | Match"}
[2026-08-16T06:07:53Z] Reading rendered DOM...
[2026-08-16T06:07:53Z] Executing extraction script for phase 2; length: 5174.
[2026-08-16T06:07:53Z] Script [extract] result prefix: {"schema_version":"1.3","section":"statistics_second_half","statistic_period":"second_half","source_url":"https://www.flashscore.com/match/football/las-palmas-IyRQC2vM/real-sociedad-jNvak2f3/summary/stats/2nd-half/?mid=rF8PD2t9","match_id":"rF8PD2t9","collected_at_utc":"2026-08-16T06:07:53.672Z","page_title":"PAL 0-0 RSO | Las Palmas v Real Sociedad 25/08/2023, Stats - Flashscore.com | Match","competition":"WORLD CUP","status":"FINISHED","date_time":"25.08.2023 21:30","home_team":"Las Palmas","a
[2026-08-16T06:07:53Z] Stored second_half statistics: 13 rows.
[2026-08-16T06:07:53Z] Merged section: statistics_second_half
[2026-08-16T06:07:53Z] Opening lineups...
[2026-08-16T06:07:53Z] Navigate: https://www.flashscore.com/match/football/las-palmas-IyRQC2vM/real-sociedad-jNvak2f3/summary/lineups/?mid=rF8PD2t9
[2026-08-16T06:07:55Z] Page loaded. Waiting for statistics DOM...
[2026-08-16T06:07:57Z] Script [readiness] result prefix: {"body_text_length":4389,"ready":true,"row_count":119,"section":"lineups","title":"PAL 0-0 RSO | Las Palmas v Real Sociedad 25/08/2023, Lineups - Flashscore.com | Match"}
[2026-08-16T06:07:57Z] Reading rendered DOM...
[2026-08-16T06:07:57Z] Executing extraction script for phase 4; length: 20701.
[2026-08-16T06:07:57Z] Script [extract] result prefix: {"schema_version":"1.3","section":"lineups","statistic_period":null,"source_url":"https://www.flashscore.com/match/football/las-palmas-IyRQC2vM/real-sociedad-jNvak2f3/summary/lineups/?mid=rF8PD2t9","match_id":"rF8PD2t9","collected_at_utc":"2026-08-16T06:07:57.537Z","page_title":"PAL 0-0 RSO | Las Palmas v Real Sociedad 25/08/2023, Lineups - Flashscore.com | Match","competition":"WORLD CUP","status":"FINISHED","date_time":"25.08.2023 21:30","home_team":"Las Palmas","away_team":"Real Sociedad","sc
[2026-08-16T06:07:57Z] Merged section: lineups
[2026-08-16T06:07:57Z] Spanish LaLiga 2023/2024: Player Stats are unavailable in the source profile.
[2026-08-16T06:07:57Z] Marked all Player Stats categories as not_available; collection continues.
[2026-08-16T06:07:57Z] Opening commentary...
[2026-08-16T06:07:57Z] Navigate: https://www.flashscore.com/match/football/las-palmas-IyRQC2vM/real-sociedad-jNvak2f3/summary/live-commentary/?mid=rF8PD2t9
[2026-08-16T06:07:59Z] Page loaded. Waiting for statistics DOM...
[2026-08-16T06:08:00Z] Script [readiness] result prefix: {"body_text_length":12259,"ready":true,"row_count":212,"section":"commentary","title":"PAL 0-0 RSO | Las Palmas v Real Sociedad 25/08/2023 | Football - Flashscore | Match"}
[2026-08-16T06:08:00Z] Reading rendered DOM...
[2026-08-16T06:08:00Z] Executing extraction script for phase 12; length: 11834.
[2026-08-16T06:08:01Z] Script [extract] result prefix: {"schema_version":"1.3","section":"commentary","statistic_period":null,"source_url":"https://www.flashscore.com/match/football/las-palmas-IyRQC2vM/real-sociedad-jNvak2f3/summary/live-commentary/all-comments/?mid=rF8PD2t9","match_id":"rF8PD2t9","collected_at_utc":"2026-08-16T06:08:00.986Z","page_title":"PAL 0-0 RSO | Las Palmas v Real Sociedad 25/08/2023 | Football - Flashscore | Match","competition":"WORLD CUP","status":"FINISHED","date_time":"25.08.2023 21:30","home_team":"Las Palmas","away_tea
[2026-08-16T06:08:01Z] Merged section: commentary
[2026-08-16T06:08:01Z] Saving complete match JSON...
[2026-08-16T06:08:01Z] Player Stats category unavailable; status=not_available: top_stats
[2026-08-16T06:08:01Z] Player Stats category unavailable; status=not_available: shots
[2026-08-16T06:08:01Z] Player Stats category unavailable; status=not_available: attack
[2026-08-16T06:08:01Z] Player Stats category unavailable; status=not_available: passes
[2026-08-16T06:08:01Z] Player Stats category unavailable; status=not_available: defense
[2026-08-16T06:08:01Z] Player Stats category unavailable; status=not_available: goalkeeping
[2026-08-16T06:08:01Z] Player Stats category unavailable; status=not_available: general
[2026-08-16T06:08:01Z] Structured goals, cards and VAR events enriched.
[2026-08-16T06:08:01Z] Saved match JSON with 13 statistics: G:\Mirza\VSCode\FlashscoreFootballCollector_\Data\Matches\LaLiga\2023_2024\2023-08-25_Las_Palmas_vs_Real_Sociedad_rF8PD2t9.json
[2026-08-16T06:08:01Z] Finished: 2023-08-25_Las_Palmas_vs_Real_Sociedad_rF8PD2t9.json
[2026-08-16T06:08:01Z] Opening overall statistics...
[2026-08-16T06:08:01Z] Navigate: https://www.flashscore.com/match/football/celta-vigo-8pvUZFhf/real-madrid-W8mj7MDD/summary/stats/overall/?mid=S6Qxjal2
[2026-08-16T06:08:04Z] Page loaded. Waiting for statistics DOM...
[2026-08-16T06:08:06Z] Script [readiness] result prefix: {"body_text_length":3221,"ready":true,"row_count":17,"section":"statistics_overall","title":"CEL 0-1 RMA | Celta Vigo v Real Madrid 25/08/2023, Stats - Flashscore.com | Match"}
[2026-08-16T06:08:06Z] Reading rendered DOM...
[2026-08-16T06:08:06Z] Executing extraction script for phase 0; length: 5174.
[2026-08-16T06:08:06Z] Script [extract] result prefix: {"schema_version":"1.3","section":"statistics_overall","statistic_period":"overall","source_url":"https://www.flashscore.com/match/football/celta-vigo-8pvUZFhf/real-madrid-W8mj7MDD/summary/stats/overall/?mid=S6Qxjal2","match_id":"S6Qxjal2","collected_at_utc":"2026-08-16T06:08:06.243Z","page_title":"CEL 0-1 RMA | Celta Vigo v Real Madrid 25/08/2023, Stats - Flashscore.com | Match","competition":"WORLD CUP","status":"FINISHED","date_time":"25.08.2023 23:30","home_team":"Celta Vigo","away_team":"Re
[2026-08-16T06:08:06Z] Stored overall statistics: 13 rows.
[2026-08-16T06:08:06Z] Merged section: statistics_overall
[2026-08-16T06:08:06Z] Opening 1st half statistics...
[2026-08-16T06:08:06Z] Navigate: https://www.flashscore.com/match/football/celta-vigo-8pvUZFhf/real-madrid-W8mj7MDD/summary/stats/1st-half/?mid=S6Qxjal2
[2026-08-16T06:08:07Z] Page loaded. Waiting for statistics DOM...
[2026-08-16T06:08:09Z] Script [readiness] result prefix: {"body_text_length":3175,"ready":true,"row_count":16,"section":"statistics_first_half","title":"CEL 0-1 RMA | Celta Vigo v Real Madrid 25/08/2023, Stats - Flashscore.com | Match"}
[2026-08-16T06:08:09Z] Reading rendered DOM...
[2026-08-16T06:08:09Z] Executing extraction script for phase 1; length: 5174.
[2026-08-16T06:08:09Z] Script [extract] result prefix: {"schema_version":"1.3","section":"statistics_first_half","statistic_period":"first_half","source_url":"https://www.flashscore.com/match/football/celta-vigo-8pvUZFhf/real-madrid-W8mj7MDD/summary/stats/1st-half/?mid=S6Qxjal2","match_id":"S6Qxjal2","collected_at_utc":"2026-08-16T06:08:09.342Z","page_title":"CEL 0-1 RMA | Celta Vigo v Real Madrid 25/08/2023, Stats - Flashscore.com | Match","competition":"WORLD CUP","status":"FINISHED","date_time":"25.08.2023 23:30","home_team":"Celta Vigo","away_te
[2026-08-16T06:08:09Z] Stored first_half statistics: 12 rows.
[2026-08-16T06:08:09Z] Merged section: statistics_first_half
[2026-08-16T06:08:09Z] Opening 2nd half statistics...
[2026-08-16T06:08:09Z] Navigate: https://www.flashscore.com/match/football/celta-vigo-8pvUZFhf/real-madrid-W8mj7MDD/summary/stats/2nd-half/?mid=S6Qxjal2
[2026-08-16T06:08:11Z] Page loaded. Waiting for statistics DOM...
[2026-08-16T06:08:12Z] Script [readiness] result prefix: {"body_text_length":3212,"ready":true,"row_count":17,"section":"statistics_second_half","title":"CEL 0-1 RMA | Celta Vigo v Real Madrid 25/08/2023, Stats - Flashscore.com | Match"}
[2026-08-16T06:08:12Z] Reading rendered DOM...
[2026-08-16T06:08:12Z] Executing extraction script for phase 2; length: 5174.
[2026-08-16T06:08:12Z] Script [extract] result prefix: {"schema_version":"1.3","section":"statistics_second_half","statistic_period":"second_half","source_url":"https://www.flashscore.com/match/football/celta-vigo-8pvUZFhf/real-madrid-W8mj7MDD/summary/stats/2nd-half/?mid=S6Qxjal2","match_id":"S6Qxjal2","collected_at_utc":"2026-08-16T06:08:12.770Z","page_title":"CEL 0-1 RMA | Celta Vigo v Real Madrid 25/08/2023, Stats - Flashscore.com | Match","competition":"WORLD CUP","status":"FINISHED","date_time":"25.08.2023 23:30","home_team":"Celta Vigo","away_
[2026-08-16T06:08:12Z] Stored second_half statistics: 13 rows.
[2026-08-16T06:08:13Z] Merged section: statistics_second_half
[2026-08-16T06:08:13Z] Opening lineups...
[2026-08-16T06:08:13Z] Navigate: https://www.flashscore.com/match/football/celta-vigo-8pvUZFhf/real-madrid-W8mj7MDD/summary/lineups/?mid=S6Qxjal2
[2026-08-16T06:08:16Z] Page loaded. Waiting for statistics DOM...
[2026-08-16T06:08:18Z] Script [readiness] result prefix: {"body_text_length":4263,"ready":true,"row_count":111,"section":"lineups","title":"CEL 0-1 RMA | Celta Vigo v Real Madrid 25/08/2023, Lineups - Flashscore.com | Match"}
[2026-08-16T06:08:18Z] Reading rendered DOM...
[2026-08-16T06:08:18Z] Executing extraction script for phase 4; length: 20701.
[2026-08-16T06:08:18Z] Script [extract] result prefix: {"schema_version":"1.3","section":"lineups","statistic_period":null,"source_url":"https://www.flashscore.com/match/football/celta-vigo-8pvUZFhf/real-madrid-W8mj7MDD/summary/lineups/?mid=S6Qxjal2","match_id":"S6Qxjal2","collected_at_utc":"2026-08-16T06:08:18.233Z","page_title":"CEL 0-1 RMA | Celta Vigo v Real Madrid 25/08/2023, Lineups - Flashscore.com | Match","competition":"WORLD CUP","status":"FINISHED","date_time":"25.08.2023 23:30","home_team":"Celta Vigo","away_team":"Real Madrid","score":{
[2026-08-16T06:08:18Z] Merged section: lineups
[2026-08-16T06:08:18Z] Spanish LaLiga 2023/2024: Player Stats are unavailable in the source profile.
[2026-08-16T06:08:18Z] Marked all Player Stats categories as not_available; collection continues.
[2026-08-16T06:08:18Z] Opening commentary...
[2026-08-16T06:08:18Z] Navigate: https://www.flashscore.com/match/football/celta-vigo-8pvUZFhf/real-madrid-W8mj7MDD/summary/live-commentary/?mid=S6Qxjal2
[2026-08-16T06:08:21Z] Page loaded. Waiting for statistics DOM...
[2026-08-16T06:08:22Z] Script [readiness] result prefix: {"body_text_length":12329,"ready":true,"row_count":226,"section":"commentary","title":"CEL 0-1 RMA | Celta Vigo v Real Madrid 25/08/2023 | Football - Flashscore | Match"}
[2026-08-16T06:08:22Z] Reading rendered DOM...
[2026-08-16T06:08:22Z] Executing extraction script for phase 12; length: 11834.
[2026-08-16T06:08:22Z] Script [extract] result prefix: {"schema_version":"1.3","section":"commentary","statistic_period":null,"source_url":"https://www.flashscore.com/match/football/celta-vigo-8pvUZFhf/real-madrid-W8mj7MDD/summary/live-commentary/all-comments/?mid=S6Qxjal2","match_id":"S6Qxjal2","collected_at_utc":"2026-08-16T06:08:22.972Z","page_title":"CEL 0-1 RMA | Celta Vigo v Real Madrid 25/08/2023 | Football - Flashscore | Match","competition":"WORLD CUP","status":"FINISHED","date_time":"25.08.2023 23:30","home_team":"Celta Vigo","away_team":"
[2026-08-16T06:08:23Z] Merged section: commentary
[2026-08-16T06:08:23Z] Saving complete match JSON...
[2026-08-16T06:08:23Z] Player Stats category unavailable; status=not_available: top_stats
[2026-08-16T06:08:23Z] Player Stats category unavailable; status=not_available: shots
[2026-08-16T06:08:23Z] Player Stats category unavailable; status=not_available: attack
[2026-08-16T06:08:23Z] Player Stats category unavailable; status=not_available: passes
[2026-08-16T06:08:23Z] Player Stats category unavailable; status=not_available: defense
[2026-08-16T06:08:23Z] Player Stats category unavailable; status=not_available: goalkeeping
[2026-08-16T06:08:23Z] Player Stats category unavailable; status=not_available: general
[2026-08-16T06:08:23Z] Structured goals, cards and VAR events enriched.
[2026-08-16T06:08:23Z] Saved match JSON with 13 statistics: G:\Mirza\VSCode\FlashscoreFootballCollector_\Data\Matches\LaLiga\2023_2024\2023-08-25_Celta_Vigo_vs_Real_Madrid_S6Qxjal2.json
[2026-08-16T06:08:23Z] Finished: 2023-08-25_Celta_Vigo_vs_Real_Madrid_S6Qxjal2.json
[2026-08-16T06:08:23Z] Opening overall statistics...
[2026-08-16T06:08:23Z] Navigate: https://www.flashscore.com/match/football/almeria-nF2Vy2D0/cadiz-hdWjLJUJ/summary/stats/overall/?mid=xx8TCMeF
[2026-08-16T06:08:25Z] Page loaded. Waiting for statistics DOM...
[2026-08-16T06:08:27Z] Script [readiness] result prefix: {"body_text_length":3203,"ready":true,"row_count":18,"section":"statistics_overall","title":"CAD 1-1 ALM | Cadiz CF v Almeria 26/08/2023, Stats - Flashscore.com | Match"}
[2026-08-16T06:08:27Z] Reading rendered DOM...
[2026-08-16T06:08:27Z] Executing extraction script for phase 0; length: 5174.
[2026-08-16T06:08:27Z] Script [extract] result prefix: {"schema_version":"1.3","section":"statistics_overall","statistic_period":"overall","source_url":"https://www.flashscore.com/match/football/almeria-nF2Vy2D0/cadiz-hdWjLJUJ/summary/stats/overall/?mid=xx8TCMeF","match_id":"xx8TCMeF","collected_at_utc":"2026-08-16T06:08:27.187Z","page_title":"CAD 1-1 ALM | Cadiz CF v Almeria 26/08/2023, Stats - Flashscore.com | Match","competition":"WORLD CUP","status":"FINISHED","date_time":"26.08.2023 21:00","home_team":"Cadiz CF","away_team":"Almeria","score":{"
[2026-08-16T06:08:27Z] Stored overall statistics: 14 rows.
[2026-08-16T06:08:27Z] Merged section: statistics_overall
[2026-08-16T06:08:27Z] Opening 1st half statistics...
[2026-08-16T06:08:27Z] Navigate: https://www.flashscore.com/match/football/almeria-nF2Vy2D0/cadiz-hdWjLJUJ/summary/stats/1st-half/?mid=xx8TCMeF
[2026-08-16T06:08:29Z] Page loaded. Waiting for statistics DOM...
[2026-08-16T06:08:30Z] Script [readiness] result prefix: {"body_text_length":3184,"ready":true,"row_count":17,"section":"statistics_first_half","title":"CAD 1-1 ALM | Cadiz CF v Almeria 26/08/2023, Stats - Flashscore.com | Match"}
[2026-08-16T06:08:30Z] Reading rendered DOM...
[2026-08-16T06:08:30Z] Executing extraction script for phase 1; length: 5174.
[2026-08-16T06:08:31Z] Script [extract] result prefix: {"schema_version":"1.3","section":"statistics_first_half","statistic_period":"first_half","source_url":"https://www.flashscore.com/match/football/almeria-nF2Vy2D0/cadiz-hdWjLJUJ/summary/stats/1st-half/?mid=xx8TCMeF","match_id":"xx8TCMeF","collected_at_utc":"2026-08-16T06:08:31.007Z","page_title":"CAD 1-1 ALM | Cadiz CF v Almeria 26/08/2023, Stats - Flashscore.com | Match","competition":"WORLD CUP","status":"FINISHED","date_time":"26.08.2023 21:00","home_team":"Cadiz CF","away_team":"Almeria","sc
[2026-08-16T06:08:31Z] Stored first_half statistics: 13 rows.
[2026-08-16T06:08:31Z] Merged section: statistics_first_half
[2026-08-16T06:08:31Z] Opening 2nd half statistics...
[2026-08-16T06:08:31Z] Navigate: https://www.flashscore.com/match/football/almeria-nF2Vy2D0/cadiz-hdWjLJUJ/summary/stats/2nd-half/?mid=xx8TCMeF
[2026-08-16T06:08:32Z] Page loaded. Waiting for statistics DOM...
[2026-08-16T06:08:34Z] Script [readiness] result prefix: {"body_text_length":3200,"ready":true,"row_count":18,"section":"statistics_second_half","title":"CAD 1-1 ALM | Cadiz CF v Almeria 26/08/2023, Stats - Flashscore.com | Match"}
[2026-08-16T06:08:34Z] Reading rendered DOM...
[2026-08-16T06:08:34Z] Executing extraction script for phase 2; length: 5174.
[2026-08-16T06:08:34Z] Script [extract] result prefix: {"schema_version":"1.3","section":"statistics_second_half","statistic_period":"second_half","source_url":"https://www.flashscore.com/match/football/almeria-nF2Vy2D0/cadiz-hdWjLJUJ/summary/stats/2nd-half/?mid=xx8TCMeF","match_id":"xx8TCMeF","collected_at_utc":"2026-08-16T06:08:34.401Z","page_title":"CAD 1-1 ALM | Cadiz CF v Almeria 26/08/2023, Stats - Flashscore.com | Match","competition":"WORLD CUP","status":"FINISHED","date_time":"26.08.2023 21:00","home_team":"Cadiz CF","away_team":"Almeria","
[2026-08-16T06:08:34Z] Stored second_half statistics: 14 rows.
[2026-08-16T06:08:34Z] Merged section: statistics_second_half
[2026-08-16T06:08:34Z] Opening lineups...
[2026-08-16T06:08:34Z] Navigate: https://www.flashscore.com/match/football/almeria-nF2Vy2D0/cadiz-hdWjLJUJ/summary/lineups/?mid=xx8TCMeF
[2026-08-16T06:08:36Z] Page loaded. Waiting for statistics DOM...
[2026-08-16T06:08:38Z] Script [readiness] result prefix: {"body_text_length":4231,"ready":true,"row_count":119,"section":"lineups","title":"CAD 1-1 ALM | Cadiz CF v Almeria 26/08/2023, Lineups - Flashscore.com | Match"}
[2026-08-16T06:08:38Z] Reading rendered DOM...
[2026-08-16T06:08:38Z] Executing extraction script for phase 4; length: 20701.
[2026-08-16T06:08:38Z] Script [extract] result prefix: {"schema_version":"1.3","section":"lineups","statistic_period":null,"source_url":"https://www.flashscore.com/match/football/almeria-nF2Vy2D0/cadiz-hdWjLJUJ/summary/lineups/?mid=xx8TCMeF","match_id":"xx8TCMeF","collected_at_utc":"2026-08-16T06:08:38.143Z","page_title":"CAD 1-1 ALM | Cadiz CF v Almeria 26/08/2023, Lineups - Flashscore.com | Match","competition":"WORLD CUP","status":"FINISHED","date_time":"26.08.2023 21:00","home_team":"Cadiz CF","away_team":"Almeria","score":{"home":"1","away":"1"
[2026-08-16T06:08:38Z] Merged section: lineups
[2026-08-16T06:08:38Z] Spanish LaLiga 2023/2024: Player Stats are unavailable in the source profile.
[2026-08-16T06:08:38Z] Marked all Player Stats categories as not_available; collection continues.
[2026-08-16T06:08:38Z] Opening commentary...
[2026-08-16T06:08:38Z] Navigate: https://www.flashscore.com/match/football/almeria-nF2Vy2D0/cadiz-hdWjLJUJ/summary/live-commentary/?mid=xx8TCMeF
[2026-08-16T06:08:41Z] Page loaded. Waiting for statistics DOM...
[2026-08-16T06:08:42Z] Script [readiness] result prefix: {"body_text_length":11094,"ready":true,"row_count":221,"section":"commentary","title":"CAD 1-1 ALM | Cadiz CF v Almeria 26/08/2023 | Football - Flashscore | Match"}
[2026-08-16T06:08:42Z] Reading rendered DOM...
[2026-08-16T06:08:42Z] Executing extraction script for phase 12; length: 11834.
[2026-08-16T06:08:42Z] Script [extract] result prefix: {"schema_version":"1.3","section":"commentary","statistic_period":null,"source_url":"https://www.flashscore.com/match/football/almeria-nF2Vy2D0/cadiz-hdWjLJUJ/summary/live-commentary/all-comments/?mid=xx8TCMeF","match_id":"xx8TCMeF","collected_at_utc":"2026-08-16T06:08:42.880Z","page_title":"CAD 1-1 ALM | Cadiz CF v Almeria 26/08/2023 | Football - Flashscore | Match","competition":"WORLD CUP","status":"FINISHED","date_time":"26.08.2023 21:00","home_team":"Cadiz CF","away_team":"Almeria","score":
[2026-08-16T06:08:42Z] Merged section: commentary
[2026-08-16T06:08:42Z] Saving complete match JSON...
[2026-08-16T06:08:42Z] Player Stats category unavailable; status=not_available: top_stats
[2026-08-16T06:08:43Z] Player Stats category unavailable; status=not_available: shots
[2026-08-16T06:08:43Z] Player Stats category unavailable; status=not_available: attack
[2026-08-16T06:08:43Z] Player Stats category unavailable; status=not_available: passes
[2026-08-16T06:08:43Z] Player Stats category unavailable; status=not_available: defense
[2026-08-16T06:08:43Z] Player Stats category unavailable; status=not_available: goalkeeping
[2026-08-16T06:08:43Z] Player Stats category unavailable; status=not_available: general
[2026-08-16T06:08:43Z] Structured goals, cards and VAR events enriched.
[2026-08-16T06:08:43Z] Saved match JSON with 14 statistics: G:\Mirza\VSCode\FlashscoreFootballCollector_\Data\Matches\LaLiga\2023_2024\2023-08-26_Cadiz_CF_vs_Almeria_xx8TCMeF.json
[2026-08-16T06:08:43Z] Finished: 2023-08-26_Cadiz_CF_vs_Almeria_xx8TCMeF.json
[2026-08-16T06:08:43Z] Opening overall statistics...
[2026-08-16T06:08:43Z] Navigate: https://www.flashscore.com/match/football/granada-cf-EXuxl1xP/mallorca-4jDQxrbf/summary/stats/overall/?mid=4O9LErR2
[2026-08-16T06:08:45Z] Page loaded. Waiting for statistics DOM...
[2026-08-16T06:08:46Z] Script [readiness] result prefix: {"body_text_length":3201,"ready":true,"row_count":17,"section":"statistics_overall","title":"GRA 3-2 MAL | Granada CF v Mallorca 26/08/2023, Stats - Flashscore.com | Match"}
[2026-08-16T06:08:46Z] Reading rendered DOM...
[2026-08-16T06:08:46Z] Executing extraction script for phase 0; length: 5174.
[2026-08-16T06:08:46Z] Script [extract] result prefix: {"schema_version":"1.3","section":"statistics_overall","statistic_period":"overall","source_url":"https://www.flashscore.com/match/football/granada-cf-EXuxl1xP/mallorca-4jDQxrbf/summary/stats/overall/?mid=4O9LErR2","match_id":"4O9LErR2","collected_at_utc":"2026-08-16T06:08:46.891Z","page_title":"GRA 3-2 MAL | Granada CF v Mallorca 26/08/2023, Stats - Flashscore.com | Match","competition":"WORLD CUP","status":"FINISHED","date_time":"26.08.2023 21:30","home_team":"Granada CF","away_team":"Mallorca
[2026-08-16T06:08:46Z] Stored overall statistics: 13 rows.
[2026-08-16T06:08:47Z] Merged section: statistics_overall
[2026-08-16T06:08:47Z] Opening 1st half statistics...
[2026-08-16T06:08:47Z] Navigate: https://www.flashscore.com/match/football/granada-cf-EXuxl1xP/mallorca-4jDQxrbf/summary/stats/1st-half/?mid=4O9LErR2
[2026-08-16T06:08:49Z] Page loaded. Waiting for statistics DOM...
[2026-08-16T06:08:51Z] Script [readiness] result prefix: {"body_text_length":3194,"ready":true,"row_count":17,"section":"statistics_first_half","title":"GRA 3-2 MAL | Granada CF v Mallorca 26/08/2023, Stats - Flashscore.com | Match"}
[2026-08-16T06:08:51Z] Reading rendered DOM...
[2026-08-16T06:08:51Z] Executing extraction script for phase 1; length: 5174.
[2026-08-16T06:08:51Z] Script [extract] result prefix: {"schema_version":"1.3","section":"statistics_first_half","statistic_period":"first_half","source_url":"https://www.flashscore.com/match/football/granada-cf-EXuxl1xP/mallorca-4jDQxrbf/summary/stats/1st-half/?mid=4O9LErR2","match_id":"4O9LErR2","collected_at_utc":"2026-08-16T06:08:51.434Z","page_title":"GRA 3-2 MAL | Granada CF v Mallorca 26/08/2023, Stats - Flashscore.com | Match","competition":"WORLD CUP","status":"FINISHED","date_time":"26.08.2023 21:30","home_team":"Granada CF","away_team":"M
[2026-08-16T06:08:51Z] Stored first_half statistics: 13 rows.
[2026-08-16T06:08:51Z] Merged section: statistics_first_half
[2026-08-16T06:08:51Z] Opening 2nd half statistics...
[2026-08-16T06:08:52Z] Navigate: https://www.flashscore.com/match/football/granada-cf-EXuxl1xP/mallorca-4jDQxrbf/summary/stats/2nd-half/?mid=4O9LErR2
[2026-08-16T06:08:54Z] Page loaded. Waiting for statistics DOM...
[2026-08-16T06:08:56Z] Script [readiness] result prefix: {"body_text_length":3195,"ready":true,"row_count":17,"section":"statistics_second_half","title":"GRA 3-2 MAL | Granada CF v Mallorca 26/08/2023, Stats - Flashscore.com | Match"}
[2026-08-16T06:08:56Z] Reading rendered DOM...
[2026-08-16T06:08:56Z] Executing extraction script for phase 2; length: 5174.
[2026-08-16T06:08:56Z] Script [extract] result prefix: {"schema_version":"1.3","section":"statistics_second_half","statistic_period":"second_half","source_url":"https://www.flashscore.com/match/football/granada-cf-EXuxl1xP/mallorca-4jDQxrbf/summary/stats/2nd-half/?mid=4O9LErR2","match_id":"4O9LErR2","collected_at_utc":"2026-08-16T06:08:56.531Z","page_title":"GRA 3-2 MAL | Granada CF v Mallorca 26/08/2023, Stats - Flashscore.com | Match","competition":"WORLD CUP","status":"FINISHED","date_time":"26.08.2023 21:30","home_team":"Granada CF","away_team":
[2026-08-16T06:08:56Z] Stored second_half statistics: 13 rows.
[2026-08-16T06:08:56Z] Merged section: statistics_second_half
[2026-08-16T06:08:56Z] Opening lineups...
[2026-08-16T06:08:56Z] Navigate: https://www.flashscore.com/match/football/granada-cf-EXuxl1xP/mallorca-4jDQxrbf/summary/lineups/?mid=4O9LErR2
[2026-08-16T06:08:59Z] Page loaded. Waiting for statistics DOM...
[2026-08-16T06:09:00Z] Script [readiness] result prefix: {"body_text_length":4210,"ready":true,"row_count":116,"section":"lineups","title":"GRA 3-2 MAL | Granada CF v Mallorca 26/08/2023, Lineups - Flashscore.com | Match"}
[2026-08-16T06:09:00Z] Reading rendered DOM...
[2026-08-16T06:09:00Z] Executing extraction script for phase 4; length: 20701.
[2026-08-16T06:09:00Z] Script [extract] result prefix: {"schema_version":"1.3","section":"lineups","statistic_period":null,"source_url":"https://www.flashscore.com/match/football/granada-cf-EXuxl1xP/mallorca-4jDQxrbf/summary/lineups/?mid=4O9LErR2","match_id":"4O9LErR2","collected_at_utc":"2026-08-16T06:09:00.814Z","page_title":"GRA 3-2 MAL | Granada CF v Mallorca 26/08/2023, Lineups - Flashscore.com | Match","competition":"WORLD CUP","status":"FINISHED","date_time":"26.08.2023 21:30","home_team":"Granada CF","away_team":"Mallorca","score":{"home":"3
[2026-08-16T06:09:00Z] Merged section: lineups
[2026-08-16T06:09:00Z] Spanish LaLiga 2023/2024: Player Stats are unavailable in the source profile.
[2026-08-16T06:09:00Z] Marked all Player Stats categories as not_available; collection continues.
[2026-08-16T06:09:00Z] Opening commentary...
[2026-08-16T06:09:01Z] Navigate: https://www.flashscore.com/match/football/granada-cf-EXuxl1xP/mallorca-4jDQxrbf/summary/live-commentary/?mid=4O9LErR2
[2026-08-16T06:09:04Z] Page loaded. Waiting for statistics DOM...
[2026-08-16T06:09:05Z] Script [readiness] result prefix: {"body_text_length":16199,"ready":true,"row_count":303,"section":"commentary","title":"GRA 3-2 MAL | Granada CF v Mallorca 26/08/2023 | Football - Flashscore | Match"}
[2026-08-16T06:09:05Z] Reading rendered DOM...
[2026-08-16T06:09:05Z] Executing extraction script for phase 12; length: 11834.
[2026-08-16T06:09:05Z] Script [extract] result prefix: {"schema_version":"1.3","section":"commentary","statistic_period":null,"source_url":"https://www.flashscore.com/match/football/granada-cf-EXuxl1xP/mallorca-4jDQxrbf/summary/live-commentary/all-comments/?mid=4O9LErR2","match_id":"4O9LErR2","collected_at_utc":"2026-08-16T06:09:05.821Z","page_title":"GRA 3-2 MAL | Granada CF v Mallorca 26/08/2023 | Football - Flashscore | Match","competition":"WORLD CUP","status":"FINISHED","date_time":"26.08.2023 21:30","home_team":"Granada CF","away_team":"Mallor
[2026-08-16T06:09:05Z] Merged section: commentary
[2026-08-16T06:09:05Z] Saving complete match JSON...
[2026-08-16T06:09:05Z] Player Stats category unavailable; status=not_available: top_stats
[2026-08-16T06:09:05Z] Player Stats category unavailable; status=not_available: shots
[2026-08-16T06:09:05Z] Player Stats category unavailable; status=not_available: attack
[2026-08-16T06:09:05Z] Player Stats category unavailable; status=not_available: passes
[2026-08-16T06:09:05Z] Player Stats category unavailable; status=not_available: defense
[2026-08-16T06:09:05Z] Player Stats category unavailable; status=not_available: goalkeeping
[2026-08-16T06:09:06Z] Player Stats category unavailable; status=not_available: general
[2026-08-16T06:09:06Z] Structured goals, cards and VAR events enriched.
[2026-08-16T06:09:06Z] Saved match JSON with 13 statistics: G:\Mirza\VSCode\FlashscoreFootballCollector_\Data\Matches\LaLiga\2023_2024\2023-08-26_Granada_CF_vs_Mallorca_4O9LErR2.json
[2026-08-16T06:09:06Z] Finished: 2023-08-26_Granada_CF_vs_Mallorca_4O9LErR2.json
[2026-08-16T06:09:06Z] Opening overall statistics...
[2026-08-16T06:09:06Z] Navigate: https://www.flashscore.com/match/football/girona-nNNpcUSL/sevilla-h8oAv4Ts/summary/stats/overall/?mid=zDm46KYr
[2026-08-16T06:09:08Z] Page loaded. Waiting for statistics DOM...
[2026-08-16T06:09:10Z] Script [readiness] result prefix: {"body_text_length":3175,"ready":true,"row_count":17,"section":"statistics_overall","title":"SEV 1-2 GIR | Sevilla v Girona 26/08/2023, Stats - Flashscore.com | Match"}
[2026-08-16T06:09:10Z] Reading rendered DOM...
[2026-08-16T06:09:10Z] Executing extraction script for phase 0; length: 5174.
[2026-08-16T06:09:10Z] Script [extract] result prefix: {"schema_version":"1.3","section":"statistics_overall","statistic_period":"overall","source_url":"https://www.flashscore.com/match/football/girona-nNNpcUSL/sevilla-h8oAv4Ts/summary/stats/overall/?mid=zDm46KYr","match_id":"zDm46KYr","collected_at_utc":"2026-08-16T06:09:10.291Z","page_title":"SEV 1-2 GIR | Sevilla v Girona 26/08/2023, Stats - Flashscore.com | Match","competition":"WORLD CUP","status":"FINISHED","date_time":"26.08.2023 23:30","home_team":"Sevilla","away_team":"Girona","score":{"hom
[2026-08-16T06:09:10Z] Stored overall statistics: 13 rows.
[2026-08-16T06:09:10Z] Merged section: statistics_overall
[2026-08-16T06:09:10Z] Opening 1st half statistics...
[2026-08-16T06:09:10Z] Navigate: https://www.flashscore.com/match/football/girona-nNNpcUSL/sevilla-h8oAv4Ts/summary/stats/1st-half/?mid=zDm46KYr
[2026-08-16T06:09:12Z] Page loaded. Waiting for statistics DOM...
[2026-08-16T06:09:14Z] Script [readiness] result prefix: {"body_text_length":3109,"ready":true,"row_count":15,"section":"statistics_first_half","title":"SEV 1-2 GIR | Sevilla v Girona 26/08/2023, Stats - Flashscore.com | Match"}
[2026-08-16T06:09:14Z] Reading rendered DOM...
[2026-08-16T06:09:14Z] Executing extraction script for phase 1; length: 5174.
[2026-08-16T06:09:14Z] Script [extract] result prefix: {"schema_version":"1.3","section":"statistics_first_half","statistic_period":"first_half","source_url":"https://www.flashscore.com/match/football/girona-nNNpcUSL/sevilla-h8oAv4Ts/summary/stats/1st-half/?mid=zDm46KYr","match_id":"zDm46KYr","collected_at_utc":"2026-08-16T06:09:14.125Z","page_title":"SEV 1-2 GIR | Sevilla v Girona 26/08/2023, Stats - Flashscore.com | Match","competition":"WORLD CUP","status":"FINISHED","date_time":"26.08.2023 23:30","home_team":"Sevilla","away_team":"Girona","score
[2026-08-16T06:09:14Z] Stored first_half statistics: 12 rows.
[2026-08-16T06:09:14Z] Merged section: statistics_first_half
[2026-08-16T06:09:14Z] Opening 2nd half statistics...
[2026-08-16T06:09:14Z] Navigate: https://www.flashscore.com/match/football/girona-nNNpcUSL/sevilla-h8oAv4Ts/summary/stats/2nd-half/?mid=zDm46KYr
[2026-08-16T06:09:16Z] Page loaded. Waiting for statistics DOM...
[2026-08-16T06:09:17Z] Script [readiness] result prefix: {"body_text_length":3169,"ready":true,"row_count":17,"section":"statistics_second_half","title":"SEV 1-2 GIR | Sevilla v Girona 26/08/2023, Stats - Flashscore.com | Match"}
[2026-08-16T06:09:17Z] Reading rendered DOM...
[2026-08-16T06:09:17Z] Executing extraction script for phase 2; length: 5174.
[2026-08-16T06:09:17Z] Script [extract] result prefix: {"schema_version":"1.3","section":"statistics_second_half","statistic_period":"second_half","source_url":"https://www.flashscore.com/match/football/girona-nNNpcUSL/sevilla-h8oAv4Ts/summary/stats/2nd-half/?mid=zDm46KYr","match_id":"zDm46KYr","collected_at_utc":"2026-08-16T06:09:17.703Z","page_title":"SEV 1-2 GIR | Sevilla v Girona 26/08/2023, Stats - Flashscore.com | Match","competition":"WORLD CUP","status":"FINISHED","date_time":"26.08.2023 23:30","home_team":"Sevilla","away_team":"Girona","sco
[2026-08-16T06:09:17Z] Stored second_half statistics: 13 rows.
[2026-08-16T06:09:17Z] Merged section: statistics_second_half
[2026-08-16T06:09:17Z] Opening lineups...
[2026-08-16T06:09:17Z] Navigate: https://www.flashscore.com/match/football/girona-nNNpcUSL/sevilla-h8oAv4Ts/summary/lineups/?mid=zDm46KYr
[2026-08-16T06:09:19Z] Page loaded. Waiting for statistics DOM...
[2026-08-16T06:09:21Z] Script [readiness] result prefix: {"body_text_length":4277,"ready":true,"row_count":122,"section":"lineups","title":"SEV 1-2 GIR | Sevilla v Girona 26/08/2023, Lineups - Flashscore.com | Match"}
[2026-08-16T06:09:21Z] Reading rendered DOM...
[2026-08-16T06:09:21Z] Executing extraction script for phase 4; length: 20701.
[2026-08-16T06:09:21Z] Script [extract] result prefix: {"schema_version":"1.3","section":"lineups","statistic_period":null,"source_url":"https://www.flashscore.com/match/football/girona-nNNpcUSL/sevilla-h8oAv4Ts/summary/lineups/?mid=zDm46KYr","match_id":"zDm46KYr","collected_at_utc":"2026-08-16T06:09:21.162Z","page_title":"SEV 1-2 GIR | Sevilla v Girona 26/08/2023, Lineups - Flashscore.com | Match","competition":"WORLD CUP","status":"FINISHED","date_time":"26.08.2023 23:30","home_team":"Sevilla","away_team":"Girona","score":{"home":"1","away":"2","d
[2026-08-16T06:09:21Z] Merged section: lineups
[2026-08-16T06:09:21Z] Spanish LaLiga 2023/2024: Player Stats are unavailable in the source profile.
[2026-08-16T06:09:21Z] Marked all Player Stats categories as not_available; collection continues.
[2026-08-16T06:09:21Z] Opening commentary...
[2026-08-16T06:09:21Z] Navigate: https://www.flashscore.com/match/football/girona-nNNpcUSL/sevilla-h8oAv4Ts/summary/live-commentary/?mid=zDm46KYr
[2026-08-16T06:09:24Z] Page loaded. Waiting for statistics DOM...
[2026-08-16T06:09:25Z] Script [readiness] result prefix: {"body_text_length":14384,"ready":true,"row_count":265,"section":"commentary","title":"SEV 1-2 GIR | Sevilla v Girona 26/08/2023 | Football - Flashscore | Match"}
[2026-08-16T06:09:25Z] Reading rendered DOM...
[2026-08-16T06:09:25Z] Executing extraction script for phase 12; length: 11834.
[2026-08-16T06:09:25Z] Script [extract] result prefix: {"schema_version":"1.3","section":"commentary","statistic_period":null,"source_url":"https://www.flashscore.com/match/football/girona-nNNpcUSL/sevilla-h8oAv4Ts/summary/live-commentary/all-comments/?mid=zDm46KYr","match_id":"zDm46KYr","collected_at_utc":"2026-08-16T06:09:25.578Z","page_title":"SEV 1-2 GIR | Sevilla v Girona 26/08/2023 | Football - Flashscore | Match","competition":"WORLD CUP","status":"FINISHED","date_time":"26.08.2023 23:30","home_team":"Sevilla","away_team":"Girona","score":{"h
[2026-08-16T06:09:25Z] Merged section: commentary
[2026-08-16T06:09:25Z] Saving complete match JSON...
[2026-08-16T06:09:25Z] Player Stats category unavailable; status=not_available: top_stats
[2026-08-16T06:09:25Z] Player Stats category unavailable; status=not_available: shots
[2026-08-16T06:09:25Z] Player Stats category unavailable; status=not_available: attack
[2026-08-16T06:09:25Z] Player Stats category unavailable; status=not_available: passes
[2026-08-16T06:09:25Z] Player Stats category unavailable; status=not_available: defense
[2026-08-16T06:09:25Z] Player Stats category unavailable; status=not_available: goalkeeping
[2026-08-16T06:09:25Z] Player Stats category unavailable; status=not_available: general
[2026-08-16T06:09:25Z] Structured goals, cards and VAR events enriched.
[2026-08-16T06:09:25Z] Saved match JSON with 13 statistics: G:\Mirza\VSCode\FlashscoreFootballCollector_\Data\Matches\LaLiga\2023_2024\2023-08-26_Sevilla_vs_Girona_zDm46KYr.json
[2026-08-16T06:09:25Z] Finished: 2023-08-26_Sevilla_vs_Girona_zDm46KYr.json
[2026-08-16T06:09:25Z] Opening overall statistics...
[2026-08-16T06:09:25Z] Navigate: https://www.flashscore.com/match/football/barcelona-SKbpVP5K/villarreal-lUatW5jE/summary/stats/overall/?mid=Y31xB0QR
[2026-08-16T06:09:28Z] Page loaded. Waiting for statistics DOM...
[2026-08-16T06:09:29Z] Script [readiness] result prefix: {"body_text_length":3213,"ready":true,"row_count":17,"section":"statistics_overall","title":"VIL 3-4 BAR | Villarreal v Barcelona 27/08/2023, Stats - Flashscore.com | Match"}
[2026-08-16T06:09:29Z] Reading rendered DOM...
[2026-08-16T06:09:29Z] Executing extraction script for phase 0; length: 5174.
[2026-08-16T06:09:29Z] Script [extract] result prefix: {"schema_version":"1.3","section":"statistics_overall","statistic_period":"overall","source_url":"https://www.flashscore.com/match/football/barcelona-SKbpVP5K/villarreal-lUatW5jE/summary/stats/overall/?mid=Y31xB0QR","match_id":"Y31xB0QR","collected_at_utc":"2026-08-16T06:09:29.972Z","page_title":"VIL 3-4 BAR | Villarreal v Barcelona 27/08/2023, Stats - Flashscore.com | Match","competition":"WORLD CUP","status":"FINISHED","date_time":"27.08.2023 19:30","home_team":"Villarreal","away_team":"Barcel
[2026-08-16T06:09:30Z] Stored overall statistics: 13 rows.
[2026-08-16T06:09:30Z] Merged section: statistics_overall
[2026-08-16T06:09:30Z] Opening 1st half statistics...
[2026-08-16T06:09:30Z] Navigate: https://www.flashscore.com/match/football/barcelona-SKbpVP5K/villarreal-lUatW5jE/summary/stats/1st-half/?mid=Y31xB0QR
[2026-08-16T06:09:32Z] Page loaded. Waiting for statistics DOM...
[2026-08-16T06:09:33Z] Script [readiness] result prefix: {"body_text_length":3201,"ready":true,"row_count":17,"section":"statistics_first_half","title":"VIL 3-4 BAR | Villarreal v Barcelona 27/08/2023, Stats - Flashscore.com | Match"}
[2026-08-16T06:09:33Z] Reading rendered DOM...
[2026-08-16T06:09:33Z] Executing extraction script for phase 1; length: 5174.
[2026-08-16T06:09:33Z] Script [extract] result prefix: {"schema_version":"1.3","section":"statistics_first_half","statistic_period":"first_half","source_url":"https://www.flashscore.com/match/football/barcelona-SKbpVP5K/villarreal-lUatW5jE/summary/stats/1st-half/?mid=Y31xB0QR","match_id":"Y31xB0QR","collected_at_utc":"2026-08-16T06:09:33.737Z","page_title":"VIL 3-4 BAR | Villarreal v Barcelona 27/08/2023, Stats - Flashscore.com | Match","competition":"WORLD CUP","status":"FINISHED","date_time":"27.08.2023 19:30","home_team":"Villarreal","away_team":
[2026-08-16T06:09:33Z] Stored first_half statistics: 13 rows.
[2026-08-16T06:09:33Z] Merged section: statistics_first_half
[2026-08-16T06:09:33Z] Opening 2nd half statistics...
[2026-08-16T06:09:33Z] Navigate: https://www.flashscore.com/match/football/barcelona-SKbpVP5K/villarreal-lUatW5jE/summary/stats/2nd-half/?mid=Y31xB0QR
[2026-08-16T06:09:36Z] Page loaded. Waiting for statistics DOM...
[2026-08-16T06:09:37Z] Script [readiness] result prefix: {"body_text_length":3205,"ready":true,"row_count":17,"section":"statistics_second_half","title":"VIL 3-4 BAR | Villarreal v Barcelona 27/08/2023, Stats - Flashscore.com | Match"}
[2026-08-16T06:09:37Z] Reading rendered DOM...
[2026-08-16T06:09:37Z] Executing extraction script for phase 2; length: 5174.
[2026-08-16T06:09:37Z] Script [extract] result prefix: {"schema_version":"1.3","section":"statistics_second_half","statistic_period":"second_half","source_url":"https://www.flashscore.com/match/football/barcelona-SKbpVP5K/villarreal-lUatW5jE/summary/stats/2nd-half/?mid=Y31xB0QR","match_id":"Y31xB0QR","collected_at_utc":"2026-08-16T06:09:37.595Z","page_title":"VIL 3-4 BAR | Villarreal v Barcelona 27/08/2023, Stats - Flashscore.com | Match","competition":"WORLD CUP","status":"FINISHED","date_time":"27.08.2023 19:30","home_team":"Villarreal","away_team
[2026-08-16T06:09:37Z] Stored second_half statistics: 13 rows.
[2026-08-16T06:09:37Z] Merged section: statistics_second_half
[2026-08-16T06:09:37Z] Opening lineups...
[2026-08-16T06:09:37Z] Navigate: https://www.flashscore.com/match/football/barcelona-SKbpVP5K/villarreal-lUatW5jE/summary/lineups/?mid=Y31xB0QR
[2026-08-16T06:09:39Z] Page loaded. Waiting for statistics DOM...
[2026-08-16T06:09:41Z] Script [readiness] result prefix: {"body_text_length":4268,"ready":true,"row_count":116,"section":"lineups","title":"VIL 3-4 BAR | Villarreal v Barcelona 27/08/2023, Lineups - Flashscore.com | Match"}
[2026-08-16T06:09:41Z] Reading rendered DOM...
[2026-08-16T06:09:41Z] Executing extraction script for phase 4; length: 20701.
[2026-08-16T06:09:41Z] Script [extract] result prefix: {"schema_version":"1.3","section":"lineups","statistic_period":null,"source_url":"https://www.flashscore.com/match/football/barcelona-SKbpVP5K/villarreal-lUatW5jE/summary/lineups/?mid=Y31xB0QR","match_id":"Y31xB0QR","collected_at_utc":"2026-08-16T06:09:41.346Z","page_title":"VIL 3-4 BAR | Villarreal v Barcelona 27/08/2023, Lineups - Flashscore.com | Match","competition":"WORLD CUP","status":"FINISHED","date_time":"27.08.2023 19:30","home_team":"Villarreal","away_team":"Barcelona","score":{"home"
[2026-08-16T06:09:41Z] Merged section: lineups
[2026-08-16T06:09:41Z] Spanish LaLiga 2023/2024: Player Stats are unavailable in the source profile.
[2026-08-16T06:09:41Z] Marked all Player Stats categories as not_available; collection continues.
[2026-08-16T06:09:41Z] Opening commentary...
[2026-08-16T06:09:41Z] Navigate: https://www.flashscore.com/match/football/barcelona-SKbpVP5K/villarreal-lUatW5jE/summary/live-commentary/?mid=Y31xB0QR
[2026-08-16T06:09:44Z] Page loaded. Waiting for statistics DOM...
[2026-08-16T06:09:46Z] Script [readiness] result prefix: {"body_text_length":10637,"ready":true,"row_count":217,"section":"commentary","title":"VIL 3-4 BAR | Villarreal v Barcelona 27/08/2023 | Football - Flashscore | Match"}
[2026-08-16T06:09:46Z] Reading rendered DOM...
[2026-08-16T06:09:46Z] Executing extraction script for phase 12; length: 11834.
[2026-08-16T06:09:46Z] Script [extract] result prefix: {"schema_version":"1.3","section":"commentary","statistic_period":null,"source_url":"https://www.flashscore.com/match/football/barcelona-SKbpVP5K/villarreal-lUatW5jE/summary/live-commentary/all-comments/?mid=Y31xB0QR","match_id":"Y31xB0QR","collected_at_utc":"2026-08-16T06:09:46.116Z","page_title":"VIL 3-4 BAR | Villarreal v Barcelona 27/08/2023 | Football - Flashscore | Match","competition":"WORLD CUP","status":"FINISHED","date_time":"27.08.2023 19:30","home_team":"Villarreal","away_team":"Barc
[2026-08-16T06:09:46Z] Merged section: commentary
[2026-08-16T06:09:46Z] Saving complete match JSON...
[2026-08-16T06:09:46Z] Player Stats category unavailable; status=not_available: top_stats
[2026-08-16T06:09:46Z] Player Stats category unavailable; status=not_available: shots
[2026-08-16T06:09:46Z] Player Stats category unavailable; status=not_available: attack
[2026-08-16T06:09:46Z] Player Stats category unavailable; status=not_available: passes
[2026-08-16T06:09:46Z] Player Stats category unavailable; status=not_available: defense
[2026-08-16T06:09:46Z] Player Stats category unavailable; status=not_available: goalkeeping
[2026-08-16T06:09:46Z] Player Stats category unavailable; status=not_available: general
[2026-08-16T06:09:46Z] Structured goals, cards and VAR events enriched.
[2026-08-16T06:09:46Z] Saved match JSON with 13 statistics: G:\Mirza\VSCode\FlashscoreFootballCollector_\Data\Matches\LaLiga\2023_2024\2023-08-27_Villarreal_vs_Barcelona_Y31xB0QR.json
[2026-08-16T06:09:46Z] Finished: 2023-08-27_Villarreal_vs_Barcelona_Y31xB0QR.json
[2026-08-16T06:09:46Z] Opening overall statistics...
[2026-08-16T06:09:46Z] Navigate: https://www.flashscore.com/match/football/osasuna-ETdxjU8a/valencia-CQeaytrD/summary/stats/overall/?mid=rwm85vlk
[2026-08-16T06:09:48Z] Page loaded. Waiting for statistics DOM...
[2026-08-16T06:09:50Z] Script [readiness] result prefix: {"body_text_length":3190,"ready":true,"row_count":17,"section":"statistics_overall","title":"VAL 1-2 OSA | Valencia v Osasuna 27/08/2023, Stats - Flashscore.com | Match"}
[2026-08-16T06:09:50Z] Reading rendered DOM...
[2026-08-16T06:09:50Z] Executing extraction script for phase 0; length: 5174.
[2026-08-16T06:09:50Z] Script [extract] result prefix: {"schema_version":"1.3","section":"statistics_overall","statistic_period":"overall","source_url":"https://www.flashscore.com/match/football/osasuna-ETdxjU8a/valencia-CQeaytrD/summary/stats/overall/?mid=rwm85vlk","match_id":"rwm85vlk","collected_at_utc":"2026-08-16T06:09:50.129Z","page_title":"VAL 1-2 OSA | Valencia v Osasuna 27/08/2023, Stats - Flashscore.com | Match","competition":"WORLD CUP","status":"FINISHED","date_time":"27.08.2023 21:30","home_team":"Valencia","away_team":"Osasuna","score"
[2026-08-16T06:09:50Z] Stored overall statistics: 13 rows.
[2026-08-16T06:09:50Z] Merged section: statistics_overall
[2026-08-16T06:09:50Z] Opening 1st half statistics...
[2026-08-16T06:09:50Z] Navigate: https://www.flashscore.com/match/football/osasuna-ETdxjU8a/valencia-CQeaytrD/summary/stats/1st-half/?mid=rwm85vlk
[2026-08-16T06:09:52Z] Page loaded. Waiting for statistics DOM...
[2026-08-16T06:09:53Z] Script [readiness] result prefix: {"body_text_length":3123,"ready":true,"row_count":15,"section":"statistics_first_half","title":"VAL 1-2 OSA | Valencia v Osasuna 27/08/2023, Stats - Flashscore.com | Match"}
[2026-08-16T06:09:53Z] Reading rendered DOM...
[2026-08-16T06:09:53Z] Executing extraction script for phase 1; length: 5174.
[2026-08-16T06:09:53Z] Script [extract] result prefix: {"schema_version":"1.3","section":"statistics_first_half","statistic_period":"first_half","source_url":"https://www.flashscore.com/match/football/osasuna-ETdxjU8a/valencia-CQeaytrD/summary/stats/1st-half/?mid=rwm85vlk","match_id":"rwm85vlk","collected_at_utc":"2026-08-16T06:09:53.907Z","page_title":"VAL 1-2 OSA | Valencia v Osasuna 27/08/2023, Stats - Flashscore.com | Match","competition":"WORLD CUP","status":"FINISHED","date_time":"27.08.2023 21:30","home_team":"Valencia","away_team":"Osasuna",
[2026-08-16T06:09:53Z] Stored first_half statistics: 12 rows.
[2026-08-16T06:09:53Z] Merged section: statistics_first_half
[2026-08-16T06:09:53Z] Opening 2nd half statistics...
[2026-08-16T06:09:53Z] Navigate: https://www.flashscore.com/match/football/osasuna-ETdxjU8a/valencia-CQeaytrD/summary/stats/2nd-half/?mid=rwm85vlk
[2026-08-16T06:09:55Z] Page loaded. Waiting for statistics DOM...
[2026-08-16T06:09:57Z] Script [readiness] result prefix: {"body_text_length":3183,"ready":true,"row_count":17,"section":"statistics_second_half","title":"VAL 1-2 OSA | Valencia v Osasuna 27/08/2023, Stats - Flashscore.com | Match"}
[2026-08-16T06:09:57Z] Reading rendered DOM...
[2026-08-16T06:09:57Z] Executing extraction script for phase 2; length: 5174.
[2026-08-16T06:09:57Z] Script [extract] result prefix: {"schema_version":"1.3","section":"statistics_second_half","statistic_period":"second_half","source_url":"https://www.flashscore.com/match/football/osasuna-ETdxjU8a/valencia-CQeaytrD/summary/stats/2nd-half/?mid=rwm85vlk","match_id":"rwm85vlk","collected_at_utc":"2026-08-16T06:09:57.391Z","page_title":"VAL 1-2 OSA | Valencia v Osasuna 27/08/2023, Stats - Flashscore.com | Match","competition":"WORLD CUP","status":"FINISHED","date_time":"27.08.2023 21:30","home_team":"Valencia","away_team":"Osasuna
[2026-08-16T06:09:57Z] Stored second_half statistics: 13 rows.
[2026-08-16T06:09:57Z] Merged section: statistics_second_half
[2026-08-16T06:09:57Z] Opening lineups...
[2026-08-16T06:09:57Z] Navigate: https://www.flashscore.com/match/football/osasuna-ETdxjU8a/valencia-CQeaytrD/summary/lineups/?mid=rwm85vlk
[2026-08-16T06:09:59Z] Page loaded. Waiting for statistics DOM...
[2026-08-16T06:10:00Z] Script [readiness] result prefix: {"body_text_length":4201,"ready":true,"row_count":115,"section":"lineups","title":"VAL 1-2 OSA | Valencia v Osasuna 27/08/2023, Lineups - Flashscore.com | Match"}
[2026-08-16T06:10:00Z] Reading rendered DOM...
[2026-08-16T06:10:00Z] Executing extraction script for phase 4; length: 20701.
[2026-08-16T06:10:00Z] Script [extract] result prefix: {"schema_version":"1.3","section":"lineups","statistic_period":null,"source_url":"https://www.flashscore.com/match/football/osasuna-ETdxjU8a/valencia-CQeaytrD/summary/lineups/?mid=rwm85vlk","match_id":"rwm85vlk","collected_at_utc":"2026-08-16T06:10:00.799Z","page_title":"VAL 1-2 OSA | Valencia v Osasuna 27/08/2023, Lineups - Flashscore.com | Match","competition":"WORLD CUP","status":"FINISHED","date_time":"27.08.2023 21:30","home_team":"Valencia","away_team":"Osasuna","score":{"home":"1","away":
[2026-08-16T06:10:00Z] Merged section: lineups
[2026-08-16T06:10:00Z] Spanish LaLiga 2023/2024: Player Stats are unavailable in the source profile.
[2026-08-16T06:10:00Z] Marked all Player Stats categories as not_available; collection continues.
[2026-08-16T06:10:01Z] Opening commentary...
[2026-08-16T06:10:01Z] Navigate: https://www.flashscore.com/match/football/osasuna-ETdxjU8a/valencia-CQeaytrD/summary/live-commentary/?mid=rwm85vlk
[2026-08-16T06:10:02Z] Page loaded. Waiting for statistics DOM...
[2026-08-16T06:10:04Z] Script [readiness] result prefix: {"body_text_length":11005,"ready":true,"row_count":240,"section":"commentary","title":"VAL 1-2 OSA | Valencia v Osasuna 27/08/2023 | Football - Flashscore | Match"}
[2026-08-16T06:10:04Z] Reading rendered DOM...
[2026-08-16T06:10:04Z] Executing extraction script for phase 12; length: 11834.
[2026-08-16T06:10:04Z] Script [extract] result prefix: {"schema_version":"1.3","section":"commentary","statistic_period":null,"source_url":"https://www.flashscore.com/match/football/osasuna-ETdxjU8a/valencia-CQeaytrD/summary/live-commentary/all-comments/?mid=rwm85vlk","match_id":"rwm85vlk","collected_at_utc":"2026-08-16T06:10:04.447Z","page_title":"VAL 1-2 OSA | Valencia v Osasuna 27/08/2023 | Football - Flashscore | Match","competition":"WORLD CUP","status":"FINISHED","date_time":"27.08.2023 21:30","home_team":"Valencia","away_team":"Osasuna","scor
[2026-08-16T06:10:04Z] Merged section: commentary
[2026-08-16T06:10:04Z] Saving complete match JSON...
[2026-08-16T06:10:04Z] Player Stats category unavailable; status=not_available: top_stats
[2026-08-16T06:10:04Z] Player Stats category unavailable; status=not_available: shots
[2026-08-16T06:10:04Z] Player Stats category unavailable; status=not_available: attack
[2026-08-16T06:10:04Z] Player Stats category unavailable; status=not_available: passes
[2026-08-16T06:10:04Z] Player Stats category unavailable; status=not_available: defense
[2026-08-16T06:10:04Z] Player Stats category unavailable; status=not_available: goalkeeping
[2026-08-16T06:10:04Z] Player Stats category unavailable; status=not_available: general
[2026-08-16T06:10:04Z] Structured goals, cards and VAR events enriched.
[2026-08-16T06:10:04Z] Saved match JSON with 13 statistics: G:\Mirza\VSCode\FlashscoreFootballCollector_\Data\Matches\LaLiga\2023_2024\2023-08-27_Valencia_vs_Osasuna_rwm85vlk.json
[2026-08-16T06:10:05Z] Finished: 2023-08-27_Valencia_vs_Osasuna_rwm85vlk.json
[2026-08-16T06:10:05Z] Opening overall statistics...
[2026-08-16T06:10:05Z] Navigate: https://www.flashscore.com/match/football/ath-bilbao-IP5zl0cJ/betis-vJbTeCGP/summary/stats/overall/?mid=lGRYjuZe
[2026-08-16T06:10:07Z] Page loaded. Waiting for statistics DOM...
[2026-08-16T06:10:08Z] Script [readiness] result prefix: {"body_text_length":3209,"ready":true,"row_count":17,"section":"statistics_overall","title":"BIL 4-2 BET | Athletic Bilbao v Betis 27/08/2023, Stats - Flashscore.com | Match"}
[2026-08-16T06:10:08Z] Reading rendered DOM...
[2026-08-16T06:10:08Z] Executing extraction script for phase 0; length: 5174.
[2026-08-16T06:10:08Z] Script [extract] result prefix: {"schema_version":"1.3","section":"statistics_overall","statistic_period":"overall","source_url":"https://www.flashscore.com/match/football/ath-bilbao-IP5zl0cJ/betis-vJbTeCGP/summary/stats/overall/?mid=lGRYjuZe","match_id":"lGRYjuZe","collected_at_utc":"2026-08-16T06:10:08.693Z","page_title":"BIL 4-2 BET | Athletic Bilbao v Betis 27/08/2023, Stats - Flashscore.com | Match","competition":"WORLD CUP","status":"FINISHED","date_time":"27.08.2023 23:30","home_team":"Ath Bilbao","away_team":"Betis","s
[2026-08-16T06:10:08Z] Stored overall statistics: 13 rows.
[2026-08-16T06:10:08Z] Merged section: statistics_overall
[2026-08-16T06:10:08Z] Opening 1st half statistics...
[2026-08-16T06:10:08Z] Navigate: https://www.flashscore.com/match/football/ath-bilbao-IP5zl0cJ/betis-vJbTeCGP/summary/stats/1st-half/?mid=lGRYjuZe
[2026-08-16T06:10:10Z] Page loaded. Waiting for statistics DOM...
[2026-08-16T06:10:12Z] Script [readiness] result prefix: {"body_text_length":3144,"ready":true,"row_count":15,"section":"statistics_first_half","title":"BIL 4-2 BET | Athletic Bilbao v Betis 27/08/2023, Stats - Flashscore.com | Match"}
[2026-08-16T06:10:12Z] Reading rendered DOM...
[2026-08-16T06:10:12Z] Executing extraction script for phase 1; length: 5174.
[2026-08-16T06:10:12Z] Script [extract] result prefix: {"schema_version":"1.3","section":"statistics_first_half","statistic_period":"first_half","source_url":"https://www.flashscore.com/match/football/ath-bilbao-IP5zl0cJ/betis-vJbTeCGP/summary/stats/1st-half/?mid=lGRYjuZe","match_id":"lGRYjuZe","collected_at_utc":"2026-08-16T06:10:12.165Z","page_title":"BIL 4-2 BET | Athletic Bilbao v Betis 27/08/2023, Stats - Flashscore.com | Match","competition":"WORLD CUP","status":"FINISHED","date_time":"27.08.2023 23:30","home_team":"Ath Bilbao","away_team":"Be
[2026-08-16T06:10:12Z] Stored first_half statistics: 12 rows.
[2026-08-16T06:10:12Z] Merged section: statistics_first_half
[2026-08-16T06:10:12Z] Opening 2nd half statistics...
[2026-08-16T06:10:12Z] Navigate: https://www.flashscore.com/match/football/ath-bilbao-IP5zl0cJ/betis-vJbTeCGP/summary/stats/2nd-half/?mid=lGRYjuZe
[2026-08-16T06:10:14Z] Page loaded. Waiting for statistics DOM...
[2026-08-16T06:10:15Z] Script [readiness] result prefix: {"body_text_length":3205,"ready":true,"row_count":17,"section":"statistics_second_half","title":"BIL 4-2 BET | Athletic Bilbao v Betis 27/08/2023, Stats - Flashscore.com | Match"}
[2026-08-16T06:10:15Z] Reading rendered DOM...
[2026-08-16T06:10:15Z] Executing extraction script for phase 2; length: 5174.
[2026-08-16T06:10:15Z] Script [extract] result prefix: {"schema_version":"1.3","section":"statistics_second_half","statistic_period":"second_half","source_url":"https://www.flashscore.com/match/football/ath-bilbao-IP5zl0cJ/betis-vJbTeCGP/summary/stats/2nd-half/?mid=lGRYjuZe","match_id":"lGRYjuZe","collected_at_utc":"2026-08-16T06:10:15.713Z","page_title":"BIL 4-2 BET | Athletic Bilbao v Betis 27/08/2023, Stats - Flashscore.com | Match","competition":"WORLD CUP","status":"FINISHED","date_time":"27.08.2023 23:30","home_team":"Ath Bilbao","away_team":"
[2026-08-16T06:10:15Z] Stored second_half statistics: 13 rows.
[2026-08-16T06:10:15Z] Merged section: statistics_second_half
[2026-08-16T06:10:15Z] Opening lineups...
[2026-08-16T06:10:16Z] Navigate: https://www.flashscore.com/match/football/ath-bilbao-IP5zl0cJ/betis-vJbTeCGP/summary/lineups/?mid=lGRYjuZe
[2026-08-16T06:10:19Z] Page loaded. Waiting for statistics DOM...
[2026-08-16T06:10:20Z] Script [readiness] result prefix: {"body_text_length":4459,"ready":true,"row_count":122,"section":"lineups","title":"BIL 4-2 BET | Athletic Bilbao v Betis 27/08/2023, Lineups - Flashscore.com | Match"}
[2026-08-16T06:10:20Z] Reading rendered DOM...
[2026-08-16T06:10:20Z] Executing extraction script for phase 4; length: 20701.
[2026-08-16T06:10:20Z] Script [extract] result prefix: {"schema_version":"1.3","section":"lineups","statistic_period":null,"source_url":"https://www.flashscore.com/match/football/ath-bilbao-IP5zl0cJ/betis-vJbTeCGP/summary/lineups/?mid=lGRYjuZe","match_id":"lGRYjuZe","collected_at_utc":"2026-08-16T06:10:20.666Z","page_title":"BIL 4-2 BET | Athletic Bilbao v Betis 27/08/2023, Lineups - Flashscore.com | Match","competition":"WORLD CUP","status":"FINISHED","date_time":"27.08.2023 23:30","home_team":"Ath Bilbao","away_team":"Betis","score":{"home":"4","a
[2026-08-16T06:10:20Z] Merged section: lineups
[2026-08-16T06:10:20Z] Spanish LaLiga 2023/2024: Player Stats are unavailable in the source profile.
[2026-08-16T06:10:20Z] Marked all Player Stats categories as not_available; collection continues.
[2026-08-16T06:10:20Z] Opening commentary...
[2026-08-16T06:10:20Z] Navigate: https://www.flashscore.com/match/football/ath-bilbao-IP5zl0cJ/betis-vJbTeCGP/summary/live-commentary/?mid=lGRYjuZe
[2026-08-16T06:10:23Z] Page loaded. Waiting for statistics DOM...
[2026-08-16T06:10:24Z] Script [readiness] result prefix: {"body_text_length":11862,"ready":true,"row_count":233,"section":"commentary","title":"BIL 4-2 BET | Athletic Bilbao v Betis 27/08/2023 | Football - Flashscore | Match"}
[2026-08-16T06:10:24Z] Reading rendered DOM...
[2026-08-16T06:10:24Z] Executing extraction script for phase 12; length: 11834.
[2026-08-16T06:10:24Z] Script [extract] result prefix: {"schema_version":"1.3","section":"commentary","statistic_period":null,"source_url":"https://www.flashscore.com/match/football/ath-bilbao-IP5zl0cJ/betis-vJbTeCGP/summary/live-commentary/all-comments/?mid=lGRYjuZe","match_id":"lGRYjuZe","collected_at_utc":"2026-08-16T06:10:24.797Z","page_title":"BIL 4-2 BET | Athletic Bilbao v Betis 27/08/2023 | Football - Flashscore | Match","competition":"WORLD CUP","status":"FINISHED","date_time":"27.08.2023 23:30","home_team":"Ath Bilbao","away_team":"Betis",
[2026-08-16T06:10:24Z] Merged section: commentary
[2026-08-16T06:10:24Z] Saving complete match JSON...
[2026-08-16T06:10:24Z] Player Stats category unavailable; status=not_available: top_stats
[2026-08-16T06:10:24Z] Player Stats category unavailable; status=not_available: shots
[2026-08-16T06:10:24Z] Player Stats category unavailable; status=not_available: attack
[2026-08-16T06:10:25Z] Player Stats category unavailable; status=not_available: passes
[2026-08-16T06:10:25Z] Player Stats category unavailable; status=not_available: defense
[2026-08-16T06:10:25Z] Player Stats category unavailable; status=not_available: goalkeeping
[2026-08-16T06:10:25Z] Player Stats category unavailable; status=not_available: general
[2026-08-16T06:10:25Z] Structured goals, cards and VAR events enriched.
[2026-08-16T06:10:25Z] Saved match JSON with 13 statistics: G:\Mirza\VSCode\FlashscoreFootballCollector_\Data\Matches\LaLiga\2023_2024\2023-08-27_Ath_Bilbao_vs_Betis_lGRYjuZe.json
[2026-08-16T06:10:25Z] Finished: 2023-08-27_Ath_Bilbao_vs_Betis_lGRYjuZe.json
[2026-08-16T06:10:25Z] Opening overall statistics...
[2026-08-16T06:10:25Z] Navigate: https://www.flashscore.com/match/football/alaves-hxt57t2q/getafe-dboeiWOt/summary/stats/overall/?mid=MToC4b3e
[2026-08-16T06:10:27Z] Page loaded. Waiting for statistics DOM...
[2026-08-16T06:10:28Z] Script [readiness] result prefix: {"body_text_length":3171,"ready":true,"row_count":17,"section":"statistics_overall","title":"GET 1-0 ALA | Getafe v Alaves 28/08/2023, Stats - Flashscore.com | Match"}
[2026-08-16T06:10:28Z] Reading rendered DOM...
[2026-08-16T06:10:28Z] Executing extraction script for phase 0; length: 5174.
[2026-08-16T06:10:28Z] Script [extract] result prefix: {"schema_version":"1.3","section":"statistics_overall","statistic_period":"overall","source_url":"https://www.flashscore.com/match/football/alaves-hxt57t2q/getafe-dboeiWOt/summary/stats/overall/?mid=MToC4b3e","match_id":"MToC4b3e","collected_at_utc":"2026-08-16T06:10:28.892Z","page_title":"GET 1-0 ALA | Getafe v Alaves 28/08/2023, Stats - Flashscore.com | Match","competition":"WORLD CUP","status":"FINISHED","date_time":"28.08.2023 21:30","home_team":"Getafe","away_team":"Alaves","score":{"home":
[2026-08-16T06:10:28Z] Stored overall statistics: 13 rows.
[2026-08-16T06:10:28Z] Merged section: statistics_overall
[2026-08-16T06:10:29Z] Opening 1st half statistics...
[2026-08-16T06:10:29Z] Navigate: https://www.flashscore.com/match/football/alaves-hxt57t2q/getafe-dboeiWOt/summary/stats/1st-half/?mid=MToC4b3e
[2026-08-16T06:10:34Z] Page loaded. Waiting for statistics DOM...
[2026-08-16T06:10:35Z] Script [readiness] result prefix: {"body_text_length":3145,"ready":true,"row_count":16,"section":"statistics_first_half","title":"GET 1-0 ALA | Getafe v Alaves 28/08/2023, Stats - Flashscore.com | Match"}
[2026-08-16T06:10:35Z] Reading rendered DOM...
[2026-08-16T06:10:35Z] Executing extraction script for phase 1; length: 5174.
[2026-08-16T06:10:36Z] Script [extract] result prefix: {"schema_version":"1.3","section":"statistics_first_half","statistic_period":"first_half","source_url":"https://www.flashscore.com/match/football/alaves-hxt57t2q/getafe-dboeiWOt/summary/stats/1st-half/?mid=MToC4b3e","match_id":"MToC4b3e","collected_at_utc":"2026-08-16T06:10:36.061Z","page_title":"GET 1-0 ALA | Getafe v Alaves 28/08/2023, Stats - Flashscore.com | Match","competition":"WORLD CUP","status":"FINISHED","date_time":"28.08.2023 21:30","home_team":"Getafe","away_team":"Alaves","score":{
[2026-08-16T06:10:36Z] Stored first_half statistics: 12 rows.
[2026-08-16T06:10:36Z] Merged section: statistics_first_half
[2026-08-16T06:10:37Z] Opening 2nd half statistics...
[2026-08-16T06:10:37Z] Navigate: https://www.flashscore.com/match/football/alaves-hxt57t2q/getafe-dboeiWOt/summary/stats/2nd-half/?mid=MToC4b3e
[2026-08-16T06:10:41Z] Page loaded. Waiting for statistics DOM...
[2026-08-16T06:10:44Z] Script [readiness] result prefix: {"body_text_length":3147,"ready":true,"row_count":17,"section":"statistics_second_half","title":"GET 1-0 ALA | Getafe v Alaves 28/08/2023, Stats - Flashscore.com | Match"}
[2026-08-16T06:10:44Z] Reading rendered DOM...
[2026-08-16T06:10:44Z] Executing extraction script for phase 2; length: 5174.
[2026-08-16T06:10:44Z] Script [extract] result prefix: {"schema_version":"1.3","section":"statistics_second_half","statistic_period":"second_half","source_url":"https://www.flashscore.com/match/football/alaves-hxt57t2q/getafe-dboeiWOt/summary/stats/2nd-half/?mid=MToC4b3e","match_id":"MToC4b3e","collected_at_utc":"2026-08-16T06:10:44.483Z","page_title":"GET 1-0 ALA | Getafe v Alaves 28/08/2023, Stats - Flashscore.com | Match","competition":"WORLD CUP","status":"FINISHED","date_time":"28.08.2023 21:30","home_team":"Getafe","away_team":"Alaves","score"
[2026-08-16T06:10:44Z] Stored second_half statistics: 13 rows.
[2026-08-16T06:10:44Z] Merged section: statistics_second_half
[2026-08-16T06:10:45Z] Opening lineups...
[2026-08-16T06:10:45Z] Navigate: https://www.flashscore.com/match/football/alaves-hxt57t2q/getafe-dboeiWOt/summary/lineups/?mid=MToC4b3e
[2026-08-16T06:10:48Z] Page loaded. Waiting for statistics DOM...
[2026-08-16T06:10:49Z] Script [readiness] result prefix: {"body_text_length":4138,"ready":true,"row_count":113,"section":"lineups","title":"GET 1-0 ALA | Getafe v Alaves 28/08/2023, Lineups - Flashscore.com | Match"}
[2026-08-16T06:10:49Z] Reading rendered DOM...
[2026-08-16T06:10:49Z] Executing extraction script for phase 4; length: 20701.
[2026-08-16T06:10:49Z] Script [extract] result prefix: {"schema_version":"1.3","section":"lineups","statistic_period":null,"source_url":"https://www.flashscore.com/match/football/alaves-hxt57t2q/getafe-dboeiWOt/summary/lineups/?mid=MToC4b3e","match_id":"MToC4b3e","collected_at_utc":"2026-08-16T06:10:49.933Z","page_title":"GET 1-0 ALA | Getafe v Alaves 28/08/2023, Lineups - Flashscore.com | Match","competition":"WORLD CUP","status":"FINISHED","date_time":"28.08.2023 21:30","home_team":"Getafe","away_team":"Alaves","score":{"home":"1","away":"0","disp
[2026-08-16T06:10:49Z] Merged section: lineups
[2026-08-16T06:10:50Z] Spanish LaLiga 2023/2024: Player Stats are unavailable in the source profile.
[2026-08-16T06:10:50Z] Marked all Player Stats categories as not_available; collection continues.
[2026-08-16T06:10:50Z] Opening commentary...
[2026-08-16T06:10:50Z] Navigate: https://www.flashscore.com/match/football/alaves-hxt57t2q/getafe-dboeiWOt/summary/live-commentary/?mid=MToC4b3e
[2026-08-16T06:10:52Z] Page loaded. Waiting for statistics DOM...
[2026-08-16T06:10:53Z] Script [readiness] result prefix: {"body_text_length":14836,"ready":true,"row_count":285,"section":"commentary","title":"GET 1-0 ALA | Getafe v Alaves 28/08/2023 | Football - Flashscore | Match"}
[2026-08-16T06:10:53Z] Reading rendered DOM...
[2026-08-16T06:10:53Z] Executing extraction script for phase 12; length: 11834.
[2026-08-16T06:10:53Z] Script [extract] result prefix: {"schema_version":"1.3","section":"commentary","statistic_period":null,"source_url":"https://www.flashscore.com/match/football/alaves-hxt57t2q/getafe-dboeiWOt/summary/live-commentary/all-comments/?mid=MToC4b3e","match_id":"MToC4b3e","collected_at_utc":"2026-08-16T06:10:53.581Z","page_title":"GET 1-0 ALA | Getafe v Alaves 28/08/2023 | Football - Flashscore | Match","competition":"WORLD CUP","status":"FINISHED","date_time":"28.08.2023 21:30","home_team":"Getafe","away_team":"Alaves","score":{"home
[2026-08-16T06:10:53Z] Merged section: commentary
[2026-08-16T06:10:53Z] Saving complete match JSON...
[2026-08-16T06:10:53Z] Player Stats category unavailable; status=not_available: top_stats
[2026-08-16T06:10:53Z] Player Stats category unavailable; status=not_available: shots
[2026-08-16T06:10:53Z] Player Stats category unavailable; status=not_available: attack
[2026-08-16T06:10:53Z] Player Stats category unavailable; status=not_available: passes
[2026-08-16T06:10:53Z] Player Stats category unavailable; status=not_available: defense
[2026-08-16T06:10:54Z] Player Stats category unavailable; status=not_available: goalkeeping
[2026-08-16T06:10:54Z] Player Stats category unavailable; status=not_available: general
[2026-08-16T06:10:54Z] Structured goals, cards and VAR events enriched.
[2026-08-16T06:10:54Z] Saved match JSON with 13 statistics: G:\Mirza\VSCode\FlashscoreFootballCollector_\Data\Matches\LaLiga\2023_2024\2023-08-28_Getafe_vs_Alaves_MToC4b3e.json
[2026-08-16T06:10:54Z] Finished: 2023-08-28_Getafe_vs_Alaves_MToC4b3e.json
[2026-08-16T06:10:54Z] Opening overall statistics...
[2026-08-16T06:10:54Z] Navigate: https://www.flashscore.com/match/football/atl-madrid-jaarqpLQ/rayo-vallecano-8bcjFy6O/summary/stats/overall/?mid=juCXBtBL
[2026-08-16T06:10:56Z] Page loaded. Waiting for statistics DOM...
[2026-08-16T06:10:58Z] Script [readiness] result prefix: {"body_text_length":3254,"ready":true,"row_count":17,"section":"statistics_overall","title":"RAY 0-7 ATM | Rayo Vallecano v Atletico Madrid 28/08/2023, Stats - Flashscore.com | Match"}
[2026-08-16T06:10:58Z] Reading rendered DOM...
[2026-08-16T06:10:58Z] Executing extraction script for phase 0; length: 5174.
[2026-08-16T06:10:58Z] Script [extract] result prefix: {"schema_version":"1.3","section":"statistics_overall","statistic_period":"overall","source_url":"https://www.flashscore.com/match/football/atl-madrid-jaarqpLQ/rayo-vallecano-8bcjFy6O/summary/stats/overall/?mid=juCXBtBL","match_id":"juCXBtBL","collected_at_utc":"2026-08-16T06:10:58.303Z","page_title":"RAY 0-7 ATM | Rayo Vallecano v Atletico Madrid 28/08/2023, Stats - Flashscore.com | Match","competition":"WORLD CUP","status":"FINISHED","date_time":"28.08.2023 23:30","home_team":"Rayo Vallecano",
[2026-08-16T06:10:58Z] Stored overall statistics: 13 rows.
[2026-08-16T06:10:58Z] Merged section: statistics_overall
[2026-08-16T06:10:58Z] Opening 1st half statistics...
[2026-08-16T06:10:58Z] Navigate: https://www.flashscore.com/match/football/atl-madrid-jaarqpLQ/rayo-vallecano-8bcjFy6O/summary/stats/1st-half/?mid=juCXBtBL
[2026-08-16T06:11:01Z] Page loaded. Waiting for statistics DOM...
[2026-08-16T06:11:03Z] Script [readiness] result prefix: {"body_text_length":3247,"ready":true,"row_count":17,"section":"statistics_first_half","title":"RAY 0-7 ATM | Rayo Vallecano v Atletico Madrid 28/08/2023, Stats - Flashscore.com | Match"}
[2026-08-16T06:11:03Z] Reading rendered DOM...
[2026-08-16T06:11:03Z] Executing extraction script for phase 1; length: 5174.
[2026-08-16T06:11:03Z] Script [extract] result prefix: {"schema_version":"1.3","section":"statistics_first_half","statistic_period":"first_half","source_url":"https://www.flashscore.com/match/football/atl-madrid-jaarqpLQ/rayo-vallecano-8bcjFy6O/summary/stats/1st-half/?mid=juCXBtBL","match_id":"juCXBtBL","collected_at_utc":"2026-08-16T06:11:03.468Z","page_title":"RAY 0-7 ATM | Rayo Vallecano v Atletico Madrid 28/08/2023, Stats - Flashscore.com | Match","competition":"WORLD CUP","status":"FINISHED","date_time":"28.08.2023 23:30","home_team":"Rayo Vall
[2026-08-16T06:11:03Z] Stored first_half statistics: 13 rows.
[2026-08-16T06:11:03Z] Merged section: statistics_first_half
[2026-08-16T06:11:03Z] Opening 2nd half statistics...
[2026-08-16T06:11:03Z] Navigate: https://www.flashscore.com/match/football/atl-madrid-jaarqpLQ/rayo-vallecano-8bcjFy6O/summary/stats/2nd-half/?mid=juCXBtBL
[2026-08-16T06:11:05Z] Page loaded. Waiting for statistics DOM...
[2026-08-16T06:11:06Z] Script [readiness] result prefix: {"body_text_length":3246,"ready":true,"row_count":17,"section":"statistics_second_half","title":"RAY 0-7 ATM | Rayo Vallecano v Atletico Madrid 28/08/2023, Stats - Flashscore.com | Match"}
[2026-08-16T06:11:06Z] Reading rendered DOM...
[2026-08-16T06:11:06Z] Executing extraction script for phase 2; length: 5174.
[2026-08-16T06:11:07Z] Script [extract] result prefix: {"schema_version":"1.3","section":"statistics_second_half","statistic_period":"second_half","source_url":"https://www.flashscore.com/match/football/atl-madrid-jaarqpLQ/rayo-vallecano-8bcjFy6O/summary/stats/2nd-half/?mid=juCXBtBL","match_id":"juCXBtBL","collected_at_utc":"2026-08-16T06:11:07.034Z","page_title":"RAY 0-7 ATM | Rayo Vallecano v Atletico Madrid 28/08/2023, Stats - Flashscore.com | Match","competition":"WORLD CUP","status":"FINISHED","date_time":"28.08.2023 23:30","home_team":"Rayo Va
[2026-08-16T06:11:07Z] Stored second_half statistics: 13 rows.
[2026-08-16T06:11:07Z] Merged section: statistics_second_half
[2026-08-16T06:11:07Z] Opening lineups...
[2026-08-16T06:11:07Z] Navigate: https://www.flashscore.com/match/football/atl-madrid-jaarqpLQ/rayo-vallecano-8bcjFy6O/summary/lineups/?mid=juCXBtBL
[2026-08-16T06:11:09Z] Page loaded. Waiting for statistics DOM...
[2026-08-16T06:11:10Z] Script [readiness] result prefix: {"body_text_length":4346,"ready":true,"row_count":120,"section":"lineups","title":"RAY 0-7 ATM | Rayo Vallecano v Atletico Madrid 28/08/2023, Lineups - Flashscore.com | Match"}
[2026-08-16T06:11:10Z] Reading rendered DOM...
[2026-08-16T06:11:10Z] Executing extraction script for phase 4; length: 20701.
[2026-08-16T06:11:10Z] Script [extract] result prefix: {"schema_version":"1.3","section":"lineups","statistic_period":null,"source_url":"https://www.flashscore.com/match/football/atl-madrid-jaarqpLQ/rayo-vallecano-8bcjFy6O/summary/lineups/?mid=juCXBtBL","match_id":"juCXBtBL","collected_at_utc":"2026-08-16T06:11:10.836Z","page_title":"RAY 0-7 ATM | Rayo Vallecano v Atletico Madrid 28/08/2023, Lineups - Flashscore.com | Match","competition":"WORLD CUP","status":"FINISHED","date_time":"28.08.2023 23:30","home_team":"Rayo Vallecano","away_team":"Atl. Ma
[2026-08-16T06:11:10Z] Merged section: lineups
[2026-08-16T06:11:10Z] Spanish LaLiga 2023/2024: Player Stats are unavailable in the source profile.
[2026-08-16T06:11:10Z] Marked all Player Stats categories as not_available; collection continues.
[2026-08-16T06:11:11Z] Opening commentary...
[2026-08-16T06:11:11Z] Navigate: https://www.flashscore.com/match/football/atl-madrid-jaarqpLQ/rayo-vallecano-8bcjFy6O/summary/live-commentary/?mid=juCXBtBL
[2026-08-16T06:11:12Z] Page loaded. Waiting for statistics DOM...
[2026-08-16T06:11:14Z] Script [readiness] result prefix: {"body_text_length":15975,"ready":true,"row_count":292,"section":"commentary","title":"RAY 0-7 ATM | Rayo Vallecano v Atletico Madrid 28/08/2023 | Football - Flashscore | Match"}
[2026-08-16T06:11:14Z] Reading rendered DOM...
[2026-08-16T06:11:14Z] Executing extraction script for phase 12; length: 11834.
[2026-08-16T06:11:14Z] Script [extract] result prefix: {"schema_version":"1.3","section":"commentary","statistic_period":null,"source_url":"https://www.flashscore.com/match/football/atl-madrid-jaarqpLQ/rayo-vallecano-8bcjFy6O/summary/live-commentary/all-comments/?mid=juCXBtBL","match_id":"juCXBtBL","collected_at_utc":"2026-08-16T06:11:14.398Z","page_title":"RAY 0-7 ATM | Rayo Vallecano v Atletico Madrid 28/08/2023 | Football - Flashscore | Match","competition":"WORLD CUP","status":"FINISHED","date_time":"28.08.2023 23:30","home_team":"Rayo Vallecano
[2026-08-16T06:11:14Z] Merged section: commentary
[2026-08-16T06:11:14Z] Saving complete match JSON...
[2026-08-16T06:11:14Z] Player Stats category unavailable; status=not_available: top_stats
[2026-08-16T06:11:14Z] Player Stats category unavailable; status=not_available: shots
[2026-08-16T06:11:14Z] Player Stats category unavailable; status=not_available: attack
[2026-08-16T06:11:14Z] Player Stats category unavailable; status=not_available: passes
[2026-08-16T06:11:14Z] Player Stats category unavailable; status=not_available: defense
[2026-08-16T06:11:14Z] Player Stats category unavailable; status=not_available: goalkeeping
[2026-08-16T06:11:14Z] Player Stats category unavailable; status=not_available: general
[2026-08-16T06:11:14Z] Structured goals, cards and VAR events enriched.
[2026-08-16T06:11:14Z] Saved match JSON with 13 statistics: G:\Mirza\VSCode\FlashscoreFootballCollector_\Data\Matches\LaLiga\2023_2024\2023-08-28_Rayo_Vallecano_vs_Atl._Madrid_juCXBtBL.json
[2026-08-16T06:11:14Z] Finished: 2023-08-28_Rayo_Vallecano_vs_Atl._Madrid_juCXBtBL.json
[2026-08-16T06:11:14Z] Opening overall statistics...
[2026-08-16T06:11:14Z] Navigate: https://www.flashscore.com/match/football/cadiz-hdWjLJUJ/villarreal-lUatW5jE/summary/stats/overall/?mid=AkS6QuQE
[2026-08-16T06:11:16Z] Page loaded. Waiting for statistics DOM...
[2026-08-16T06:11:18Z] Script [readiness] result prefix: {"body_text_length":3213,"ready":true,"row_count":18,"section":"statistics_overall","title":"CAD 3-1 VIL | Cadiz CF v Villarreal 01/09/2023, Stats - Flashscore.com | Match"}
[2026-08-16T06:11:18Z] Reading rendered DOM...
[2026-08-16T06:11:18Z] Executing extraction script for phase 0; length: 5174.
[2026-08-16T06:11:18Z] Script [extract] result prefix: {"schema_version":"1.3","section":"statistics_overall","statistic_period":"overall","source_url":"https://www.flashscore.com/match/football/cadiz-hdWjLJUJ/villarreal-lUatW5jE/summary/stats/overall/?mid=AkS6QuQE","match_id":"AkS6QuQE","collected_at_utc":"2026-08-16T06:11:18.461Z","page_title":"CAD 3-1 VIL | Cadiz CF v Villarreal 01/09/2023, Stats - Flashscore.com | Match","competition":"WORLD CUP","status":"FINISHED","date_time":"01.09.2023 21:30","home_team":"Cadiz CF","away_team":"Villarreal","
[2026-08-16T06:11:18Z] Stored overall statistics: 14 rows.
[2026-08-16T06:11:18Z] Merged section: statistics_overall
[2026-08-16T06:11:18Z] Opening 1st half statistics...
[2026-08-16T06:11:18Z] Navigate: https://www.flashscore.com/match/football/cadiz-hdWjLJUJ/villarreal-lUatW5jE/summary/stats/1st-half/?mid=AkS6QuQE
[2026-08-16T06:11:20Z] Page loaded. Waiting for statistics DOM...
[2026-08-16T06:11:22Z] Script [readiness] result prefix: {"body_text_length":3211,"ready":true,"row_count":18,"section":"statistics_first_half","title":"CAD 3-1 VIL | Cadiz CF v Villarreal 01/09/2023, Stats - Flashscore.com | Match"}
[2026-08-16T06:11:22Z] Reading rendered DOM...
[2026-08-16T06:11:22Z] Executing extraction script for phase 1; length: 5174.
[2026-08-16T06:11:22Z] Script [extract] result prefix: {"schema_version":"1.3","section":"statistics_first_half","statistic_period":"first_half","source_url":"https://www.flashscore.com/match/football/cadiz-hdWjLJUJ/villarreal-lUatW5jE/summary/stats/1st-half/?mid=AkS6QuQE","match_id":"AkS6QuQE","collected_at_utc":"2026-08-16T06:11:22.517Z","page_title":"CAD 3-1 VIL | Cadiz CF v Villarreal 01/09/2023, Stats - Flashscore.com | Match","competition":"WORLD CUP","status":"FINISHED","date_time":"01.09.2023 21:30","home_team":"Cadiz CF","away_team":"Villar
[2026-08-16T06:11:22Z] Stored first_half statistics: 14 rows.
[2026-08-16T06:11:22Z] Merged section: statistics_first_half
[2026-08-16T06:11:22Z] Opening 2nd half statistics...
[2026-08-16T06:11:22Z] Navigate: https://www.flashscore.com/match/football/cadiz-hdWjLJUJ/villarreal-lUatW5jE/summary/stats/2nd-half/?mid=AkS6QuQE
[2026-08-16T06:11:24Z] Page loaded. Waiting for statistics DOM...
[2026-08-16T06:11:25Z] Script [readiness] result prefix: {"body_text_length":3173,"ready":true,"row_count":17,"section":"statistics_second_half","title":"CAD 3-1 VIL | Cadiz CF v Villarreal 01/09/2023, Stats - Flashscore.com | Match"}
[2026-08-16T06:11:25Z] Reading rendered DOM...
[2026-08-16T06:11:25Z] Executing extraction script for phase 2; length: 5174.
[2026-08-16T06:11:25Z] Script [extract] result prefix: {"schema_version":"1.3","section":"statistics_second_half","statistic_period":"second_half","source_url":"https://www.flashscore.com/match/football/cadiz-hdWjLJUJ/villarreal-lUatW5jE/summary/stats/2nd-half/?mid=AkS6QuQE","match_id":"AkS6QuQE","collected_at_utc":"2026-08-16T06:11:25.916Z","page_title":"CAD 3-1 VIL | Cadiz CF v Villarreal 01/09/2023, Stats - Flashscore.com | Match","competition":"WORLD CUP","status":"FINISHED","date_time":"01.09.2023 21:30","home_team":"Cadiz CF","away_team":"Vill
[2026-08-16T06:11:25Z] Stored second_half statistics: 13 rows.
[2026-08-16T06:11:25Z] Merged section: statistics_second_half
[2026-08-16T06:11:26Z] Opening lineups...
[2026-08-16T06:11:26Z] Navigate: https://www.flashscore.com/match/football/cadiz-hdWjLJUJ/villarreal-lUatW5jE/summary/lineups/?mid=AkS6QuQE
[2026-08-16T06:11:28Z] Page loaded. Waiting for statistics DOM...
[2026-08-16T06:11:30Z] Script [readiness] result prefix: {"body_text_length":4067,"ready":true,"row_count":111,"section":"lineups","title":"CAD 3-1 VIL | Cadiz CF v Villarreal 01/09/2023, Lineups - Flashscore.com | Match"}
[2026-08-16T06:11:30Z] Reading rendered DOM...
[2026-08-16T06:11:30Z] Executing extraction script for phase 4; length: 20701.
[2026-08-16T06:11:30Z] Script [extract] result prefix: {"schema_version":"1.3","section":"lineups","statistic_period":null,"source_url":"https://www.flashscore.com/match/football/cadiz-hdWjLJUJ/villarreal-lUatW5jE/summary/lineups/?mid=AkS6QuQE","match_id":"AkS6QuQE","collected_at_utc":"2026-08-16T06:11:30.336Z","page_title":"CAD 3-1 VIL | Cadiz CF v Villarreal 01/09/2023, Lineups - Flashscore.com | Match","competition":"WORLD CUP","status":"FINISHED","date_time":"01.09.2023 21:30","home_team":"Cadiz CF","away_team":"Villarreal","score":{"home":"3","
[2026-08-16T06:11:30Z] Merged section: lineups
[2026-08-16T06:11:30Z] Spanish LaLiga 2023/2024: Player Stats are unavailable in the source profile.
[2026-08-16T06:11:30Z] Marked all Player Stats categories as not_available; collection continues.
[2026-08-16T06:11:30Z] Opening commentary...
[2026-08-16T06:11:30Z] Navigate: https://www.flashscore.com/match/football/cadiz-hdWjLJUJ/villarreal-lUatW5jE/summary/live-commentary/?mid=AkS6QuQE
[2026-08-16T06:11:32Z] Page loaded. Waiting for statistics DOM...
[2026-08-16T06:11:33Z] Script [readiness] result prefix: {"body_text_length":2658,"ready":false,"row_count":0,"section":"commentary","title":"CAD 3-1 VIL | Cadiz CF v Villarreal 01/09/2023 | Football - Flashscore | Match"}
[2026-08-16T06:11:33Z] DOM not ready; statistic rows: 0
[2026-08-16T06:11:35Z] Script [readiness] result prefix: {"body_text_length":10805,"ready":true,"row_count":239,"section":"commentary","title":"CAD 3-1 VIL | Cadiz CF v Villarreal 01/09/2023 | Football - Flashscore | Match"}
[2026-08-16T06:11:35Z] Reading rendered DOM...
[2026-08-16T06:11:35Z] Executing extraction script for phase 12; length: 11834.
[2026-08-16T06:11:35Z] Script [extract] result prefix: {"schema_version":"1.3","section":"commentary","statistic_period":null,"source_url":"https://www.flashscore.com/match/football/cadiz-hdWjLJUJ/villarreal-lUatW5jE/summary/live-commentary/all-comments/?mid=AkS6QuQE","match_id":"AkS6QuQE","collected_at_utc":"2026-08-16T06:11:35.296Z","page_title":"CAD 3-1 VIL | Cadiz CF v Villarreal 01/09/2023 | Football - Flashscore | Match","competition":"WORLD CUP","status":"FINISHED","date_time":"01.09.2023 21:30","home_team":"Cadiz CF","away_team":"Villarreal"
[2026-08-16T06:11:35Z] Merged section: commentary
[2026-08-16T06:11:35Z] Saving complete match JSON...
[2026-08-16T06:11:35Z] Player Stats category unavailable; status=not_available: top_stats
[2026-08-16T06:11:35Z] Player Stats category unavailable; status=not_available: shots
[2026-08-16T06:11:35Z] Player Stats category unavailable; status=not_available: attack
[2026-08-16T06:11:35Z] Player Stats category unavailable; status=not_available: passes
[2026-08-16T06:11:35Z] Player Stats category unavailable; status=not_available: defense
[2026-08-16T06:11:35Z] Player Stats category unavailable; status=not_available: goalkeeping
[2026-08-16T06:11:35Z] Player Stats category unavailable; status=not_available: general
[2026-08-16T06:11:35Z] Structured goals, cards and VAR events enriched.
[2026-08-16T06:11:35Z] Saved match JSON with 14 statistics: G:\Mirza\VSCode\FlashscoreFootballCollector_\Data\Matches\LaLiga\2023_2024\2023-09-01_Cadiz_CF_vs_Villarreal_AkS6QuQE.json
[2026-08-16T06:11:35Z] Finished: 2023-09-01_Cadiz_CF_vs_Villarreal_AkS6QuQE.json
[2026-08-16T06:11:35Z] Opening overall statistics...
[2026-08-16T06:11:35Z] Navigate: https://www.flashscore.com/match/football/almeria-nF2Vy2D0/celta-vigo-8pvUZFhf/summary/stats/overall/?mid=4hyH3II1
[2026-08-16T06:11:41Z] Page loaded. Waiting for statistics DOM...
[2026-08-16T06:11:42Z] Script [readiness] result prefix: {"body_text_length":3194,"ready":true,"row_count":17,"section":"statistics_overall","title":"ALM 2-3 CEL | Almeria v Celta Vigo 01/09/2023, Stats - Flashscore.com | Match"}
[2026-08-16T06:11:42Z] Reading rendered DOM...
[2026-08-16T06:11:42Z] Executing extraction script for phase 0; length: 5174.
[2026-08-16T06:11:42Z] Script [extract] result prefix: {"schema_version":"1.3","section":"statistics_overall","statistic_period":"overall","source_url":"https://www.flashscore.com/match/football/almeria-nF2Vy2D0/celta-vigo-8pvUZFhf/summary/stats/overall/?mid=4hyH3II1","match_id":"4hyH3II1","collected_at_utc":"2026-08-16T06:11:42.635Z","page_title":"ALM 2-3 CEL | Almeria v Celta Vigo 01/09/2023, Stats - Flashscore.com | Match","competition":"WORLD CUP","status":"FINISHED","date_time":"02.09.2023 00:00","home_team":"Almeria","away_team":"Celta Vigo","
[2026-08-16T06:11:42Z] Stored overall statistics: 13 rows.
[2026-08-16T06:11:42Z] Merged section: statistics_overall
[2026-08-16T06:11:42Z] Opening 1st half statistics...
[2026-08-16T06:11:42Z] Navigate: https://www.flashscore.com/match/football/almeria-nF2Vy2D0/celta-vigo-8pvUZFhf/summary/stats/1st-half/?mid=4hyH3II1
[2026-08-16T06:11:44Z] Page loaded. Waiting for statistics DOM...
[2026-08-16T06:11:46Z] Script [readiness] result prefix: {"body_text_length":3188,"ready":true,"row_count":17,"section":"statistics_first_half","title":"ALM 2-3 CEL | Almeria v Celta Vigo 01/09/2023, Stats - Flashscore.com | Match"}
[2026-08-16T06:11:46Z] Reading rendered DOM...
[2026-08-16T06:11:46Z] Executing extraction script for phase 1; length: 5174.
[2026-08-16T06:11:46Z] Script [extract] result prefix: {"schema_version":"1.3","section":"statistics_first_half","statistic_period":"first_half","source_url":"https://www.flashscore.com/match/football/almeria-nF2Vy2D0/celta-vigo-8pvUZFhf/summary/stats/1st-half/?mid=4hyH3II1","match_id":"4hyH3II1","collected_at_utc":"2026-08-16T06:11:46.432Z","page_title":"ALM 2-3 CEL | Almeria v Celta Vigo 01/09/2023, Stats - Flashscore.com | Match","competition":"WORLD CUP","status":"FINISHED","date_time":"02.09.2023 00:00","home_team":"Almeria","away_team":"Celta 
[2026-08-16T06:11:46Z] Stored first_half statistics: 13 rows.
[2026-08-16T06:11:46Z] Merged section: statistics_first_half
[2026-08-16T06:11:46Z] Opening 2nd half statistics...
[2026-08-16T06:11:46Z] Navigate: https://www.flashscore.com/match/football/almeria-nF2Vy2D0/celta-vigo-8pvUZFhf/summary/stats/2nd-half/?mid=4hyH3II1
[2026-08-16T06:11:50Z] Page loaded. Waiting for statistics DOM...
[2026-08-16T06:11:51Z] Script [readiness] result prefix: {"body_text_length":3189,"ready":true,"row_count":17,"section":"statistics_second_half","title":"ALM 2-3 CEL | Almeria v Celta Vigo 01/09/2023, Stats - Flashscore.com | Match"}
[2026-08-16T06:11:51Z] Reading rendered DOM...
[2026-08-16T06:11:51Z] Executing extraction script for phase 2; length: 5174.
[2026-08-16T06:11:51Z] Script [extract] result prefix: {"schema_version":"1.3","section":"statistics_second_half","statistic_period":"second_half","source_url":"https://www.flashscore.com/match/football/almeria-nF2Vy2D0/celta-vigo-8pvUZFhf/summary/stats/2nd-half/?mid=4hyH3II1","match_id":"4hyH3II1","collected_at_utc":"2026-08-16T06:11:51.891Z","page_title":"ALM 2-3 CEL | Almeria v Celta Vigo 01/09/2023, Stats - Flashscore.com | Match","competition":"WORLD CUP","status":"FINISHED","date_time":"02.09.2023 00:00","home_team":"Almeria","away_team":"Celt
[2026-08-16T06:11:51Z] Stored second_half statistics: 13 rows.
[2026-08-16T06:11:51Z] Merged section: statistics_second_half
[2026-08-16T06:11:52Z] Opening lineups...
[2026-08-16T06:11:52Z] Navigate: https://www.flashscore.com/match/football/almeria-nF2Vy2D0/celta-vigo-8pvUZFhf/summary/lineups/?mid=4hyH3II1
[2026-08-16T06:11:55Z] Page loaded. Waiting for statistics DOM...
[2026-08-16T06:11:57Z] Script [readiness] result prefix: {"body_text_length":4175,"ready":true,"row_count":115,"section":"lineups","title":"ALM 2-3 CEL | Almeria v Celta Vigo 01/09/2023, Lineups - Flashscore.com | Match"}
[2026-08-16T06:11:57Z] Reading rendered DOM...
[2026-08-16T06:11:57Z] Executing extraction script for phase 4; length: 20701.
[2026-08-16T06:11:57Z] Script [extract] result prefix: {"schema_version":"1.3","section":"lineups","statistic_period":null,"source_url":"https://www.flashscore.com/match/football/almeria-nF2Vy2D0/celta-vigo-8pvUZFhf/summary/lineups/?mid=4hyH3II1","match_id":"4hyH3II1","collected_at_utc":"2026-08-16T06:11:57.335Z","page_title":"ALM 2-3 CEL | Almeria v Celta Vigo 01/09/2023, Lineups - Flashscore.com | Match","competition":"WORLD CUP","status":"FINISHED","date_time":"02.09.2023 00:00","home_team":"Almeria","away_team":"Celta Vigo","score":{"home":"2","
[2026-08-16T06:11:57Z] Merged section: lineups
[2026-08-16T06:11:57Z] Spanish LaLiga 2023/2024: Player Stats are unavailable in the source profile.
[2026-08-16T06:11:57Z] Marked all Player Stats categories as not_available; collection continues.
[2026-08-16T06:11:57Z] Opening commentary...
[2026-08-16T06:11:57Z] Navigate: https://www.flashscore.com/match/football/almeria-nF2Vy2D0/celta-vigo-8pvUZFhf/summary/live-commentary/?mid=4hyH3II1
[2026-08-16T06:12:00Z] Page loaded. Waiting for statistics DOM...
[2026-08-16T06:12:01Z] Script [readiness] result prefix: {"body_text_length":13175,"ready":true,"row_count":223,"section":"commentary","title":"ALM 2-3 CEL | Almeria v Celta Vigo 01/09/2023 | Football - Flashscore | Match"}
[2026-08-16T06:12:01Z] Reading rendered DOM...
[2026-08-16T06:12:01Z] Executing extraction script for phase 12; length: 11834.
[2026-08-16T06:12:01Z] Script [extract] result prefix: {"schema_version":"1.3","section":"commentary","statistic_period":null,"source_url":"https://www.flashscore.com/match/football/almeria-nF2Vy2D0/celta-vigo-8pvUZFhf/summary/live-commentary/all-comments/?mid=4hyH3II1","match_id":"4hyH3II1","collected_at_utc":"2026-08-16T06:12:01.967Z","page_title":"ALM 2-3 CEL | Almeria v Celta Vigo 01/09/2023 | Football - Flashscore | Match","competition":"WORLD CUP","status":"FINISHED","date_time":"02.09.2023 00:00","home_team":"Almeria","away_team":"Celta Vigo"
[2026-08-16T06:12:02Z] Merged section: commentary
[2026-08-16T06:12:02Z] Saving complete match JSON...
[2026-08-16T06:12:02Z] Player Stats category unavailable; status=not_available: top_stats
[2026-08-16T06:12:02Z] Player Stats category unavailable; status=not_available: shots
[2026-08-16T06:12:02Z] Player Stats category unavailable; status=not_available: attack
[2026-08-16T06:12:02Z] Player Stats category unavailable; status=not_available: passes
[2026-08-16T06:12:02Z] Player Stats category unavailable; status=not_available: defense
[2026-08-16T06:12:02Z] Player Stats category unavailable; status=not_available: goalkeeping
[2026-08-16T06:12:02Z] Player Stats category unavailable; status=not_available: general
[2026-08-16T06:12:02Z] Structured goals, cards and VAR events enriched.
[2026-08-16T06:12:02Z] Saved match JSON with 13 statistics: G:\Mirza\VSCode\FlashscoreFootballCollector_\Data\Matches\LaLiga\2023_2024\2023-09-02_Almeria_vs_Celta_Vigo_4hyH3II1.json
[2026-08-16T06:12:02Z] Finished: 2023-09-02_Almeria_vs_Celta_Vigo_4hyH3II1.json
[2026-08-16T06:12:03Z] Opening overall statistics...
[2026-08-16T06:12:03Z] Navigate: https://www.flashscore.com/match/football/granada-cf-EXuxl1xP/real-sociedad-jNvak2f3/summary/stats/overall/?mid=rcFgHym1
[2026-08-16T06:12:05Z] Page loaded. Waiting for statistics DOM...
[2026-08-16T06:12:07Z] Script [readiness] result prefix: {"body_text_length":3224,"ready":true,"row_count":17,"section":"statistics_overall","title":"RSO 5-3 GRA | Real Sociedad v Granada CF 02/09/2023, Stats - Flashscore.com | Match"}
[2026-08-16T06:12:07Z] Reading rendered DOM...
[2026-08-16T06:12:07Z] Executing extraction script for phase 0; length: 5174.
[2026-08-16T06:12:07Z] Script [extract] result prefix: {"schema_version":"1.3","section":"statistics_overall","statistic_period":"overall","source_url":"https://www.flashscore.com/match/football/granada-cf-EXuxl1xP/real-sociedad-jNvak2f3/summary/stats/overall/?mid=rcFgHym1","match_id":"rcFgHym1","collected_at_utc":"2026-08-16T06:12:07.296Z","page_title":"RSO 5-3 GRA | Real Sociedad v Granada CF 02/09/2023, Stats - Flashscore.com | Match","competition":"WORLD CUP","status":"FINISHED","date_time":"02.09.2023 16:00","home_team":"Real Sociedad","away_te
[2026-08-16T06:12:07Z] Stored overall statistics: 13 rows.
[2026-08-16T06:12:07Z] Merged section: statistics_overall
[2026-08-16T06:12:07Z] Opening 1st half statistics...
[2026-08-16T06:12:07Z] Navigate: https://www.flashscore.com/match/football/granada-cf-EXuxl1xP/real-sociedad-jNvak2f3/summary/stats/1st-half/?mid=rcFgHym1
[2026-08-16T06:12:09Z] Page loaded. Waiting for statistics DOM...
[2026-08-16T06:12:11Z] Script [readiness] result prefix: {"body_text_length":3218,"ready":true,"row_count":17,"section":"statistics_first_half","title":"RSO 5-3 GRA | Real Sociedad v Granada CF 02/09/2023, Stats - Flashscore.com | Match"}
[2026-08-16T06:12:11Z] Reading rendered DOM...
[2026-08-16T06:12:11Z] Executing extraction script for phase 1; length: 5174.
[2026-08-16T06:12:11Z] Script [extract] result prefix: {"schema_version":"1.3","section":"statistics_first_half","statistic_period":"first_half","source_url":"https://www.flashscore.com/match/football/granada-cf-EXuxl1xP/real-sociedad-jNvak2f3/summary/stats/1st-half/?mid=rcFgHym1","match_id":"rcFgHym1","collected_at_utc":"2026-08-16T06:12:11.342Z","page_title":"RSO 5-3 GRA | Real Sociedad v Granada CF 02/09/2023, Stats - Flashscore.com | Match","competition":"WORLD CUP","status":"FINISHED","date_time":"02.09.2023 16:00","home_team":"Real Sociedad","
[2026-08-16T06:12:11Z] Stored first_half statistics: 13 rows.
[2026-08-16T06:12:11Z] Merged section: statistics_first_half
[2026-08-16T06:12:11Z] Opening 2nd half statistics...
[2026-08-16T06:12:11Z] Navigate: https://www.flashscore.com/match/football/granada-cf-EXuxl1xP/real-sociedad-jNvak2f3/summary/stats/2nd-half/?mid=rcFgHym1
[2026-08-16T06:12:13Z] Page loaded. Waiting for statistics DOM...
[2026-08-16T06:12:15Z] Script [readiness] result prefix: {"body_text_length":3220,"ready":true,"row_count":17,"section":"statistics_second_half","title":"RSO 5-3 GRA | Real Sociedad v Granada CF 02/09/2023, Stats - Flashscore.com | Match"}
[2026-08-16T06:12:15Z] Reading rendered DOM...
[2026-08-16T06:12:15Z] Executing extraction script for phase 2; length: 5174.
[2026-08-16T06:12:15Z] Script [extract] result prefix: {"schema_version":"1.3","section":"statistics_second_half","statistic_period":"second_half","source_url":"https://www.flashscore.com/match/football/granada-cf-EXuxl1xP/real-sociedad-jNvak2f3/summary/stats/2nd-half/?mid=rcFgHym1","match_id":"rcFgHym1","collected_at_utc":"2026-08-16T06:12:15.471Z","page_title":"RSO 5-3 GRA | Real Sociedad v Granada CF 02/09/2023, Stats - Flashscore.com | Match","competition":"WORLD CUP","status":"FINISHED","date_time":"02.09.2023 16:00","home_team":"Real Sociedad"
[2026-08-16T06:12:15Z] Stored second_half statistics: 13 rows.
[2026-08-16T06:12:15Z] Merged section: statistics_second_half
[2026-08-16T06:12:15Z] Opening lineups...
[2026-08-16T06:12:15Z] Navigate: https://www.flashscore.com/match/football/granada-cf-EXuxl1xP/real-sociedad-jNvak2f3/summary/lineups/?mid=rcFgHym1
[2026-08-16T06:12:17Z] Page loaded. Waiting for statistics DOM...
[2026-08-16T06:12:19Z] Script [readiness] result prefix: {"body_text_length":2740,"ready":true,"row_count":1,"section":"lineups","title":"RSO 5-3 GRA | Real Sociedad v Granada CF 02/09/2023, Lineups - Flashscore.com | Match"}
[2026-08-16T06:12:19Z] Reading rendered DOM...
[2026-08-16T06:12:19Z] Executing extraction script for phase 4; length: 20701.
[2026-08-16T06:12:19Z] Script [extract] result prefix: {"schema_version":"1.3","section":"lineups","statistic_period":null,"source_url":"https://www.flashscore.com/match/football/granada-cf-EXuxl1xP/real-sociedad-jNvak2f3/summary/lineups/?mid=rcFgHym1","match_id":"rcFgHym1","collected_at_utc":"2026-08-16T06:12:19.771Z","page_title":"RSO 5-3 GRA | Real Sociedad v Granada CF 02/09/2023, Lineups - Flashscore.com | Match","competition":"WORLD CUP","status":"FINISHED","date_time":"02.09.2023 16:00","home_team":"Real Sociedad","away_team":"Granada CF","sc
[2026-08-16T06:12:19Z] Merged section: lineups
[2026-08-16T06:12:19Z] Spanish LaLiga 2023/2024: Player Stats are unavailable in the source profile.
[2026-08-16T06:12:20Z] Marked all Player Stats categories as not_available; collection continues.
[2026-08-16T06:12:20Z] Opening commentary...
[2026-08-16T06:12:20Z] Navigate: https://www.flashscore.com/match/football/granada-cf-EXuxl1xP/real-sociedad-jNvak2f3/summary/live-commentary/?mid=rcFgHym1
[2026-08-16T06:12:21Z] Page loaded. Waiting for statistics DOM...
[2026-08-16T06:12:23Z] Script [readiness] result prefix: {"body_text_length":13722,"ready":true,"row_count":263,"section":"commentary","title":"RSO 5-3 GRA | Real Sociedad v Granada CF 02/09/2023 | Football - Flashscore | Match"}
[2026-08-16T06:12:23Z] Reading rendered DOM...
[2026-08-16T06:12:23Z] Executing extraction script for phase 12; length: 11834.
[2026-08-16T06:12:23Z] Script [extract] result prefix: {"schema_version":"1.3","section":"commentary","statistic_period":null,"source_url":"https://www.flashscore.com/match/football/granada-cf-EXuxl1xP/real-sociedad-jNvak2f3/summary/live-commentary/all-comments/?mid=rcFgHym1","match_id":"rcFgHym1","collected_at_utc":"2026-08-16T06:12:23.598Z","page_title":"RSO 5-3 GRA | Real Sociedad v Granada CF 02/09/2023 | Football - Flashscore | Match","competition":"WORLD CUP","status":"FINISHED","date_time":"02.09.2023 16:00","home_team":"Real Sociedad","away_
[2026-08-16T06:12:23Z] Merged section: commentary
[2026-08-16T06:12:23Z] Saving complete match JSON...
[2026-08-16T06:12:23Z] Player Stats category unavailable; status=not_available: top_stats
[2026-08-16T06:12:23Z] Player Stats category unavailable; status=not_available: shots
[2026-08-16T06:12:23Z] Player Stats category unavailable; status=not_available: attack
[2026-08-16T06:12:23Z] Player Stats category unavailable; status=not_available: passes
[2026-08-16T06:12:24Z] Player Stats category unavailable; status=not_available: defense
[2026-08-16T06:12:24Z] Player Stats category unavailable; status=not_available: goalkeeping
[2026-08-16T06:12:24Z] Player Stats category unavailable; status=not_available: general
[2026-08-16T06:12:24Z] Structured goals, cards and VAR events enriched.
[2026-08-16T06:12:24Z] Saved match JSON with 13 statistics: G:\Mirza\VSCode\FlashscoreFootballCollector_\Data\Matches\LaLiga\2023_2024\2023-09-02_Real_Sociedad_vs_Granada_CF_rcFgHym1.json
[2026-08-16T06:12:24Z] Finished: 2023-09-02_Real_Sociedad_vs_Granada_CF_rcFgHym1.json
[2026-08-16T06:12:24Z] Opening overall statistics...
[2026-08-16T06:12:24Z] Navigate: https://www.flashscore.com/match/football/getafe-dboeiWOt/real-madrid-W8mj7MDD/summary/stats/overall/?mid=46GkIHXf
[2026-08-16T06:12:27Z] Page loaded. Waiting for statistics DOM...
[2026-08-16T06:12:28Z] Script [readiness] result prefix: {"body_text_length":3199,"ready":true,"row_count":17,"section":"statistics_overall","title":"RMA 2-1 GET | Real Madrid v Getafe 02/09/2023, Stats - Flashscore.com | Match"}
[2026-08-16T06:12:28Z] Reading rendered DOM...
[2026-08-16T06:12:28Z] Executing extraction script for phase 0; length: 5174.
[2026-08-16T06:12:28Z] Script [extract] result prefix: {"schema_version":"1.3","section":"statistics_overall","statistic_period":"overall","source_url":"https://www.flashscore.com/match/football/getafe-dboeiWOt/real-madrid-W8mj7MDD/summary/stats/overall/?mid=46GkIHXf","match_id":"46GkIHXf","collected_at_utc":"2026-08-16T06:12:28.679Z","page_title":"RMA 2-1 GET | Real Madrid v Getafe 02/09/2023, Stats - Flashscore.com | Match","competition":"WORLD CUP","status":"FINISHED","date_time":"02.09.2023 18:15","home_team":"Real Madrid","away_team":"Getafe","
[2026-08-16T06:12:28Z] Stored overall statistics: 13 rows.
[2026-08-16T06:12:28Z] Merged section: statistics_overall
[2026-08-16T06:12:28Z] Opening 1st half statistics...
[2026-08-16T06:12:28Z] Navigate: https://www.flashscore.com/match/football/getafe-dboeiWOt/real-madrid-W8mj7MDD/summary/stats/1st-half/?mid=46GkIHXf
[2026-08-16T06:12:30Z] Page loaded. Waiting for statistics DOM...
[2026-08-16T06:12:32Z] Script [readiness] result prefix: {"body_text_length":3187,"ready":true,"row_count":17,"section":"statistics_first_half","title":"RMA 2-1 GET | Real Madrid v Getafe 02/09/2023, Stats - Flashscore.com | Match"}
[2026-08-16T06:12:32Z] Reading rendered DOM...
[2026-08-16T06:12:32Z] Executing extraction script for phase 1; length: 5174.
[2026-08-16T06:12:32Z] Script [extract] result prefix: {"schema_version":"1.3","section":"statistics_first_half","statistic_period":"first_half","source_url":"https://www.flashscore.com/match/football/getafe-dboeiWOt/real-madrid-W8mj7MDD/summary/stats/1st-half/?mid=46GkIHXf","match_id":"46GkIHXf","collected_at_utc":"2026-08-16T06:12:32.274Z","page_title":"RMA 2-1 GET | Real Madrid v Getafe 02/09/2023, Stats - Flashscore.com | Match","competition":"WORLD CUP","status":"FINISHED","date_time":"02.09.2023 18:15","home_team":"Real Madrid","away_team":"Ge
[2026-08-16T06:12:32Z] Stored first_half statistics: 13 rows.
[2026-08-16T06:12:32Z] Merged section: statistics_first_half
[2026-08-16T06:12:32Z] Opening 2nd half statistics...
[2026-08-16T06:12:32Z] Navigate: https://www.flashscore.com/match/football/getafe-dboeiWOt/real-madrid-W8mj7MDD/summary/stats/2nd-half/?mid=46GkIHXf
[2026-08-16T06:12:34Z] Page loaded. Waiting for statistics DOM...
[2026-08-16T06:12:35Z] Script [readiness] result prefix: {"body_text_length":3168,"ready":true,"row_count":17,"section":"statistics_second_half","title":"RMA 2-1 GET | Real Madrid v Getafe 02/09/2023, Stats - Flashscore.com | Match"}
[2026-08-16T06:12:35Z] Reading rendered DOM...
[2026-08-16T06:12:36Z] Executing extraction script for phase 2; length: 5174.
[2026-08-16T06:12:36Z] Script [extract] result prefix: {"schema_version":"1.3","section":"statistics_second_half","statistic_period":"second_half","source_url":"https://www.flashscore.com/match/football/getafe-dboeiWOt/real-madrid-W8mj7MDD/summary/stats/2nd-half/?mid=46GkIHXf","match_id":"46GkIHXf","collected_at_utc":"2026-08-16T06:12:36.428Z","page_title":"RMA 2-1 GET | Real Madrid v Getafe 02/09/2023, Stats - Flashscore.com | Match","competition":"WORLD CUP","status":"FINISHED","date_time":"02.09.2023 18:15","home_team":"Real Madrid","away_team":"
[2026-08-16T06:12:36Z] Stored second_half statistics: 13 rows.
[2026-08-16T06:12:36Z] Merged section: statistics_second_half
[2026-08-16T06:12:36Z] Opening lineups...
[2026-08-16T06:12:36Z] Navigate: https://www.flashscore.com/match/football/getafe-dboeiWOt/real-madrid-W8mj7MDD/summary/lineups/?mid=46GkIHXf
[2026-08-16T06:12:39Z] Page loaded. Waiting for statistics DOM...
[2026-08-16T06:12:41Z] Script [readiness] result prefix: {"body_text_length":4313,"ready":true,"row_count":117,"section":"lineups","title":"RMA 2-1 GET | Real Madrid v Getafe 02/09/2023, Lineups - Flashscore.com | Match"}
[2026-08-16T06:12:41Z] Reading rendered DOM...
[2026-08-16T06:12:41Z] Executing extraction script for phase 4; length: 20701.
[2026-08-16T06:12:41Z] Script [extract] result prefix: {"schema_version":"1.3","section":"lineups","statistic_period":null,"source_url":"https://www.flashscore.com/match/football/getafe-dboeiWOt/real-madrid-W8mj7MDD/summary/lineups/?mid=46GkIHXf","match_id":"46GkIHXf","collected_at_utc":"2026-08-16T06:12:41.288Z","page_title":"RMA 2-1 GET | Real Madrid v Getafe 02/09/2023, Lineups - Flashscore.com | Match","competition":"WORLD CUP","status":"FINISHED","date_time":"02.09.2023 18:15","home_team":"Real Madrid","away_team":"Getafe","score":{"home":"2","
[2026-08-16T06:12:41Z] Merged section: lineups
[2026-08-16T06:12:41Z] Spanish LaLiga 2023/2024: Player Stats are unavailable in the source profile.
[2026-08-16T06:12:41Z] Marked all Player Stats categories as not_available; collection continues.
[2026-08-16T06:12:41Z] Opening commentary...
[2026-08-16T06:12:41Z] Navigate: https://www.flashscore.com/match/football/getafe-dboeiWOt/real-madrid-W8mj7MDD/summary/live-commentary/?mid=46GkIHXf
[2026-08-16T06:12:44Z] Page loaded. Waiting for statistics DOM...
[2026-08-16T06:12:45Z] Script [readiness] result prefix: {"body_text_length":14980,"ready":true,"row_count":282,"section":"commentary","title":"RMA 2-1 GET | Real Madrid v Getafe 02/09/2023 | Football - Flashscore | Match"}
[2026-08-16T06:12:45Z] Reading rendered DOM...
[2026-08-16T06:12:45Z] Executing extraction script for phase 12; length: 11834.
[2026-08-16T06:12:45Z] Script [extract] result prefix: {"schema_version":"1.3","section":"commentary","statistic_period":null,"source_url":"https://www.flashscore.com/match/football/getafe-dboeiWOt/real-madrid-W8mj7MDD/summary/live-commentary/all-comments/?mid=46GkIHXf","match_id":"46GkIHXf","collected_at_utc":"2026-08-16T06:12:45.877Z","page_title":"RMA 2-1 GET | Real Madrid v Getafe 02/09/2023 | Football - Flashscore | Match","competition":"WORLD CUP","status":"FINISHED","date_time":"02.09.2023 18:15","home_team":"Real Madrid","away_team":"Getafe"
[2026-08-16T06:12:45Z] Merged section: commentary
[2026-08-16T06:12:46Z] Saving complete match JSON...
[2026-08-16T06:12:46Z] Player Stats category unavailable; status=not_available: top_stats
[2026-08-16T06:12:46Z] Player Stats category unavailable; status=not_available: shots
[2026-08-16T06:12:46Z] Player Stats category unavailable; status=not_available: attack
[2026-08-16T06:12:46Z] Player Stats category unavailable; status=not_available: passes
[2026-08-16T06:12:46Z] Player Stats category unavailable; status=not_available: defense
[2026-08-16T06:12:46Z] Player Stats category unavailable; status=not_available: goalkeeping
[2026-08-16T06:12:47Z] Player Stats category unavailable; status=not_available: general
[2026-08-16T06:12:47Z] Structured goals, cards and VAR events enriched.
[2026-08-16T06:12:47Z] Saved match JSON with 13 statistics: G:\Mirza\VSCode\FlashscoreFootballCollector_\Data\Matches\LaLiga\2023_2024\2023-09-02_Real_Madrid_vs_Getafe_46GkIHXf.json
[2026-08-16T06:12:47Z] Finished: 2023-09-02_Real_Madrid_vs_Getafe_46GkIHXf.json
[2026-08-16T06:12:47Z] Opening overall statistics...
[2026-08-16T06:12:47Z] Navigate: https://www.flashscore.com/match/football/alaves-hxt57t2q/valencia-CQeaytrD/summary/stats/overall/?mid=6HLFOJfR
[2026-08-16T06:12:50Z] Page loaded. Waiting for statistics DOM...
[2026-08-16T06:12:51Z] Script [readiness] result prefix: {"body_text_length":3175,"ready":true,"row_count":17,"section":"statistics_overall","title":"ALA 1-0 VAL | Alaves v Valencia 02/09/2023, Stats - Flashscore.com | Match"}
[2026-08-16T06:12:51Z] Reading rendered DOM...
[2026-08-16T06:12:51Z] Executing extraction script for phase 0; length: 5174.
[2026-08-16T06:12:51Z] Script [extract] result prefix: {"schema_version":"1.3","section":"statistics_overall","statistic_period":"overall","source_url":"https://www.flashscore.com/match/football/alaves-hxt57t2q/valencia-CQeaytrD/summary/stats/overall/?mid=6HLFOJfR","match_id":"6HLFOJfR","collected_at_utc":"2026-08-16T06:12:51.638Z","page_title":"ALA 1-0 VAL | Alaves v Valencia 02/09/2023, Stats - Flashscore.com | Match","competition":"WORLD CUP","status":"FINISHED","date_time":"02.09.2023 20:30","home_team":"Alaves","away_team":"Valencia","score":{"
[2026-08-16T06:12:51Z] Stored overall statistics: 13 rows.
[2026-08-16T06:12:51Z] Merged section: statistics_overall
[2026-08-16T06:12:51Z] Opening 1st half statistics...
[2026-08-16T06:12:51Z] Navigate: https://www.flashscore.com/match/football/alaves-hxt57t2q/valencia-CQeaytrD/summary/stats/1st-half/?mid=6HLFOJfR
[2026-08-16T06:12:54Z] Page loaded. Waiting for statistics DOM...
[2026-08-16T06:12:56Z] Script [readiness] result prefix: {"body_text_length":3174,"ready":true,"row_count":17,"section":"statistics_first_half","title":"ALA 1-0 VAL | Alaves v Valencia 02/09/2023, Stats - Flashscore.com | Match"}
[2026-08-16T06:12:56Z] Reading rendered DOM...
[2026-08-16T06:12:56Z] Executing extraction script for phase 1; length: 5174.
[2026-08-16T06:12:56Z] Script [extract] result prefix: {"schema_version":"1.3","section":"statistics_first_half","statistic_period":"first_half","source_url":"https://www.flashscore.com/match/football/alaves-hxt57t2q/valencia-CQeaytrD/summary/stats/1st-half/?mid=6HLFOJfR","match_id":"6HLFOJfR","collected_at_utc":"2026-08-16T06:12:56.239Z","page_title":"ALA 1-0 VAL | Alaves v Valencia 02/09/2023, Stats - Flashscore.com | Match","competition":"WORLD CUP","status":"FINISHED","date_time":"02.09.2023 20:30","home_team":"Alaves","away_team":"Valencia","sc
[2026-08-16T06:12:56Z] Stored first_half statistics: 13 rows.
[2026-08-16T06:12:56Z] Merged section: statistics_first_half
[2026-08-16T06:12:56Z] Opening 2nd half statistics...
[2026-08-16T06:12:56Z] Navigate: https://www.flashscore.com/match/football/alaves-hxt57t2q/valencia-CQeaytrD/summary/stats/2nd-half/?mid=6HLFOJfR
[2026-08-16T06:12:58Z] Page loaded. Waiting for statistics DOM...
[2026-08-16T06:13:00Z] Script [readiness] result prefix: {"body_text_length":3174,"ready":true,"row_count":17,"section":"statistics_second_half","title":"ALA 1-0 VAL | Alaves v Valencia 02/09/2023, Stats - Flashscore.com | Match"}
[2026-08-16T06:13:00Z] Reading rendered DOM...
[2026-08-16T06:13:00Z] Executing extraction script for phase 2; length: 5174.
[2026-08-16T06:13:00Z] Script [extract] result prefix: {"schema_version":"1.3","section":"statistics_second_half","statistic_period":"second_half","source_url":"https://www.flashscore.com/match/football/alaves-hxt57t2q/valencia-CQeaytrD/summary/stats/2nd-half/?mid=6HLFOJfR","match_id":"6HLFOJfR","collected_at_utc":"2026-08-16T06:13:00.208Z","page_title":"ALA 1-0 VAL | Alaves v Valencia 02/09/2023, Stats - Flashscore.com | Match","competition":"WORLD CUP","status":"FINISHED","date_time":"02.09.2023 20:30","home_team":"Alaves","away_team":"Valencia","
[2026-08-16T06:13:00Z] Stored second_half statistics: 13 rows.
[2026-08-16T06:13:00Z] Merged section: statistics_second_half
[2026-08-16T06:13:00Z] Opening lineups...
[2026-08-16T06:13:00Z] Navigate: https://www.flashscore.com/match/football/alaves-hxt57t2q/valencia-CQeaytrD/summary/lineups/?mid=6HLFOJfR
[2026-08-16T06:13:02Z] Page loaded. Waiting for statistics DOM...
[2026-08-16T06:13:04Z] Script [readiness] result prefix: {"body_text_length":4176,"ready":true,"row_count":117,"section":"lineups","title":"ALA 1-0 VAL | Alaves v Valencia 02/09/2023, Lineups - Flashscore.com | Match"}
[2026-08-16T06:13:04Z] Reading rendered DOM...
[2026-08-16T06:13:04Z] Executing extraction script for phase 4; length: 20701.
[2026-08-16T06:13:04Z] Script [extract] result prefix: {"schema_version":"1.3","section":"lineups","statistic_period":null,"source_url":"https://www.flashscore.com/match/football/alaves-hxt57t2q/valencia-CQeaytrD/summary/lineups/?mid=6HLFOJfR","match_id":"6HLFOJfR","collected_at_utc":"2026-08-16T06:13:04.476Z","page_title":"ALA 1-0 VAL | Alaves v Valencia 02/09/2023, Lineups - Flashscore.com | Match","competition":"WORLD CUP","status":"FINISHED","date_time":"02.09.2023 20:30","home_team":"Alaves","away_team":"Valencia","score":{"home":"1","away":"0"
[2026-08-16T06:13:04Z] Merged section: lineups
[2026-08-16T06:13:04Z] Spanish LaLiga 2023/2024: Player Stats are unavailable in the source profile.
[2026-08-16T06:13:04Z] Marked all Player Stats categories as not_available; collection continues.
[2026-08-16T06:13:04Z] Opening commentary...
[2026-08-16T06:13:04Z] Navigate: https://www.flashscore.com/match/football/alaves-hxt57t2q/valencia-CQeaytrD/summary/live-commentary/?mid=6HLFOJfR
[2026-08-16T06:13:06Z] Page loaded. Waiting for statistics DOM...
[2026-08-16T06:13:08Z] Script [readiness] result prefix: {"body_text_length":8467,"ready":true,"row_count":173,"section":"commentary","title":"ALA 1-0 VAL | Alaves v Valencia 02/09/2023 | Football - Flashscore | Match"}
[2026-08-16T06:13:08Z] Reading rendered DOM...
[2026-08-16T06:13:08Z] Executing extraction script for phase 12; length: 11834.
[2026-08-16T06:13:08Z] Script [extract] result prefix: {"schema_version":"1.3","section":"commentary","statistic_period":null,"source_url":"https://www.flashscore.com/match/football/alaves-hxt57t2q/valencia-CQeaytrD/summary/live-commentary/all-comments/?mid=6HLFOJfR","match_id":"6HLFOJfR","collected_at_utc":"2026-08-16T06:13:08.258Z","page_title":"ALA 1-0 VAL | Alaves v Valencia 02/09/2023 | Football - Flashscore | Match","competition":"WORLD CUP","status":"FINISHED","date_time":"02.09.2023 20:30","home_team":"Alaves","away_team":"Valencia","score":
[2026-08-16T06:13:08Z] Merged section: commentary
[2026-08-16T06:13:08Z] Saving complete match JSON...
[2026-08-16T06:13:08Z] Player Stats category unavailable; status=not_available: top_stats
[2026-08-16T06:13:08Z] Player Stats category unavailable; status=not_available: shots
[2026-08-16T06:13:08Z] Player Stats category unavailable; status=not_available: attack
[2026-08-16T06:13:08Z] Player Stats category unavailable; status=not_available: passes
[2026-08-16T06:13:08Z] Player Stats category unavailable; status=not_available: defense
[2026-08-16T06:13:08Z] Player Stats category unavailable; status=not_available: goalkeeping
[2026-08-16T06:13:08Z] Player Stats category unavailable; status=not_available: general
[2026-08-16T06:13:08Z] Structured goals, cards and VAR events enriched.
[2026-08-16T06:13:08Z] Saved match JSON with 13 statistics: G:\Mirza\VSCode\FlashscoreFootballCollector_\Data\Matches\LaLiga\2023_2024\2023-09-02_Alaves_vs_Valencia_6HLFOJfR.json
[2026-08-16T06:13:08Z] Finished: 2023-09-02_Alaves_vs_Valencia_6HLFOJfR.json
[2026-08-16T06:13:09Z] Opening overall statistics...
[2026-08-16T06:13:09Z] Navigate: https://www.flashscore.com/match/football/betis-vJbTeCGP/rayo-vallecano-8bcjFy6O/summary/stats/overall/?mid=WbT2RLA8
[2026-08-16T06:13:10Z] Page loaded. Waiting for statistics DOM...
[2026-08-16T06:13:12Z] Script [readiness] result prefix: {"body_text_length":3206,"ready":true,"row_count":17,"section":"statistics_overall","title":"BET 1-0 RAY | Betis v Rayo Vallecano 02/09/2023, Stats - Flashscore.com | Match"}
[2026-08-16T06:13:12Z] Reading rendered DOM...
[2026-08-16T06:13:12Z] Executing extraction script for phase 0; length: 5174.
[2026-08-16T06:13:12Z] Script [extract] result prefix: {"schema_version":"1.3","section":"statistics_overall","statistic_period":"overall","source_url":"https://www.flashscore.com/match/football/betis-vJbTeCGP/rayo-vallecano-8bcjFy6O/summary/stats/overall/?mid=WbT2RLA8","match_id":"WbT2RLA8","collected_at_utc":"2026-08-16T06:13:12.550Z","page_title":"BET 1-0 RAY | Betis v Rayo Vallecano 02/09/2023, Stats - Flashscore.com | Match","competition":"WORLD CUP","status":"FINISHED","date_time":"02.09.2023 23:00","home_team":"Betis","away_team":"Rayo Vallec
[2026-08-16T06:13:12Z] Stored overall statistics: 13 rows.
[2026-08-16T06:13:12Z] Merged section: statistics_overall
[2026-08-16T06:13:12Z] Opening 1st half statistics...
[2026-08-16T06:13:12Z] Navigate: https://www.flashscore.com/match/football/betis-vJbTeCGP/rayo-vallecano-8bcjFy6O/summary/stats/1st-half/?mid=WbT2RLA8
[2026-08-16T06:13:16Z] Page loaded. Waiting for statistics DOM...
[2026-08-16T06:13:18Z] Script [readiness] result prefix: {"body_text_length":3201,"ready":true,"row_count":17,"section":"statistics_first_half","title":"BET 1-0 RAY | Betis v Rayo Vallecano 02/09/2023, Stats - Flashscore.com | Match"}
[2026-08-16T06:13:18Z] Reading rendered DOM...
[2026-08-16T06:13:18Z] Executing extraction script for phase 1; length: 5174.
[2026-08-16T06:13:18Z] Script [extract] result prefix: {"schema_version":"1.3","section":"statistics_first_half","statistic_period":"first_half","source_url":"https://www.flashscore.com/match/football/betis-vJbTeCGP/rayo-vallecano-8bcjFy6O/summary/stats/1st-half/?mid=WbT2RLA8","match_id":"WbT2RLA8","collected_at_utc":"2026-08-16T06:13:18.102Z","page_title":"BET 1-0 RAY | Betis v Rayo Vallecano 02/09/2023, Stats - Flashscore.com | Match","competition":"WORLD CUP","status":"FINISHED","date_time":"02.09.2023 23:00","home_team":"Betis","away_team":"Rayo
[2026-08-16T06:13:18Z] Stored first_half statistics: 13 rows.
[2026-08-16T06:13:18Z] Merged section: statistics_first_half
[2026-08-16T06:13:18Z] Opening 2nd half statistics...
[2026-08-16T06:13:18Z] Navigate: https://www.flashscore.com/match/football/betis-vJbTeCGP/rayo-vallecano-8bcjFy6O/summary/stats/2nd-half/?mid=WbT2RLA8
[2026-08-16T06:13:20Z] Page loaded. Waiting for statistics DOM...
[2026-08-16T06:13:21Z] Script [readiness] result prefix: {"body_text_length":3181,"ready":true,"row_count":17,"section":"statistics_second_half","title":"BET 1-0 RAY | Betis v Rayo Vallecano 02/09/2023, Stats - Flashscore.com | Match"}
[2026-08-16T06:13:21Z] Reading rendered DOM...
[2026-08-16T06:13:21Z] Executing extraction script for phase 2; length: 5174.
[2026-08-16T06:13:22Z] Script [extract] result prefix: {"schema_version":"1.3","section":"statistics_second_half","statistic_period":"second_half","source_url":"https://www.flashscore.com/match/football/betis-vJbTeCGP/rayo-vallecano-8bcjFy6O/summary/stats/2nd-half/?mid=WbT2RLA8","match_id":"WbT2RLA8","collected_at_utc":"2026-08-16T06:13:22.021Z","page_title":"BET 1-0 RAY | Betis v Rayo Vallecano 02/09/2023, Stats - Flashscore.com | Match","competition":"WORLD CUP","status":"FINISHED","date_time":"02.09.2023 23:00","home_team":"Betis","away_team":"Ra
[2026-08-16T06:13:22Z] Stored second_half statistics: 13 rows.
[2026-08-16T06:13:22Z] Merged section: statistics_second_half
[2026-08-16T06:13:22Z] Opening lineups...
[2026-08-16T06:13:22Z] Navigate: https://www.flashscore.com/match/football/betis-vJbTeCGP/rayo-vallecano-8bcjFy6O/summary/lineups/?mid=WbT2RLA8
[2026-08-16T06:13:24Z] Page loaded. Waiting for statistics DOM...
[2026-08-16T06:13:26Z] Script [readiness] result prefix: {"body_text_length":4278,"ready":true,"row_count":119,"section":"lineups","title":"BET 1-0 RAY | Betis v Rayo Vallecano 02/09/2023, Lineups - Flashscore.com | Match"}
[2026-08-16T06:13:26Z] Reading rendered DOM...
[2026-08-16T06:13:26Z] Executing extraction script for phase 4; length: 20701.
[2026-08-16T06:13:26Z] Script [extract] result prefix: {"schema_version":"1.3","section":"lineups","statistic_period":null,"source_url":"https://www.flashscore.com/match/football/betis-vJbTeCGP/rayo-vallecano-8bcjFy6O/summary/lineups/?mid=WbT2RLA8","match_id":"WbT2RLA8","collected_at_utc":"2026-08-16T06:13:26.246Z","page_title":"BET 1-0 RAY | Betis v Rayo Vallecano 02/09/2023, Lineups - Flashscore.com | Match","competition":"WORLD CUP","status":"FINISHED","date_time":"02.09.2023 23:00","home_team":"Betis","away_team":"Rayo Vallecano","score":{"home"
[2026-08-16T06:13:26Z] Merged section: lineups
[2026-08-16T06:13:26Z] Spanish LaLiga 2023/2024: Player Stats are unavailable in the source profile.
[2026-08-16T06:13:26Z] Marked all Player Stats categories as not_available; collection continues.
[2026-08-16T06:13:26Z] Opening commentary...
[2026-08-16T06:13:26Z] Navigate: https://www.flashscore.com/match/football/betis-vJbTeCGP/rayo-vallecano-8bcjFy6O/summary/live-commentary/?mid=WbT2RLA8
[2026-08-16T06:13:28Z] Page loaded. Waiting for statistics DOM...
[2026-08-16T06:13:30Z] Script [readiness] result prefix: {"body_text_length":10765,"ready":true,"row_count":212,"section":"commentary","title":"BET 1-0 RAY | Betis v Rayo Vallecano 02/09/2023 | Football - Flashscore | Match"}
[2026-08-16T06:13:30Z] Reading rendered DOM...
[2026-08-16T06:13:30Z] Executing extraction script for phase 12; length: 11834.
[2026-08-16T06:13:30Z] Script [extract] result prefix: {"schema_version":"1.3","section":"commentary","statistic_period":null,"source_url":"https://www.flashscore.com/match/football/betis-vJbTeCGP/rayo-vallecano-8bcjFy6O/summary/live-commentary/all-comments/?mid=WbT2RLA8","match_id":"WbT2RLA8","collected_at_utc":"2026-08-16T06:13:30.571Z","page_title":"BET 1-0 RAY | Betis v Rayo Vallecano 02/09/2023 | Football - Flashscore | Match","competition":"WORLD CUP","status":"FINISHED","date_time":"02.09.2023 23:00","home_team":"Betis","away_team":"Rayo Vall
[2026-08-16T06:13:30Z] Merged section: commentary
[2026-08-16T06:13:30Z] Saving complete match JSON...
[2026-08-16T06:13:30Z] Player Stats category unavailable; status=not_available: top_stats
[2026-08-16T06:13:30Z] Player Stats category unavailable; status=not_available: shots
[2026-08-16T06:13:30Z] Player Stats category unavailable; status=not_available: attack
[2026-08-16T06:13:30Z] Player Stats category unavailable; status=not_available: passes
[2026-08-16T06:13:30Z] Player Stats category unavailable; status=not_available: defense
[2026-08-16T06:13:30Z] Player Stats category unavailable; status=not_available: goalkeeping
[2026-08-16T06:13:30Z] Player Stats category unavailable; status=not_available: general
[2026-08-16T06:13:30Z] Structured goals, cards and VAR events enriched.
[2026-08-16T06:13:30Z] Saved match JSON with 13 statistics: G:\Mirza\VSCode\FlashscoreFootballCollector_\Data\Matches\LaLiga\2023_2024\2023-09-02_Betis_vs_Rayo_Vallecano_WbT2RLA8.json
[2026-08-16T06:13:31Z] Finished: 2023-09-02_Betis_vs_Rayo_Vallecano_WbT2RLA8.json
[2026-08-16T06:13:31Z] Opening overall statistics...
[2026-08-16T06:13:31Z] Navigate: https://www.flashscore.com/match/football/girona-nNNpcUSL/las-palmas-IyRQC2vM/summary/stats/overall/?mid=SQMBPauL
[2026-08-16T06:13:33Z] Page loaded. Waiting for statistics DOM...
[2026-08-16T06:13:35Z] Script [readiness] result prefix: {"body_text_length":3190,"ready":true,"row_count":17,"section":"statistics_overall","title":"GIR 1-0 PAL | Girona v Las Palmas 03/09/2023, Stats - Flashscore.com | Match"}
[2026-08-16T06:13:35Z] Reading rendered DOM...
[2026-08-16T06:13:35Z] Executing extraction script for phase 0; length: 5174.
[2026-08-16T06:13:35Z] Script [extract] result prefix: {"schema_version":"1.3","section":"statistics_overall","statistic_period":"overall","source_url":"https://www.flashscore.com/match/football/girona-nNNpcUSL/las-palmas-IyRQC2vM/summary/stats/overall/?mid=SQMBPauL","match_id":"SQMBPauL","collected_at_utc":"2026-08-16T06:13:35.135Z","page_title":"GIR 1-0 PAL | Girona v Las Palmas 03/09/2023, Stats - Flashscore.com | Match","competition":"WORLD CUP","status":"FINISHED","date_time":"03.09.2023 16:00","home_team":"Girona","away_team":"Las Palmas","sco
[2026-08-16T06:13:35Z] Stored overall statistics: 13 rows.
[2026-08-16T06:13:35Z] Merged section: statistics_overall
[2026-08-16T06:13:35Z] Opening 1st half statistics...
[2026-08-16T06:13:35Z] Navigate: https://www.flashscore.com/match/football/girona-nNNpcUSL/las-palmas-IyRQC2vM/summary/stats/1st-half/?mid=SQMBPauL
[2026-08-16T06:13:37Z] Page loaded. Waiting for statistics DOM...
[2026-08-16T06:13:39Z] Script [readiness] result prefix: {"body_text_length":3182,"ready":true,"row_count":17,"section":"statistics_first_half","title":"GIR 1-0 PAL | Girona v Las Palmas 03/09/2023, Stats - Flashscore.com | Match"}
[2026-08-16T06:13:39Z] Reading rendered DOM...
[2026-08-16T06:13:39Z] Executing extraction script for phase 1; length: 5174.
[2026-08-16T06:13:39Z] Script [extract] result prefix: {"schema_version":"1.3","section":"statistics_first_half","statistic_period":"first_half","source_url":"https://www.flashscore.com/match/football/girona-nNNpcUSL/las-palmas-IyRQC2vM/summary/stats/1st-half/?mid=SQMBPauL","match_id":"SQMBPauL","collected_at_utc":"2026-08-16T06:13:39.423Z","page_title":"GIR 1-0 PAL | Girona v Las Palmas 03/09/2023, Stats - Flashscore.com | Match","competition":"WORLD CUP","status":"FINISHED","date_time":"03.09.2023 16:00","home_team":"Girona","away_team":"Las Palma
[2026-08-16T06:13:39Z] Stored first_half statistics: 13 rows.
[2026-08-16T06:13:39Z] Merged section: statistics_first_half
[2026-08-16T06:13:39Z] Opening 2nd half statistics...
[2026-08-16T06:13:39Z] Navigate: https://www.flashscore.com/match/football/girona-nNNpcUSL/las-palmas-IyRQC2vM/summary/stats/2nd-half/?mid=SQMBPauL
[2026-08-16T06:13:41Z] Page loaded. Waiting for statistics DOM...
[2026-08-16T06:13:42Z] Script [readiness] result prefix: {"body_text_length":3181,"ready":true,"row_count":17,"section":"statistics_second_half","title":"GIR 1-0 PAL | Girona v Las Palmas 03/09/2023, Stats - Flashscore.com | Match"}
[2026-08-16T06:13:42Z] Reading rendered DOM...
[2026-08-16T06:13:42Z] Executing extraction script for phase 2; length: 5174.
[2026-08-16T06:13:42Z] Script [extract] result prefix: {"schema_version":"1.3","section":"statistics_second_half","statistic_period":"second_half","source_url":"https://www.flashscore.com/match/football/girona-nNNpcUSL/las-palmas-IyRQC2vM/summary/stats/2nd-half/?mid=SQMBPauL","match_id":"SQMBPauL","collected_at_utc":"2026-08-16T06:13:42.909Z","page_title":"GIR 1-0 PAL | Girona v Las Palmas 03/09/2023, Stats - Flashscore.com | Match","competition":"WORLD CUP","status":"FINISHED","date_time":"03.09.2023 16:00","home_team":"Girona","away_team":"Las Pal
[2026-08-16T06:13:42Z] Stored second_half statistics: 13 rows.
[2026-08-16T06:13:43Z] Merged section: statistics_second_half
[2026-08-16T06:13:43Z] Opening lineups...
[2026-08-16T06:13:43Z] Navigate: https://www.flashscore.com/match/football/girona-nNNpcUSL/las-palmas-IyRQC2vM/summary/lineups/?mid=SQMBPauL
[2026-08-16T06:13:45Z] Page loaded. Waiting for statistics DOM...
[2026-08-16T06:13:47Z] Script [readiness] result prefix: {"body_text_length":4112,"ready":true,"row_count":114,"section":"lineups","title":"GIR 1-0 PAL | Girona v Las Palmas 03/09/2023, Lineups - Flashscore.com | Match"}
[2026-08-16T06:13:47Z] Reading rendered DOM...
[2026-08-16T06:13:47Z] Executing extraction script for phase 4; length: 20701.
[2026-08-16T06:13:47Z] Script [extract] result prefix: {"schema_version":"1.3","section":"lineups","statistic_period":null,"source_url":"https://www.flashscore.com/match/football/girona-nNNpcUSL/las-palmas-IyRQC2vM/summary/lineups/?mid=SQMBPauL","match_id":"SQMBPauL","collected_at_utc":"2026-08-16T06:13:47.657Z","page_title":"GIR 1-0 PAL | Girona v Las Palmas 03/09/2023, Lineups - Flashscore.com | Match","competition":"WORLD CUP","status":"FINISHED","date_time":"03.09.2023 16:00","home_team":"Girona","away_team":"Las Palmas","score":{"home":"1","awa
[2026-08-16T06:13:47Z] Merged section: lineups
[2026-08-16T06:13:47Z] Spanish LaLiga 2023/2024: Player Stats are unavailable in the source profile.
[2026-08-16T06:13:48Z] Marked all Player Stats categories as not_available; collection continues.
[2026-08-16T06:13:48Z] Opening commentary...
[2026-08-16T06:13:48Z] Navigate: https://www.flashscore.com/match/football/girona-nNNpcUSL/las-palmas-IyRQC2vM/summary/live-commentary/?mid=SQMBPauL
[2026-08-16T06:13:50Z] Page loaded. Waiting for statistics DOM...
[2026-08-16T06:13:51Z] Script [readiness] result prefix: {"body_text_length":11218,"ready":true,"row_count":213,"section":"commentary","title":"GIR 1-0 PAL | Girona v Las Palmas 03/09/2023 | Football - Flashscore | Match"}
[2026-08-16T06:13:51Z] Reading rendered DOM...
[2026-08-16T06:13:51Z] Executing extraction script for phase 12; length: 11834.
[2026-08-16T06:13:51Z] Script [extract] result prefix: {"schema_version":"1.3","section":"commentary","statistic_period":null,"source_url":"https://www.flashscore.com/match/football/girona-nNNpcUSL/las-palmas-IyRQC2vM/summary/live-commentary/all-comments/?mid=SQMBPauL","match_id":"SQMBPauL","collected_at_utc":"2026-08-16T06:13:51.633Z","page_title":"GIR 1-0 PAL | Girona v Las Palmas 03/09/2023 | Football - Flashscore | Match","competition":"WORLD CUP","status":"FINISHED","date_time":"03.09.2023 16:00","home_team":"Girona","away_team":"Las Palmas","s
[2026-08-16T06:13:51Z] Merged section: commentary
[2026-08-16T06:13:51Z] Saving complete match JSON...
[2026-08-16T06:13:51Z] Player Stats category unavailable; status=not_available: top_stats
[2026-08-16T06:13:51Z] Player Stats category unavailable; status=not_available: shots
[2026-08-16T06:13:51Z] Player Stats category unavailable; status=not_available: attack
[2026-08-16T06:13:51Z] Player Stats category unavailable; status=not_available: passes
[2026-08-16T06:13:51Z] Player Stats category unavailable; status=not_available: defense
[2026-08-16T06:13:51Z] Player Stats category unavailable; status=not_available: goalkeeping
[2026-08-16T06:13:52Z] Player Stats category unavailable; status=not_available: general
[2026-08-16T06:13:52Z] Structured goals, cards and VAR events enriched.
[2026-08-16T06:13:52Z] Saved match JSON with 13 statistics: G:\Mirza\VSCode\FlashscoreFootballCollector_\Data\Matches\LaLiga\2023_2024\2023-09-03_Girona_vs_Las_Palmas_SQMBPauL.json
[2026-08-16T06:13:52Z] Finished: 2023-09-03_Girona_vs_Las_Palmas_SQMBPauL.json
[2026-08-16T06:13:52Z] Opening overall statistics...
[2026-08-16T06:13:52Z] Navigate: https://www.flashscore.com/match/football/ath-bilbao-IP5zl0cJ/mallorca-4jDQxrbf/summary/stats/overall/?mid=Od8sKw3r
[2026-08-16T06:13:54Z] Page loaded. Waiting for statistics DOM...
[2026-08-16T06:13:56Z] Script [readiness] result prefix: {"body_text_length":3219,"ready":true,"row_count":17,"section":"statistics_overall","title":"MAL 0-0 BIL | Mallorca v Athletic Bilbao 03/09/2023, Stats - Flashscore.com | Match"}
[2026-08-16T06:13:56Z] Reading rendered DOM...
[2026-08-16T06:13:56Z] Executing extraction script for phase 0; length: 5174.
[2026-08-16T06:13:56Z] Script [extract] result prefix: {"schema_version":"1.3","section":"statistics_overall","statistic_period":"overall","source_url":"https://www.flashscore.com/match/football/ath-bilbao-IP5zl0cJ/mallorca-4jDQxrbf/summary/stats/overall/?mid=Od8sKw3r","match_id":"Od8sKw3r","collected_at_utc":"2026-08-16T06:13:56.114Z","page_title":"MAL 0-0 BIL | Mallorca v Athletic Bilbao 03/09/2023, Stats - Flashscore.com | Match","competition":"WORLD CUP","status":"FINISHED","date_time":"03.09.2023 18:15","home_team":"Mallorca","away_team":"Ath B
[2026-08-16T06:13:56Z] Stored overall statistics: 13 rows.
[2026-08-16T06:13:56Z] Merged section: statistics_overall
[2026-08-16T06:13:56Z] Opening 1st half statistics...
[2026-08-16T06:13:56Z] Navigate: https://www.flashscore.com/match/football/ath-bilbao-IP5zl0cJ/mallorca-4jDQxrbf/summary/stats/1st-half/?mid=Od8sKw3r
[2026-08-16T06:13:58Z] Page loaded. Waiting for statistics DOM...
[2026-08-16T06:13:59Z] Script [readiness] result prefix: {"body_text_length":3213,"ready":true,"row_count":17,"section":"statistics_first_half","title":"MAL 0-0 BIL | Mallorca v Athletic Bilbao 03/09/2023, Stats - Flashscore.com | Match"}
[2026-08-16T06:13:59Z] Reading rendered DOM...
[2026-08-16T06:13:59Z] Executing extraction script for phase 1; length: 5174.
[2026-08-16T06:14:00Z] Script [extract] result prefix: {"schema_version":"1.3","section":"statistics_first_half","statistic_period":"first_half","source_url":"https://www.flashscore.com/match/football/ath-bilbao-IP5zl0cJ/mallorca-4jDQxrbf/summary/stats/1st-half/?mid=Od8sKw3r","match_id":"Od8sKw3r","collected_at_utc":"2026-08-16T06:13:59.993Z","page_title":"MAL 0-0 BIL | Mallorca v Athletic Bilbao 03/09/2023, Stats - Flashscore.com | Match","competition":"WORLD CUP","status":"FINISHED","date_time":"03.09.2023 18:15","home_team":"Mallorca","away_team"
[2026-08-16T06:14:00Z] Stored first_half statistics: 13 rows.
[2026-08-16T06:14:00Z] Merged section: statistics_first_half
[2026-08-16T06:14:00Z] Opening 2nd half statistics...
[2026-08-16T06:14:00Z] Navigate: https://www.flashscore.com/match/football/ath-bilbao-IP5zl0cJ/mallorca-4jDQxrbf/summary/stats/2nd-half/?mid=Od8sKw3r
[2026-08-16T06:14:03Z] Page loaded. Waiting for statistics DOM...
[2026-08-16T06:14:04Z] Script [readiness] result prefix: {"body_text_length":3196,"ready":true,"row_count":16,"section":"statistics_second_half","title":"MAL 0-0 BIL | Mallorca v Athletic Bilbao 03/09/2023, Stats - Flashscore.com | Match"}
[2026-08-16T06:14:04Z] Reading rendered DOM...
[2026-08-16T06:14:04Z] Executing extraction script for phase 2; length: 5174.
[2026-08-16T06:14:04Z] Script [extract] result prefix: {"schema_version":"1.3","section":"statistics_second_half","statistic_period":"second_half","source_url":"https://www.flashscore.com/match/football/ath-bilbao-IP5zl0cJ/mallorca-4jDQxrbf/summary/stats/2nd-half/?mid=Od8sKw3r","match_id":"Od8sKw3r","collected_at_utc":"2026-08-16T06:14:04.837Z","page_title":"MAL 0-0 BIL | Mallorca v Athletic Bilbao 03/09/2023, Stats - Flashscore.com | Match","competition":"WORLD CUP","status":"FINISHED","date_time":"03.09.2023 18:15","home_team":"Mallorca","away_tea
[2026-08-16T06:14:04Z] Stored second_half statistics: 12 rows.
[2026-08-16T06:14:04Z] Merged section: statistics_second_half
[2026-08-16T06:14:04Z] Opening lineups...
[2026-08-16T06:14:04Z] Navigate: https://www.flashscore.com/match/football/ath-bilbao-IP5zl0cJ/mallorca-4jDQxrbf/summary/lineups/?mid=Od8sKw3r
[2026-08-16T06:14:07Z] Page loaded. Waiting for statistics DOM...
[2026-08-16T06:14:08Z] Script [readiness] result prefix: {"body_text_length":4317,"ready":true,"row_count":116,"section":"lineups","title":"MAL 0-0 BIL | Mallorca v Athletic Bilbao 03/09/2023, Lineups - Flashscore.com | Match"}
[2026-08-16T06:14:08Z] Reading rendered DOM...
[2026-08-16T06:14:08Z] Executing extraction script for phase 4; length: 20701.
[2026-08-16T06:14:08Z] Script [extract] result prefix: {"schema_version":"1.3","section":"lineups","statistic_period":null,"source_url":"https://www.flashscore.com/match/football/ath-bilbao-IP5zl0cJ/mallorca-4jDQxrbf/summary/lineups/?mid=Od8sKw3r","match_id":"Od8sKw3r","collected_at_utc":"2026-08-16T06:14:08.595Z","page_title":"MAL 0-0 BIL | Mallorca v Athletic Bilbao 03/09/2023, Lineups - Flashscore.com | Match","competition":"WORLD CUP","status":"FINISHED","date_time":"03.09.2023 18:15","home_team":"Mallorca","away_team":"Ath Bilbao","score":{"hom
[2026-08-16T06:14:08Z] Merged section: lineups
[2026-08-16T06:14:08Z] Spanish LaLiga 2023/2024: Player Stats are unavailable in the source profile.
[2026-08-16T06:14:08Z] Marked all Player Stats categories as not_available; collection continues.
[2026-08-16T06:14:08Z] Opening commentary...
[2026-08-16T06:14:08Z] Navigate: https://www.flashscore.com/match/football/ath-bilbao-IP5zl0cJ/mallorca-4jDQxrbf/summary/live-commentary/?mid=Od8sKw3r
[2026-08-16T06:14:11Z] Page loaded. Waiting for statistics DOM...
[2026-08-16T06:14:12Z] Script [readiness] result prefix: {"body_text_length":10392,"ready":true,"row_count":181,"section":"commentary","title":"MAL 0-0 BIL | Mallorca v Athletic Bilbao 03/09/2023 | Football - Flashscore | Match"}
[2026-08-16T06:14:12Z] Reading rendered DOM...
[2026-08-16T06:14:12Z] Executing extraction script for phase 12; length: 11834.
[2026-08-16T06:14:12Z] Script [extract] result prefix: {"schema_version":"1.3","section":"commentary","statistic_period":null,"source_url":"https://www.flashscore.com/match/football/ath-bilbao-IP5zl0cJ/mallorca-4jDQxrbf/summary/live-commentary/all-comments/?mid=Od8sKw3r","match_id":"Od8sKw3r","collected_at_utc":"2026-08-16T06:14:12.936Z","page_title":"MAL 0-0 BIL | Mallorca v Athletic Bilbao 03/09/2023 | Football - Flashscore | Match","competition":"WORLD CUP","status":"FINISHED","date_time":"03.09.2023 18:15","home_team":"Mallorca","away_team":"Ath
[2026-08-16T06:14:12Z] Merged section: commentary
[2026-08-16T06:14:13Z] Saving complete match JSON...
[2026-08-16T06:14:13Z] Player Stats category unavailable; status=not_available: top_stats
[2026-08-16T06:14:13Z] Player Stats category unavailable; status=not_available: shots
[2026-08-16T06:14:13Z] Player Stats category unavailable; status=not_available: attack
[2026-08-16T06:14:13Z] Player Stats category unavailable; status=not_available: passes
[2026-08-16T06:14:13Z] Player Stats category unavailable; status=not_available: defense
[2026-08-16T06:14:13Z] Player Stats category unavailable; status=not_available: goalkeeping
[2026-08-16T06:14:13Z] Player Stats category unavailable; status=not_available: general
[2026-08-16T06:14:13Z] Structured goals, cards and VAR events enriched.
[2026-08-16T06:14:13Z] Saved match JSON with 13 statistics: G:\Mirza\VSCode\FlashscoreFootballCollector_\Data\Matches\LaLiga\2023_2024\2023-09-03_Mallorca_vs_Ath_Bilbao_Od8sKw3r.json
[2026-08-16T06:14:13Z] Finished: 2023-09-03_Mallorca_vs_Ath_Bilbao_Od8sKw3r.json
[2026-08-16T06:14:13Z] Opening overall statistics...
[2026-08-16T06:14:13Z] Navigate: https://www.flashscore.com/match/football/barcelona-SKbpVP5K/osasuna-ETdxjU8a/summary/stats/overall/?mid=MsRpJcIl
[2026-08-16T06:14:14Z] Page loaded. Waiting for statistics DOM...
[2026-08-16T06:14:16Z] Script [readiness] result prefix: {"body_text_length":3206,"ready":true,"row_count":18,"section":"statistics_overall","title":"OSA 1-2 BAR | Osasuna v Barcelona 03/09/2023, Stats - Flashscore.com | Match"}
[2026-08-16T06:14:16Z] Reading rendered DOM...
[2026-08-16T06:14:16Z] Executing extraction script for phase 0; length: 5174.
[2026-08-16T06:14:16Z] Script [extract] result prefix: {"schema_version":"1.3","section":"statistics_overall","statistic_period":"overall","source_url":"https://www.flashscore.com/match/football/barcelona-SKbpVP5K/osasuna-ETdxjU8a/summary/stats/overall/?mid=MsRpJcIl","match_id":"MsRpJcIl","collected_at_utc":"2026-08-16T06:14:16.478Z","page_title":"OSA 1-2 BAR | Osasuna v Barcelona 03/09/2023, Stats - Flashscore.com | Match","competition":"WORLD CUP","status":"FINISHED","date_time":"03.09.2023 23:00","home_team":"Osasuna","away_team":"Barcelona","sco
[2026-08-16T06:14:16Z] Stored overall statistics: 14 rows.
[2026-08-16T06:14:16Z] Merged section: statistics_overall
[2026-08-16T06:14:16Z] Opening 1st half statistics...
[2026-08-16T06:14:16Z] Navigate: https://www.flashscore.com/match/football/barcelona-SKbpVP5K/osasuna-ETdxjU8a/summary/stats/1st-half/?mid=MsRpJcIl
[2026-08-16T06:14:18Z] Page loaded. Waiting for statistics DOM...
[2026-08-16T06:14:19Z] Script [readiness] result prefix: {"body_text_length":3187,"ready":true,"row_count":17,"section":"statistics_first_half","title":"OSA 1-2 BAR | Osasuna v Barcelona 03/09/2023, Stats - Flashscore.com | Match"}
[2026-08-16T06:14:19Z] Reading rendered DOM...
[2026-08-16T06:14:19Z] Executing extraction script for phase 1; length: 5174.
[2026-08-16T06:14:19Z] Script [extract] result prefix: {"schema_version":"1.3","section":"statistics_first_half","statistic_period":"first_half","source_url":"https://www.flashscore.com/match/football/barcelona-SKbpVP5K/osasuna-ETdxjU8a/summary/stats/1st-half/?mid=MsRpJcIl","match_id":"MsRpJcIl","collected_at_utc":"2026-08-16T06:14:19.936Z","page_title":"OSA 1-2 BAR | Osasuna v Barcelona 03/09/2023, Stats - Flashscore.com | Match","competition":"WORLD CUP","status":"FINISHED","date_time":"03.09.2023 23:00","home_team":"Osasuna","away_team":"Barcelon
[2026-08-16T06:14:20Z] Stored first_half statistics: 13 rows.
[2026-08-16T06:14:20Z] Merged section: statistics_first_half
[2026-08-16T06:14:20Z] Opening 2nd half statistics...
[2026-08-16T06:14:20Z] Navigate: https://www.flashscore.com/match/football/barcelona-SKbpVP5K/osasuna-ETdxjU8a/summary/stats/2nd-half/?mid=MsRpJcIl
[2026-08-16T06:14:22Z] Page loaded. Waiting for statistics DOM...
[2026-08-16T06:14:23Z] Script [readiness] result prefix: {"body_text_length":3204,"ready":true,"row_count":18,"section":"statistics_second_half","title":"OSA 1-2 BAR | Osasuna v Barcelona 03/09/2023, Stats - Flashscore.com | Match"}
[2026-08-16T06:14:23Z] Reading rendered DOM...
[2026-08-16T06:14:23Z] Executing extraction script for phase 2; length: 5174.
[2026-08-16T06:14:23Z] Script [extract] result prefix: {"schema_version":"1.3","section":"statistics_second_half","statistic_period":"second_half","source_url":"https://www.flashscore.com/match/football/barcelona-SKbpVP5K/osasuna-ETdxjU8a/summary/stats/2nd-half/?mid=MsRpJcIl","match_id":"MsRpJcIl","collected_at_utc":"2026-08-16T06:14:23.794Z","page_title":"OSA 1-2 BAR | Osasuna v Barcelona 03/09/2023, Stats - Flashscore.com | Match","competition":"WORLD CUP","status":"FINISHED","date_time":"03.09.2023 23:00","home_team":"Osasuna","away_team":"Barcel
[2026-08-16T06:14:23Z] Stored second_half statistics: 14 rows.
[2026-08-16T06:14:23Z] Merged section: statistics_second_half
[2026-08-16T06:14:24Z] Opening lineups...
[2026-08-16T06:14:24Z] Navigate: https://www.flashscore.com/match/football/barcelona-SKbpVP5K/osasuna-ETdxjU8a/summary/lineups/?mid=MsRpJcIl
[2026-08-16T06:14:27Z] Page loaded. Waiting for statistics DOM...
[2026-08-16T06:14:29Z] Script [readiness] result prefix: {"body_text_length":4206,"ready":true,"row_count":116,"section":"lineups","title":"OSA 1-2 BAR | Osasuna v Barcelona 03/09/2023, Lineups - Flashscore.com | Match"}
[2026-08-16T06:14:29Z] Reading rendered DOM...
[2026-08-16T06:14:29Z] Executing extraction script for phase 4; length: 20701.
[2026-08-16T06:14:29Z] Script [extract] result prefix: {"schema_version":"1.3","section":"lineups","statistic_period":null,"source_url":"https://www.flashscore.com/match/football/barcelona-SKbpVP5K/osasuna-ETdxjU8a/summary/lineups/?mid=MsRpJcIl","match_id":"MsRpJcIl","collected_at_utc":"2026-08-16T06:14:29.163Z","page_title":"OSA 1-2 BAR | Osasuna v Barcelona 03/09/2023, Lineups - Flashscore.com | Match","competition":"WORLD CUP","status":"FINISHED","date_time":"03.09.2023 23:00","home_team":"Osasuna","away_team":"Barcelona","score":{"home":"1","awa
[2026-08-16T06:14:29Z] Merged section: lineups
[2026-08-16T06:14:29Z] Spanish LaLiga 2023/2024: Player Stats are unavailable in the source profile.
[2026-08-16T06:14:29Z] Marked all Player Stats categories as not_available; collection continues.
[2026-08-16T06:14:29Z] Opening commentary...
[2026-08-16T06:14:29Z] Navigate: https://www.flashscore.com/match/football/barcelona-SKbpVP5K/osasuna-ETdxjU8a/summary/live-commentary/?mid=MsRpJcIl
[2026-08-16T06:14:32Z] Page loaded. Waiting for statistics DOM...
[2026-08-16T06:14:34Z] Script [readiness] result prefix: {"body_text_length":12711,"ready":true,"row_count":244,"section":"commentary","title":"OSA 1-2 BAR | Osasuna v Barcelona 03/09/2023 | Football - Flashscore | Match"}
[2026-08-16T06:14:34Z] Reading rendered DOM...
[2026-08-16T06:14:34Z] Executing extraction script for phase 12; length: 11834.
[2026-08-16T06:14:34Z] Script [extract] result prefix: {"schema_version":"1.3","section":"commentary","statistic_period":null,"source_url":"https://www.flashscore.com/match/football/barcelona-SKbpVP5K/osasuna-ETdxjU8a/summary/live-commentary/all-comments/?mid=MsRpJcIl","match_id":"MsRpJcIl","collected_at_utc":"2026-08-16T06:14:34.293Z","page_title":"OSA 1-2 BAR | Osasuna v Barcelona 03/09/2023 | Football - Flashscore | Match","competition":"WORLD CUP","status":"FINISHED","date_time":"03.09.2023 23:00","home_team":"Osasuna","away_team":"Barcelona","s
[2026-08-16T06:14:34Z] Merged section: commentary
[2026-08-16T06:14:34Z] Saving complete match JSON...
[2026-08-16T06:14:34Z] Player Stats category unavailable; status=not_available: top_stats
[2026-08-16T06:14:34Z] Player Stats category unavailable; status=not_available: shots
[2026-08-16T06:14:34Z] Player Stats category unavailable; status=not_available: attack
[2026-08-16T06:14:34Z] Player Stats category unavailable; status=not_available: passes
[2026-08-16T06:14:34Z] Player Stats category unavailable; status=not_available: defense
[2026-08-16T06:14:34Z] Player Stats category unavailable; status=not_available: goalkeeping
[2026-08-16T06:14:34Z] Player Stats category unavailable; status=not_available: general
[2026-08-16T06:14:34Z] Structured goals, cards and VAR events enriched.
[2026-08-16T06:14:34Z] Saved match JSON with 14 statistics: G:\Mirza\VSCode\FlashscoreFootballCollector_\Data\Matches\LaLiga\2023_2024\2023-09-03_Osasuna_vs_Barcelona_MsRpJcIl.json
[2026-08-16T06:14:34Z] Finished: 2023-09-03_Osasuna_vs_Barcelona_MsRpJcIl.json
[2026-08-16T06:14:34Z] Opening overall statistics...
[2026-08-16T06:14:34Z] Navigate: https://www.flashscore.com/match/football/alaves-hxt57t2q/rayo-vallecano-8bcjFy6O/summary/stats/overall/?mid=WdhRDNc6
[2026-08-16T06:14:36Z] Page loaded. Waiting for statistics DOM...
[2026-08-16T06:14:38Z] Script [readiness] result prefix: {"body_text_length":3211,"ready":true,"row_count":17,"section":"statistics_overall","title":"RAY 2-0 ALA | Rayo Vallecano v Alaves 15/09/2023, Stats - Flashscore.com | Match"}
[2026-08-16T06:14:38Z] Reading rendered DOM...
[2026-08-16T06:14:38Z] Executing extraction script for phase 0; length: 5174.
[2026-08-16T06:14:38Z] Script [extract] result prefix: {"schema_version":"1.3","section":"statistics_overall","statistic_period":"overall","source_url":"https://www.flashscore.com/match/football/alaves-hxt57t2q/rayo-vallecano-8bcjFy6O/summary/stats/overall/?mid=WdhRDNc6","match_id":"WdhRDNc6","collected_at_utc":"2026-08-16T06:14:38.170Z","page_title":"RAY 2-0 ALA | Rayo Vallecano v Alaves 15/09/2023, Stats - Flashscore.com | Match","competition":"WORLD CUP","status":"FINISHED","date_time":"15.09.2023 23:00","home_team":"Rayo Vallecano","away_team":"
[2026-08-16T06:14:38Z] Stored overall statistics: 13 rows.
[2026-08-16T06:14:38Z] Merged section: statistics_overall
[2026-08-16T06:14:38Z] Opening 1st half statistics...
[2026-08-16T06:14:38Z] Navigate: https://www.flashscore.com/match/football/alaves-hxt57t2q/rayo-vallecano-8bcjFy6O/summary/stats/1st-half/?mid=WdhRDNc6
[2026-08-16T06:14:40Z] Page loaded. Waiting for statistics DOM...
[2026-08-16T06:14:41Z] Script [readiness] result prefix: {"body_text_length":3203,"ready":true,"row_count":17,"section":"statistics_first_half","title":"RAY 2-0 ALA | Rayo Vallecano v Alaves 15/09/2023, Stats - Flashscore.com | Match"}
[2026-08-16T06:14:41Z] Reading rendered DOM...
[2026-08-16T06:14:41Z] Executing extraction script for phase 1; length: 5174.
[2026-08-16T06:14:41Z] Script [extract] result prefix: {"schema_version":"1.3","section":"statistics_first_half","statistic_period":"first_half","source_url":"https://www.flashscore.com/match/football/alaves-hxt57t2q/rayo-vallecano-8bcjFy6O/summary/stats/1st-half/?mid=WdhRDNc6","match_id":"WdhRDNc6","collected_at_utc":"2026-08-16T06:14:41.777Z","page_title":"RAY 2-0 ALA | Rayo Vallecano v Alaves 15/09/2023, Stats - Flashscore.com | Match","competition":"WORLD CUP","status":"FINISHED","date_time":"15.09.2023 23:00","home_team":"Rayo Vallecano","away_
[2026-08-16T06:14:42Z] Stored first_half statistics: 13 rows.
[2026-08-16T06:14:42Z] Merged section: statistics_first_half
[2026-08-16T06:14:42Z] Opening 2nd half statistics...
[2026-08-16T06:14:42Z] Navigate: https://www.flashscore.com/match/football/alaves-hxt57t2q/rayo-vallecano-8bcjFy6O/summary/stats/2nd-half/?mid=WdhRDNc6
[2026-08-16T06:14:44Z] Page loaded. Waiting for statistics DOM...
[2026-08-16T06:14:45Z] Script [readiness] result prefix: {"body_text_length":3207,"ready":true,"row_count":17,"section":"statistics_second_half","title":"RAY 2-0 ALA | Rayo Vallecano v Alaves 15/09/2023, Stats - Flashscore.com | Match"}
[2026-08-16T06:14:45Z] Reading rendered DOM...
[2026-08-16T06:14:45Z] Executing extraction script for phase 2; length: 5174.
[2026-08-16T06:14:45Z] Script [extract] result prefix: {"schema_version":"1.3","section":"statistics_second_half","statistic_period":"second_half","source_url":"https://www.flashscore.com/match/football/alaves-hxt57t2q/rayo-vallecano-8bcjFy6O/summary/stats/2nd-half/?mid=WdhRDNc6","match_id":"WdhRDNc6","collected_at_utc":"2026-08-16T06:14:45.620Z","page_title":"RAY 2-0 ALA | Rayo Vallecano v Alaves 15/09/2023, Stats - Flashscore.com | Match","competition":"WORLD CUP","status":"FINISHED","date_time":"15.09.2023 23:00","home_team":"Rayo Vallecano","awa
[2026-08-16T06:14:45Z] Stored second_half statistics: 13 rows.
[2026-08-16T06:14:45Z] Merged section: statistics_second_half
[2026-08-16T06:14:45Z] Opening lineups...
[2026-08-16T06:14:46Z] Navigate: https://www.flashscore.com/match/football/alaves-hxt57t2q/rayo-vallecano-8bcjFy6O/summary/lineups/?mid=WdhRDNc6
[2026-08-16T06:14:47Z] Page loaded. Waiting for statistics DOM...
[2026-08-16T06:14:49Z] Script [readiness] result prefix: {"body_text_length":4087,"ready":true,"row_count":114,"section":"lineups","title":"RAY 2-0 ALA | Rayo Vallecano v Alaves 15/09/2023, Lineups - Flashscore.com | Match"}
[2026-08-16T06:14:49Z] Reading rendered DOM...
[2026-08-16T06:14:49Z] Executing extraction script for phase 4; length: 20701.
[2026-08-16T06:14:49Z] Script [extract] result prefix: {"schema_version":"1.3","section":"lineups","statistic_period":null,"source_url":"https://www.flashscore.com/match/football/alaves-hxt57t2q/rayo-vallecano-8bcjFy6O/summary/lineups/?mid=WdhRDNc6","match_id":"WdhRDNc6","collected_at_utc":"2026-08-16T06:14:49.262Z","page_title":"RAY 2-0 ALA | Rayo Vallecano v Alaves 15/09/2023, Lineups - Flashscore.com | Match","competition":"WORLD CUP","status":"FINISHED","date_time":"15.09.2023 23:00","home_team":"Rayo Vallecano","away_team":"Alaves","score":{"ho
[2026-08-16T06:14:49Z] Merged section: lineups
[2026-08-16T06:14:49Z] Spanish LaLiga 2023/2024: Player Stats are unavailable in the source profile.
[2026-08-16T06:14:49Z] Marked all Player Stats categories as not_available; collection continues.
[2026-08-16T06:14:50Z] Opening commentary...
[2026-08-16T06:14:50Z] Navigate: https://www.flashscore.com/match/football/alaves-hxt57t2q/rayo-vallecano-8bcjFy6O/summary/live-commentary/?mid=WdhRDNc6
[2026-08-16T06:14:52Z] Page loaded. Waiting for statistics DOM...
[2026-08-16T06:14:53Z] Script [readiness] result prefix: {"body_text_length":12299,"ready":true,"row_count":239,"section":"commentary","title":"RAY 2-0 ALA | Rayo Vallecano v Alaves 15/09/2023 | Football - Flashscore | Match"}
[2026-08-16T06:14:53Z] Reading rendered DOM...
[2026-08-16T06:14:53Z] Executing extraction script for phase 12; length: 11834.
[2026-08-16T06:14:53Z] Script [extract] result prefix: {"schema_version":"1.3","section":"commentary","statistic_period":null,"source_url":"https://www.flashscore.com/match/football/alaves-hxt57t2q/rayo-vallecano-8bcjFy6O/summary/live-commentary/all-comments/?mid=WdhRDNc6","match_id":"WdhRDNc6","collected_at_utc":"2026-08-16T06:14:53.968Z","page_title":"RAY 2-0 ALA | Rayo Vallecano v Alaves 15/09/2023 | Football - Flashscore | Match","competition":"WORLD CUP","status":"FINISHED","date_time":"15.09.2023 23:00","home_team":"Rayo Vallecano","away_team"
[2026-08-16T06:14:54Z] Merged section: commentary
[2026-08-16T06:14:54Z] Saving complete match JSON...
[2026-08-16T06:14:54Z] Player Stats category unavailable; status=not_available: top_stats
[2026-08-16T06:14:54Z] Player Stats category unavailable; status=not_available: shots
[2026-08-16T06:14:54Z] Player Stats category unavailable; status=not_available: attack
[2026-08-16T06:14:54Z] Player Stats category unavailable; status=not_available: passes
[2026-08-16T06:14:54Z] Player Stats category unavailable; status=not_available: defense
[2026-08-16T06:14:54Z] Player Stats category unavailable; status=not_available: goalkeeping
[2026-08-16T06:14:54Z] Player Stats category unavailable; status=not_available: general
[2026-08-16T06:14:55Z] Structured goals, cards and VAR events enriched.
[2026-08-16T06:14:55Z] Saved match JSON with 13 statistics: G:\Mirza\VSCode\FlashscoreFootballCollector_\Data\Matches\LaLiga\2023_2024\2023-09-15_Rayo_Vallecano_vs_Alaves_WdhRDNc6.json
[2026-08-16T06:14:55Z] Finished: 2023-09-15_Rayo_Vallecano_vs_Alaves_WdhRDNc6.json
[2026-08-16T06:14:55Z] Opening overall statistics...
[2026-08-16T06:14:55Z] Navigate: https://www.flashscore.com/match/football/ath-bilbao-IP5zl0cJ/cadiz-hdWjLJUJ/summary/stats/overall/?mid=CWJcGe27
[2026-08-16T06:14:57Z] Page loaded. Waiting for statistics DOM...
[2026-08-16T06:14:58Z] Script [readiness] result prefix: {"body_text_length":3224,"ready":true,"row_count":17,"section":"statistics_overall","title":"BIL 3-0 CAD | Athletic Bilbao v Cadiz CF 16/09/2023, Stats - Flashscore.com | Match"}
[2026-08-16T06:14:58Z] Reading rendered DOM...
[2026-08-16T06:14:58Z] Executing extraction script for phase 0; length: 5174.
[2026-08-16T06:14:59Z] Script [extract] result prefix: {"schema_version":"1.3","section":"statistics_overall","statistic_period":"overall","source_url":"https://www.flashscore.com/match/football/ath-bilbao-IP5zl0cJ/cadiz-hdWjLJUJ/summary/stats/overall/?mid=CWJcGe27","match_id":"CWJcGe27","collected_at_utc":"2026-08-16T06:14:58.996Z","page_title":"BIL 3-0 CAD | Athletic Bilbao v Cadiz CF 16/09/2023, Stats - Flashscore.com | Match","competition":"WORLD CUP","status":"FINISHED","date_time":"16.09.2023 16:00","home_team":"Ath Bilbao","away_team":"Cadiz 
[2026-08-16T06:14:59Z] Stored overall statistics: 13 rows.
[2026-08-16T06:14:59Z] Merged section: statistics_overall
[2026-08-16T06:14:59Z] Opening 1st half statistics...
[2026-08-16T06:14:59Z] Navigate: https://www.flashscore.com/match/football/ath-bilbao-IP5zl0cJ/cadiz-hdWjLJUJ/summary/stats/1st-half/?mid=CWJcGe27
[2026-08-16T06:15:01Z] Page loaded. Waiting for statistics DOM...
[2026-08-16T06:15:02Z] Script [readiness] result prefix: {"body_text_length":3220,"ready":true,"row_count":17,"section":"statistics_first_half","title":"BIL 3-0 CAD | Athletic Bilbao v Cadiz CF 16/09/2023, Stats - Flashscore.com | Match"}
[2026-08-16T06:15:02Z] Reading rendered DOM...
[2026-08-16T06:15:02Z] Executing extraction script for phase 1; length: 5174.
[2026-08-16T06:15:02Z] Script [extract] result prefix: {"schema_version":"1.3","section":"statistics_first_half","statistic_period":"first_half","source_url":"https://www.flashscore.com/match/football/ath-bilbao-IP5zl0cJ/cadiz-hdWjLJUJ/summary/stats/1st-half/?mid=CWJcGe27","match_id":"CWJcGe27","collected_at_utc":"2026-08-16T06:15:02.727Z","page_title":"BIL 3-0 CAD | Athletic Bilbao v Cadiz CF 16/09/2023, Stats - Flashscore.com | Match","competition":"WORLD CUP","status":"FINISHED","date_time":"16.09.2023 16:00","home_team":"Ath Bilbao","away_team":
[2026-08-16T06:15:02Z] Stored first_half statistics: 13 rows.
[2026-08-16T06:15:02Z] Merged section: statistics_first_half
[2026-08-16T06:15:02Z] Opening 2nd half statistics...
[2026-08-16T06:15:02Z] Navigate: https://www.flashscore.com/match/football/ath-bilbao-IP5zl0cJ/cadiz-hdWjLJUJ/summary/stats/2nd-half/?mid=CWJcGe27
[2026-08-16T06:15:04Z] Page loaded. Waiting for statistics DOM...
[2026-08-16T06:15:06Z] Script [readiness] result prefix: {"body_text_length":3220,"ready":true,"row_count":17,"section":"statistics_second_half","title":"BIL 3-0 CAD | Athletic Bilbao v Cadiz CF 16/09/2023, Stats - Flashscore.com | Match"}
[2026-08-16T06:15:06Z] Reading rendered DOM...
[2026-08-16T06:15:06Z] Executing extraction script for phase 2; length: 5174.
[2026-08-16T06:15:06Z] Script [extract] result prefix: {"schema_version":"1.3","section":"statistics_second_half","statistic_period":"second_half","source_url":"https://www.flashscore.com/match/football/ath-bilbao-IP5zl0cJ/cadiz-hdWjLJUJ/summary/stats/2nd-half/?mid=CWJcGe27","match_id":"CWJcGe27","collected_at_utc":"2026-08-16T06:15:06.109Z","page_title":"BIL 3-0 CAD | Athletic Bilbao v Cadiz CF 16/09/2023, Stats - Flashscore.com | Match","competition":"WORLD CUP","status":"FINISHED","date_time":"16.09.2023 16:00","home_team":"Ath Bilbao","away_team
[2026-08-16T06:15:06Z] Stored second_half statistics: 13 rows.
[2026-08-16T06:15:06Z] Merged section: statistics_second_half
[2026-08-16T06:15:06Z] Opening lineups...
[2026-08-16T06:15:06Z] Navigate: https://www.flashscore.com/match/football/ath-bilbao-IP5zl0cJ/cadiz-hdWjLJUJ/summary/lineups/?mid=CWJcGe27
[2026-08-16T06:15:08Z] Page loaded. Waiting for statistics DOM...
[2026-08-16T06:15:09Z] Script [readiness] result prefix: {"body_text_length":4379,"ready":true,"row_count":120,"section":"lineups","title":"BIL 3-0 CAD | Athletic Bilbao v Cadiz CF 16/09/2023, Lineups - Flashscore.com | Match"}
[2026-08-16T06:15:09Z] Reading rendered DOM...
[2026-08-16T06:15:09Z] Executing extraction script for phase 4; length: 20701.
[2026-08-16T06:15:10Z] Script [extract] result prefix: {"schema_version":"1.3","section":"lineups","statistic_period":null,"source_url":"https://www.flashscore.com/match/football/ath-bilbao-IP5zl0cJ/cadiz-hdWjLJUJ/summary/lineups/?mid=CWJcGe27","match_id":"CWJcGe27","collected_at_utc":"2026-08-16T06:15:09.993Z","page_title":"BIL 3-0 CAD | Athletic Bilbao v Cadiz CF 16/09/2023, Lineups - Flashscore.com | Match","competition":"WORLD CUP","status":"FINISHED","date_time":"16.09.2023 16:00","home_team":"Ath Bilbao","away_team":"Cadiz CF","score":{"home":
[2026-08-16T06:15:10Z] Merged section: lineups
[2026-08-16T06:15:10Z] Spanish LaLiga 2023/2024: Player Stats are unavailable in the source profile.
[2026-08-16T06:15:10Z] Marked all Player Stats categories as not_available; collection continues.
[2026-08-16T06:15:10Z] Opening commentary...
[2026-08-16T06:15:10Z] Navigate: https://www.flashscore.com/match/football/ath-bilbao-IP5zl0cJ/cadiz-hdWjLJUJ/summary/live-commentary/?mid=CWJcGe27
[2026-08-16T06:15:13Z] Page loaded. Waiting for statistics DOM...
[2026-08-16T06:15:15Z] Script [readiness] result prefix: {"body_text_length":11093,"ready":true,"row_count":214,"section":"commentary","title":"BIL 3-0 CAD | Athletic Bilbao v Cadiz CF 16/09/2023 | Football - Flashscore | Match"}
[2026-08-16T06:15:15Z] Reading rendered DOM...
[2026-08-16T06:15:15Z] Executing extraction script for phase 12; length: 11834.
[2026-08-16T06:15:15Z] Script [extract] result prefix: {"schema_version":"1.3","section":"commentary","statistic_period":null,"source_url":"https://www.flashscore.com/match/football/ath-bilbao-IP5zl0cJ/cadiz-hdWjLJUJ/summary/live-commentary/all-comments/?mid=CWJcGe27","match_id":"CWJcGe27","collected_at_utc":"2026-08-16T06:15:15.315Z","page_title":"BIL 3-0 CAD | Athletic Bilbao v Cadiz CF 16/09/2023 | Football - Flashscore | Match","competition":"WORLD CUP","status":"FINISHED","date_time":"16.09.2023 16:00","home_team":"Ath Bilbao","away_team":"Cadi
[2026-08-16T06:15:15Z] Merged section: commentary
[2026-08-16T06:15:15Z] Saving complete match JSON...
[2026-08-16T06:15:15Z] Player Stats category unavailable; status=not_available: top_stats
[2026-08-16T06:15:15Z] Player Stats category unavailable; status=not_available: shots
[2026-08-16T06:15:15Z] Player Stats category unavailable; status=not_available: attack
[2026-08-16T06:15:15Z] Player Stats category unavailable; status=not_available: passes
[2026-08-16T06:15:15Z] Player Stats category unavailable; status=not_available: defense
[2026-08-16T06:15:15Z] Player Stats category unavailable; status=not_available: goalkeeping
[2026-08-16T06:15:15Z] Player Stats category unavailable; status=not_available: general
[2026-08-16T06:15:15Z] Structured goals, cards and VAR events enriched.
[2026-08-16T06:15:15Z] Saved match JSON with 13 statistics: G:\Mirza\VSCode\FlashscoreFootballCollector_\Data\Matches\LaLiga\2023_2024\2023-09-16_Ath_Bilbao_vs_Cadiz_CF_CWJcGe27.json
[2026-08-16T06:15:15Z] Finished: 2023-09-16_Ath_Bilbao_vs_Cadiz_CF_CWJcGe27.json
[2026-08-16T06:15:16Z] Opening overall statistics...
[2026-08-16T06:15:16Z] Navigate: https://www.flashscore.com/match/football/atl-madrid-jaarqpLQ/valencia-CQeaytrD/summary/stats/overall/?mid=ptjFGPDm
[2026-08-16T06:15:17Z] Page loaded. Waiting for statistics DOM...
[2026-08-16T06:15:19Z] Script [readiness] result prefix: {"body_text_length":3222,"ready":true,"row_count":17,"section":"statistics_overall","title":"VAL 3-0 ATM | Valencia v Atletico Madrid 16/09/2023, Stats - Flashscore.com | Match"}
[2026-08-16T06:15:19Z] Reading rendered DOM...
[2026-08-16T06:15:19Z] Executing extraction script for phase 0; length: 5174.
[2026-08-16T06:15:19Z] Script [extract] result prefix: {"schema_version":"1.3","section":"statistics_overall","statistic_period":"overall","source_url":"https://www.flashscore.com/match/football/atl-madrid-jaarqpLQ/valencia-CQeaytrD/summary/stats/overall/?mid=ptjFGPDm","match_id":"ptjFGPDm","collected_at_utc":"2026-08-16T06:15:19.395Z","page_title":"VAL 3-0 ATM | Valencia v Atletico Madrid 16/09/2023, Stats - Flashscore.com | Match","competition":"WORLD CUP","status":"FINISHED","date_time":"16.09.2023 18:15","home_team":"Valencia","away_team":"Atl. 
[2026-08-16T06:15:19Z] Stored overall statistics: 13 rows.
[2026-08-16T06:15:19Z] Merged section: statistics_overall
[2026-08-16T06:15:19Z] Opening 1st half statistics...
[2026-08-16T06:15:19Z] Navigate: https://www.flashscore.com/match/football/atl-madrid-jaarqpLQ/valencia-CQeaytrD/summary/stats/1st-half/?mid=ptjFGPDm
[2026-08-16T06:15:21Z] Page loaded. Waiting for statistics DOM...
[2026-08-16T06:15:23Z] Script [readiness] result prefix: {"body_text_length":3215,"ready":true,"row_count":17,"section":"statistics_first_half","title":"VAL 3-0 ATM | Valencia v Atletico Madrid 16/09/2023, Stats - Flashscore.com | Match"}
[2026-08-16T06:15:23Z] Reading rendered DOM...
[2026-08-16T06:15:23Z] Executing extraction script for phase 1; length: 5174.
[2026-08-16T06:15:23Z] Script [extract] result prefix: {"schema_version":"1.3","section":"statistics_first_half","statistic_period":"first_half","source_url":"https://www.flashscore.com/match/football/atl-madrid-jaarqpLQ/valencia-CQeaytrD/summary/stats/1st-half/?mid=ptjFGPDm","match_id":"ptjFGPDm","collected_at_utc":"2026-08-16T06:15:23.634Z","page_title":"VAL 3-0 ATM | Valencia v Atletico Madrid 16/09/2023, Stats - Flashscore.com | Match","competition":"WORLD CUP","status":"FINISHED","date_time":"16.09.2023 18:15","home_team":"Valencia","away_team"
[2026-08-16T06:15:23Z] Stored first_half statistics: 13 rows.
[2026-08-16T06:15:23Z] Merged section: statistics_first_half
[2026-08-16T06:15:23Z] Opening 2nd half statistics...
[2026-08-16T06:15:23Z] Navigate: https://www.flashscore.com/match/football/atl-madrid-jaarqpLQ/valencia-CQeaytrD/summary/stats/2nd-half/?mid=ptjFGPDm
[2026-08-16T06:15:25Z] Page loaded. Waiting for statistics DOM...
[2026-08-16T06:15:27Z] Script [readiness] result prefix: {"body_text_length":3215,"ready":true,"row_count":17,"section":"statistics_second_half","title":"VAL 3-0 ATM | Valencia v Atletico Madrid 16/09/2023, Stats - Flashscore.com | Match"}
[2026-08-16T06:15:27Z] Reading rendered DOM...
[2026-08-16T06:15:27Z] Executing extraction script for phase 2; length: 5174.
[2026-08-16T06:15:27Z] Script [extract] result prefix: {"schema_version":"1.3","section":"statistics_second_half","statistic_period":"second_half","source_url":"https://www.flashscore.com/match/football/atl-madrid-jaarqpLQ/valencia-CQeaytrD/summary/stats/2nd-half/?mid=ptjFGPDm","match_id":"ptjFGPDm","collected_at_utc":"2026-08-16T06:15:27.548Z","page_title":"VAL 3-0 ATM | Valencia v Atletico Madrid 16/09/2023, Stats - Flashscore.com | Match","competition":"WORLD CUP","status":"FINISHED","date_time":"16.09.2023 18:15","home_team":"Valencia","away_tea
[2026-08-16T06:15:27Z] Stored second_half statistics: 13 rows.
[2026-08-16T06:15:27Z] Merged section: statistics_second_half
[2026-08-16T06:15:27Z] Opening lineups...
[2026-08-16T06:15:27Z] Navigate: https://www.flashscore.com/match/football/atl-madrid-jaarqpLQ/valencia-CQeaytrD/summary/lineups/?mid=ptjFGPDm
[2026-08-16T06:15:29Z] Page loaded. Waiting for statistics DOM...
[2026-08-16T06:15:30Z] Script [readiness] result prefix: {"body_text_length":4098,"ready":true,"row_count":110,"section":"lineups","title":"VAL 3-0 ATM | Valencia v Atletico Madrid 16/09/2023, Lineups - Flashscore.com | Match"}
[2026-08-16T06:15:30Z] Reading rendered DOM...
[2026-08-16T06:15:31Z] Executing extraction script for phase 4; length: 20701.
[2026-08-16T06:15:31Z] Script [extract] result prefix: {"schema_version":"1.3","section":"lineups","statistic_period":null,"source_url":"https://www.flashscore.com/match/football/atl-madrid-jaarqpLQ/valencia-CQeaytrD/summary/lineups/?mid=ptjFGPDm","match_id":"ptjFGPDm","collected_at_utc":"2026-08-16T06:15:31.211Z","page_title":"VAL 3-0 ATM | Valencia v Atletico Madrid 16/09/2023, Lineups - Flashscore.com | Match","competition":"WORLD CUP","status":"FINISHED","date_time":"16.09.2023 18:15","home_team":"Valencia","away_team":"Atl. Madrid","score":{"ho
[2026-08-16T06:15:31Z] Merged section: lineups
[2026-08-16T06:15:31Z] Spanish LaLiga 2023/2024: Player Stats are unavailable in the source profile.
[2026-08-16T06:15:31Z] Marked all Player Stats categories as not_available; collection continues.
[2026-08-16T06:15:31Z] Opening commentary...
[2026-08-16T06:15:31Z] Navigate: https://www.flashscore.com/match/football/atl-madrid-jaarqpLQ/valencia-CQeaytrD/summary/live-commentary/?mid=ptjFGPDm
[2026-08-16T06:15:33Z] Page loaded. Waiting for statistics DOM...
[2026-08-16T06:15:34Z] Script [readiness] result prefix: {"body_text_length":9951,"ready":true,"row_count":195,"section":"commentary","title":"VAL 3-0 ATM | Valencia v Atletico Madrid 16/09/2023 | Football - Flashscore | Match"}
[2026-08-16T06:15:34Z] Reading rendered DOM...
[2026-08-16T06:15:34Z] Executing extraction script for phase 12; length: 11834.
[2026-08-16T06:15:35Z] Script [extract] result prefix: {"schema_version":"1.3","section":"commentary","statistic_period":null,"source_url":"https://www.flashscore.com/match/football/atl-madrid-jaarqpLQ/valencia-CQeaytrD/summary/live-commentary/all-comments/?mid=ptjFGPDm","match_id":"ptjFGPDm","collected_at_utc":"2026-08-16T06:15:35.081Z","page_title":"VAL 3-0 ATM | Valencia v Atletico Madrid 16/09/2023 | Football - Flashscore | Match","competition":"WORLD CUP","status":"FINISHED","date_time":"16.09.2023 18:15","home_team":"Valencia","away_team":"Atl
[2026-08-16T06:15:35Z] Merged section: commentary
[2026-08-16T06:15:35Z] Saving complete match JSON...
[2026-08-16T06:15:35Z] Player Stats category unavailable; status=not_available: top_stats
[2026-08-16T06:15:35Z] Player Stats category unavailable; status=not_available: shots
[2026-08-16T06:15:35Z] Player Stats category unavailable; status=not_available: attack
[2026-08-16T06:15:35Z] Player Stats category unavailable; status=not_available: passes
[2026-08-16T06:15:35Z] Player Stats category unavailable; status=not_available: defense
[2026-08-16T06:15:35Z] Player Stats category unavailable; status=not_available: goalkeeping
[2026-08-16T06:15:35Z] Player Stats category unavailable; status=not_available: general
[2026-08-16T06:15:35Z] Structured goals, cards and VAR events enriched.
[2026-08-16T06:15:35Z] Saved match JSON with 13 statistics: G:\Mirza\VSCode\FlashscoreFootballCollector_\Data\Matches\LaLiga\2023_2024\2023-09-16_Valencia_vs_Atl._Madrid_ptjFGPDm.json
[2026-08-16T06:15:35Z] Finished: 2023-09-16_Valencia_vs_Atl._Madrid_ptjFGPDm.json
[2026-08-16T06:15:35Z] Opening overall statistics...
[2026-08-16T06:15:36Z] Navigate: https://www.flashscore.com/match/football/celta-vigo-8pvUZFhf/mallorca-4jDQxrbf/summary/stats/overall/?mid=feqrO7LD
[2026-08-16T06:15:38Z] Page loaded. Waiting for statistics DOM...
[2026-08-16T06:15:40Z] Script [readiness] result prefix: {"body_text_length":3200,"ready":true,"row_count":17,"section":"statistics_overall","title":"CEL 0-1 MAL | Celta Vigo v Mallorca 16/09/2023, Stats - Flashscore.com | Match"}
[2026-08-16T06:15:40Z] Reading rendered DOM...
[2026-08-16T06:15:40Z] Executing extraction script for phase 0; length: 5174.
[2026-08-16T06:15:40Z] Script [extract] result prefix: {"schema_version":"1.3","section":"statistics_overall","statistic_period":"overall","source_url":"https://www.flashscore.com/match/football/celta-vigo-8pvUZFhf/mallorca-4jDQxrbf/summary/stats/overall/?mid=feqrO7LD","match_id":"feqrO7LD","collected_at_utc":"2026-08-16T06:15:40.337Z","page_title":"CEL 0-1 MAL | Celta Vigo v Mallorca 16/09/2023, Stats - Flashscore.com | Match","competition":"WORLD CUP","status":"FINISHED","date_time":"16.09.2023 20:30","home_team":"Celta Vigo","away_team":"Mallorca
[2026-08-16T06:15:40Z] Stored overall statistics: 13 rows.
[2026-08-16T06:15:40Z] Merged section: statistics_overall
[2026-08-16T06:15:40Z] Opening 1st half statistics...
[2026-08-16T06:15:40Z] Navigate: https://www.flashscore.com/match/football/celta-vigo-8pvUZFhf/mallorca-4jDQxrbf/summary/stats/1st-half/?mid=feqrO7LD
[2026-08-16T06:15:42Z] Page loaded. Waiting for statistics DOM...
[2026-08-16T06:15:44Z] Script [readiness] result prefix: {"body_text_length":3193,"ready":true,"row_count":17,"section":"statistics_first_half","title":"CEL 0-1 MAL | Celta Vigo v Mallorca 16/09/2023, Stats - Flashscore.com | Match"}
[2026-08-16T06:15:44Z] Reading rendered DOM...
[2026-08-16T06:15:44Z] Executing extraction script for phase 1; length: 5174.
[2026-08-16T06:15:44Z] Script [extract] result prefix: {"schema_version":"1.3","section":"statistics_first_half","statistic_period":"first_half","source_url":"https://www.flashscore.com/match/football/celta-vigo-8pvUZFhf/mallorca-4jDQxrbf/summary/stats/1st-half/?mid=feqrO7LD","match_id":"feqrO7LD","collected_at_utc":"2026-08-16T06:15:44.484Z","page_title":"CEL 0-1 MAL | Celta Vigo v Mallorca 16/09/2023, Stats - Flashscore.com | Match","competition":"WORLD CUP","status":"FINISHED","date_time":"16.09.2023 20:30","home_team":"Celta Vigo","away_team":"M
[2026-08-16T06:15:44Z] Stored first_half statistics: 13 rows.
[2026-08-16T06:15:44Z] Merged section: statistics_first_half
[2026-08-16T06:15:44Z] Opening 2nd half statistics...
[2026-08-16T06:15:44Z] Navigate: https://www.flashscore.com/match/football/celta-vigo-8pvUZFhf/mallorca-4jDQxrbf/summary/stats/2nd-half/?mid=feqrO7LD
[2026-08-16T06:15:48Z] Page loaded. Waiting for statistics DOM...
[2026-08-16T06:15:49Z] Script [readiness] result prefix: {"body_text_length":3196,"ready":true,"row_count":17,"section":"statistics_second_half","title":"CEL 0-1 MAL | Celta Vigo v Mallorca 16/09/2023, Stats - Flashscore.com | Match"}
[2026-08-16T06:15:49Z] Reading rendered DOM...
[2026-08-16T06:15:49Z] Executing extraction script for phase 2; length: 5174.
[2026-08-16T06:15:49Z] Script [extract] result prefix: {"schema_version":"1.3","section":"statistics_second_half","statistic_period":"second_half","source_url":"https://www.flashscore.com/match/football/celta-vigo-8pvUZFhf/mallorca-4jDQxrbf/summary/stats/2nd-half/?mid=feqrO7LD","match_id":"feqrO7LD","collected_at_utc":"2026-08-16T06:15:49.590Z","page_title":"CEL 0-1 MAL | Celta Vigo v Mallorca 16/09/2023, Stats - Flashscore.com | Match","competition":"WORLD CUP","status":"FINISHED","date_time":"16.09.2023 20:30","home_team":"Celta Vigo","away_team":
[2026-08-16T06:15:49Z] Stored second_half statistics: 13 rows.
[2026-08-16T06:15:49Z] Merged section: statistics_second_half
[2026-08-16T06:15:49Z] Opening lineups...
[2026-08-16T06:15:49Z] Navigate: https://www.flashscore.com/match/football/celta-vigo-8pvUZFhf/mallorca-4jDQxrbf/summary/lineups/?mid=feqrO7LD
[2026-08-16T06:15:51Z] Page loaded. Waiting for statistics DOM...
[2026-08-16T06:15:53Z] Script [readiness] result prefix: {"body_text_length":4245,"ready":true,"row_count":116,"section":"lineups","title":"CEL 0-1 MAL | Celta Vigo v Mallorca 16/09/2023, Lineups - Flashscore.com | Match"}
[2026-08-16T06:15:53Z] Reading rendered DOM...
[2026-08-16T06:15:53Z] Executing extraction script for phase 4; length: 20701.
[2026-08-16T06:15:53Z] Script [extract] result prefix: {"schema_version":"1.3","section":"lineups","statistic_period":null,"source_url":"https://www.flashscore.com/match/football/celta-vigo-8pvUZFhf/mallorca-4jDQxrbf/summary/lineups/?mid=feqrO7LD","match_id":"feqrO7LD","collected_at_utc":"2026-08-16T06:15:53.653Z","page_title":"CEL 0-1 MAL | Celta Vigo v Mallorca 16/09/2023, Lineups - Flashscore.com | Match","competition":"WORLD CUP","status":"FINISHED","date_time":"16.09.2023 20:30","home_team":"Celta Vigo","away_team":"Mallorca","score":{"home":"0
[2026-08-16T06:15:53Z] Merged section: lineups
[2026-08-16T06:15:53Z] Spanish LaLiga 2023/2024: Player Stats are unavailable in the source profile.
[2026-08-16T06:15:53Z] Marked all Player Stats categories as not_available; collection continues.
[2026-08-16T06:15:53Z] Opening commentary...
[2026-08-16T06:15:53Z] Navigate: https://www.flashscore.com/match/football/celta-vigo-8pvUZFhf/mallorca-4jDQxrbf/summary/live-commentary/?mid=feqrO7LD
[2026-08-16T06:15:56Z] Page loaded. Waiting for statistics DOM...
[2026-08-16T06:15:57Z] Script [readiness] result prefix: {"body_text_length":2714,"ready":false,"row_count":0,"section":"commentary","title":"CEL 0-1 MAL | Celta Vigo v Mallorca 16/09/2023 | Football - Flashscore | Match"}
[2026-08-16T06:15:57Z] DOM not ready; statistic rows: 0
[2026-08-16T06:15:59Z] Script [readiness] result prefix: {"body_text_length":9917,"ready":true,"row_count":202,"section":"commentary","title":"CEL 0-1 MAL | Celta Vigo v Mallorca 16/09/2023 | Football - Flashscore | Match"}
[2026-08-16T06:15:59Z] Reading rendered DOM...
[2026-08-16T06:15:59Z] Executing extraction script for phase 12; length: 11834.
[2026-08-16T06:15:59Z] Script [extract] result prefix: {"schema_version":"1.3","section":"commentary","statistic_period":null,"source_url":"https://www.flashscore.com/match/football/celta-vigo-8pvUZFhf/mallorca-4jDQxrbf/summary/live-commentary/all-comments/?mid=feqrO7LD","match_id":"feqrO7LD","collected_at_utc":"2026-08-16T06:15:59.188Z","page_title":"CEL 0-1 MAL | Celta Vigo v Mallorca 16/09/2023 | Football - Flashscore | Match","competition":"WORLD CUP","status":"FINISHED","date_time":"16.09.2023 20:30","home_team":"Celta Vigo","away_team":"Mallor
[2026-08-16T06:15:59Z] Merged section: commentary
[2026-08-16T06:15:59Z] Saving complete match JSON...
[2026-08-16T06:15:59Z] Player Stats category unavailable; status=not_available: top_stats
[2026-08-16T06:15:59Z] Player Stats category unavailable; status=not_available: shots
[2026-08-16T06:15:59Z] Player Stats category unavailable; status=not_available: attack
[2026-08-16T06:16:00Z] Player Stats category unavailable; status=not_available: passes
[2026-08-16T06:16:00Z] Player Stats category unavailable; status=not_available: defense
[2026-08-16T06:16:00Z] Player Stats category unavailable; status=not_available: goalkeeping
[2026-08-16T06:16:00Z] Player Stats category unavailable; status=not_available: general
[2026-08-16T06:16:00Z] Structured goals, cards and VAR events enriched.
[2026-08-16T06:16:00Z] Saved match JSON with 13 statistics: G:\Mirza\VSCode\FlashscoreFootballCollector_\Data\Matches\LaLiga\2023_2024\2023-09-16_Celta_Vigo_vs_Mallorca_feqrO7LD.json
[2026-08-16T06:16:00Z] Finished: 2023-09-16_Celta_Vigo_vs_Mallorca_feqrO7LD.json
[2026-08-16T06:16:00Z] Opening overall statistics...
[2026-08-16T06:16:01Z] Navigate: https://www.flashscore.com/match/football/barcelona-SKbpVP5K/betis-vJbTeCGP/summary/stats/overall/?mid=jNI1FFHD
[2026-08-16T06:16:02Z] Page loaded. Waiting for statistics DOM...
[2026-08-16T06:16:04Z] Script [readiness] result prefix: {"body_text_length":3261,"ready":true,"row_count":17,"section":"statistics_overall","title":"BAR 5-0 BET | Barcelona v Betis 16/09/2023, Stats - Flashscore.com | Match"}
[2026-08-16T06:16:04Z] Reading rendered DOM...
[2026-08-16T06:16:04Z] Executing extraction script for phase 0; length: 5174.
[2026-08-16T06:16:04Z] Script [extract] result prefix: {"schema_version":"1.3","section":"statistics_overall","statistic_period":"overall","source_url":"https://www.flashscore.com/match/football/barcelona-SKbpVP5K/betis-vJbTeCGP/summary/stats/overall/?mid=jNI1FFHD","match_id":"jNI1FFHD","collected_at_utc":"2026-08-16T06:16:04.436Z","page_title":"BAR 5-0 BET | Barcelona v Betis 16/09/2023, Stats - Flashscore.com | Match","competition":"WORLD CUP","status":"FINISHED","date_time":"16.09.2023 23:00","home_team":"Barcelona","away_team":"Betis","score":{"
[2026-08-16T06:16:04Z] Stored overall statistics: 13 rows.
[2026-08-16T06:16:04Z] Merged section: statistics_overall
[2026-08-16T06:16:04Z] Opening 1st half statistics...
[2026-08-16T06:16:04Z] Navigate: https://www.flashscore.com/match/football/barcelona-SKbpVP5K/betis-vJbTeCGP/summary/stats/1st-half/?mid=jNI1FFHD
[2026-08-16T06:16:06Z] Page loaded. Waiting for statistics DOM...
[2026-08-16T06:16:08Z] Script [readiness] result prefix: {"body_text_length":3236,"ready":true,"row_count":16,"section":"statistics_first_half","title":"BAR 5-0 BET | Barcelona v Betis 16/09/2023, Stats - Flashscore.com | Match"}
[2026-08-16T06:16:08Z] Reading rendered DOM...
[2026-08-16T06:16:08Z] Executing extraction script for phase 1; length: 5174.
[2026-08-16T06:16:08Z] Script [extract] result prefix: {"schema_version":"1.3","section":"statistics_first_half","statistic_period":"first_half","source_url":"https://www.flashscore.com/match/football/barcelona-SKbpVP5K/betis-vJbTeCGP/summary/stats/1st-half/?mid=jNI1FFHD","match_id":"jNI1FFHD","collected_at_utc":"2026-08-16T06:16:08.518Z","page_title":"BAR 5-0 BET | Barcelona v Betis 16/09/2023, Stats - Flashscore.com | Match","competition":"WORLD CUP","status":"FINISHED","date_time":"16.09.2023 23:00","home_team":"Barcelona","away_team":"Betis","sc
[2026-08-16T06:16:08Z] Stored first_half statistics: 12 rows.
[2026-08-16T06:16:08Z] Merged section: statistics_first_half
[2026-08-16T06:16:08Z] Opening 2nd half statistics...
[2026-08-16T06:16:08Z] Navigate: https://www.flashscore.com/match/football/barcelona-SKbpVP5K/betis-vJbTeCGP/summary/stats/2nd-half/?mid=jNI1FFHD
[2026-08-16T06:16:10Z] Page loaded. Waiting for statistics DOM...
[2026-08-16T06:16:12Z] Script [readiness] result prefix: {"body_text_length":3255,"ready":true,"row_count":17,"section":"statistics_second_half","title":"BAR 5-0 BET | Barcelona v Betis 16/09/2023, Stats - Flashscore.com | Match"}
[2026-08-16T06:16:12Z] Reading rendered DOM...
[2026-08-16T06:16:12Z] Executing extraction script for phase 2; length: 5174.
[2026-08-16T06:16:12Z] Script [extract] result prefix: {"schema_version":"1.3","section":"statistics_second_half","statistic_period":"second_half","source_url":"https://www.flashscore.com/match/football/barcelona-SKbpVP5K/betis-vJbTeCGP/summary/stats/2nd-half/?mid=jNI1FFHD","match_id":"jNI1FFHD","collected_at_utc":"2026-08-16T06:16:12.834Z","page_title":"BAR 5-0 BET | Barcelona v Betis 16/09/2023, Stats - Flashscore.com | Match","competition":"WORLD CUP","status":"FINISHED","date_time":"16.09.2023 23:00","home_team":"Barcelona","away_team":"Betis","
[2026-08-16T06:16:13Z] Stored second_half statistics: 13 rows.
[2026-08-16T06:16:13Z] Merged section: statistics_second_half
[2026-08-16T06:16:13Z] Opening lineups...
[2026-08-16T06:16:13Z] Navigate: https://www.flashscore.com/match/football/barcelona-SKbpVP5K/betis-vJbTeCGP/summary/lineups/?mid=jNI1FFHD
[2026-08-16T06:16:16Z] Page loaded. Waiting for statistics DOM...
[2026-08-16T06:16:18Z] Script [readiness] result prefix: {"body_text_length":4389,"ready":true,"row_count":120,"section":"lineups","title":"BAR 5-0 BET | Barcelona v Betis 16/09/2023, Lineups - Flashscore.com | Match"}
[2026-08-16T06:16:18Z] Reading rendered DOM...
[2026-08-16T06:16:18Z] Executing extraction script for phase 4; length: 20701.
[2026-08-16T06:16:18Z] Script [extract] result prefix: {"schema_version":"1.3","section":"lineups","statistic_period":null,"source_url":"https://www.flashscore.com/match/football/barcelona-SKbpVP5K/betis-vJbTeCGP/summary/lineups/?mid=jNI1FFHD","match_id":"jNI1FFHD","collected_at_utc":"2026-08-16T06:16:18.490Z","page_title":"BAR 5-0 BET | Barcelona v Betis 16/09/2023, Lineups - Flashscore.com | Match","competition":"WORLD CUP","status":"FINISHED","date_time":"16.09.2023 23:00","home_team":"Barcelona","away_team":"Betis","score":{"home":"5","away":"0"
[2026-08-16T06:16:18Z] Merged section: lineups
[2026-08-16T06:16:18Z] Spanish LaLiga 2023/2024: Player Stats are unavailable in the source profile.
[2026-08-16T06:16:18Z] Marked all Player Stats categories as not_available; collection continues.
[2026-08-16T06:16:18Z] Opening commentary...
[2026-08-16T06:16:18Z] Navigate: https://www.flashscore.com/match/football/barcelona-SKbpVP5K/betis-vJbTeCGP/summary/live-commentary/?mid=jNI1FFHD
[2026-08-16T06:16:20Z] Page loaded. Waiting for statistics DOM...
[2026-08-16T06:16:22Z] Script [readiness] result prefix: {"body_text_length":12029,"ready":true,"row_count":219,"section":"commentary","title":"BAR 5-0 BET | Barcelona v Betis 16/09/2023 | Football - Flashscore | Match"}
[2026-08-16T06:16:23Z] Reading rendered DOM...
[2026-08-16T06:16:23Z] Executing extraction script for phase 12; length: 11834.
[2026-08-16T06:16:23Z] Script [extract] result prefix: {"schema_version":"1.3","section":"commentary","statistic_period":null,"source_url":"https://www.flashscore.com/match/football/barcelona-SKbpVP5K/betis-vJbTeCGP/summary/live-commentary/all-comments/?mid=jNI1FFHD","match_id":"jNI1FFHD","collected_at_utc":"2026-08-16T06:16:23.199Z","page_title":"BAR 5-0 BET | Barcelona v Betis 16/09/2023 | Football - Flashscore | Match","competition":"WORLD CUP","status":"FINISHED","date_time":"16.09.2023 23:00","home_team":"Barcelona","away_team":"Betis","score":
[2026-08-16T06:16:23Z] Merged section: commentary
[2026-08-16T06:16:23Z] Saving complete match JSON...
[2026-08-16T06:16:23Z] Player Stats category unavailable; status=not_available: top_stats
[2026-08-16T06:16:23Z] Player Stats category unavailable; status=not_available: shots
[2026-08-16T06:16:23Z] Player Stats category unavailable; status=not_available: attack
[2026-08-16T06:16:23Z] Player Stats category unavailable; status=not_available: passes
[2026-08-16T06:16:23Z] Player Stats category unavailable; status=not_available: defense
[2026-08-16T06:16:23Z] Player Stats category unavailable; status=not_available: goalkeeping
[2026-08-16T06:16:23Z] Player Stats category unavailable; status=not_available: general
[2026-08-16T06:16:23Z] Structured goals, cards and VAR events enriched.
[2026-08-16T06:16:24Z] Saved match JSON with 13 statistics: G:\Mirza\VSCode\FlashscoreFootballCollector_\Data\Matches\LaLiga\2023_2024\2023-09-16_Barcelona_vs_Betis_jNI1FFHD.json
[2026-08-16T06:16:24Z] Finished: 2023-09-16_Barcelona_vs_Betis_jNI1FFHD.json
[2026-08-16T06:16:24Z] Opening overall statistics...
[2026-08-16T06:16:24Z] Navigate: https://www.flashscore.com/match/football/getafe-dboeiWOt/osasuna-ETdxjU8a/summary/stats/overall/?mid=8bmnNRzK
[2026-08-16T06:16:28Z] Page loaded. Waiting for statistics DOM...
[2026-08-16T06:16:29Z] Script [readiness] result prefix: {"body_text_length":3174,"ready":true,"row_count":17,"section":"statistics_overall","title":"GET 3-2 OSA | Getafe v Osasuna 17/09/2023, Stats - Flashscore.com | Match"}
[2026-08-16T06:16:29Z] Reading rendered DOM...
[2026-08-16T06:16:29Z] Executing extraction script for phase 0; length: 5174.
[2026-08-16T06:16:29Z] Script [extract] result prefix: {"schema_version":"1.3","section":"statistics_overall","statistic_period":"overall","source_url":"https://www.flashscore.com/match/football/getafe-dboeiWOt/osasuna-ETdxjU8a/summary/stats/overall/?mid=8bmnNRzK","match_id":"8bmnNRzK","collected_at_utc":"2026-08-16T06:16:29.758Z","page_title":"GET 3-2 OSA | Getafe v Osasuna 17/09/2023, Stats - Flashscore.com | Match","competition":"WORLD CUP","status":"FINISHED","date_time":"17.09.2023 16:00","home_team":"Getafe","away_team":"Osasuna","score":{"hom
[2026-08-16T06:16:29Z] Stored overall statistics: 13 rows.
[2026-08-16T06:16:29Z] Merged section: statistics_overall
[2026-08-16T06:16:29Z] Opening 1st half statistics...
[2026-08-16T06:16:29Z] Navigate: https://www.flashscore.com/match/football/getafe-dboeiWOt/osasuna-ETdxjU8a/summary/stats/1st-half/?mid=8bmnNRzK
[2026-08-16T06:16:32Z] Page loaded. Waiting for statistics DOM...
[2026-08-16T06:16:34Z] Script [readiness] result prefix: {"body_text_length":3168,"ready":true,"row_count":17,"section":"statistics_first_half","title":"GET 3-2 OSA | Getafe v Osasuna 17/09/2023, Stats - Flashscore.com | Match"}
[2026-08-16T06:16:34Z] Reading rendered DOM...
[2026-08-16T06:16:34Z] Executing extraction script for phase 1; length: 5174.
[2026-08-16T06:16:34Z] Script [extract] result prefix: {"schema_version":"1.3","section":"statistics_first_half","statistic_period":"first_half","source_url":"https://www.flashscore.com/match/football/getafe-dboeiWOt/osasuna-ETdxjU8a/summary/stats/1st-half/?mid=8bmnNRzK","match_id":"8bmnNRzK","collected_at_utc":"2026-08-16T06:16:34.192Z","page_title":"GET 3-2 OSA | Getafe v Osasuna 17/09/2023, Stats - Flashscore.com | Match","competition":"WORLD CUP","status":"FINISHED","date_time":"17.09.2023 16:00","home_team":"Getafe","away_team":"Osasuna","score
[2026-08-16T06:16:34Z] Stored first_half statistics: 13 rows.
[2026-08-16T06:16:34Z] Merged section: statistics_first_half
[2026-08-16T06:16:34Z] Opening 2nd half statistics...
[2026-08-16T06:16:35Z] Navigate: https://www.flashscore.com/match/football/getafe-dboeiWOt/osasuna-ETdxjU8a/summary/stats/2nd-half/?mid=8bmnNRzK
[2026-08-16T06:16:37Z] Page loaded. Waiting for statistics DOM...
[2026-08-16T06:16:39Z] Script [readiness] result prefix: {"body_text_length":3170,"ready":true,"row_count":17,"section":"statistics_second_half","title":"GET 3-2 OSA | Getafe v Osasuna 17/09/2023, Stats - Flashscore.com | Match"}
[2026-08-16T06:16:39Z] Reading rendered DOM...
[2026-08-16T06:16:39Z] Executing extraction script for phase 2; length: 5174.
[2026-08-16T06:16:39Z] Script [extract] result prefix: {"schema_version":"1.3","section":"statistics_second_half","statistic_period":"second_half","source_url":"https://www.flashscore.com/match/football/getafe-dboeiWOt/osasuna-ETdxjU8a/summary/stats/2nd-half/?mid=8bmnNRzK","match_id":"8bmnNRzK","collected_at_utc":"2026-08-16T06:16:39.333Z","page_title":"GET 3-2 OSA | Getafe v Osasuna 17/09/2023, Stats - Flashscore.com | Match","competition":"WORLD CUP","status":"FINISHED","date_time":"17.09.2023 16:00","home_team":"Getafe","away_team":"Osasuna","sco
[2026-08-16T06:16:39Z] Stored second_half statistics: 13 rows.
[2026-08-16T06:16:39Z] Merged section: statistics_second_half
[2026-08-16T06:16:40Z] Opening lineups...
[2026-08-16T06:16:40Z] Navigate: https://www.flashscore.com/match/football/getafe-dboeiWOt/osasuna-ETdxjU8a/summary/lineups/?mid=8bmnNRzK
[2026-08-16T06:16:42Z] Page loaded. Waiting for statistics DOM...
[2026-08-16T06:16:44Z] Script [readiness] result prefix: {"body_text_length":4153,"ready":true,"row_count":115,"section":"lineups","title":"GET 3-2 OSA | Getafe v Osasuna 17/09/2023, Lineups - Flashscore.com | Match"}
[2026-08-16T06:16:44Z] Reading rendered DOM...
[2026-08-16T06:16:44Z] Executing extraction script for phase 4; length: 20701.
[2026-08-16T06:16:44Z] Script [extract] result prefix: {"schema_version":"1.3","section":"lineups","statistic_period":null,"source_url":"https://www.flashscore.com/match/football/getafe-dboeiWOt/osasuna-ETdxjU8a/summary/lineups/?mid=8bmnNRzK","match_id":"8bmnNRzK","collected_at_utc":"2026-08-16T06:16:44.257Z","page_title":"GET 3-2 OSA | Getafe v Osasuna 17/09/2023, Lineups - Flashscore.com | Match","competition":"WORLD CUP","status":"FINISHED","date_time":"17.09.2023 16:00","home_team":"Getafe","away_team":"Osasuna","score":{"home":"3","away":"2","d
[2026-08-16T06:16:44Z] Merged section: lineups
[2026-08-16T06:16:44Z] Spanish LaLiga 2023/2024: Player Stats are unavailable in the source profile.
[2026-08-16T06:16:44Z] Marked all Player Stats categories as not_available; collection continues.
[2026-08-16T06:16:45Z] Opening commentary...
[2026-08-16T06:16:45Z] Navigate: https://www.flashscore.com/match/football/getafe-dboeiWOt/osasuna-ETdxjU8a/summary/live-commentary/?mid=8bmnNRzK
[2026-08-16T06:16:56Z] Page loaded. Waiting for statistics DOM...
[2026-08-16T06:16:57Z] Script [readiness] result prefix: {"body_text_length":12802,"ready":true,"row_count":249,"section":"commentary","title":"GET 3-2 OSA | Getafe v Osasuna 17/09/2023 | Football - Flashscore | Match"}
[2026-08-16T06:16:57Z] Reading rendered DOM...
[2026-08-16T06:16:57Z] Executing extraction script for phase 12; length: 11834.
[2026-08-16T06:16:58Z] Script [extract] result prefix: {"schema_version":"1.3","section":"commentary","statistic_period":null,"source_url":"https://www.flashscore.com/match/football/getafe-dboeiWOt/osasuna-ETdxjU8a/summary/live-commentary/all-comments/?mid=8bmnNRzK","match_id":"8bmnNRzK","collected_at_utc":"2026-08-16T06:16:58.152Z","page_title":"GET 3-2 OSA | Getafe v Osasuna 17/09/2023 | Football - Flashscore | Match","competition":"WORLD CUP","status":"FINISHED","date_time":"17.09.2023 16:00","home_team":"Getafe","away_team":"Osasuna","score":{"h
[2026-08-16T06:16:58Z] Merged section: commentary
[2026-08-16T06:16:58Z] Saving complete match JSON...
[2026-08-16T06:16:58Z] Player Stats category unavailable; status=not_available: top_stats
[2026-08-16T06:16:58Z] Player Stats category unavailable; status=not_available: shots
[2026-08-16T06:16:58Z] Player Stats category unavailable; status=not_available: attack
[2026-08-16T06:16:58Z] Player Stats category unavailable; status=not_available: passes
[2026-08-16T06:16:58Z] Player Stats category unavailable; status=not_available: defense
[2026-08-16T06:16:58Z] Player Stats category unavailable; status=not_available: goalkeeping
[2026-08-16T06:16:58Z] Player Stats category unavailable; status=not_available: general
[2026-08-16T06:16:58Z] Structured goals, cards and VAR events enriched.
[2026-08-16T06:16:59Z] Saved match JSON with 13 statistics: G:\Mirza\VSCode\FlashscoreFootballCollector_\Data\Matches\LaLiga\2023_2024\2023-09-17_Getafe_vs_Osasuna_8bmnNRzK.json
[2026-08-16T06:16:59Z] Finished: 2023-09-17_Getafe_vs_Osasuna_8bmnNRzK.json
[2026-08-16T06:16:59Z] Opening overall statistics...
[2026-08-16T06:16:59Z] Navigate: https://www.flashscore.com/match/football/almeria-nF2Vy2D0/villarreal-lUatW5jE/summary/stats/overall/?mid=4UYHH5bs
[2026-08-16T06:17:01Z] Page loaded. Waiting for statistics DOM...
[2026-08-16T06:17:02Z] Script [readiness] result prefix: {"body_text_length":3178,"ready":true,"row_count":17,"section":"statistics_overall","title":"VIL 2-1 ALM | Villarreal v Almeria 17/09/2023, Stats - Flashscore.com | Match"}
[2026-08-16T06:17:02Z] Reading rendered DOM...
[2026-08-16T06:17:02Z] Executing extraction script for phase 0; length: 5174.
[2026-08-16T06:17:02Z] Script [extract] result prefix: {"schema_version":"1.3","section":"statistics_overall","statistic_period":"overall","source_url":"https://www.flashscore.com/match/football/almeria-nF2Vy2D0/villarreal-lUatW5jE/summary/stats/overall/?mid=4UYHH5bs","match_id":"4UYHH5bs","collected_at_utc":"2026-08-16T06:17:02.852Z","page_title":"VIL 2-1 ALM | Villarreal v Almeria 17/09/2023, Stats - Flashscore.com | Match","competition":"WORLD CUP","status":"FINISHED","date_time":"17.09.2023 18:15","home_team":"Villarreal","away_team":"Almeria","
[2026-08-16T06:17:02Z] Stored overall statistics: 13 rows.
[2026-08-16T06:17:02Z] Merged section: statistics_overall
[2026-08-16T06:17:02Z] Opening 1st half statistics...
[2026-08-16T06:17:02Z] Navigate: https://www.flashscore.com/match/football/almeria-nF2Vy2D0/villarreal-lUatW5jE/summary/stats/1st-half/?mid=4UYHH5bs
[2026-08-16T06:17:06Z] Page loaded. Waiting for statistics DOM...
[2026-08-16T06:17:07Z] Script [readiness] result prefix: {"body_text_length":3191,"ready":true,"row_count":17,"section":"statistics_first_half","title":"VIL 2-1 ALM | Villarreal v Almeria 17/09/2023, Stats - Flashscore.com | Match"}
[2026-08-16T06:17:07Z] Reading rendered DOM...
[2026-08-16T06:17:07Z] Executing extraction script for phase 1; length: 5174.
[2026-08-16T06:17:07Z] Script [extract] result prefix: {"schema_version":"1.3","section":"statistics_first_half","statistic_period":"first_half","source_url":"https://www.flashscore.com/match/football/almeria-nF2Vy2D0/villarreal-lUatW5jE/summary/stats/1st-half/?mid=4UYHH5bs","match_id":"4UYHH5bs","collected_at_utc":"2026-08-16T06:17:07.856Z","page_title":"VIL 2-1 ALM | Villarreal v Almeria 17/09/2023, Stats - Flashscore.com | Match","competition":"WORLD CUP","status":"FINISHED","date_time":"17.09.2023 18:15","home_team":"Villarreal","away_team":"Alm
[2026-08-16T06:17:07Z] Stored first_half statistics: 13 rows.
[2026-08-16T06:17:07Z] Merged section: statistics_first_half
[2026-08-16T06:17:08Z] Opening 2nd half statistics...
[2026-08-16T06:17:08Z] Navigate: https://www.flashscore.com/match/football/almeria-nF2Vy2D0/villarreal-lUatW5jE/summary/stats/2nd-half/?mid=4UYHH5bs
[2026-08-16T06:17:11Z] Page loaded. Waiting for statistics DOM...
[2026-08-16T06:17:12Z] Script [readiness] result prefix: {"body_text_length":3194,"ready":true,"row_count":17,"section":"statistics_second_half","title":"VIL 2-1 ALM | Villarreal v Almeria 17/09/2023, Stats - Flashscore.com | Match"}
[2026-08-16T06:17:12Z] Reading rendered DOM...
[2026-08-16T06:17:12Z] Executing extraction script for phase 2; length: 5174.
[2026-08-16T06:17:12Z] Script [extract] result prefix: {"schema_version":"1.3","section":"statistics_second_half","statistic_period":"second_half","source_url":"https://www.flashscore.com/match/football/almeria-nF2Vy2D0/villarreal-lUatW5jE/summary/stats/2nd-half/?mid=4UYHH5bs","match_id":"4UYHH5bs","collected_at_utc":"2026-08-16T06:17:12.872Z","page_title":"VIL 2-1 ALM | Villarreal v Almeria 17/09/2023, Stats - Flashscore.com | Match","competition":"WORLD CUP","status":"FINISHED","date_time":"17.09.2023 18:15","home_team":"Villarreal","away_team":"A
[2026-08-16T06:17:13Z] Stored second_half statistics: 13 rows.
[2026-08-16T06:17:13Z] Merged section: statistics_second_half
[2026-08-16T06:17:13Z] Opening lineups...
[2026-08-16T06:17:13Z] Navigate: https://www.flashscore.com/match/football/almeria-nF2Vy2D0/villarreal-lUatW5jE/summary/lineups/?mid=4UYHH5bs
[2026-08-16T06:17:15Z] Page loaded. Waiting for statistics DOM...
[2026-08-16T06:17:16Z] Script [readiness] result prefix: {"body_text_length":4168,"ready":true,"row_count":115,"section":"lineups","title":"VIL 2-1 ALM | Villarreal v Almeria 17/09/2023, Lineups - Flashscore.com | Match"}
[2026-08-16T06:17:16Z] Reading rendered DOM...
[2026-08-16T06:17:16Z] Executing extraction script for phase 4; length: 20701.
[2026-08-16T06:17:17Z] Script [extract] result prefix: {"schema_version":"1.3","section":"lineups","statistic_period":null,"source_url":"https://www.flashscore.com/match/football/almeria-nF2Vy2D0/villarreal-lUatW5jE/summary/lineups/?mid=4UYHH5bs","match_id":"4UYHH5bs","collected_at_utc":"2026-08-16T06:17:16.968Z","page_title":"VIL 2-1 ALM | Villarreal v Almeria 17/09/2023, Lineups - Flashscore.com | Match","competition":"WORLD CUP","status":"FINISHED","date_time":"17.09.2023 18:15","home_team":"Villarreal","away_team":"Almeria","score":{"home":"2","
[2026-08-16T06:17:17Z] Merged section: lineups
[2026-08-16T06:17:17Z] Spanish LaLiga 2023/2024: Player Stats are unavailable in the source profile.
[2026-08-16T06:17:17Z] Marked all Player Stats categories as not_available; collection continues.
[2026-08-16T06:17:17Z] Opening commentary...
[2026-08-16T06:17:17Z] Navigate: https://www.flashscore.com/match/football/almeria-nF2Vy2D0/villarreal-lUatW5jE/summary/live-commentary/?mid=4UYHH5bs
[2026-08-16T06:17:19Z] Page loaded. Waiting for statistics DOM...
[2026-08-16T06:17:20Z] Script [readiness] result prefix: {"body_text_length":2735,"ready":true,"row_count":3,"section":"commentary","title":"VIL 2-1 ALM | Villarreal v Almeria 17/09/2023 | Football - Flashscore | Match"}
[2026-08-16T06:17:20Z] Reading rendered DOM...
[2026-08-16T06:17:21Z] Executing extraction script for phase 12; length: 11834.
[2026-08-16T06:17:21Z] Script [extract] result prefix: {"schema_version":"1.3","section":"commentary","statistic_period":null,"source_url":"https://www.flashscore.com/match/football/almeria-nF2Vy2D0/villarreal-lUatW5jE/summary/live-commentary/all-comments/?mid=4UYHH5bs","match_id":"4UYHH5bs","collected_at_utc":"2026-08-16T06:17:21.348Z","page_title":"VIL 2-1 ALM | Villarreal v Almeria 17/09/2023 | Football - Flashscore | Match","competition":"WORLD CUP","status":"FINISHED","date_time":"17.09.2023 18:15","home_team":"Villarreal","away_team":"Almeria"
[2026-08-16T06:17:21Z] Merged section: commentary
[2026-08-16T06:17:21Z] Saving complete match JSON...
[2026-08-16T06:17:21Z] Player Stats category unavailable; status=not_available: top_stats
[2026-08-16T06:17:22Z] Player Stats category unavailable; status=not_available: shots
[2026-08-16T06:17:22Z] Player Stats category unavailable; status=not_available: attack
[2026-08-16T06:17:22Z] Player Stats category unavailable; status=not_available: passes
[2026-08-16T06:17:22Z] Player Stats category unavailable; status=not_available: defense
[2026-08-16T06:17:22Z] Player Stats category unavailable; status=not_available: goalkeeping
[2026-08-16T06:17:22Z] Player Stats category unavailable; status=not_available: general
[2026-08-16T06:17:22Z] Structured goals, cards and VAR events enriched.
[2026-08-16T06:17:23Z] Saved match JSON with 13 statistics: G:\Mirza\VSCode\FlashscoreFootballCollector_\Data\Matches\LaLiga\2023_2024\2023-09-17_Villarreal_vs_Almeria_4UYHH5bs.json
[2026-08-16T06:17:23Z] Finished: 2023-09-17_Villarreal_vs_Almeria_4UYHH5bs.json
[2026-08-16T06:17:23Z] Opening overall statistics...
[2026-08-16T06:17:23Z] Navigate: https://www.flashscore.com/match/football/las-palmas-IyRQC2vM/sevilla-h8oAv4Ts/summary/stats/overall/?mid=IglNE3r0
[2026-08-16T06:17:25Z] Page loaded. Waiting for statistics DOM...
[2026-08-16T06:17:27Z] Script [readiness] result prefix: {"body_text_length":3202,"ready":true,"row_count":17,"section":"statistics_overall","title":"SEV 1-0 PAL | Sevilla v Las Palmas 17/09/2023, Stats - Flashscore.com | Match"}
[2026-08-16T06:17:27Z] Reading rendered DOM...
[2026-08-16T06:17:27Z] Executing extraction script for phase 0; length: 5174.
[2026-08-16T06:17:27Z] Script [extract] result prefix: {"schema_version":"1.3","section":"statistics_overall","statistic_period":"overall","source_url":"https://www.flashscore.com/match/football/las-palmas-IyRQC2vM/sevilla-h8oAv4Ts/summary/stats/overall/?mid=IglNE3r0","match_id":"IglNE3r0","collected_at_utc":"2026-08-16T06:17:27.432Z","page_title":"SEV 1-0 PAL | Sevilla v Las Palmas 17/09/2023, Stats - Flashscore.com | Match","competition":"WORLD CUP","status":"FINISHED","date_time":"17.09.2023 20:30","home_team":"Sevilla","away_team":"Las Palmas","
[2026-08-16T06:17:27Z] Stored overall statistics: 13 rows.
[2026-08-16T06:17:27Z] Merged section: statistics_overall
[2026-08-16T06:17:27Z] Opening 1st half statistics...
[2026-08-16T06:17:27Z] Navigate: https://www.flashscore.com/match/football/las-palmas-IyRQC2vM/sevilla-h8oAv4Ts/summary/stats/1st-half/?mid=IglNE3r0
[2026-08-16T06:17:30Z] Page loaded. Waiting for statistics DOM...
[2026-08-16T06:17:31Z] Script [readiness] result prefix: {"body_text_length":3174,"ready":true,"row_count":17,"section":"statistics_first_half","title":"SEV 1-0 PAL | Sevilla v Las Palmas 17/09/2023, Stats - Flashscore.com | Match"}
[2026-08-16T06:17:31Z] Reading rendered DOM...
[2026-08-16T06:17:31Z] Executing extraction script for phase 1; length: 5174.
[2026-08-16T06:17:31Z] Script [extract] result prefix: {"schema_version":"1.3","section":"statistics_first_half","statistic_period":"first_half","source_url":"https://www.flashscore.com/match/football/las-palmas-IyRQC2vM/sevilla-h8oAv4Ts/summary/stats/1st-half/?mid=IglNE3r0","match_id":"IglNE3r0","collected_at_utc":"2026-08-16T06:17:31.963Z","page_title":"SEV 1-0 PAL | Sevilla v Las Palmas 17/09/2023, Stats - Flashscore.com | Match","competition":"WORLD CUP","status":"FINISHED","date_time":"17.09.2023 20:30","home_team":"Sevilla","away_team":"Las Pa
[2026-08-16T06:17:31Z] Stored first_half statistics: 13 rows.
[2026-08-16T06:17:32Z] Merged section: statistics_first_half
[2026-08-16T06:17:32Z] Opening 2nd half statistics...
[2026-08-16T06:17:32Z] Navigate: https://www.flashscore.com/match/football/las-palmas-IyRQC2vM/sevilla-h8oAv4Ts/summary/stats/2nd-half/?mid=IglNE3r0
[2026-08-16T06:17:34Z] Page loaded. Waiting for statistics DOM...
[2026-08-16T06:17:35Z] Script [readiness] result prefix: {"body_text_length":3196,"ready":true,"row_count":17,"section":"statistics_second_half","title":"SEV 1-0 PAL | Sevilla v Las Palmas 17/09/2023, Stats - Flashscore.com | Match"}
[2026-08-16T06:17:35Z] Reading rendered DOM...
[2026-08-16T06:17:35Z] Executing extraction script for phase 2; length: 5174.
[2026-08-16T06:17:35Z] Script [extract] result prefix: {"schema_version":"1.3","section":"statistics_second_half","statistic_period":"second_half","source_url":"https://www.flashscore.com/match/football/las-palmas-IyRQC2vM/sevilla-h8oAv4Ts/summary/stats/2nd-half/?mid=IglNE3r0","match_id":"IglNE3r0","collected_at_utc":"2026-08-16T06:17:35.895Z","page_title":"SEV 1-0 PAL | Sevilla v Las Palmas 17/09/2023, Stats - Flashscore.com | Match","competition":"WORLD CUP","status":"FINISHED","date_time":"17.09.2023 20:30","home_team":"Sevilla","away_team":"Las 
[2026-08-16T06:17:35Z] Stored second_half statistics: 13 rows.
[2026-08-16T06:17:35Z] Merged section: statistics_second_half
[2026-08-16T06:17:35Z] Opening lineups...
[2026-08-16T06:17:36Z] Navigate: https://www.flashscore.com/match/football/las-palmas-IyRQC2vM/sevilla-h8oAv4Ts/summary/lineups/?mid=IglNE3r0
[2026-08-16T06:17:38Z] Page loaded. Waiting for statistics DOM...
[2026-08-16T06:17:39Z] Script [readiness] result prefix: {"body_text_length":4092,"ready":true,"row_count":114,"section":"lineups","title":"SEV 1-0 PAL | Sevilla v Las Palmas 17/09/2023, Lineups - Flashscore.com | Match"}
[2026-08-16T06:17:39Z] Reading rendered DOM...
[2026-08-16T06:17:39Z] Executing extraction script for phase 4; length: 20701.
[2026-08-16T06:17:39Z] Script [extract] result prefix: {"schema_version":"1.3","section":"lineups","statistic_period":null,"source_url":"https://www.flashscore.com/match/football/las-palmas-IyRQC2vM/sevilla-h8oAv4Ts/summary/lineups/?mid=IglNE3r0","match_id":"IglNE3r0","collected_at_utc":"2026-08-16T06:17:39.891Z","page_title":"SEV 1-0 PAL | Sevilla v Las Palmas 17/09/2023, Lineups - Flashscore.com | Match","competition":"WORLD CUP","status":"FINISHED","date_time":"17.09.2023 20:30","home_team":"Sevilla","away_team":"Las Palmas","score":{"home":"1","
[2026-08-16T06:17:40Z] Merged section: lineups
[2026-08-16T06:17:40Z] Spanish LaLiga 2023/2024: Player Stats are unavailable in the source profile.
[2026-08-16T06:17:40Z] Marked all Player Stats categories as not_available; collection continues.
[2026-08-16T06:17:40Z] Opening commentary...
[2026-08-16T06:17:40Z] Navigate: https://www.flashscore.com/match/football/las-palmas-IyRQC2vM/sevilla-h8oAv4Ts/summary/live-commentary/?mid=IglNE3r0
[2026-08-16T06:17:42Z] Page loaded. Waiting for statistics DOM...
[2026-08-16T06:17:43Z] Script [readiness] result prefix: {"body_text_length":15151,"ready":true,"row_count":270,"section":"commentary","title":"SEV 1-0 PAL | Sevilla v Las Palmas 17/09/2023 | Football - Flashscore | Match"}
[2026-08-16T06:17:43Z] Reading rendered DOM...
[2026-08-16T06:17:43Z] Executing extraction script for phase 12; length: 11834.
[2026-08-16T06:17:43Z] Script [extract] result prefix: {"schema_version":"1.3","section":"commentary","statistic_period":null,"source_url":"https://www.flashscore.com/match/football/las-palmas-IyRQC2vM/sevilla-h8oAv4Ts/summary/live-commentary/all-comments/?mid=IglNE3r0","match_id":"IglNE3r0","collected_at_utc":"2026-08-16T06:17:43.723Z","page_title":"SEV 1-0 PAL | Sevilla v Las Palmas 17/09/2023 | Football - Flashscore | Match","competition":"WORLD CUP","status":"FINISHED","date_time":"17.09.2023 20:30","home_team":"Sevilla","away_team":"Las Palmas"
[2026-08-16T06:17:43Z] Merged section: commentary
[2026-08-16T06:17:43Z] Saving complete match JSON...
[2026-08-16T06:17:43Z] Player Stats category unavailable; status=not_available: top_stats
[2026-08-16T06:17:43Z] Player Stats category unavailable; status=not_available: shots
[2026-08-16T06:17:43Z] Player Stats category unavailable; status=not_available: attack
[2026-08-16T06:17:43Z] Player Stats category unavailable; status=not_available: passes
[2026-08-16T06:17:43Z] Player Stats category unavailable; status=not_available: defense
[2026-08-16T06:17:43Z] Player Stats category unavailable; status=not_available: goalkeeping
[2026-08-16T06:17:43Z] Player Stats category unavailable; status=not_available: general
[2026-08-16T06:17:43Z] Structured goals, cards and VAR events enriched.
[2026-08-16T06:17:44Z] Saved match JSON with 13 statistics: G:\Mirza\VSCode\FlashscoreFootballCollector_\Data\Matches\LaLiga\2023_2024\2023-09-17_Sevilla_vs_Las_Palmas_IglNE3r0.json
[2026-08-16T06:17:44Z] Finished: 2023-09-17_Sevilla_vs_Las_Palmas_IglNE3r0.json
[2026-08-16T06:17:44Z] Opening overall statistics...
[2026-08-16T06:17:44Z] Navigate: https://www.flashscore.com/match/football/real-madrid-W8mj7MDD/real-sociedad-jNvak2f3/summary/stats/overall/?mid=2LnjMojQ
[2026-08-16T06:17:47Z] Page loaded. Waiting for statistics DOM...
[2026-08-16T06:17:48Z] Script [readiness] result prefix: {"body_text_length":3231,"ready":true,"row_count":17,"section":"statistics_overall","title":"RMA 2-1 RSO | Real Madrid v Real Sociedad 17/09/2023, Stats - Flashscore.com | Match"}
[2026-08-16T06:17:48Z] Reading rendered DOM...
[2026-08-16T06:17:48Z] Executing extraction script for phase 0; length: 5174.
[2026-08-16T06:17:48Z] Script [extract] result prefix: {"schema_version":"1.3","section":"statistics_overall","statistic_period":"overall","source_url":"https://www.flashscore.com/match/football/real-madrid-W8mj7MDD/real-sociedad-jNvak2f3/summary/stats/overall/?mid=2LnjMojQ","match_id":"2LnjMojQ","collected_at_utc":"2026-08-16T06:17:48.859Z","page_title":"RMA 2-1 RSO | Real Madrid v Real Sociedad 17/09/2023, Stats - Flashscore.com | Match","competition":"WORLD CUP","status":"FINISHED","date_time":"17.09.2023 23:00","home_team":"Real Madrid","away_te
[2026-08-16T06:17:48Z] Stored overall statistics: 13 rows.
[2026-08-16T06:17:48Z] Merged section: statistics_overall
[2026-08-16T06:17:48Z] Opening 1st half statistics...
[2026-08-16T06:17:48Z] Navigate: https://www.flashscore.com/match/football/real-madrid-W8mj7MDD/real-sociedad-jNvak2f3/summary/stats/1st-half/?mid=2LnjMojQ
[2026-08-16T06:17:50Z] Page loaded. Waiting for statistics DOM...
[2026-08-16T06:17:52Z] Script [readiness] result prefix: {"body_text_length":3226,"ready":true,"row_count":17,"section":"statistics_first_half","title":"RMA 2-1 RSO | Real Madrid v Real Sociedad 17/09/2023, Stats - Flashscore.com | Match"}
[2026-08-16T06:17:52Z] Reading rendered DOM...
[2026-08-16T06:17:52Z] Executing extraction script for phase 1; length: 5174.
[2026-08-16T06:17:52Z] Script [extract] result prefix: {"schema_version":"1.3","section":"statistics_first_half","statistic_period":"first_half","source_url":"https://www.flashscore.com/match/football/real-madrid-W8mj7MDD/real-sociedad-jNvak2f3/summary/stats/1st-half/?mid=2LnjMojQ","match_id":"2LnjMojQ","collected_at_utc":"2026-08-16T06:17:52.635Z","page_title":"RMA 2-1 RSO | Real Madrid v Real Sociedad 17/09/2023, Stats - Flashscore.com | Match","competition":"WORLD CUP","status":"FINISHED","date_time":"17.09.2023 23:00","home_team":"Real Madrid","
[2026-08-16T06:17:52Z] Stored first_half statistics: 13 rows.
[2026-08-16T06:17:52Z] Merged section: statistics_first_half
[2026-08-16T06:17:53Z] Opening 2nd half statistics...
[2026-08-16T06:17:53Z] Navigate: https://www.flashscore.com/match/football/real-madrid-W8mj7MDD/real-sociedad-jNvak2f3/summary/stats/2nd-half/?mid=2LnjMojQ
[2026-08-16T06:17:55Z] Page loaded. Waiting for statistics DOM...
[2026-08-16T06:17:56Z] Script [readiness] result prefix: {"body_text_length":3222,"ready":true,"row_count":17,"section":"statistics_second_half","title":"RMA 2-1 RSO | Real Madrid v Real Sociedad 17/09/2023, Stats - Flashscore.com | Match"}
[2026-08-16T06:17:56Z] Reading rendered DOM...
[2026-08-16T06:17:56Z] Executing extraction script for phase 2; length: 5174.
[2026-08-16T06:17:56Z] Script [extract] result prefix: {"schema_version":"1.3","section":"statistics_second_half","statistic_period":"second_half","source_url":"https://www.flashscore.com/match/football/real-madrid-W8mj7MDD/real-sociedad-jNvak2f3/summary/stats/2nd-half/?mid=2LnjMojQ","match_id":"2LnjMojQ","collected_at_utc":"2026-08-16T06:17:56.901Z","page_title":"RMA 2-1 RSO | Real Madrid v Real Sociedad 17/09/2023, Stats - Flashscore.com | Match","competition":"WORLD CUP","status":"FINISHED","date_time":"17.09.2023 23:00","home_team":"Real Madrid"
[2026-08-16T06:17:56Z] Stored second_half statistics: 13 rows.
[2026-08-16T06:17:57Z] Merged section: statistics_second_half
[2026-08-16T06:17:57Z] Opening lineups...
[2026-08-16T06:17:57Z] Navigate: https://www.flashscore.com/match/football/real-madrid-W8mj7MDD/real-sociedad-jNvak2f3/summary/lineups/?mid=2LnjMojQ
[2026-08-16T06:17:59Z] Page loaded. Waiting for statistics DOM...
[2026-08-16T06:18:00Z] Script [readiness] result prefix: {"body_text_length":4351,"ready":true,"row_count":118,"section":"lineups","title":"RMA 2-1 RSO | Real Madrid v Real Sociedad 17/09/2023, Lineups - Flashscore.com | Match"}
[2026-08-16T06:18:00Z] Reading rendered DOM...
[2026-08-16T06:18:00Z] Executing extraction script for phase 4; length: 20701.
[2026-08-16T06:18:01Z] Script [extract] result prefix: {"schema_version":"1.3","section":"lineups","statistic_period":null,"source_url":"https://www.flashscore.com/match/football/real-madrid-W8mj7MDD/real-sociedad-jNvak2f3/summary/lineups/?mid=2LnjMojQ","match_id":"2LnjMojQ","collected_at_utc":"2026-08-16T06:18:00.984Z","page_title":"RMA 2-1 RSO | Real Madrid v Real Sociedad 17/09/2023, Lineups - Flashscore.com | Match","competition":"WORLD CUP","status":"FINISHED","date_time":"17.09.2023 23:00","home_team":"Real Madrid","away_team":"Real Sociedad",
[2026-08-16T06:18:01Z] Merged section: lineups
[2026-08-16T06:18:01Z] Spanish LaLiga 2023/2024: Player Stats are unavailable in the source profile.
[2026-08-16T06:18:01Z] Marked all Player Stats categories as not_available; collection continues.
[2026-08-16T06:18:01Z] Opening commentary...
[2026-08-16T06:18:01Z] Navigate: https://www.flashscore.com/match/football/real-madrid-W8mj7MDD/real-sociedad-jNvak2f3/summary/live-commentary/?mid=2LnjMojQ
[2026-08-16T06:18:03Z] Page loaded. Waiting for statistics DOM...
[2026-08-16T06:18:05Z] Script [readiness] result prefix: {"body_text_length":14893,"ready":true,"row_count":244,"section":"commentary","title":"RMA 2-1 RSO | Real Madrid v Real Sociedad 17/09/2023 | Football - Flashscore | Match"}
[2026-08-16T06:18:05Z] Reading rendered DOM...
[2026-08-16T06:18:05Z] Executing extraction script for phase 12; length: 11834.
[2026-08-16T06:18:05Z] Script [extract] result prefix: {"schema_version":"1.3","section":"commentary","statistic_period":null,"source_url":"https://www.flashscore.com/match/football/real-madrid-W8mj7MDD/real-sociedad-jNvak2f3/summary/live-commentary/all-comments/?mid=2LnjMojQ","match_id":"2LnjMojQ","collected_at_utc":"2026-08-16T06:18:05.125Z","page_title":"RMA 2-1 RSO | Real Madrid v Real Sociedad 17/09/2023 | Football - Flashscore | Match","competition":"WORLD CUP","status":"FINISHED","date_time":"17.09.2023 23:00","home_team":"Real Madrid","away_
[2026-08-16T06:18:05Z] Merged section: commentary
[2026-08-16T06:18:05Z] Saving complete match JSON...
[2026-08-16T06:18:05Z] Player Stats category unavailable; status=not_available: top_stats
[2026-08-16T06:18:05Z] Player Stats category unavailable; status=not_available: shots
[2026-08-16T06:18:05Z] Player Stats category unavailable; status=not_available: attack
[2026-08-16T06:18:05Z] Player Stats category unavailable; status=not_available: passes
[2026-08-16T06:18:05Z] Player Stats category unavailable; status=not_available: defense
[2026-08-16T06:18:05Z] Player Stats category unavailable; status=not_available: goalkeeping
[2026-08-16T06:18:05Z] Player Stats category unavailable; status=not_available: general
[2026-08-16T06:18:05Z] Structured goals, cards and VAR events enriched.
[2026-08-16T06:18:06Z] Saved match JSON with 13 statistics: G:\Mirza\VSCode\FlashscoreFootballCollector_\Data\Matches\LaLiga\2023_2024\2023-09-17_Real_Madrid_vs_Real_Sociedad_2LnjMojQ.json
[2026-08-16T06:18:06Z] Finished: 2023-09-17_Real_Madrid_vs_Real_Sociedad_2LnjMojQ.json
[2026-08-16T06:18:06Z] Opening overall statistics...
[2026-08-16T06:18:06Z] Navigate: https://www.flashscore.com/match/football/girona-nNNpcUSL/granada-cf-EXuxl1xP/summary/stats/overall/?mid=OWlJFqTg
[2026-08-16T06:18:10Z] Page loaded. Waiting for statistics DOM...
[2026-08-16T06:18:11Z] Script [readiness] result prefix: {"body_text_length":3191,"ready":true,"row_count":17,"section":"statistics_overall","title":"GRA 2-4 GIR | Granada CF v Girona 18/09/2023, Stats - Flashscore.com | Match"}
[2026-08-16T06:18:11Z] Reading rendered DOM...
[2026-08-16T06:18:11Z] Executing extraction script for phase 0; length: 5174.
[2026-08-16T06:18:11Z] Script [extract] result prefix: {"schema_version":"1.3","section":"statistics_overall","statistic_period":"overall","source_url":"https://www.flashscore.com/match/football/girona-nNNpcUSL/granada-cf-EXuxl1xP/summary/stats/overall/?mid=OWlJFqTg","match_id":"OWlJFqTg","collected_at_utc":"2026-08-16T06:18:11.904Z","page_title":"GRA 2-4 GIR | Granada CF v Girona 18/09/2023, Stats - Flashscore.com | Match","competition":"WORLD CUP","status":"FINISHED","date_time":"18.09.2023 23:00","home_team":"Granada CF","away_team":"Girona","sco
[2026-08-16T06:18:12Z] Stored overall statistics: 13 rows.
[2026-08-16T06:18:12Z] Merged section: statistics_overall
[2026-08-16T06:18:12Z] Opening 1st half statistics...
[2026-08-16T06:18:12Z] Navigate: https://www.flashscore.com/match/football/girona-nNNpcUSL/granada-cf-EXuxl1xP/summary/stats/1st-half/?mid=OWlJFqTg
[2026-08-16T06:18:17Z] Page loaded. Waiting for statistics DOM...
[2026-08-16T06:18:18Z] Script [readiness] result prefix: {"body_text_length":3183,"ready":true,"row_count":17,"section":"statistics_first_half","title":"GRA 2-4 GIR | Granada CF v Girona 18/09/2023, Stats - Flashscore.com | Match"}
[2026-08-16T06:18:18Z] Reading rendered DOM...
[2026-08-16T06:18:18Z] Executing extraction script for phase 1; length: 5174.
[2026-08-16T06:18:18Z] Script [extract] result prefix: {"schema_version":"1.3","section":"statistics_first_half","statistic_period":"first_half","source_url":"https://www.flashscore.com/match/football/girona-nNNpcUSL/granada-cf-EXuxl1xP/summary/stats/1st-half/?mid=OWlJFqTg","match_id":"OWlJFqTg","collected_at_utc":"2026-08-16T06:18:18.797Z","page_title":"GRA 2-4 GIR | Granada CF v Girona 18/09/2023, Stats - Flashscore.com | Match","competition":"WORLD CUP","status":"FINISHED","date_time":"18.09.2023 23:00","home_team":"Granada CF","away_team":"Giron
[2026-08-16T06:18:18Z] Stored first_half statistics: 13 rows.
[2026-08-16T06:18:18Z] Merged section: statistics_first_half
[2026-08-16T06:18:19Z] Opening 2nd half statistics...
[2026-08-16T06:18:19Z] Navigate: https://www.flashscore.com/match/football/girona-nNNpcUSL/granada-cf-EXuxl1xP/summary/stats/2nd-half/?mid=OWlJFqTg
[2026-08-16T06:18:21Z] Page loaded. Waiting for statistics DOM...
[2026-08-16T06:18:22Z] Script [readiness] result prefix: {"body_text_length":3187,"ready":true,"row_count":17,"section":"statistics_second_half","title":"GRA 2-4 GIR | Granada CF v Girona 18/09/2023, Stats - Flashscore.com | Match"}
[2026-08-16T06:18:22Z] Reading rendered DOM...
[2026-08-16T06:18:23Z] Executing extraction script for phase 2; length: 5174.
[2026-08-16T06:18:23Z] Script [extract] result prefix: {"schema_version":"1.3","section":"statistics_second_half","statistic_period":"second_half","source_url":"https://www.flashscore.com/match/football/girona-nNNpcUSL/granada-cf-EXuxl1xP/summary/stats/2nd-half/?mid=OWlJFqTg","match_id":"OWlJFqTg","collected_at_utc":"2026-08-16T06:18:23.055Z","page_title":"GRA 2-4 GIR | Granada CF v Girona 18/09/2023, Stats - Flashscore.com | Match","competition":"WORLD CUP","status":"FINISHED","date_time":"18.09.2023 23:00","home_team":"Granada CF","away_team":"Gir
[2026-08-16T06:18:23Z] Stored second_half statistics: 13 rows.
[2026-08-16T06:18:23Z] Merged section: statistics_second_half
[2026-08-16T06:18:23Z] Opening lineups...
[2026-08-16T06:18:23Z] Navigate: https://www.flashscore.com/match/football/girona-nNNpcUSL/granada-cf-EXuxl1xP/summary/lineups/?mid=OWlJFqTg
[2026-08-16T06:18:25Z] Page loaded. Waiting for statistics DOM...
[2026-08-16T06:18:27Z] Script [readiness] result prefix: {"body_text_length":4264,"ready":true,"row_count":121,"section":"lineups","title":"GRA 2-4 GIR | Granada CF v Girona 18/09/2023, Lineups - Flashscore.com | Match"}
[2026-08-16T06:18:27Z] Reading rendered DOM...
[2026-08-16T06:18:27Z] Executing extraction script for phase 4; length: 20701.
[2026-08-16T06:18:27Z] Script [extract] result prefix: {"schema_version":"1.3","section":"lineups","statistic_period":null,"source_url":"https://www.flashscore.com/match/football/girona-nNNpcUSL/granada-cf-EXuxl1xP/summary/lineups/?mid=OWlJFqTg","match_id":"OWlJFqTg","collected_at_utc":"2026-08-16T06:18:27.305Z","page_title":"GRA 2-4 GIR | Granada CF v Girona 18/09/2023, Lineups - Flashscore.com | Match","competition":"WORLD CUP","status":"FINISHED","date_time":"18.09.2023 23:00","home_team":"Granada CF","away_team":"Girona","score":{"home":"2","awa
[2026-08-16T06:18:27Z] Merged section: lineups
[2026-08-16T06:18:27Z] Spanish LaLiga 2023/2024: Player Stats are unavailable in the source profile.
[2026-08-16T06:18:27Z] Marked all Player Stats categories as not_available; collection continues.
[2026-08-16T06:18:28Z] Opening commentary...
[2026-08-16T06:18:28Z] Navigate: https://www.flashscore.com/match/football/girona-nNNpcUSL/granada-cf-EXuxl1xP/summary/live-commentary/?mid=OWlJFqTg
[2026-08-16T06:18:30Z] Page loaded. Waiting for statistics DOM...
[2026-08-16T06:18:31Z] Script [readiness] result prefix: {"body_text_length":11940,"ready":true,"row_count":231,"section":"commentary","title":"GRA 2-4 GIR | Granada CF v Girona 18/09/2023 | Football - Flashscore | Match"}
[2026-08-16T06:18:31Z] Reading rendered DOM...
[2026-08-16T06:18:32Z] Executing extraction script for phase 12; length: 11834.
[2026-08-16T06:18:32Z] Script [extract] result prefix: {"schema_version":"1.3","section":"commentary","statistic_period":null,"source_url":"https://www.flashscore.com/match/football/girona-nNNpcUSL/granada-cf-EXuxl1xP/summary/live-commentary/all-comments/?mid=OWlJFqTg","match_id":"OWlJFqTg","collected_at_utc":"2026-08-16T06:18:32.066Z","page_title":"GRA 2-4 GIR | Granada CF v Girona 18/09/2023 | Football - Flashscore | Match","competition":"WORLD CUP","status":"FINISHED","date_time":"18.09.2023 23:00","home_team":"Granada CF","away_team":"Girona","s
[2026-08-16T06:18:32Z] Merged section: commentary
[2026-08-16T06:18:32Z] Saving complete match JSON...
[2026-08-16T06:18:32Z] Player Stats category unavailable; status=not_available: top_stats
[2026-08-16T06:18:32Z] Player Stats category unavailable; status=not_available: shots
[2026-08-16T06:18:32Z] Player Stats category unavailable; status=not_available: attack
[2026-08-16T06:18:33Z] Player Stats category unavailable; status=not_available: passes
[2026-08-16T06:18:33Z] Player Stats category unavailable; status=not_available: defense
[2026-08-16T06:18:33Z] Player Stats category unavailable; status=not_available: goalkeeping
[2026-08-16T06:18:33Z] Player Stats category unavailable; status=not_available: general
[2026-08-16T06:18:33Z] Structured goals, cards and VAR events enriched.
[2026-08-16T06:18:33Z] Saved match JSON with 13 statistics: G:\Mirza\VSCode\FlashscoreFootballCollector_\Data\Matches\LaLiga\2023_2024\2023-09-18_Granada_CF_vs_Girona_OWlJFqTg.json
[2026-08-16T06:18:33Z] Finished: 2023-09-18_Granada_CF_vs_Girona_OWlJFqTg.json
[2026-08-16T06:18:33Z] Opening overall statistics...
[2026-08-16T06:18:33Z] Navigate: https://www.flashscore.com/match/football/alaves-hxt57t2q/ath-bilbao-IP5zl0cJ/summary/stats/overall/?mid=p4l2FzZA
[2026-08-16T06:18:36Z] Page loaded. Waiting for statistics DOM...
[2026-08-16T06:18:38Z] Script [readiness] result prefix: {"body_text_length":3210,"ready":true,"row_count":17,"section":"statistics_overall","title":"ALA 0-2 BIL | Alaves v Athletic Bilbao 22/09/2023, Stats - Flashscore.com | Match"}
[2026-08-16T06:18:38Z] Reading rendered DOM...
[2026-08-16T06:18:38Z] Executing extraction script for phase 0; length: 5174.
[2026-08-16T06:18:38Z] Script [extract] result prefix: {"schema_version":"1.3","section":"statistics_overall","statistic_period":"overall","source_url":"https://www.flashscore.com/match/football/alaves-hxt57t2q/ath-bilbao-IP5zl0cJ/summary/stats/overall/?mid=p4l2FzZA","match_id":"p4l2FzZA","collected_at_utc":"2026-08-16T06:18:38.152Z","page_title":"ALA 0-2 BIL | Alaves v Athletic Bilbao 22/09/2023, Stats - Flashscore.com | Match","competition":"WORLD CUP","status":"FINISHED","date_time":"22.09.2023 23:00","home_team":"Alaves","away_team":"Ath Bilbao"
[2026-08-16T06:18:38Z] Stored overall statistics: 13 rows.
[2026-08-16T06:18:38Z] Merged section: statistics_overall
[2026-08-16T06:18:38Z] Opening 1st half statistics...
[2026-08-16T06:18:38Z] Navigate: https://www.flashscore.com/match/football/alaves-hxt57t2q/ath-bilbao-IP5zl0cJ/summary/stats/1st-half/?mid=p4l2FzZA
[2026-08-16T06:18:40Z] Page loaded. Waiting for statistics DOM...
[2026-08-16T06:18:41Z] Script [readiness] result prefix: {"body_text_length":3183,"ready":true,"row_count":17,"section":"statistics_first_half","title":"ALA 0-2 BIL | Alaves v Athletic Bilbao 22/09/2023, Stats - Flashscore.com | Match"}
[2026-08-16T06:18:41Z] Reading rendered DOM...
[2026-08-16T06:18:41Z] Executing extraction script for phase 1; length: 5174.
[2026-08-16T06:18:41Z] Script [extract] result prefix: {"schema_version":"1.3","section":"statistics_first_half","statistic_period":"first_half","source_url":"https://www.flashscore.com/match/football/alaves-hxt57t2q/ath-bilbao-IP5zl0cJ/summary/stats/1st-half/?mid=p4l2FzZA","match_id":"p4l2FzZA","collected_at_utc":"2026-08-16T06:18:41.695Z","page_title":"ALA 0-2 BIL | Alaves v Athletic Bilbao 22/09/2023, Stats - Flashscore.com | Match","competition":"WORLD CUP","status":"FINISHED","date_time":"22.09.2023 23:00","home_team":"Alaves","away_team":"Ath 
[2026-08-16T06:18:41Z] Stored first_half statistics: 13 rows.
[2026-08-16T06:18:41Z] Merged section: statistics_first_half
[2026-08-16T06:18:41Z] Opening 2nd half statistics...
[2026-08-16T06:18:42Z] Navigate: https://www.flashscore.com/match/football/alaves-hxt57t2q/ath-bilbao-IP5zl0cJ/summary/stats/2nd-half/?mid=p4l2FzZA
[2026-08-16T06:18:43Z] Page loaded. Waiting for statistics DOM...
[2026-08-16T06:18:45Z] Script [readiness] result prefix: {"body_text_length":3205,"ready":true,"row_count":17,"section":"statistics_second_half","title":"ALA 0-2 BIL | Alaves v Athletic Bilbao 22/09/2023, Stats - Flashscore.com | Match"}
[2026-08-16T06:18:45Z] Reading rendered DOM...
[2026-08-16T06:18:45Z] Executing extraction script for phase 2; length: 5174.
[2026-08-16T06:18:45Z] Script [extract] result prefix: {"schema_version":"1.3","section":"statistics_second_half","statistic_period":"second_half","source_url":"https://www.flashscore.com/match/football/alaves-hxt57t2q/ath-bilbao-IP5zl0cJ/summary/stats/2nd-half/?mid=p4l2FzZA","match_id":"p4l2FzZA","collected_at_utc":"2026-08-16T06:18:45.426Z","page_title":"ALA 0-2 BIL | Alaves v Athletic Bilbao 22/09/2023, Stats - Flashscore.com | Match","competition":"WORLD CUP","status":"FINISHED","date_time":"22.09.2023 23:00","home_team":"Alaves","away_team":"At
[2026-08-16T06:18:45Z] Stored second_half statistics: 13 rows.
[2026-08-16T06:18:45Z] Merged section: statistics_second_half
[2026-08-16T06:18:45Z] Opening lineups...
[2026-08-16T06:18:46Z] Navigate: https://www.flashscore.com/match/football/alaves-hxt57t2q/ath-bilbao-IP5zl0cJ/summary/lineups/?mid=p4l2FzZA
[2026-08-16T06:18:48Z] Page loaded. Waiting for statistics DOM...
[2026-08-16T06:18:50Z] Script [readiness] result prefix: {"body_text_length":4270,"ready":true,"row_count":118,"section":"lineups","title":"ALA 0-2 BIL | Alaves v Athletic Bilbao 22/09/2023, Lineups - Flashscore.com | Match"}
[2026-08-16T06:18:50Z] Reading rendered DOM...
[2026-08-16T06:18:50Z] Executing extraction script for phase 4; length: 20701.
[2026-08-16T06:18:50Z] Script [extract] result prefix: {"schema_version":"1.3","section":"lineups","statistic_period":null,"source_url":"https://www.flashscore.com/match/football/alaves-hxt57t2q/ath-bilbao-IP5zl0cJ/summary/lineups/?mid=p4l2FzZA","match_id":"p4l2FzZA","collected_at_utc":"2026-08-16T06:18:50.579Z","page_title":"ALA 0-2 BIL | Alaves v Athletic Bilbao 22/09/2023, Lineups - Flashscore.com | Match","competition":"WORLD CUP","status":"FINISHED","date_time":"22.09.2023 23:00","home_team":"Alaves","away_team":"Ath Bilbao","score":{"home":"0"
[2026-08-16T06:18:50Z] Merged section: lineups
[2026-08-16T06:18:50Z] Spanish LaLiga 2023/2024: Player Stats are unavailable in the source profile.
[2026-08-16T06:18:50Z] Marked all Player Stats categories as not_available; collection continues.
[2026-08-16T06:18:50Z] Opening commentary...
[2026-08-16T06:18:50Z] Navigate: https://www.flashscore.com/match/football/alaves-hxt57t2q/ath-bilbao-IP5zl0cJ/summary/live-commentary/?mid=p4l2FzZA
[2026-08-16T06:18:53Z] Page loaded. Waiting for statistics DOM...
[2026-08-16T06:18:55Z] Script [readiness] result prefix: {"body_text_length":12849,"ready":true,"row_count":235,"section":"commentary","title":"ALA 0-2 BIL | Alaves v Athletic Bilbao 22/09/2023 | Football - Flashscore | Match"}
[2026-08-16T06:18:55Z] Reading rendered DOM...
[2026-08-16T06:18:55Z] Executing extraction script for phase 12; length: 11834.
[2026-08-16T06:18:55Z] Script [extract] result prefix: {"schema_version":"1.3","section":"commentary","statistic_period":null,"source_url":"https://www.flashscore.com/match/football/alaves-hxt57t2q/ath-bilbao-IP5zl0cJ/summary/live-commentary/all-comments/?mid=p4l2FzZA","match_id":"p4l2FzZA","collected_at_utc":"2026-08-16T06:18:55.235Z","page_title":"ALA 0-2 BIL | Alaves v Athletic Bilbao 22/09/2023 | Football - Flashscore | Match","competition":"WORLD CUP","status":"FINISHED","date_time":"22.09.2023 23:00","home_team":"Alaves","away_team":"Ath Bilba
[2026-08-16T06:18:55Z] Merged section: commentary
[2026-08-16T06:18:55Z] Saving complete match JSON...
[2026-08-16T06:18:55Z] Player Stats category unavailable; status=not_available: top_stats
[2026-08-16T06:18:55Z] Player Stats category unavailable; status=not_available: shots
[2026-08-16T06:18:55Z] Player Stats category unavailable; status=not_available: attack
[2026-08-16T06:18:55Z] Player Stats category unavailable; status=not_available: passes
[2026-08-16T06:18:55Z] Player Stats category unavailable; status=not_available: defense
[2026-08-16T06:18:55Z] Player Stats category unavailable; status=not_available: goalkeeping
[2026-08-16T06:18:55Z] Player Stats category unavailable; status=not_available: general
[2026-08-16T06:18:55Z] Structured goals, cards and VAR events enriched.
[2026-08-16T06:18:56Z] Saved match JSON with 13 statistics: G:\Mirza\VSCode\FlashscoreFootballCollector_\Data\Matches\LaLiga\2023_2024\2023-09-22_Alaves_vs_Ath_Bilbao_p4l2FzZA.json
[2026-08-16T06:18:56Z] Finished: 2023-09-22_Alaves_vs_Ath_Bilbao_p4l2FzZA.json
[2026-08-16T06:18:56Z] Opening overall statistics...
[2026-08-16T06:18:56Z] Navigate: https://www.flashscore.com/match/football/girona-nNNpcUSL/mallorca-4jDQxrbf/summary/stats/overall/?mid=0GnjIxkh
[2026-08-16T06:18:58Z] Page loaded. Waiting for statistics DOM...
[2026-08-16T06:18:59Z] Script [readiness] result prefix: {"body_text_length":3184,"ready":true,"row_count":17,"section":"statistics_overall","title":"GIR 5-3 MAL | Girona v Mallorca 23/09/2023, Stats - Flashscore.com | Match"}
[2026-08-16T06:19:00Z] Reading rendered DOM...
[2026-08-16T06:19:00Z] Executing extraction script for phase 0; length: 5174.
[2026-08-16T06:19:00Z] Script [extract] result prefix: {"schema_version":"1.3","section":"statistics_overall","statistic_period":"overall","source_url":"https://www.flashscore.com/match/football/girona-nNNpcUSL/mallorca-4jDQxrbf/summary/stats/overall/?mid=0GnjIxkh","match_id":"0GnjIxkh","collected_at_utc":"2026-08-16T06:19:00.054Z","page_title":"GIR 5-3 MAL | Girona v Mallorca 23/09/2023, Stats - Flashscore.com | Match","competition":"WORLD CUP","status":"FINISHED","date_time":"23.09.2023 16:00","home_team":"Girona","away_team":"Mallorca","score":{"
[2026-08-16T06:19:00Z] Stored overall statistics: 13 rows.
[2026-08-16T06:19:00Z] Merged section: statistics_overall
[2026-08-16T06:19:00Z] Opening 1st half statistics...
[2026-08-16T06:19:00Z] Navigate: https://www.flashscore.com/match/football/girona-nNNpcUSL/mallorca-4jDQxrbf/summary/stats/1st-half/?mid=0GnjIxkh
[2026-08-16T06:19:02Z] Page loaded. Waiting for statistics DOM...
[2026-08-16T06:19:04Z] Script [readiness] result prefix: {"body_text_length":3174,"ready":true,"row_count":17,"section":"statistics_first_half","title":"GIR 5-3 MAL | Girona v Mallorca 23/09/2023, Stats - Flashscore.com | Match"}
[2026-08-16T06:19:04Z] Reading rendered DOM...
[2026-08-16T06:19:04Z] Executing extraction script for phase 1; length: 5174.
[2026-08-16T06:19:04Z] Script [extract] result prefix: {"schema_version":"1.3","section":"statistics_first_half","statistic_period":"first_half","source_url":"https://www.flashscore.com/match/football/girona-nNNpcUSL/mallorca-4jDQxrbf/summary/stats/1st-half/?mid=0GnjIxkh","match_id":"0GnjIxkh","collected_at_utc":"2026-08-16T06:19:04.333Z","page_title":"GIR 5-3 MAL | Girona v Mallorca 23/09/2023, Stats - Flashscore.com | Match","competition":"WORLD CUP","status":"FINISHED","date_time":"23.09.2023 16:00","home_team":"Girona","away_team":"Mallorca","sc
[2026-08-16T06:19:04Z] Stored first_half statistics: 13 rows.
[2026-08-16T06:19:04Z] Merged section: statistics_first_half
[2026-08-16T06:19:04Z] Opening 2nd half statistics...
[2026-08-16T06:19:04Z] Navigate: https://www.flashscore.com/match/football/girona-nNNpcUSL/mallorca-4jDQxrbf/summary/stats/2nd-half/?mid=0GnjIxkh
[2026-08-16T06:19:06Z] Page loaded. Waiting for statistics DOM...
[2026-08-16T06:19:08Z] Script [readiness] result prefix: {"body_text_length":3154,"ready":true,"row_count":17,"section":"statistics_second_half","title":"GIR 5-3 MAL | Girona v Mallorca 23/09/2023, Stats - Flashscore.com | Match"}
[2026-08-16T06:19:08Z] Reading rendered DOM...
[2026-08-16T06:19:08Z] Executing extraction script for phase 2; length: 5174.
[2026-08-16T06:19:08Z] Script [extract] result prefix: {"schema_version":"1.3","section":"statistics_second_half","statistic_period":"second_half","source_url":"https://www.flashscore.com/match/football/girona-nNNpcUSL/mallorca-4jDQxrbf/summary/stats/2nd-half/?mid=0GnjIxkh","match_id":"0GnjIxkh","collected_at_utc":"2026-08-16T06:19:08.357Z","page_title":"GIR 5-3 MAL | Girona v Mallorca 23/09/2023, Stats - Flashscore.com | Match","competition":"WORLD CUP","status":"FINISHED","date_time":"23.09.2023 16:00","home_team":"Girona","away_team":"Mallorca","
[2026-08-16T06:19:08Z] Stored second_half statistics: 13 rows.
[2026-08-16T06:19:08Z] Merged section: statistics_second_half
[2026-08-16T06:19:08Z] Opening lineups...
[2026-08-16T06:19:08Z] Navigate: https://www.flashscore.com/match/football/girona-nNNpcUSL/mallorca-4jDQxrbf/summary/lineups/?mid=0GnjIxkh
[2026-08-16T06:19:11Z] Page loaded. Waiting for statistics DOM...
[2026-08-16T06:19:13Z] Script [readiness] result prefix: {"body_text_length":4297,"ready":true,"row_count":121,"section":"lineups","title":"GIR 5-3 MAL | Girona v Mallorca 23/09/2023, Lineups - Flashscore.com | Match"}
[2026-08-16T06:19:13Z] Reading rendered DOM...
[2026-08-16T06:19:13Z] Executing extraction script for phase 4; length: 20701.
[2026-08-16T06:19:13Z] Script [extract] result prefix: {"schema_version":"1.3","section":"lineups","statistic_period":null,"source_url":"https://www.flashscore.com/match/football/girona-nNNpcUSL/mallorca-4jDQxrbf/summary/lineups/?mid=0GnjIxkh","match_id":"0GnjIxkh","collected_at_utc":"2026-08-16T06:19:13.186Z","page_title":"GIR 5-3 MAL | Girona v Mallorca 23/09/2023, Lineups - Flashscore.com | Match","competition":"WORLD CUP","status":"FINISHED","date_time":"23.09.2023 16:00","home_team":"Girona","away_team":"Mallorca","score":{"home":"5","away":"3"
[2026-08-16T06:19:13Z] Merged section: lineups
[2026-08-16T06:19:13Z] Spanish LaLiga 2023/2024: Player Stats are unavailable in the source profile.
[2026-08-16T06:19:13Z] Marked all Player Stats categories as not_available; collection continues.
[2026-08-16T06:19:13Z] Opening commentary...
[2026-08-16T06:19:13Z] Navigate: https://www.flashscore.com/match/football/girona-nNNpcUSL/mallorca-4jDQxrbf/summary/live-commentary/?mid=0GnjIxkh
[2026-08-16T06:19:15Z] Page loaded. Waiting for statistics DOM...
[2026-08-16T06:19:16Z] Script [readiness] result prefix: {"body_text_length":11479,"ready":true,"row_count":246,"section":"commentary","title":"GIR 5-3 MAL | Girona v Mallorca 23/09/2023 | Football - Flashscore | Match"}
[2026-08-16T06:19:16Z] Reading rendered DOM...
[2026-08-16T06:19:16Z] Executing extraction script for phase 12; length: 11834.
[2026-08-16T06:19:17Z] Script [extract] result prefix: {"schema_version":"1.3","section":"commentary","statistic_period":null,"source_url":"https://www.flashscore.com/match/football/girona-nNNpcUSL/mallorca-4jDQxrbf/summary/live-commentary/all-comments/?mid=0GnjIxkh","match_id":"0GnjIxkh","collected_at_utc":"2026-08-16T06:19:16.921Z","page_title":"GIR 5-3 MAL | Girona v Mallorca 23/09/2023 | Football - Flashscore | Match","competition":"WORLD CUP","status":"FINISHED","date_time":"23.09.2023 16:00","home_team":"Girona","away_team":"Mallorca","score":
[2026-08-16T06:19:17Z] Merged section: commentary
[2026-08-16T06:19:17Z] Saving complete match JSON...
[2026-08-16T06:19:17Z] Player Stats category unavailable; status=not_available: top_stats
[2026-08-16T06:19:17Z] Player Stats category unavailable; status=not_available: shots
[2026-08-16T06:19:17Z] Player Stats category unavailable; status=not_available: attack
[2026-08-16T06:19:17Z] Player Stats category unavailable; status=not_available: passes
[2026-08-16T06:19:17Z] Player Stats category unavailable; status=not_available: defense
[2026-08-16T06:19:17Z] Player Stats category unavailable; status=not_available: goalkeeping
[2026-08-16T06:19:18Z] Player Stats category unavailable; status=not_available: general
[2026-08-16T06:19:18Z] Structured goals, cards and VAR events enriched.
[2026-08-16T06:19:18Z] Saved match JSON with 13 statistics: G:\Mirza\VSCode\FlashscoreFootballCollector_\Data\Matches\LaLiga\2023_2024\2023-09-23_Girona_vs_Mallorca_0GnjIxkh.json
[2026-08-16T06:19:18Z] Finished: 2023-09-23_Girona_vs_Mallorca_0GnjIxkh.json
[2026-08-16T06:19:18Z] Opening overall statistics...
[2026-08-16T06:19:18Z] Navigate: https://www.flashscore.com/match/football/osasuna-ETdxjU8a/sevilla-h8oAv4Ts/summary/stats/overall/?mid=CjjfHd4b
[2026-08-16T06:19:20Z] Page loaded. Waiting for statistics DOM...
[2026-08-16T06:19:22Z] Script [readiness] result prefix: {"body_text_length":3186,"ready":true,"row_count":17,"section":"statistics_overall","title":"OSA 0-0 SEV | Osasuna v Sevilla 23/09/2023, Stats - Flashscore.com | Match"}
[2026-08-16T06:19:22Z] Reading rendered DOM...
[2026-08-16T06:19:22Z] Executing extraction script for phase 0; length: 5174.
[2026-08-16T06:19:22Z] Script [extract] result prefix: {"schema_version":"1.3","section":"statistics_overall","statistic_period":"overall","source_url":"https://www.flashscore.com/match/football/osasuna-ETdxjU8a/sevilla-h8oAv4Ts/summary/stats/overall/?mid=CjjfHd4b","match_id":"CjjfHd4b","collected_at_utc":"2026-08-16T06:19:22.558Z","page_title":"OSA 0-0 SEV | Osasuna v Sevilla 23/09/2023, Stats - Flashscore.com | Match","competition":"WORLD CUP","status":"FINISHED","date_time":"23.09.2023 18:15","home_team":"Osasuna","away_team":"Sevilla","score":{"
[2026-08-16T06:19:22Z] Stored overall statistics: 13 rows.
[2026-08-16T06:19:22Z] Merged section: statistics_overall
[2026-08-16T06:19:22Z] Opening 1st half statistics...
[2026-08-16T06:19:22Z] Navigate: https://www.flashscore.com/match/football/osasuna-ETdxjU8a/sevilla-h8oAv4Ts/summary/stats/1st-half/?mid=CjjfHd4b
