[2026-08-16T05:11:28Z] Discovering complete competition season from the selected results page...
[2026-08-16T05:11:28Z] Discovering tournament matches...
[2026-08-16T05:11:28Z] Discovery navigate: https://www.flashscore.com/football/germany/bundesliga-2023-2024/results/
[2026-08-16T05:11:31Z] Tournament page loaded. Waiting for match list...
[2026-08-16T05:11:32Z] Reading tournament match list...
[2026-08-16T05:11:33Z] Script [discover_matches] result prefix: {"section":"match_discovery","page_url":"https://www.flashscore.com/football/germany/bundesliga-2023-2024/results/","page_title":"Bundesliga 2023/2024 Results - Football/Germany","body_text_length":6906,"event_node_count":104,"anchor_count":134,"match_count":104,"final_tournament_limit":0,"load_more_clicked":true,"matches":[{"match_id":"UBjWdVpR","url":"https://www.flashscore.com/match/football/bochum-8Y2m6ADe/dusseldorf-ne1oL3y7/summary/stats/overall/?mid=UBjWdVpR","text":"27.05.2024 Pen Dussel
[2026-08-16T05:11:33Z] WARNING: Discovery anchor was not found on the results page: 
[2026-08-16T05:11:33Z] Discovery page returned 104 matches; 0 added. Event nodes: 104; anchors: 134; body text: 6906.
[2026-08-16T05:11:33Z] Flashscore Show more clicked; waiting for additional matches...
[2026-08-16T05:11:34Z] Reading tournament match list...
[2026-08-16T05:11:34Z] Script [discover_matches] result prefix: {"section":"match_discovery","page_url":"https://www.flashscore.com/football/germany/bundesliga-2023-2024/results/","page_title":"Bundesliga 2023/2024 Results - Football/Germany","body_text_length":6888,"event_node_count":104,"anchor_count":134,"match_count":104,"final_tournament_limit":0,"load_more_clicked":false,"matches":[{"match_id":"UBjWdVpR","url":"https://www.flashscore.com/match/football/bochum-8Y2m6ADe/dusseldorf-ne1oL3y7/summary/stats/overall/?mid=UBjWdVpR","text":"27.05.2024 Pen Dusse
[2026-08-16T05:11:34Z] WARNING: Discovery anchor was not found on the results page: 
[2026-08-16T05:11:34Z] Discovery page returned 104 matches; 0 added. Event nodes: 104; anchors: 134; body text: 6888.
[2026-08-16T05:11:34Z] Season discovery finished. Discovered 0 matches.
[2026-08-16T05:11:34Z] German Bundesliga 2023/2024 discovery is incomplete: expected 306 matches, discovered 0. Collection was not started.
[2026-08-16T06:00:04Z] Discovering complete competition season from the selected results page...
[2026-08-16T06:00:04Z] Discovering tournament matches...
[2026-08-16T06:00:04Z] Discovery navigate: https://www.flashscore.com/football/germany/bundesliga-2023-2024/results/
[2026-08-16T06:00:07Z] Tournament page loaded. Waiting for match list...
[2026-08-16T06:00:09Z] Reading tournament match list...
[2026-08-16T06:00:09Z] Script [discover_matches] result prefix: {"section":"match_discovery","page_url":"https://www.flashscore.com/football/germany/bundesliga-2023-2024/results/","page_title":"Bundesliga 2023/2024 Results - Football/Germany","body_text_length":6906,"event_node_count":104,"anchor_count":134,"match_count":104,"final_tournament_limit":0,"load_more_clicked":true,"matches":[{"match_id":"UBjWdVpR","url":"https://www.flashscore.com/match/football/bochum-8Y2m6ADe/dusseldorf-ne1oL3y7/summary/stats/overall/?mid=UBjWdVpR","text":"27.05.2024 Pen Dussel
[2026-08-16T06:00:09Z] Discovery snapshot is partial (104 matches rendered). Flashscore Show more clicked; waiting for earlier rounds...
[2026-08-16T06:00:10Z] Reading tournament match list...
[2026-08-16T06:00:11Z] Script [discover_matches] result prefix: {"section":"match_discovery","page_url":"https://www.flashscore.com/football/germany/bundesliga-2023-2024/results/","page_title":"Bundesliga 2023/2024 Results - Football/Germany","body_text_length":10676,"event_node_count":200,"anchor_count":230,"match_count":200,"final_tournament_limit":0,"load_more_clicked":true,"matches":[{"match_id":"UBjWdVpR","url":"https://www.flashscore.com/match/football/bochum-8Y2m6ADe/dusseldorf-ne1oL3y7/summary/stats/overall/?mid=UBjWdVpR","text":"27.05.2024 Pen Dusse
[2026-08-16T06:00:11Z] Discovery snapshot is partial (200 matches rendered). Flashscore Show more clicked; waiting for earlier rounds...
[2026-08-16T06:00:12Z] Reading tournament match list...
[2026-08-16T06:00:12Z] Script [discover_matches] result prefix: {"section":"match_discovery","page_url":"https://www.flashscore.com/football/germany/bundesliga-2023-2024/results/","page_title":"Bundesliga 2023/2024 Results - Football/Germany","body_text_length":14629,"event_node_count":301,"anchor_count":331,"match_count":301,"final_tournament_limit":0,"load_more_clicked":true,"matches":[{"match_id":"UBjWdVpR","url":"https://www.flashscore.com/match/football/bochum-8Y2m6ADe/dusseldorf-ne1oL3y7/summary/stats/overall/?mid=UBjWdVpR","text":"27.05.2024 Pen Dusse
[2026-08-16T06:00:12Z] Discovery snapshot is partial (301 matches rendered). Flashscore Show more clicked; waiting for earlier rounds...
[2026-08-16T06:00:14Z] Reading tournament match list...
[2026-08-16T06:00:14Z] Script [discover_matches] result prefix: {"section":"match_discovery","page_url":"https://www.flashscore.com/football/germany/bundesliga-2023-2024/results/","page_title":"Bundesliga 2023/2024 Results - Football/Germany","body_text_length":14875,"event_node_count":308,"anchor_count":338,"match_count":308,"final_tournament_limit":0,"load_more_clicked":false,"matches":[{"match_id":"UBjWdVpR","url":"https://www.flashscore.com/match/football/bochum-8Y2m6ADe/dusseldorf-ne1oL3y7/summary/stats/overall/?mid=UBjWdVpR","text":"27.05.2024 Pen Duss
[2026-08-16T06:00:14Z] Discovery expanded from 301 to 308 rendered matches; waiting for the next Show more state...
[2026-08-16T06:00:15Z] Reading tournament match list...
[2026-08-16T06:00:15Z] Script [discover_matches] result prefix: {"section":"match_discovery","page_url":"https://www.flashscore.com/football/germany/bundesliga-2023-2024/results/","page_title":"Bundesliga 2023/2024 Results - Football/Germany","body_text_length":14875,"event_node_count":308,"anchor_count":338,"match_count":308,"final_tournament_limit":0,"load_more_clicked":false,"matches":[{"match_id":"UBjWdVpR","url":"https://www.flashscore.com/match/football/bochum-8Y2m6ADe/dusseldorf-ne1oL3y7/summary/stats/overall/?mid=UBjWdVpR","text":"27.05.2024 Pen Duss
[2026-08-16T06:00:17Z] Reading tournament match list...
[2026-08-16T06:00:17Z] Script [discover_matches] result prefix: {"section":"match_discovery","page_url":"https://www.flashscore.com/football/germany/bundesliga-2023-2024/results/","page_title":"Bundesliga 2023/2024 Results - Football/Germany","body_text_length":14875,"event_node_count":308,"anchor_count":338,"match_count":308,"final_tournament_limit":0,"load_more_clicked":false,"matches":[{"match_id":"UBjWdVpR","url":"https://www.flashscore.com/match/football/bochum-8Y2m6ADe/dusseldorf-ne1oL3y7/summary/stats/overall/?mid=UBjWdVpR","text":"27.05.2024 Pen Duss
[2026-08-16T06:00:18Z] Reading tournament match list...
[2026-08-16T06:00:18Z] Script [discover_matches] result prefix: {"section":"match_discovery","page_url":"https://www.flashscore.com/football/germany/bundesliga-2023-2024/results/","page_title":"Bundesliga 2023/2024 Results - Football/Germany","body_text_length":14875,"event_node_count":308,"anchor_count":338,"match_count":308,"final_tournament_limit":0,"load_more_clicked":false,"matches":[{"match_id":"UBjWdVpR","url":"https://www.flashscore.com/match/football/bochum-8Y2m6ADe/dusseldorf-ne1oL3y7/summary/stats/overall/?mid=UBjWdVpR","text":"27.05.2024 Pen Duss
[2026-08-16T06:00:20Z] Reading tournament match list...
[2026-08-16T06:00:20Z] Script [discover_matches] result prefix: {"section":"match_discovery","page_url":"https://www.flashscore.com/football/germany/bundesliga-2023-2024/results/","page_title":"Bundesliga 2023/2024 Results - Football/Germany","body_text_length":14875,"event_node_count":308,"anchor_count":338,"match_count":308,"final_tournament_limit":0,"load_more_clicked":false,"matches":[{"match_id":"UBjWdVpR","url":"https://www.flashscore.com/match/football/bochum-8Y2m6ADe/dusseldorf-ne1oL3y7/summary/stats/overall/?mid=UBjWdVpR","text":"27.05.2024 Pen Duss
[2026-08-16T06:00:21Z] Reading tournament match list...
[2026-08-16T06:00:21Z] Script [discover_matches] result prefix: {"section":"match_discovery","page_url":"https://www.flashscore.com/football/germany/bundesliga-2023-2024/results/","page_title":"Bundesliga 2023/2024 Results - Football/Germany","body_text_length":14875,"event_node_count":308,"anchor_count":338,"match_count":308,"final_tournament_limit":0,"load_more_clicked":false,"matches":[{"match_id":"UBjWdVpR","url":"https://www.flashscore.com/match/football/bochum-8Y2m6ADe/dusseldorf-ne1oL3y7/summary/stats/overall/?mid=UBjWdVpR","text":"27.05.2024 Pen Duss
[2026-08-16T06:00:23Z] Reading tournament match list...
[2026-08-16T06:00:23Z] Script [discover_matches] result prefix: {"section":"match_discovery","page_url":"https://www.flashscore.com/football/germany/bundesliga-2023-2024/results/","page_title":"Bundesliga 2023/2024 Results - Football/Germany","body_text_length":14875,"event_node_count":308,"anchor_count":338,"match_count":308,"final_tournament_limit":0,"load_more_clicked":false,"matches":[{"match_id":"UBjWdVpR","url":"https://www.flashscore.com/match/football/bochum-8Y2m6ADe/dusseldorf-ne1oL3y7/summary/stats/overall/?mid=UBjWdVpR","text":"27.05.2024 Pen Duss
[2026-08-16T06:00:23Z] Discovery list stabilized at 308 rendered matches; processing the final snapshot.
[2026-08-16T06:00:29Z] Ignored 2 Final-stage match(es); regular season rounds only.
[2026-08-16T06:00:29Z] Discovery page returned 308 matches; 306 added. Event nodes: 308; anchors: 338; body text: 14875.
[2026-08-16T06:00:29Z] Season discovery finished. Discovered 306 matches.
[2026-08-16T06:00:29Z] Discovery finished: 306 matches.
[2026-08-16T06:01:38Z] Discovering complete competition season from the selected results page...
[2026-08-16T06:01:38Z] Discovering tournament matches...
[2026-08-16T06:01:38Z] Discovery navigate: https://www.flashscore.com/football/germany/bundesliga-2023-2024/results/
[2026-08-16T06:01:40Z] Tournament page loaded. Waiting for match list...
[2026-08-16T06:01:42Z] Reading tournament match list...
[2026-08-16T06:01:42Z] Script [discover_matches] result prefix: {"section":"match_discovery","page_url":"https://www.flashscore.com/football/germany/bundesliga-2023-2024/results/","page_title":"Bundesliga 2023/2024 Results - Football/Germany","body_text_length":6906,"event_node_count":104,"anchor_count":134,"match_count":104,"final_tournament_limit":0,"load_more_clicked":true,"matches":[{"match_id":"UBjWdVpR","url":"https://www.flashscore.com/match/football/bochum-8Y2m6ADe/dusseldorf-ne1oL3y7/summary/stats/overall/?mid=UBjWdVpR","text":"27.05.2024 Pen Dussel
[2026-08-16T06:01:42Z] Discovery snapshot is partial (104 matches rendered). Flashscore Show more clicked; waiting for earlier rounds...
[2026-08-16T06:01:43Z] Reading tournament match list...
[2026-08-16T06:01:43Z] Script [discover_matches] result prefix: {"section":"match_discovery","page_url":"https://www.flashscore.com/football/germany/bundesliga-2023-2024/results/","page_title":"Bundesliga 2023/2024 Results - Football/Germany","body_text_length":10676,"event_node_count":200,"anchor_count":230,"match_count":200,"final_tournament_limit":0,"load_more_clicked":true,"matches":[{"match_id":"UBjWdVpR","url":"https://www.flashscore.com/match/football/bochum-8Y2m6ADe/dusseldorf-ne1oL3y7/summary/stats/overall/?mid=UBjWdVpR","text":"27.05.2024 Pen Dusse
[2026-08-16T06:01:43Z] Discovery snapshot is partial (200 matches rendered). Flashscore Show more clicked; waiting for earlier rounds...
[2026-08-16T06:01:45Z] Reading tournament match list...
[2026-08-16T06:01:45Z] Script [discover_matches] result prefix: {"section":"match_discovery","page_url":"https://www.flashscore.com/football/germany/bundesliga-2023-2024/results/","page_title":"Bundesliga 2023/2024 Results - Football/Germany","body_text_length":14629,"event_node_count":301,"anchor_count":331,"match_count":301,"final_tournament_limit":0,"load_more_clicked":true,"matches":[{"match_id":"UBjWdVpR","url":"https://www.flashscore.com/match/football/bochum-8Y2m6ADe/dusseldorf-ne1oL3y7/summary/stats/overall/?mid=UBjWdVpR","text":"27.05.2024 Pen Dusse
[2026-08-16T06:01:45Z] Discovery snapshot is partial (301 matches rendered). Flashscore Show more clicked; waiting for earlier rounds...
[2026-08-16T06:01:46Z] Reading tournament match list...
[2026-08-16T06:01:46Z] Script [discover_matches] result prefix: {"section":"match_discovery","page_url":"https://www.flashscore.com/football/germany/bundesliga-2023-2024/results/","page_title":"Bundesliga 2023/2024 Results - Football/Germany","body_text_length":14875,"event_node_count":308,"anchor_count":338,"match_count":308,"final_tournament_limit":0,"load_more_clicked":false,"matches":[{"match_id":"UBjWdVpR","url":"https://www.flashscore.com/match/football/bochum-8Y2m6ADe/dusseldorf-ne1oL3y7/summary/stats/overall/?mid=UBjWdVpR","text":"27.05.2024 Pen Duss
[2026-08-16T06:01:46Z] Discovery expanded from 301 to 308 rendered matches; waiting for the next Show more state...
[2026-08-16T06:01:48Z] Reading tournament match list...
[2026-08-16T06:01:48Z] Script [discover_matches] result prefix: {"section":"match_discovery","page_url":"https://www.flashscore.com/football/germany/bundesliga-2023-2024/results/","page_title":"Bundesliga 2023/2024 Results - Football/Germany","body_text_length":14875,"event_node_count":308,"anchor_count":338,"match_count":308,"final_tournament_limit":0,"load_more_clicked":false,"matches":[{"match_id":"UBjWdVpR","url":"https://www.flashscore.com/match/football/bochum-8Y2m6ADe/dusseldorf-ne1oL3y7/summary/stats/overall/?mid=UBjWdVpR","text":"27.05.2024 Pen Duss
[2026-08-16T06:01:49Z] Reading tournament match list...
[2026-08-16T06:01:49Z] Script [discover_matches] result prefix: {"section":"match_discovery","page_url":"https://www.flashscore.com/football/germany/bundesliga-2023-2024/results/","page_title":"Bundesliga 2023/2024 Results - Football/Germany","body_text_length":14875,"event_node_count":308,"anchor_count":338,"match_count":308,"final_tournament_limit":0,"load_more_clicked":false,"matches":[{"match_id":"UBjWdVpR","url":"https://www.flashscore.com/match/football/bochum-8Y2m6ADe/dusseldorf-ne1oL3y7/summary/stats/overall/?mid=UBjWdVpR","text":"27.05.2024 Pen Duss
[2026-08-16T06:01:51Z] Reading tournament match list...
[2026-08-16T06:01:51Z] Script [discover_matches] result prefix: {"section":"match_discovery","page_url":"https://www.flashscore.com/football/germany/bundesliga-2023-2024/results/","page_title":"Bundesliga 2023/2024 Results - Football/Germany","body_text_length":14875,"event_node_count":308,"anchor_count":338,"match_count":308,"final_tournament_limit":0,"load_more_clicked":false,"matches":[{"match_id":"UBjWdVpR","url":"https://www.flashscore.com/match/football/bochum-8Y2m6ADe/dusseldorf-ne1oL3y7/summary/stats/overall/?mid=UBjWdVpR","text":"27.05.2024 Pen Duss
[2026-08-16T06:01:52Z] Reading tournament match list...
[2026-08-16T06:01:53Z] Script [discover_matches] result prefix: {"section":"match_discovery","page_url":"https://www.flashscore.com/football/germany/bundesliga-2023-2024/results/","page_title":"Bundesliga 2023/2024 Results - Football/Germany","body_text_length":14875,"event_node_count":308,"anchor_count":338,"match_count":308,"final_tournament_limit":0,"load_more_clicked":false,"matches":[{"match_id":"UBjWdVpR","url":"https://www.flashscore.com/match/football/bochum-8Y2m6ADe/dusseldorf-ne1oL3y7/summary/stats/overall/?mid=UBjWdVpR","text":"27.05.2024 Pen Duss
[2026-08-16T06:01:54Z] Reading tournament match list...
[2026-08-16T06:01:54Z] Script [discover_matches] result prefix: {"section":"match_discovery","page_url":"https://www.flashscore.com/football/germany/bundesliga-2023-2024/results/","page_title":"Bundesliga 2023/2024 Results - Football/Germany","body_text_length":14875,"event_node_count":308,"anchor_count":338,"match_count":308,"final_tournament_limit":0,"load_more_clicked":false,"matches":[{"match_id":"UBjWdVpR","url":"https://www.flashscore.com/match/football/bochum-8Y2m6ADe/dusseldorf-ne1oL3y7/summary/stats/overall/?mid=UBjWdVpR","text":"27.05.2024 Pen Duss
[2026-08-16T06:01:56Z] Reading tournament match list...
[2026-08-16T06:01:56Z] Script [discover_matches] result prefix: {"section":"match_discovery","page_url":"https://www.flashscore.com/football/germany/bundesliga-2023-2024/results/","page_title":"Bundesliga 2023/2024 Results - Football/Germany","body_text_length":14875,"event_node_count":308,"anchor_count":338,"match_count":308,"final_tournament_limit":0,"load_more_clicked":false,"matches":[{"match_id":"UBjWdVpR","url":"https://www.flashscore.com/match/football/bochum-8Y2m6ADe/dusseldorf-ne1oL3y7/summary/stats/overall/?mid=UBjWdVpR","text":"27.05.2024 Pen Duss
[2026-08-16T06:01:56Z] Discovery list stabilized at 308 rendered matches; processing the final snapshot.
[2026-08-16T06:02:03Z] Ignored 2 Final-stage match(es); regular season rounds only.
[2026-08-16T06:02:03Z] Discovery page returned 308 matches; 306 added. Event nodes: 308; anchors: 338; body text: 14875.
[2026-08-16T06:02:04Z] Season discovery finished. Discovered 306 matches.
[2026-08-16T06:02:04Z] Starting collection from the earliest unprocessed match: v7JY0hIu
[2026-08-16T06:02:04Z] Opening overall statistics...
[2026-08-16T06:02:04Z] Navigate: https://www.flashscore.com/match/football/bayern-munich-nVp0wiqd/werder-bremen-Ig1f1fy3/summary/stats/overall/?mid=v7JY0hIu
[2026-08-16T06:02:06Z] Page loaded. Waiting for statistics DOM...
[2026-08-16T06:02:07Z] Script [readiness] result prefix: {"body_text_length":3304,"ready":true,"row_count":18,"section":"statistics_overall","title":"WER 0-4 BAY | Werder Bremen v Bayern Munich 18/08/2023, Stats - Flashscore.com | Match"}
[2026-08-16T06:02:07Z] Reading rendered DOM...
[2026-08-16T06:02:07Z] Executing extraction script for phase 0; length: 5174.
[2026-08-16T06:02:07Z] Script [extract] result prefix: {"schema_version":"1.3","section":"statistics_overall","statistic_period":"overall","source_url":"https://www.flashscore.com/match/football/bayern-munich-nVp0wiqd/werder-bremen-Ig1f1fy3/summary/stats/overall/?mid=v7JY0hIu","match_id":"v7JY0hIu","collected_at_utc":"2026-08-16T06:02:07.801Z","page_title":"WER 0-4 BAY | Werder Bremen v Bayern Munich 18/08/2023, Stats - Flashscore.com | Match","competition":"WORLD CUP","status":"FINISHED","date_time":"18.08.2023 22:30","home_team":"Werder Bremen","a
[2026-08-16T06:02:07Z] Stored overall statistics: 13 rows.
[2026-08-16T06:02:07Z] Merged section: statistics_overall
[2026-08-16T06:02:07Z] Opening 1st half statistics...
[2026-08-16T06:02:07Z] Navigate: https://www.flashscore.com/match/football/bayern-munich-nVp0wiqd/werder-bremen-Ig1f1fy3/summary/stats/1st-half/?mid=v7JY0hIu
[2026-08-16T06:02:09Z] Page loaded. Waiting for statistics DOM...
[2026-08-16T06:02:11Z] Script [readiness] result prefix: {"body_text_length":3294,"ready":true,"row_count":18,"section":"statistics_first_half","title":"WER 0-4 BAY | Werder Bremen v Bayern Munich 18/08/2023, Stats - Flashscore.com | Match"}
[2026-08-16T06:02:11Z] Reading rendered DOM...
[2026-08-16T06:02:11Z] Executing extraction script for phase 1; length: 5174.
[2026-08-16T06:02:11Z] Script [extract] result prefix: {"schema_version":"1.3","section":"statistics_first_half","statistic_period":"first_half","source_url":"https://www.flashscore.com/match/football/bayern-munich-nVp0wiqd/werder-bremen-Ig1f1fy3/summary/stats/1st-half/?mid=v7JY0hIu","match_id":"v7JY0hIu","collected_at_utc":"2026-08-16T06:02:11.393Z","page_title":"WER 0-4 BAY | Werder Bremen v Bayern Munich 18/08/2023, Stats - Flashscore.com | Match","competition":"WORLD CUP","status":"FINISHED","date_time":"18.08.2023 22:30","home_team":"Werder Bre
[2026-08-16T06:02:11Z] Stored first_half statistics: 13 rows.
[2026-08-16T06:02:11Z] Merged section: statistics_first_half
[2026-08-16T06:02:11Z] Opening 2nd half statistics...
[2026-08-16T06:02:11Z] Navigate: https://www.flashscore.com/match/football/bayern-munich-nVp0wiqd/werder-bremen-Ig1f1fy3/summary/stats/2nd-half/?mid=v7JY0hIu
[2026-08-16T06:02:13Z] Page loaded. Waiting for statistics DOM...
[2026-08-16T06:02:15Z] Script [readiness] result prefix: {"body_text_length":3297,"ready":true,"row_count":18,"section":"statistics_second_half","title":"WER 0-4 BAY | Werder Bremen v Bayern Munich 18/08/2023, Stats - Flashscore.com | Match"}
[2026-08-16T06:02:15Z] Reading rendered DOM...
[2026-08-16T06:02:15Z] Executing extraction script for phase 2; length: 5174.
[2026-08-16T06:02:15Z] Script [extract] result prefix: {"schema_version":"1.3","section":"statistics_second_half","statistic_period":"second_half","source_url":"https://www.flashscore.com/match/football/bayern-munich-nVp0wiqd/werder-bremen-Ig1f1fy3/summary/stats/2nd-half/?mid=v7JY0hIu","match_id":"v7JY0hIu","collected_at_utc":"2026-08-16T06:02:15.281Z","page_title":"WER 0-4 BAY | Werder Bremen v Bayern Munich 18/08/2023, Stats - Flashscore.com | Match","competition":"WORLD CUP","status":"FINISHED","date_time":"18.08.2023 22:30","home_team":"Werder B
[2026-08-16T06:02:15Z] Stored second_half statistics: 13 rows.
[2026-08-16T06:02:15Z] Merged section: statistics_second_half
[2026-08-16T06:02:15Z] Opening lineups...
[2026-08-16T06:02:15Z] Navigate: https://www.flashscore.com/match/football/bayern-munich-nVp0wiqd/werder-bremen-Ig1f1fy3/summary/lineups/?mid=v7JY0hIu
[2026-08-16T06:02:18Z] Page loaded. Waiting for statistics DOM...
[2026-08-16T06:02:19Z] Script [readiness] result prefix: {"body_text_length":4298,"ready":true,"row_count":116,"section":"lineups","title":"WER 0-4 BAY | Werder Bremen v Bayern Munich 18/08/2023, Lineups - Flashscore.com | Match"}
[2026-08-16T06:02:19Z] Reading rendered DOM...
[2026-08-16T06:02:19Z] Executing extraction script for phase 4; length: 20701.
[2026-08-16T06:02:19Z] Script [extract] result prefix: {"schema_version":"1.3","section":"lineups","statistic_period":null,"source_url":"https://www.flashscore.com/match/football/bayern-munich-nVp0wiqd/werder-bremen-Ig1f1fy3/summary/lineups/?mid=v7JY0hIu","match_id":"v7JY0hIu","collected_at_utc":"2026-08-16T06:02:19.553Z","page_title":"WER 0-4 BAY | Werder Bremen v Bayern Munich 18/08/2023, Lineups - Flashscore.com | Match","competition":"WORLD CUP","status":"FINISHED","date_time":"18.08.2023 22:30","home_team":"Werder Bremen","away_team":"Bayern Mu
[2026-08-16T06:02:19Z] Merged section: lineups
[2026-08-16T06:02:19Z] German Bundesliga 2023/2024: Player Stats are unavailable in the source profile.
[2026-08-16T06:02:19Z] Marked all Player Stats categories as not_available; collection continues.
[2026-08-16T06:02:19Z] Opening commentary...
[2026-08-16T06:02:20Z] Navigate: https://www.flashscore.com/match/football/bayern-munich-nVp0wiqd/werder-bremen-Ig1f1fy3/summary/live-commentary/?mid=v7JY0hIu
[2026-08-16T06:02:22Z] Page loaded. Waiting for statistics DOM...
[2026-08-16T06:02:24Z] Script [readiness] result prefix: {"body_text_length":15202,"ready":true,"row_count":255,"section":"commentary","title":"WER 0-4 BAY | Werder Bremen v Bayern Munich 18/08/2023 | Football - Flashscore | Match"}
[2026-08-16T06:02:24Z] Reading rendered DOM...
[2026-08-16T06:02:24Z] Executing extraction script for phase 12; length: 11834.
[2026-08-16T06:02:24Z] Script [extract] result prefix: {"schema_version":"1.3","section":"commentary","statistic_period":null,"source_url":"https://www.flashscore.com/match/football/bayern-munich-nVp0wiqd/werder-bremen-Ig1f1fy3/summary/live-commentary/all-comments/?mid=v7JY0hIu","match_id":"v7JY0hIu","collected_at_utc":"2026-08-16T06:02:24.180Z","page_title":"WER 0-4 BAY | Werder Bremen v Bayern Munich 18/08/2023 | Football - Flashscore | Match","competition":"WORLD CUP","status":"FINISHED","date_time":"18.08.2023 22:30","home_team":"Werder Bremen",
[2026-08-16T06:02:24Z] Merged section: commentary
[2026-08-16T06:02:24Z] Saving complete match JSON...
[2026-08-16T06:02:24Z] Player Stats category unavailable; status=not_available: top_stats
[2026-08-16T06:02:24Z] Player Stats category unavailable; status=not_available: shots
[2026-08-16T06:02:24Z] Player Stats category unavailable; status=not_available: attack
[2026-08-16T06:02:24Z] Player Stats category unavailable; status=not_available: passes
[2026-08-16T06:02:24Z] Player Stats category unavailable; status=not_available: defense
[2026-08-16T06:02:24Z] Player Stats category unavailable; status=not_available: goalkeeping
[2026-08-16T06:02:24Z] Player Stats category unavailable; status=not_available: general
[2026-08-16T06:02:24Z] Structured goals, cards and VAR events enriched.
[2026-08-16T06:02:24Z] Saved match JSON with 13 statistics: G:\Mirza\VSCode\FlashscoreFootballCollector_\Data\Matches\Bundesliga\2023_2024\2023-08-18_Werder_Bremen_vs_Bayern_Munich_v7JY0hIu.json
[2026-08-16T06:02:24Z] Finished: 2023-08-18_Werder_Bremen_vs_Bayern_Munich_v7JY0hIu.json
[2026-08-16T06:02:24Z] Opening overall statistics...
[2026-08-16T06:02:24Z] Navigate: https://www.flashscore.com/match/football/heidenheim-KWixEVWi/wolfsburg-nwkTahLL/summary/stats/overall/?mid=KMEgdUWA
[2026-08-16T06:02:27Z] Page loaded. Waiting for statistics DOM...
[2026-08-16T06:02:29Z] Script [readiness] result prefix: {"body_text_length":3268,"ready":true,"row_count":18,"section":"statistics_overall","title":"WOL 2-0 HEI | Wolfsburg v Heidenheim 19/08/2023, Stats - Flashscore.com | Match"}
[2026-08-16T06:02:29Z] Reading rendered DOM...
[2026-08-16T06:02:29Z] Executing extraction script for phase 0; length: 5174.
[2026-08-16T06:02:29Z] Script [extract] result prefix: {"schema_version":"1.3","section":"statistics_overall","statistic_period":"overall","source_url":"https://www.flashscore.com/match/football/heidenheim-KWixEVWi/wolfsburg-nwkTahLL/summary/stats/overall/?mid=KMEgdUWA","match_id":"KMEgdUWA","collected_at_utc":"2026-08-16T06:02:29.077Z","page_title":"WOL 2-0 HEI | Wolfsburg v Heidenheim 19/08/2023, Stats - Flashscore.com | Match","competition":"WORLD CUP","status":"FINISHED","date_time":"19.08.2023 17:30","home_team":"Wolfsburg","away_team":"Heidenh
[2026-08-16T06:02:29Z] Stored overall statistics: 13 rows.
[2026-08-16T06:02:29Z] Merged section: statistics_overall
[2026-08-16T06:02:29Z] Opening 1st half statistics...
[2026-08-16T06:02:29Z] Navigate: https://www.flashscore.com/match/football/heidenheim-KWixEVWi/wolfsburg-nwkTahLL/summary/stats/1st-half/?mid=KMEgdUWA
[2026-08-16T06:02:30Z] Page loaded. Waiting for statistics DOM...
[2026-08-16T06:02:32Z] Script [readiness] result prefix: {"body_text_length":3230,"ready":true,"row_count":16,"section":"statistics_first_half","title":"WOL 2-0 HEI | Wolfsburg v Heidenheim 19/08/2023, Stats - Flashscore.com | Match"}
[2026-08-16T06:02:32Z] Reading rendered DOM...
[2026-08-16T06:02:32Z] Executing extraction script for phase 1; length: 5174.
[2026-08-16T06:02:33Z] Script [extract] result prefix: {"schema_version":"1.3","section":"statistics_first_half","statistic_period":"first_half","source_url":"https://www.flashscore.com/match/football/heidenheim-KWixEVWi/wolfsburg-nwkTahLL/summary/stats/1st-half/?mid=KMEgdUWA","match_id":"KMEgdUWA","collected_at_utc":"2026-08-16T06:02:33.001Z","page_title":"WOL 2-0 HEI | Wolfsburg v Heidenheim 19/08/2023, Stats - Flashscore.com | Match","competition":"WORLD CUP","status":"FINISHED","date_time":"19.08.2023 17:30","home_team":"Wolfsburg","away_team":"
[2026-08-16T06:02:33Z] Stored first_half statistics: 11 rows.
[2026-08-16T06:02:33Z] Merged section: statistics_first_half
[2026-08-16T06:02:33Z] Opening 2nd half statistics...
[2026-08-16T06:02:33Z] Navigate: https://www.flashscore.com/match/football/heidenheim-KWixEVWi/wolfsburg-nwkTahLL/summary/stats/2nd-half/?mid=KMEgdUWA
[2026-08-16T06:02:35Z] Page loaded. Waiting for statistics DOM...
[2026-08-16T06:02:37Z] Script [readiness] result prefix: {"body_text_length":3263,"ready":true,"row_count":18,"section":"statistics_second_half","title":"WOL 2-0 HEI | Wolfsburg v Heidenheim 19/08/2023, Stats - Flashscore.com | Match"}
[2026-08-16T06:02:37Z] Reading rendered DOM...
[2026-08-16T06:02:37Z] Executing extraction script for phase 2; length: 5174.
[2026-08-16T06:02:37Z] Script [extract] result prefix: {"schema_version":"1.3","section":"statistics_second_half","statistic_period":"second_half","source_url":"https://www.flashscore.com/match/football/heidenheim-KWixEVWi/wolfsburg-nwkTahLL/summary/stats/2nd-half/?mid=KMEgdUWA","match_id":"KMEgdUWA","collected_at_utc":"2026-08-16T06:02:37.446Z","page_title":"WOL 2-0 HEI | Wolfsburg v Heidenheim 19/08/2023, Stats - Flashscore.com | Match","competition":"WORLD CUP","status":"FINISHED","date_time":"19.08.2023 17:30","home_team":"Wolfsburg","away_team"
[2026-08-16T06:02:37Z] Stored second_half statistics: 13 rows.
[2026-08-16T06:02:37Z] Merged section: statistics_second_half
[2026-08-16T06:02:37Z] Opening lineups...
[2026-08-16T06:02:37Z] Navigate: https://www.flashscore.com/match/football/heidenheim-KWixEVWi/wolfsburg-nwkTahLL/summary/lineups/?mid=KMEgdUWA
[2026-08-16T06:02:39Z] Page loaded. Waiting for statistics DOM...
[2026-08-16T06:02:40Z] Script [readiness] result prefix: {"body_text_length":4180,"ready":true,"row_count":112,"section":"lineups","title":"WOL 2-0 HEI | Wolfsburg v Heidenheim 19/08/2023, Lineups - Flashscore.com | Match"}
[2026-08-16T06:02:40Z] Reading rendered DOM...
[2026-08-16T06:02:40Z] Executing extraction script for phase 4; length: 20701.
[2026-08-16T06:02:40Z] Script [extract] result prefix: {"schema_version":"1.3","section":"lineups","statistic_period":null,"source_url":"https://www.flashscore.com/match/football/heidenheim-KWixEVWi/wolfsburg-nwkTahLL/summary/lineups/?mid=KMEgdUWA","match_id":"KMEgdUWA","collected_at_utc":"2026-08-16T06:02:40.773Z","page_title":"WOL 2-0 HEI | Wolfsburg v Heidenheim 19/08/2023, Lineups - Flashscore.com | Match","competition":"WORLD CUP","status":"FINISHED","date_time":"19.08.2023 17:30","home_team":"Wolfsburg","away_team":"Heidenheim","score":{"home"
[2026-08-16T06:02:40Z] Merged section: lineups
[2026-08-16T06:02:40Z] German Bundesliga 2023/2024: Player Stats are unavailable in the source profile.
[2026-08-16T06:02:40Z] Marked all Player Stats categories as not_available; collection continues.
[2026-08-16T06:02:40Z] Opening commentary...
[2026-08-16T06:02:40Z] Navigate: https://www.flashscore.com/match/football/heidenheim-KWixEVWi/wolfsburg-nwkTahLL/summary/live-commentary/?mid=KMEgdUWA
[2026-08-16T06:02:42Z] Page loaded. Waiting for statistics DOM...
[2026-08-16T06:02:44Z] Script [readiness] result prefix: {"body_text_length":11352,"ready":true,"row_count":202,"section":"commentary","title":"WOL 2-0 HEI | Wolfsburg v Heidenheim 19/08/2023 | Football - Flashscore | Match"}
[2026-08-16T06:02:44Z] Reading rendered DOM...
[2026-08-16T06:02:44Z] Executing extraction script for phase 12; length: 11834.
[2026-08-16T06:02:44Z] Script [extract] result prefix: {"schema_version":"1.3","section":"commentary","statistic_period":null,"source_url":"https://www.flashscore.com/match/football/heidenheim-KWixEVWi/wolfsburg-nwkTahLL/summary/live-commentary/all-comments/?mid=KMEgdUWA","match_id":"KMEgdUWA","collected_at_utc":"2026-08-16T06:02:44.480Z","page_title":"WOL 2-0 HEI | Wolfsburg v Heidenheim 19/08/2023 | Football - Flashscore | Match","competition":"WORLD CUP","status":"FINISHED","date_time":"19.08.2023 17:30","home_team":"Wolfsburg","away_team":"Heide
[2026-08-16T06:02:44Z] Merged section: commentary
[2026-08-16T06:02:44Z] Saving complete match JSON...
[2026-08-16T06:02:44Z] Player Stats category unavailable; status=not_available: top_stats
[2026-08-16T06:02:44Z] Player Stats category unavailable; status=not_available: shots
[2026-08-16T06:02:44Z] Player Stats category unavailable; status=not_available: attack
[2026-08-16T06:02:44Z] Player Stats category unavailable; status=not_available: passes
[2026-08-16T06:02:44Z] Player Stats category unavailable; status=not_available: defense
[2026-08-16T06:02:44Z] Player Stats category unavailable; status=not_available: goalkeeping
[2026-08-16T06:02:45Z] Player Stats category unavailable; status=not_available: general
[2026-08-16T06:02:45Z] Structured goals, cards and VAR events enriched.
[2026-08-16T06:02:45Z] Saved match JSON with 13 statistics: G:\Mirza\VSCode\FlashscoreFootballCollector_\Data\Matches\Bundesliga\2023_2024\2023-08-19_Wolfsburg_vs_Heidenheim_KMEgdUWA.json
[2026-08-16T06:02:46Z] Finished: 2023-08-19_Wolfsburg_vs_Heidenheim_KMEgdUWA.json
[2026-08-16T06:02:46Z] Opening overall statistics...
[2026-08-16T06:02:46Z] Navigate: https://www.flashscore.com/match/football/bochum-8Y2m6ADe/vfb-stuttgart-nJQmYp1B/summary/stats/overall/?mid=AB76gSGT
[2026-08-16T06:02:48Z] Page loaded. Waiting for statistics DOM...
[2026-08-16T06:02:49Z] Script [readiness] result prefix: {"body_text_length":3246,"ready":true,"row_count":18,"section":"statistics_overall","title":"STU 5-0 BOC | Stuttgart v Bochum 19/08/2023, Stats - Flashscore.com | Match"}
[2026-08-16T06:02:49Z] Reading rendered DOM...
[2026-08-16T06:02:49Z] Executing extraction script for phase 0; length: 5174.
[2026-08-16T06:02:49Z] Script [extract] result prefix: {"schema_version":"1.3","section":"statistics_overall","statistic_period":"overall","source_url":"https://www.flashscore.com/match/football/bochum-8Y2m6ADe/vfb-stuttgart-nJQmYp1B/summary/stats/overall/?mid=AB76gSGT","match_id":"AB76gSGT","collected_at_utc":"2026-08-16T06:02:49.592Z","page_title":"STU 5-0 BOC | Stuttgart v Bochum 19/08/2023, Stats - Flashscore.com | Match","competition":"WORLD CUP","status":"FINISHED","date_time":"19.08.2023 17:30","home_team":"Stuttgart","away_team":"Bochum","sc
[2026-08-16T06:02:49Z] Stored overall statistics: 13 rows.
[2026-08-16T06:02:49Z] Merged section: statistics_overall
[2026-08-16T06:02:49Z] Opening 1st half statistics...
[2026-08-16T06:02:49Z] Navigate: https://www.flashscore.com/match/football/bochum-8Y2m6ADe/vfb-stuttgart-nJQmYp1B/summary/stats/1st-half/?mid=AB76gSGT
[2026-08-16T06:02:52Z] Page loaded. Waiting for statistics DOM...
[2026-08-16T06:02:53Z] Script [readiness] result prefix: {"body_text_length":3210,"ready":true,"row_count":16,"section":"statistics_first_half","title":"STU 5-0 BOC | Stuttgart v Bochum 19/08/2023, Stats - Flashscore.com | Match"}
[2026-08-16T06:02:54Z] Reading rendered DOM...
[2026-08-16T06:02:54Z] Executing extraction script for phase 1; length: 5174.
[2026-08-16T06:02:54Z] Script [extract] result prefix: {"schema_version":"1.3","section":"statistics_first_half","statistic_period":"first_half","source_url":"https://www.flashscore.com/match/football/bochum-8Y2m6ADe/vfb-stuttgart-nJQmYp1B/summary/stats/1st-half/?mid=AB76gSGT","match_id":"AB76gSGT","collected_at_utc":"2026-08-16T06:02:54.158Z","page_title":"STU 5-0 BOC | Stuttgart v Bochum 19/08/2023, Stats - Flashscore.com | Match","competition":"WORLD CUP","status":"FINISHED","date_time":"19.08.2023 17:30","home_team":"Stuttgart","away_team":"Boch
[2026-08-16T06:02:54Z] Stored first_half statistics: 11 rows.
[2026-08-16T06:02:54Z] Merged section: statistics_first_half
[2026-08-16T06:02:54Z] Opening 2nd half statistics...
[2026-08-16T06:02:54Z] Navigate: https://www.flashscore.com/match/football/bochum-8Y2m6ADe/vfb-stuttgart-nJQmYp1B/summary/stats/2nd-half/?mid=AB76gSGT
[2026-08-16T06:02:56Z] Page loaded. Waiting for statistics DOM...
[2026-08-16T06:02:58Z] Script [readiness] result prefix: {"body_text_length":3227,"ready":true,"row_count":17,"section":"statistics_second_half","title":"STU 5-0 BOC | Stuttgart v Bochum 19/08/2023, Stats - Flashscore.com | Match"}
[2026-08-16T06:02:58Z] Reading rendered DOM...
[2026-08-16T06:02:58Z] Executing extraction script for phase 2; length: 5174.
[2026-08-16T06:02:58Z] Script [extract] result prefix: {"schema_version":"1.3","section":"statistics_second_half","statistic_period":"second_half","source_url":"https://www.flashscore.com/match/football/bochum-8Y2m6ADe/vfb-stuttgart-nJQmYp1B/summary/stats/2nd-half/?mid=AB76gSGT","match_id":"AB76gSGT","collected_at_utc":"2026-08-16T06:02:58.078Z","page_title":"STU 5-0 BOC | Stuttgart v Bochum 19/08/2023, Stats - Flashscore.com | Match","competition":"WORLD CUP","status":"FINISHED","date_time":"19.08.2023 17:30","home_team":"Stuttgart","away_team":"Bo
[2026-08-16T06:02:58Z] Stored second_half statistics: 12 rows.
[2026-08-16T06:02:58Z] Merged section: statistics_second_half
[2026-08-16T06:02:58Z] Opening lineups...
[2026-08-16T06:02:58Z] Navigate: https://www.flashscore.com/match/football/bochum-8Y2m6ADe/vfb-stuttgart-nJQmYp1B/summary/lineups/?mid=AB76gSGT
[2026-08-16T06:03:01Z] Page loaded. Waiting for statistics DOM...
[2026-08-16T06:03:02Z] Script [readiness] result prefix: {"body_text_length":4338,"ready":true,"row_count":118,"section":"lineups","title":"STU 5-0 BOC | Stuttgart v Bochum 19/08/2023, Lineups - Flashscore.com | Match"}
[2026-08-16T06:03:02Z] Reading rendered DOM...
[2026-08-16T06:03:02Z] Executing extraction script for phase 4; length: 20701.
[2026-08-16T06:03:02Z] Script [extract] result prefix: {"schema_version":"1.3","section":"lineups","statistic_period":null,"source_url":"https://www.flashscore.com/match/football/bochum-8Y2m6ADe/vfb-stuttgart-nJQmYp1B/summary/lineups/?mid=AB76gSGT","match_id":"AB76gSGT","collected_at_utc":"2026-08-16T06:03:02.808Z","page_title":"STU 5-0 BOC | Stuttgart v Bochum 19/08/2023, Lineups - Flashscore.com | Match","competition":"WORLD CUP","status":"FINISHED","date_time":"19.08.2023 17:30","home_team":"Stuttgart","away_team":"Bochum","score":{"home":"5","aw
[2026-08-16T06:03:02Z] Merged section: lineups
[2026-08-16T06:03:02Z] German Bundesliga 2023/2024: Player Stats are unavailable in the source profile.
[2026-08-16T06:03:02Z] Marked all Player Stats categories as not_available; collection continues.
[2026-08-16T06:03:02Z] Opening commentary...
[2026-08-16T06:03:03Z] Navigate: https://www.flashscore.com/match/football/bochum-8Y2m6ADe/vfb-stuttgart-nJQmYp1B/summary/live-commentary/?mid=AB76gSGT
[2026-08-16T06:03:04Z] Page loaded. Waiting for statistics DOM...
[2026-08-16T06:03:05Z] Script [readiness] result prefix: {"body_text_length":10454,"ready":true,"row_count":188,"section":"commentary","title":"STU 5-0 BOC | Stuttgart v Bochum 19/08/2023 | Football - Flashscore | Match"}
[2026-08-16T06:03:05Z] Reading rendered DOM...
[2026-08-16T06:03:05Z] Executing extraction script for phase 12; length: 11834.
[2026-08-16T06:03:05Z] Script [extract] result prefix: {"schema_version":"1.3","section":"commentary","statistic_period":null,"source_url":"https://www.flashscore.com/match/football/bochum-8Y2m6ADe/vfb-stuttgart-nJQmYp1B/summary/live-commentary/all-comments/?mid=AB76gSGT","match_id":"AB76gSGT","collected_at_utc":"2026-08-16T06:03:05.909Z","page_title":"STU 5-0 BOC | Stuttgart v Bochum 19/08/2023 | Football - Flashscore | Match","competition":"WORLD CUP","status":"FINISHED","date_time":"19.08.2023 17:30","home_team":"Stuttgart","away_team":"Bochum","
[2026-08-16T06:03:05Z] Merged section: commentary
[2026-08-16T06:03:05Z] Saving complete match JSON...
[2026-08-16T06:03:06Z] Player Stats category unavailable; status=not_available: top_stats
[2026-08-16T06:03:06Z] Player Stats category unavailable; status=not_available: shots
[2026-08-16T06:03:06Z] Player Stats category unavailable; status=not_available: attack
[2026-08-16T06:03:06Z] Player Stats category unavailable; status=not_available: passes
[2026-08-16T06:03:06Z] Player Stats category unavailable; status=not_available: defense
[2026-08-16T06:03:06Z] Player Stats category unavailable; status=not_available: goalkeeping
[2026-08-16T06:03:06Z] Player Stats category unavailable; status=not_available: general
[2026-08-16T06:03:06Z] Structured goals, cards and VAR events enriched.
[2026-08-16T06:03:06Z] Saved match JSON with 13 statistics: G:\Mirza\VSCode\FlashscoreFootballCollector_\Data\Matches\Bundesliga\2023_2024\2023-08-19_Stuttgart_vs_Bochum_AB76gSGT.json
[2026-08-16T06:03:06Z] Finished: 2023-08-19_Stuttgart_vs_Bochum_AB76gSGT.json
[2026-08-16T06:03:06Z] Opening overall statistics...
[2026-08-16T06:03:06Z] Navigate: https://www.flashscore.com/match/football/freiburg-fiEQZ7C7/hoffenheim-hQAtP9Sl/summary/stats/overall/?mid=EqEcelnH
[2026-08-16T06:03:08Z] Page loaded. Waiting for statistics DOM...
[2026-08-16T06:03:10Z] Script [readiness] result prefix: {"body_text_length":3260,"ready":true,"row_count":18,"section":"statistics_overall","title":"HOF 1-2 FRE | Hoffenheim v Freiburg 19/08/2023, Stats - Flashscore.com | Match"}
[2026-08-16T06:03:10Z] Reading rendered DOM...
[2026-08-16T06:03:10Z] Executing extraction script for phase 0; length: 5174.
[2026-08-16T06:03:10Z] Script [extract] result prefix: {"schema_version":"1.3","section":"statistics_overall","statistic_period":"overall","source_url":"https://www.flashscore.com/match/football/freiburg-fiEQZ7C7/hoffenheim-hQAtP9Sl/summary/stats/overall/?mid=EqEcelnH","match_id":"EqEcelnH","collected_at_utc":"2026-08-16T06:03:10.355Z","page_title":"HOF 1-2 FRE | Hoffenheim v Freiburg 19/08/2023, Stats - Flashscore.com | Match","competition":"WORLD CUP","status":"FINISHED","date_time":"19.08.2023 17:30","home_team":"Hoffenheim","away_team":"Freiburg
[2026-08-16T06:03:10Z] Stored overall statistics: 13 rows.
[2026-08-16T06:03:10Z] Merged section: statistics_overall
[2026-08-16T06:03:10Z] Opening 1st half statistics...
[2026-08-16T06:03:11Z] Navigate: https://www.flashscore.com/match/football/freiburg-fiEQZ7C7/hoffenheim-hQAtP9Sl/summary/stats/1st-half/?mid=EqEcelnH
[2026-08-16T06:03:12Z] Page loaded. Waiting for statistics DOM...
[2026-08-16T06:03:14Z] Script [readiness] result prefix: {"body_text_length":3229,"ready":true,"row_count":16,"section":"statistics_first_half","title":"HOF 1-2 FRE | Hoffenheim v Freiburg 19/08/2023, Stats - Flashscore.com | Match"}
[2026-08-16T06:03:14Z] Reading rendered DOM...
[2026-08-16T06:03:14Z] Executing extraction script for phase 1; length: 5174.
[2026-08-16T06:03:14Z] Script [extract] result prefix: {"schema_version":"1.3","section":"statistics_first_half","statistic_period":"first_half","source_url":"https://www.flashscore.com/match/football/freiburg-fiEQZ7C7/hoffenheim-hQAtP9Sl/summary/stats/1st-half/?mid=EqEcelnH","match_id":"EqEcelnH","collected_at_utc":"2026-08-16T06:03:14.113Z","page_title":"HOF 1-2 FRE | Hoffenheim v Freiburg 19/08/2023, Stats - Flashscore.com | Match","competition":"WORLD CUP","status":"FINISHED","date_time":"19.08.2023 17:30","home_team":"Hoffenheim","away_team":"F
[2026-08-16T06:03:14Z] Stored first_half statistics: 11 rows.
[2026-08-16T06:03:14Z] Merged section: statistics_first_half
[2026-08-16T06:03:14Z] Opening 2nd half statistics...
[2026-08-16T06:03:14Z] Navigate: https://www.flashscore.com/match/football/freiburg-fiEQZ7C7/hoffenheim-hQAtP9Sl/summary/stats/2nd-half/?mid=EqEcelnH
[2026-08-16T06:03:15Z] Page loaded. Waiting for statistics DOM...
[2026-08-16T06:03:17Z] Script [readiness] result prefix: {"body_text_length":3241,"ready":true,"row_count":17,"section":"statistics_second_half","title":"HOF 1-2 FRE | Hoffenheim v Freiburg 19/08/2023, Stats - Flashscore.com | Match"}
[2026-08-16T06:03:17Z] Reading rendered DOM...
[2026-08-16T06:03:17Z] Executing extraction script for phase 2; length: 5174.
[2026-08-16T06:03:17Z] Script [extract] result prefix: {"schema_version":"1.3","section":"statistics_second_half","statistic_period":"second_half","source_url":"https://www.flashscore.com/match/football/freiburg-fiEQZ7C7/hoffenheim-hQAtP9Sl/summary/stats/2nd-half/?mid=EqEcelnH","match_id":"EqEcelnH","collected_at_utc":"2026-08-16T06:03:17.433Z","page_title":"HOF 1-2 FRE | Hoffenheim v Freiburg 19/08/2023, Stats - Flashscore.com | Match","competition":"WORLD CUP","status":"FINISHED","date_time":"19.08.2023 17:30","home_team":"Hoffenheim","away_team":
[2026-08-16T06:03:17Z] Stored second_half statistics: 12 rows.
[2026-08-16T06:03:17Z] Merged section: statistics_second_half
[2026-08-16T06:03:17Z] Opening lineups...
[2026-08-16T06:03:17Z] Navigate: https://www.flashscore.com/match/football/freiburg-fiEQZ7C7/hoffenheim-hQAtP9Sl/summary/lineups/?mid=EqEcelnH
[2026-08-16T06:03:20Z] Page loaded. Waiting for statistics DOM...
[2026-08-16T06:03:22Z] Script [readiness] result prefix: {"body_text_length":4194,"ready":true,"row_count":112,"section":"lineups","title":"HOF 1-2 FRE | Hoffenheim v Freiburg 19/08/2023, Lineups - Flashscore.com | Match"}
[2026-08-16T06:03:22Z] Reading rendered DOM...
[2026-08-16T06:03:22Z] Executing extraction script for phase 4; length: 20701.
[2026-08-16T06:03:22Z] Script [extract] result prefix: {"schema_version":"1.3","section":"lineups","statistic_period":null,"source_url":"https://www.flashscore.com/match/football/freiburg-fiEQZ7C7/hoffenheim-hQAtP9Sl/summary/lineups/?mid=EqEcelnH","match_id":"EqEcelnH","collected_at_utc":"2026-08-16T06:03:22.236Z","page_title":"HOF 1-2 FRE | Hoffenheim v Freiburg 19/08/2023, Lineups - Flashscore.com | Match","competition":"WORLD CUP","status":"FINISHED","date_time":"19.08.2023 17:30","home_team":"Hoffenheim","away_team":"Freiburg","score":{"home":"1
[2026-08-16T06:03:22Z] Merged section: lineups
[2026-08-16T06:03:22Z] German Bundesliga 2023/2024: Player Stats are unavailable in the source profile.
[2026-08-16T06:03:22Z] Marked all Player Stats categories as not_available; collection continues.
[2026-08-16T06:03:22Z] Opening commentary...
[2026-08-16T06:03:22Z] Navigate: https://www.flashscore.com/match/football/freiburg-fiEQZ7C7/hoffenheim-hQAtP9Sl/summary/live-commentary/?mid=EqEcelnH
[2026-08-16T06:03:24Z] Page loaded. Waiting for statistics DOM...
[2026-08-16T06:03:25Z] Script [readiness] result prefix: {"body_text_length":9734,"ready":true,"row_count":178,"section":"commentary","title":"HOF 1-2 FRE | Hoffenheim v Freiburg 19/08/2023 | Football - Flashscore | Match"}
[2026-08-16T06:03:25Z] Reading rendered DOM...
[2026-08-16T06:03:25Z] Executing extraction script for phase 12; length: 11834.
[2026-08-16T06:03:25Z] Script [extract] result prefix: {"schema_version":"1.3","section":"commentary","statistic_period":null,"source_url":"https://www.flashscore.com/match/football/freiburg-fiEQZ7C7/hoffenheim-hQAtP9Sl/summary/live-commentary/all-comments/?mid=EqEcelnH","match_id":"EqEcelnH","collected_at_utc":"2026-08-16T06:03:25.692Z","page_title":"HOF 1-2 FRE | Hoffenheim v Freiburg 19/08/2023 | Football - Flashscore | Match","competition":"WORLD CUP","status":"FINISHED","date_time":"19.08.2023 17:30","home_team":"Hoffenheim","away_team":"Freibu
[2026-08-16T06:03:25Z] Merged section: commentary
[2026-08-16T06:03:25Z] Saving complete match JSON...
[2026-08-16T06:03:25Z] Player Stats category unavailable; status=not_available: top_stats
[2026-08-16T06:03:25Z] Player Stats category unavailable; status=not_available: shots
[2026-08-16T06:03:26Z] Player Stats category unavailable; status=not_available: attack
[2026-08-16T06:03:26Z] Player Stats category unavailable; status=not_available: passes
[2026-08-16T06:03:26Z] Player Stats category unavailable; status=not_available: defense
[2026-08-16T06:03:26Z] Player Stats category unavailable; status=not_available: goalkeeping
[2026-08-16T06:03:26Z] Player Stats category unavailable; status=not_available: general
[2026-08-16T06:03:26Z] Structured goals, cards and VAR events enriched.
[2026-08-16T06:03:26Z] Saved match JSON with 13 statistics: G:\Mirza\VSCode\FlashscoreFootballCollector_\Data\Matches\Bundesliga\2023_2024\2023-08-19_Hoffenheim_vs_Freiburg_EqEcelnH.json
[2026-08-16T06:03:26Z] Finished: 2023-08-19_Hoffenheim_vs_Freiburg_EqEcelnH.json
[2026-08-16T06:03:26Z] Opening overall statistics...
[2026-08-16T06:03:26Z] Navigate: https://www.flashscore.com/match/football/bayer-leverkusen-4jcj2zMd/rb-leipzig-KbS1suSm/summary/stats/overall/?mid=QNLpbj2b
[2026-08-16T06:03:30Z] Page loaded. Waiting for statistics DOM...
[2026-08-16T06:03:31Z] Script [readiness] result prefix: {"body_text_length":3302,"ready":true,"row_count":18,"section":"statistics_overall","title":"LEV 3-2 RBL | Bayer Leverkusen v RB Leipzig 19/08/2023, Stats - Flashscore.com | Match"}
[2026-08-16T06:03:31Z] Reading rendered DOM...
[2026-08-16T06:03:31Z] Executing extraction script for phase 0; length: 5174.
[2026-08-16T06:03:31Z] Script [extract] result prefix: {"schema_version":"1.3","section":"statistics_overall","statistic_period":"overall","source_url":"https://www.flashscore.com/match/football/bayer-leverkusen-4jcj2zMd/rb-leipzig-KbS1suSm/summary/stats/overall/?mid=QNLpbj2b","match_id":"QNLpbj2b","collected_at_utc":"2026-08-16T06:03:31.626Z","page_title":"LEV 3-2 RBL | Bayer Leverkusen v RB Leipzig 19/08/2023, Stats - Flashscore.com | Match","competition":"WORLD CUP","status":"FINISHED","date_time":"19.08.2023 17:30","home_team":"Bayer Leverkusen"
[2026-08-16T06:03:31Z] Stored overall statistics: 13 rows.
[2026-08-16T06:03:31Z] Merged section: statistics_overall
[2026-08-16T06:03:31Z] Opening 1st half statistics...
[2026-08-16T06:03:31Z] Navigate: https://www.flashscore.com/match/football/bayer-leverkusen-4jcj2zMd/rb-leipzig-KbS1suSm/summary/stats/1st-half/?mid=QNLpbj2b
[2026-08-16T06:03:33Z] Page loaded. Waiting for statistics DOM...
[2026-08-16T06:03:34Z] Script [readiness] result prefix: {"body_text_length":3278,"ready":true,"row_count":17,"section":"statistics_first_half","title":"LEV 3-2 RBL | Bayer Leverkusen v RB Leipzig 19/08/2023, Stats - Flashscore.com | Match"}
[2026-08-16T06:03:34Z] Reading rendered DOM...
[2026-08-16T06:03:35Z] Executing extraction script for phase 1; length: 5174.
[2026-08-16T06:03:35Z] Script [extract] result prefix: {"schema_version":"1.3","section":"statistics_first_half","statistic_period":"first_half","source_url":"https://www.flashscore.com/match/football/bayer-leverkusen-4jcj2zMd/rb-leipzig-KbS1suSm/summary/stats/1st-half/?mid=QNLpbj2b","match_id":"QNLpbj2b","collected_at_utc":"2026-08-16T06:03:35.033Z","page_title":"LEV 3-2 RBL | Bayer Leverkusen v RB Leipzig 19/08/2023, Stats - Flashscore.com | Match","competition":"WORLD CUP","status":"FINISHED","date_time":"19.08.2023 17:30","home_team":"Bayer Leve
[2026-08-16T06:03:35Z] Stored first_half statistics: 12 rows.
[2026-08-16T06:03:35Z] Merged section: statistics_first_half
[2026-08-16T06:03:35Z] Opening 2nd half statistics...
[2026-08-16T06:03:35Z] Navigate: https://www.flashscore.com/match/football/bayer-leverkusen-4jcj2zMd/rb-leipzig-KbS1suSm/summary/stats/2nd-half/?mid=QNLpbj2b
[2026-08-16T06:03:37Z] Page loaded. Waiting for statistics DOM...
[2026-08-16T06:03:39Z] Script [readiness] result prefix: {"body_text_length":3294,"ready":true,"row_count":18,"section":"statistics_second_half","title":"LEV 3-2 RBL | Bayer Leverkusen v RB Leipzig 19/08/2023, Stats - Flashscore.com | Match"}
[2026-08-16T06:03:39Z] Reading rendered DOM...
[2026-08-16T06:03:39Z] Executing extraction script for phase 2; length: 5174.
[2026-08-16T06:03:39Z] Script [extract] result prefix: {"schema_version":"1.3","section":"statistics_second_half","statistic_period":"second_half","source_url":"https://www.flashscore.com/match/football/bayer-leverkusen-4jcj2zMd/rb-leipzig-KbS1suSm/summary/stats/2nd-half/?mid=QNLpbj2b","match_id":"QNLpbj2b","collected_at_utc":"2026-08-16T06:03:39.105Z","page_title":"LEV 3-2 RBL | Bayer Leverkusen v RB Leipzig 19/08/2023, Stats - Flashscore.com | Match","competition":"WORLD CUP","status":"FINISHED","date_time":"19.08.2023 17:30","home_team":"Bayer Le
[2026-08-16T06:03:39Z] Stored second_half statistics: 13 rows.
[2026-08-16T06:03:39Z] Merged section: statistics_second_half
[2026-08-16T06:03:39Z] Opening lineups...
[2026-08-16T06:03:39Z] Navigate: https://www.flashscore.com/match/football/bayer-leverkusen-4jcj2zMd/rb-leipzig-KbS1suSm/summary/lineups/?mid=QNLpbj2b
[2026-08-16T06:03:42Z] Page loaded. Waiting for statistics DOM...
[2026-08-16T06:03:43Z] Script [readiness] result prefix: {"body_text_length":4283,"ready":true,"row_count":114,"section":"lineups","title":"LEV 3-2 RBL | Bayer Leverkusen v RB Leipzig 19/08/2023, Lineups - Flashscore.com | Match"}
[2026-08-16T06:03:43Z] Reading rendered DOM...
[2026-08-16T06:03:43Z] Executing extraction script for phase 4; length: 20701.
[2026-08-16T06:03:43Z] Script [extract] result prefix: {"schema_version":"1.3","section":"lineups","statistic_period":null,"source_url":"https://www.flashscore.com/match/football/bayer-leverkusen-4jcj2zMd/rb-leipzig-KbS1suSm/summary/lineups/?mid=QNLpbj2b","match_id":"QNLpbj2b","collected_at_utc":"2026-08-16T06:03:43.640Z","page_title":"LEV 3-2 RBL | Bayer Leverkusen v RB Leipzig 19/08/2023, Lineups - Flashscore.com | Match","competition":"WORLD CUP","status":"FINISHED","date_time":"19.08.2023 17:30","home_team":"Bayer Leverkusen","away_team":"RB Lei
[2026-08-16T06:03:43Z] Merged section: lineups
[2026-08-16T06:03:43Z] German Bundesliga 2023/2024: Player Stats are unavailable in the source profile.
[2026-08-16T06:03:43Z] Marked all Player Stats categories as not_available; collection continues.
[2026-08-16T06:03:43Z] Opening commentary...
[2026-08-16T06:03:43Z] Navigate: https://www.flashscore.com/match/football/bayer-leverkusen-4jcj2zMd/rb-leipzig-KbS1suSm/summary/live-commentary/?mid=QNLpbj2b
[2026-08-16T06:03:45Z] Page loaded. Waiting for statistics DOM...
[2026-08-16T06:03:47Z] Script [readiness] result prefix: {"body_text_length":10806,"ready":true,"row_count":201,"section":"commentary","title":"LEV 3-2 RBL | Bayer Leverkusen v RB Leipzig 19/08/2023 | Football - Flashscore | Match"}
[2026-08-16T06:03:47Z] Reading rendered DOM...
[2026-08-16T06:03:47Z] Executing extraction script for phase 12; length: 11834.
[2026-08-16T06:03:47Z] Script [extract] result prefix: {"schema_version":"1.3","section":"commentary","statistic_period":null,"source_url":"https://www.flashscore.com/match/football/bayer-leverkusen-4jcj2zMd/rb-leipzig-KbS1suSm/summary/live-commentary/all-comments/?mid=QNLpbj2b","match_id":"QNLpbj2b","collected_at_utc":"2026-08-16T06:03:47.071Z","page_title":"LEV 3-2 RBL | Bayer Leverkusen v RB Leipzig 19/08/2023 | Football - Flashscore | Match","competition":"WORLD CUP","status":"FINISHED","date_time":"19.08.2023 17:30","home_team":"Bayer Leverkuse
[2026-08-16T06:03:47Z] Merged section: commentary
[2026-08-16T06:03:47Z] Saving complete match JSON...
[2026-08-16T06:03:47Z] Player Stats category unavailable; status=not_available: top_stats
[2026-08-16T06:03:47Z] Player Stats category unavailable; status=not_available: shots
[2026-08-16T06:03:47Z] Player Stats category unavailable; status=not_available: attack
[2026-08-16T06:03:47Z] Player Stats category unavailable; status=not_available: passes
[2026-08-16T06:03:47Z] Player Stats category unavailable; status=not_available: defense
[2026-08-16T06:03:47Z] Player Stats category unavailable; status=not_available: goalkeeping
[2026-08-16T06:03:47Z] Player Stats category unavailable; status=not_available: general
[2026-08-16T06:03:47Z] Structured goals, cards and VAR events enriched.
[2026-08-16T06:03:47Z] Saved match JSON with 13 statistics: G:\Mirza\VSCode\FlashscoreFootballCollector_\Data\Matches\Bundesliga\2023_2024\2023-08-19_Bayer_Leverkusen_vs_RB_Leipzig_QNLpbj2b.json
[2026-08-16T06:03:47Z] Finished: 2023-08-19_Bayer_Leverkusen_vs_RB_Leipzig_QNLpbj2b.json
[2026-08-16T06:03:47Z] Opening overall statistics...
[2026-08-16T06:03:48Z] Navigate: https://www.flashscore.com/match/football/augsburg-fTVNku3I/b-monchengladbach-88HSzjDr/summary/stats/overall/?mid=hzD1f81N
[2026-08-16T06:03:51Z] Page loaded. Waiting for statistics DOM...
[2026-08-16T06:03:53Z] Script [readiness] result prefix: {"body_text_length":3300,"ready":true,"row_count":18,"section":"statistics_overall","title":"AUG 4-4 MON | Augsburg v B. Monchengladbach 19/08/2023, Stats - Flashscore.com | Match"}
[2026-08-16T06:03:53Z] Reading rendered DOM...
[2026-08-16T06:03:53Z] Executing extraction script for phase 0; length: 5174.
[2026-08-16T06:03:53Z] Script [extract] result prefix: {"schema_version":"1.3","section":"statistics_overall","statistic_period":"overall","source_url":"https://www.flashscore.com/match/football/augsburg-fTVNku3I/b-monchengladbach-88HSzjDr/summary/stats/overall/?mid=hzD1f81N","match_id":"hzD1f81N","collected_at_utc":"2026-08-16T06:03:53.448Z","page_title":"AUG 4-4 MON | Augsburg v B. Monchengladbach 19/08/2023, Stats - Flashscore.com | Match","competition":"WORLD CUP","status":"FINISHED","date_time":"19.08.2023 17:30","home_team":"Augsburg","away_te
[2026-08-16T06:03:53Z] Stored overall statistics: 13 rows.
[2026-08-16T06:03:53Z] Merged section: statistics_overall
[2026-08-16T06:03:53Z] Opening 1st half statistics...
[2026-08-16T06:03:53Z] Navigate: https://www.flashscore.com/match/football/augsburg-fTVNku3I/b-monchengladbach-88HSzjDr/summary/stats/1st-half/?mid=hzD1f81N
[2026-08-16T06:03:55Z] Page loaded. Waiting for statistics DOM...
[2026-08-16T06:03:56Z] Script [readiness] result prefix: {"body_text_length":3297,"ready":true,"row_count":18,"section":"statistics_first_half","title":"AUG 4-4 MON | Augsburg v B. Monchengladbach 19/08/2023, Stats - Flashscore.com | Match"}
[2026-08-16T06:03:56Z] Reading rendered DOM...
[2026-08-16T06:03:56Z] Executing extraction script for phase 1; length: 5174.
[2026-08-16T06:03:56Z] Script [extract] result prefix: {"schema_version":"1.3","section":"statistics_first_half","statistic_period":"first_half","source_url":"https://www.flashscore.com/match/football/augsburg-fTVNku3I/b-monchengladbach-88HSzjDr/summary/stats/1st-half/?mid=hzD1f81N","match_id":"hzD1f81N","collected_at_utc":"2026-08-16T06:03:56.828Z","page_title":"AUG 4-4 MON | Augsburg v B. Monchengladbach 19/08/2023, Stats - Flashscore.com | Match","competition":"WORLD CUP","status":"FINISHED","date_time":"19.08.2023 17:30","home_team":"Augsburg","
[2026-08-16T06:03:56Z] Stored first_half statistics: 13 rows.
[2026-08-16T06:03:56Z] Merged section: statistics_first_half
[2026-08-16T06:03:57Z] Opening 2nd half statistics...
[2026-08-16T06:03:57Z] Navigate: https://www.flashscore.com/match/football/augsburg-fTVNku3I/b-monchengladbach-88HSzjDr/summary/stats/2nd-half/?mid=hzD1f81N
[2026-08-16T06:03:59Z] Page loaded. Waiting for statistics DOM...
[2026-08-16T06:04:00Z] Script [readiness] result prefix: {"body_text_length":3277,"ready":true,"row_count":17,"section":"statistics_second_half","title":"AUG 4-4 MON | Augsburg v B. Monchengladbach 19/08/2023, Stats - Flashscore.com | Match"}
[2026-08-16T06:04:00Z] Reading rendered DOM...
[2026-08-16T06:04:00Z] Executing extraction script for phase 2; length: 5174.
[2026-08-16T06:04:01Z] Script [extract] result prefix: {"schema_version":"1.3","section":"statistics_second_half","statistic_period":"second_half","source_url":"https://www.flashscore.com/match/football/augsburg-fTVNku3I/b-monchengladbach-88HSzjDr/summary/stats/2nd-half/?mid=hzD1f81N","match_id":"hzD1f81N","collected_at_utc":"2026-08-16T06:04:00.995Z","page_title":"AUG 4-4 MON | Augsburg v B. Monchengladbach 19/08/2023, Stats - Flashscore.com | Match","competition":"WORLD CUP","status":"FINISHED","date_time":"19.08.2023 17:30","home_team":"Augsburg"
[2026-08-16T06:04:01Z] Stored second_half statistics: 12 rows.
[2026-08-16T06:04:01Z] Merged section: statistics_second_half
[2026-08-16T06:04:01Z] Opening lineups...
[2026-08-16T06:04:01Z] Navigate: https://www.flashscore.com/match/football/augsburg-fTVNku3I/b-monchengladbach-88HSzjDr/summary/lineups/?mid=hzD1f81N
[2026-08-16T06:04:02Z] Page loaded. Waiting for statistics DOM...
[2026-08-16T06:04:04Z] Script [readiness] result prefix: {"body_text_length":4226,"ready":true,"row_count":112,"section":"lineups","title":"AUG 4-4 MON | Augsburg v B. Monchengladbach 19/08/2023, Lineups - Flashscore.com | Match"}
[2026-08-16T06:04:04Z] Reading rendered DOM...
[2026-08-16T06:04:04Z] Executing extraction script for phase 4; length: 20701.
[2026-08-16T06:04:04Z] Script [extract] result prefix: {"schema_version":"1.3","section":"lineups","statistic_period":null,"source_url":"https://www.flashscore.com/match/football/augsburg-fTVNku3I/b-monchengladbach-88HSzjDr/summary/lineups/?mid=hzD1f81N","match_id":"hzD1f81N","collected_at_utc":"2026-08-16T06:04:04.292Z","page_title":"AUG 4-4 MON | Augsburg v B. Monchengladbach 19/08/2023, Lineups - Flashscore.com | Match","competition":"WORLD CUP","status":"FINISHED","date_time":"19.08.2023 17:30","home_team":"Augsburg","away_team":"B. Monchengladb
[2026-08-16T06:04:04Z] Merged section: lineups
[2026-08-16T06:04:04Z] German Bundesliga 2023/2024: Player Stats are unavailable in the source profile.
[2026-08-16T06:04:04Z] Marked all Player Stats categories as not_available; collection continues.
[2026-08-16T06:04:04Z] Opening commentary...
[2026-08-16T06:04:04Z] Navigate: https://www.flashscore.com/match/football/augsburg-fTVNku3I/b-monchengladbach-88HSzjDr/summary/live-commentary/?mid=hzD1f81N
[2026-08-16T06:04:07Z] Page loaded. Waiting for statistics DOM...
[2026-08-16T06:04:09Z] Script [readiness] result prefix: {"body_text_length":15065,"ready":true,"row_count":297,"section":"commentary","title":"AUG 4-4 MON | Augsburg v B. Monchengladbach 19/08/2023 | Football - Flashscore | Match"}
[2026-08-16T06:04:09Z] Reading rendered DOM...
[2026-08-16T06:04:09Z] Executing extraction script for phase 12; length: 11834.
[2026-08-16T06:04:09Z] Script [extract] result prefix: {"schema_version":"1.3","section":"commentary","statistic_period":null,"source_url":"https://www.flashscore.com/match/football/augsburg-fTVNku3I/b-monchengladbach-88HSzjDr/summary/live-commentary/all-comments/?mid=hzD1f81N","match_id":"hzD1f81N","collected_at_utc":"2026-08-16T06:04:09.077Z","page_title":"AUG 4-4 MON | Augsburg v B. Monchengladbach 19/08/2023 | Football - Flashscore | Match","competition":"WORLD CUP","status":"FINISHED","date_time":"19.08.2023 17:30","home_team":"Augsburg","away_
[2026-08-16T06:04:09Z] Merged section: commentary
[2026-08-16T06:04:09Z] Saving complete match JSON...
[2026-08-16T06:04:09Z] Player Stats category unavailable; status=not_available: top_stats
[2026-08-16T06:04:09Z] Player Stats category unavailable; status=not_available: shots
[2026-08-16T06:04:09Z] Player Stats category unavailable; status=not_available: attack
[2026-08-16T06:04:09Z] Player Stats category unavailable; status=not_available: passes
[2026-08-16T06:04:09Z] Player Stats category unavailable; status=not_available: defense
[2026-08-16T06:04:09Z] Player Stats category unavailable; status=not_available: goalkeeping
[2026-08-16T06:04:09Z] Player Stats category unavailable; status=not_available: general
[2026-08-16T06:04:09Z] Structured goals, cards and VAR events enriched.
[2026-08-16T06:04:09Z] Saved match JSON with 13 statistics: G:\Mirza\VSCode\FlashscoreFootballCollector_\Data\Matches\Bundesliga\2023_2024\2023-08-19_Augsburg_vs_B._Monchengladbach_hzD1f81N.json
[2026-08-16T06:04:09Z] Finished: 2023-08-19_Augsburg_vs_B._Monchengladbach_hzD1f81N.json
[2026-08-16T06:04:09Z] Opening overall statistics...
[2026-08-16T06:04:09Z] Navigate: https://www.flashscore.com/match/football/1-fc-koln-WG9pOTse/dortmund-nP1i5US1/summary/stats/overall/?mid=IcIx0CXo
[2026-08-16T06:04:12Z] Page loaded. Waiting for statistics DOM...
[2026-08-16T06:04:14Z] Script [readiness] result prefix: {"body_text_length":3250,"ready":true,"row_count":18,"section":"statistics_overall","title":"DOR 1-0 KOL | Dortmund v FC Koln 19/08/2023, Stats - Flashscore.com | Match"}
[2026-08-16T06:04:14Z] Reading rendered DOM...
[2026-08-16T06:04:14Z] Executing extraction script for phase 0; length: 5174.
[2026-08-16T06:04:14Z] Script [extract] result prefix: {"schema_version":"1.3","section":"statistics_overall","statistic_period":"overall","source_url":"https://www.flashscore.com/match/football/1-fc-koln-WG9pOTse/dortmund-nP1i5US1/summary/stats/overall/?mid=IcIx0CXo","match_id":"IcIx0CXo","collected_at_utc":"2026-08-16T06:04:14.346Z","page_title":"DOR 1-0 KOL | Dortmund v FC Koln 19/08/2023, Stats - Flashscore.com | Match","competition":"WORLD CUP","status":"FINISHED","date_time":"19.08.2023 20:30","home_team":"Dortmund","away_team":"FC Koln","scor
[2026-08-16T06:04:14Z] Stored overall statistics: 13 rows.
[2026-08-16T06:04:14Z] Merged section: statistics_overall
[2026-08-16T06:04:14Z] Opening 1st half statistics...
[2026-08-16T06:04:14Z] Navigate: https://www.flashscore.com/match/football/1-fc-koln-WG9pOTse/dortmund-nP1i5US1/summary/stats/1st-half/?mid=IcIx0CXo
[2026-08-16T06:04:16Z] Page loaded. Waiting for statistics DOM...
[2026-08-16T06:04:18Z] Script [readiness] result prefix: {"body_text_length":3223,"ready":true,"row_count":17,"section":"statistics_first_half","title":"DOR 1-0 KOL | Dortmund v FC Koln 19/08/2023, Stats - Flashscore.com | Match"}
[2026-08-16T06:04:18Z] Reading rendered DOM...
[2026-08-16T06:04:18Z] Executing extraction script for phase 1; length: 5174.
[2026-08-16T06:04:18Z] Script [extract] result prefix: {"schema_version":"1.3","section":"statistics_first_half","statistic_period":"first_half","source_url":"https://www.flashscore.com/match/football/1-fc-koln-WG9pOTse/dortmund-nP1i5US1/summary/stats/1st-half/?mid=IcIx0CXo","match_id":"IcIx0CXo","collected_at_utc":"2026-08-16T06:04:18.167Z","page_title":"DOR 1-0 KOL | Dortmund v FC Koln 19/08/2023, Stats - Flashscore.com | Match","competition":"WORLD CUP","status":"FINISHED","date_time":"19.08.2023 20:30","home_team":"Dortmund","away_team":"FC Koln
[2026-08-16T06:04:18Z] Stored first_half statistics: 12 rows.
[2026-08-16T06:04:18Z] Merged section: statistics_first_half
[2026-08-16T06:04:18Z] Opening 2nd half statistics...
[2026-08-16T06:04:18Z] Navigate: https://www.flashscore.com/match/football/1-fc-koln-WG9pOTse/dortmund-nP1i5US1/summary/stats/2nd-half/?mid=IcIx0CXo
[2026-08-16T06:04:20Z] Page loaded. Waiting for statistics DOM...
[2026-08-16T06:04:21Z] Script [readiness] result prefix: {"body_text_length":3243,"ready":true,"row_count":18,"section":"statistics_second_half","title":"DOR 1-0 KOL | Dortmund v FC Koln 19/08/2023, Stats - Flashscore.com | Match"}
[2026-08-16T06:04:21Z] Reading rendered DOM...
[2026-08-16T06:04:21Z] Executing extraction script for phase 2; length: 5174.
[2026-08-16T06:04:21Z] Script [extract] result prefix: {"schema_version":"1.3","section":"statistics_second_half","statistic_period":"second_half","source_url":"https://www.flashscore.com/match/football/1-fc-koln-WG9pOTse/dortmund-nP1i5US1/summary/stats/2nd-half/?mid=IcIx0CXo","match_id":"IcIx0CXo","collected_at_utc":"2026-08-16T06:04:21.726Z","page_title":"DOR 1-0 KOL | Dortmund v FC Koln 19/08/2023, Stats - Flashscore.com | Match","competition":"WORLD CUP","status":"FINISHED","date_time":"19.08.2023 20:30","home_team":"Dortmund","away_team":"FC Ko
[2026-08-16T06:04:21Z] Stored second_half statistics: 13 rows.
[2026-08-16T06:04:21Z] Merged section: statistics_second_half
[2026-08-16T06:04:21Z] Opening lineups...
[2026-08-16T06:04:21Z] Navigate: https://www.flashscore.com/match/football/1-fc-koln-WG9pOTse/dortmund-nP1i5US1/summary/lineups/?mid=IcIx0CXo
[2026-08-16T06:04:24Z] Page loaded. Waiting for statistics DOM...
[2026-08-16T06:04:26Z] Script [readiness] result prefix: {"body_text_length":4236,"ready":true,"row_count":114,"section":"lineups","title":"DOR 1-0 KOL | Dortmund v FC Koln 19/08/2023, Lineups - Flashscore.com | Match"}
[2026-08-16T06:04:26Z] Reading rendered DOM...
[2026-08-16T06:04:26Z] Executing extraction script for phase 4; length: 20701.
[2026-08-16T06:04:26Z] Script [extract] result prefix: {"schema_version":"1.3","section":"lineups","statistic_period":null,"source_url":"https://www.flashscore.com/match/football/1-fc-koln-WG9pOTse/dortmund-nP1i5US1/summary/lineups/?mid=IcIx0CXo","match_id":"IcIx0CXo","collected_at_utc":"2026-08-16T06:04:26.446Z","page_title":"DOR 1-0 KOL | Dortmund v FC Koln 19/08/2023, Lineups - Flashscore.com | Match","competition":"WORLD CUP","status":"FINISHED","date_time":"19.08.2023 20:30","home_team":"Dortmund","away_team":"FC Koln","score":{"home":"1","away
[2026-08-16T06:04:26Z] Merged section: lineups
[2026-08-16T06:04:26Z] German Bundesliga 2023/2024: Player Stats are unavailable in the source profile.
[2026-08-16T06:04:26Z] Marked all Player Stats categories as not_available; collection continues.
[2026-08-16T06:04:26Z] Opening commentary...
[2026-08-16T06:04:26Z] Navigate: https://www.flashscore.com/match/football/1-fc-koln-WG9pOTse/dortmund-nP1i5US1/summary/live-commentary/?mid=IcIx0CXo
[2026-08-16T06:04:28Z] Page loaded. Waiting for statistics DOM...
[2026-08-16T06:04:30Z] Script [readiness] result prefix: {"body_text_length":9741,"ready":true,"row_count":183,"section":"commentary","title":"DOR 1-0 KOL | Dortmund v FC Koln 19/08/2023 | Football - Flashscore | Match"}
[2026-08-16T06:04:30Z] Reading rendered DOM...
[2026-08-16T06:04:30Z] Executing extraction script for phase 12; length: 11834.
[2026-08-16T06:04:30Z] Script [extract] result prefix: {"schema_version":"1.3","section":"commentary","statistic_period":null,"source_url":"https://www.flashscore.com/match/football/1-fc-koln-WG9pOTse/dortmund-nP1i5US1/summary/live-commentary/all-comments/?mid=IcIx0CXo","match_id":"IcIx0CXo","collected_at_utc":"2026-08-16T06:04:30.354Z","page_title":"DOR 1-0 KOL | Dortmund v FC Koln 19/08/2023 | Football - Flashscore | Match","competition":"WORLD CUP","status":"FINISHED","date_time":"19.08.2023 20:30","home_team":"Dortmund","away_team":"FC Koln","sc
[2026-08-16T06:04:30Z] Merged section: commentary
[2026-08-16T06:04:30Z] Saving complete match JSON...
[2026-08-16T06:04:30Z] Player Stats category unavailable; status=not_available: top_stats
[2026-08-16T06:04:30Z] Player Stats category unavailable; status=not_available: shots
[2026-08-16T06:04:30Z] Player Stats category unavailable; status=not_available: attack
[2026-08-16T06:04:30Z] Player Stats category unavailable; status=not_available: passes
[2026-08-16T06:04:30Z] Player Stats category unavailable; status=not_available: defense
[2026-08-16T06:04:30Z] Player Stats category unavailable; status=not_available: goalkeeping
[2026-08-16T06:04:30Z] Player Stats category unavailable; status=not_available: general
[2026-08-16T06:04:31Z] Structured goals, cards and VAR events enriched.
[2026-08-16T06:04:31Z] Saved match JSON with 13 statistics: G:\Mirza\VSCode\FlashscoreFootballCollector_\Data\Matches\Bundesliga\2023_2024\2023-08-19_Dortmund_vs_FC_Koln_IcIx0CXo.json
[2026-08-16T06:04:31Z] Finished: 2023-08-19_Dortmund_vs_FC_Koln_IcIx0CXo.json
[2026-08-16T06:04:31Z] Opening overall statistics...
[2026-08-16T06:04:31Z] Navigate: https://www.flashscore.com/match/football/mainz-EuakNmc1/union-berlin-pzHW4oaE/summary/stats/overall/?mid=nXMtaWnh
[2026-08-16T06:04:33Z] Page loaded. Waiting for statistics DOM...
[2026-08-16T06:04:34Z] Script [readiness] result prefix: {"body_text_length":3257,"ready":true,"row_count":18,"section":"statistics_overall","title":"UNI 4-1 MAI | Union Berlin v Mainz 20/08/2023, Stats - Flashscore.com | Match"}
[2026-08-16T06:04:34Z] Reading rendered DOM...
[2026-08-16T06:04:35Z] Executing extraction script for phase 0; length: 5174.
[2026-08-16T06:04:35Z] Script [extract] result prefix: {"schema_version":"1.3","section":"statistics_overall","statistic_period":"overall","source_url":"https://www.flashscore.com/match/football/mainz-EuakNmc1/union-berlin-pzHW4oaE/summary/stats/overall/?mid=nXMtaWnh","match_id":"nXMtaWnh","collected_at_utc":"2026-08-16T06:04:35.089Z","page_title":"UNI 4-1 MAI | Union Berlin v Mainz 20/08/2023, Stats - Flashscore.com | Match","competition":"WORLD CUP","status":"FINISHED","date_time":"20.08.2023 17:30","home_team":"Union Berlin","away_team":"Mainz","
[2026-08-16T06:04:35Z] Stored overall statistics: 13 rows.
[2026-08-16T06:04:35Z] Merged section: statistics_overall
[2026-08-16T06:04:35Z] Opening 1st half statistics...
[2026-08-16T06:04:35Z] Navigate: https://www.flashscore.com/match/football/mainz-EuakNmc1/union-berlin-pzHW4oaE/summary/stats/1st-half/?mid=nXMtaWnh
[2026-08-16T06:04:38Z] Page loaded. Waiting for statistics DOM...
[2026-08-16T06:04:39Z] Script [readiness] result prefix: {"body_text_length":3250,"ready":true,"row_count":18,"section":"statistics_first_half","title":"UNI 4-1 MAI | Union Berlin v Mainz 20/08/2023, Stats - Flashscore.com | Match"}
[2026-08-16T06:04:39Z] Reading rendered DOM...
[2026-08-16T06:04:39Z] Executing extraction script for phase 1; length: 5174.
[2026-08-16T06:04:39Z] Script [extract] result prefix: {"schema_version":"1.3","section":"statistics_first_half","statistic_period":"first_half","source_url":"https://www.flashscore.com/match/football/mainz-EuakNmc1/union-berlin-pzHW4oaE/summary/stats/1st-half/?mid=nXMtaWnh","match_id":"nXMtaWnh","collected_at_utc":"2026-08-16T06:04:39.590Z","page_title":"UNI 4-1 MAI | Union Berlin v Mainz 20/08/2023, Stats - Flashscore.com | Match","competition":"WORLD CUP","status":"FINISHED","date_time":"20.08.2023 17:30","home_team":"Union Berlin","away_team":"M
[2026-08-16T06:04:39Z] Stored first_half statistics: 13 rows.
[2026-08-16T06:04:39Z] Merged section: statistics_first_half
[2026-08-16T06:04:39Z] Opening 2nd half statistics...
[2026-08-16T06:04:39Z] Navigate: https://www.flashscore.com/match/football/mainz-EuakNmc1/union-berlin-pzHW4oaE/summary/stats/2nd-half/?mid=nXMtaWnh
[2026-08-16T06:04:41Z] Page loaded. Waiting for statistics DOM...
[2026-08-16T06:04:43Z] Script [readiness] result prefix: {"body_text_length":3249,"ready":true,"row_count":18,"section":"statistics_second_half","title":"UNI 4-1 MAI | Union Berlin v Mainz 20/08/2023, Stats - Flashscore.com | Match"}
[2026-08-16T06:04:43Z] Reading rendered DOM...
[2026-08-16T06:04:43Z] Executing extraction script for phase 2; length: 5174.
[2026-08-16T06:04:43Z] Script [extract] result prefix: {"schema_version":"1.3","section":"statistics_second_half","statistic_period":"second_half","source_url":"https://www.flashscore.com/match/football/mainz-EuakNmc1/union-berlin-pzHW4oaE/summary/stats/2nd-half/?mid=nXMtaWnh","match_id":"nXMtaWnh","collected_at_utc":"2026-08-16T06:04:43.157Z","page_title":"UNI 4-1 MAI | Union Berlin v Mainz 20/08/2023, Stats - Flashscore.com | Match","competition":"WORLD CUP","status":"FINISHED","date_time":"20.08.2023 17:30","home_team":"Union Berlin","away_team":
[2026-08-16T06:04:43Z] Stored second_half statistics: 13 rows.
[2026-08-16T06:04:43Z] Merged section: statistics_second_half
[2026-08-16T06:04:43Z] Opening lineups...
[2026-08-16T06:04:43Z] Navigate: https://www.flashscore.com/match/football/mainz-EuakNmc1/union-berlin-pzHW4oaE/summary/lineups/?mid=nXMtaWnh
[2026-08-16T06:04:45Z] Page loaded. Waiting for statistics DOM...
[2026-08-16T06:04:46Z] Script [readiness] result prefix: {"body_text_length":4248,"ready":true,"row_count":115,"section":"lineups","title":"UNI 4-1 MAI | Union Berlin v Mainz 20/08/2023, Lineups - Flashscore.com | Match"}
[2026-08-16T06:04:46Z] Reading rendered DOM...
[2026-08-16T06:04:46Z] Executing extraction script for phase 4; length: 20701.
[2026-08-16T06:04:46Z] Script [extract] result prefix: {"schema_version":"1.3","section":"lineups","statistic_period":null,"source_url":"https://www.flashscore.com/match/football/mainz-EuakNmc1/union-berlin-pzHW4oaE/summary/lineups/?mid=nXMtaWnh","match_id":"nXMtaWnh","collected_at_utc":"2026-08-16T06:04:46.666Z","page_title":"UNI 4-1 MAI | Union Berlin v Mainz 20/08/2023, Lineups - Flashscore.com | Match","competition":"WORLD CUP","status":"FINISHED","date_time":"20.08.2023 17:30","home_team":"Union Berlin","away_team":"Mainz","score":{"home":"4","
[2026-08-16T06:04:46Z] Merged section: lineups
[2026-08-16T06:04:46Z] German Bundesliga 2023/2024: Player Stats are unavailable in the source profile.
[2026-08-16T06:04:47Z] Marked all Player Stats categories as not_available; collection continues.
[2026-08-16T06:04:47Z] Opening commentary...
[2026-08-16T06:04:47Z] Navigate: https://www.flashscore.com/match/football/mainz-EuakNmc1/union-berlin-pzHW4oaE/summary/live-commentary/?mid=nXMtaWnh
[2026-08-16T06:04:49Z] Page loaded. Waiting for statistics DOM...
[2026-08-16T06:04:50Z] Script [readiness] result prefix: {"body_text_length":11413,"ready":true,"row_count":232,"section":"commentary","title":"UNI 4-1 MAI | Union Berlin v Mainz 20/08/2023 | Football - Flashscore | Match"}
[2026-08-16T06:04:50Z] Reading rendered DOM...
[2026-08-16T06:04:50Z] Executing extraction script for phase 12; length: 11834.
[2026-08-16T06:04:51Z] Script [extract] result prefix: {"schema_version":"1.3","section":"commentary","statistic_period":null,"source_url":"https://www.flashscore.com/match/football/mainz-EuakNmc1/union-berlin-pzHW4oaE/summary/live-commentary/all-comments/?mid=nXMtaWnh","match_id":"nXMtaWnh","collected_at_utc":"2026-08-16T06:04:50.958Z","page_title":"UNI 4-1 MAI | Union Berlin v Mainz 20/08/2023 | Football - Flashscore | Match","competition":"WORLD CUP","status":"FINISHED","date_time":"20.08.2023 17:30","home_team":"Union Berlin","away_team":"Mainz"
[2026-08-16T06:04:51Z] Merged section: commentary
[2026-08-16T06:04:51Z] Saving complete match JSON...
[2026-08-16T06:04:51Z] Player Stats category unavailable; status=not_available: top_stats
[2026-08-16T06:04:51Z] Player Stats category unavailable; status=not_available: shots
[2026-08-16T06:04:51Z] Player Stats category unavailable; status=not_available: attack
[2026-08-16T06:04:51Z] Player Stats category unavailable; status=not_available: passes
[2026-08-16T06:04:51Z] Player Stats category unavailable; status=not_available: defense
[2026-08-16T06:04:51Z] Player Stats category unavailable; status=not_available: goalkeeping
[2026-08-16T06:04:51Z] Player Stats category unavailable; status=not_available: general
[2026-08-16T06:04:51Z] Structured goals, cards and VAR events enriched.
[2026-08-16T06:04:51Z] Saved match JSON with 13 statistics: G:\Mirza\VSCode\FlashscoreFootballCollector_\Data\Matches\Bundesliga\2023_2024\2023-08-20_Union_Berlin_vs_Mainz_nXMtaWnh.json
[2026-08-16T06:04:51Z] Finished: 2023-08-20_Union_Berlin_vs_Mainz_nXMtaWnh.json
[2026-08-16T06:04:51Z] Opening overall statistics...
[2026-08-16T06:04:51Z] Navigate: https://www.flashscore.com/match/football/darmstadt-S0hPB9rA/eintracht-frankfurt-8vndvXTk/summary/stats/overall/?mid=8nBkcAH4
[2026-08-16T06:04:54Z] Page loaded. Waiting for statistics DOM...
[2026-08-16T06:04:56Z] Script [readiness] result prefix: {"body_text_length":3312,"ready":true,"row_count":18,"section":"statistics_overall","title":"EIN 1-0 DAR | Eintracht Frankfurt v Darmstadt 20/08/2023, Stats - Flashscore.com | Match"}
[2026-08-16T06:04:56Z] Reading rendered DOM...
[2026-08-16T06:04:56Z] Executing extraction script for phase 0; length: 5174.
[2026-08-16T06:04:56Z] Script [extract] result prefix: {"schema_version":"1.3","section":"statistics_overall","statistic_period":"overall","source_url":"https://www.flashscore.com/match/football/darmstadt-S0hPB9rA/eintracht-frankfurt-8vndvXTk/summary/stats/overall/?mid=8nBkcAH4","match_id":"8nBkcAH4","collected_at_utc":"2026-08-16T06:04:56.489Z","page_title":"EIN 1-0 DAR | Eintracht Frankfurt v Darmstadt 20/08/2023, Stats - Flashscore.com | Match","competition":"WORLD CUP","status":"FINISHED","date_time":"20.08.2023 19:30","home_team":"Eintracht Fra
[2026-08-16T06:04:56Z] Stored overall statistics: 13 rows.
[2026-08-16T06:04:56Z] Merged section: statistics_overall
[2026-08-16T06:04:56Z] Opening 1st half statistics...
[2026-08-16T06:04:56Z] Navigate: https://www.flashscore.com/match/football/darmstadt-S0hPB9rA/eintracht-frankfurt-8vndvXTk/summary/stats/1st-half/?mid=8nBkcAH4
[2026-08-16T06:04:58Z] Page loaded. Waiting for statistics DOM...
[2026-08-16T06:05:00Z] Script [readiness] result prefix: {"body_text_length":3305,"ready":true,"row_count":18,"section":"statistics_first_half","title":"EIN 1-0 DAR | Eintracht Frankfurt v Darmstadt 20/08/2023, Stats - Flashscore.com | Match"}
[2026-08-16T06:05:00Z] Reading rendered DOM...
[2026-08-16T06:05:00Z] Executing extraction script for phase 1; length: 5174.
[2026-08-16T06:05:00Z] Script [extract] result prefix: {"schema_version":"1.3","section":"statistics_first_half","statistic_period":"first_half","source_url":"https://www.flashscore.com/match/football/darmstadt-S0hPB9rA/eintracht-frankfurt-8vndvXTk/summary/stats/1st-half/?mid=8nBkcAH4","match_id":"8nBkcAH4","collected_at_utc":"2026-08-16T06:05:00.290Z","page_title":"EIN 1-0 DAR | Eintracht Frankfurt v Darmstadt 20/08/2023, Stats - Flashscore.com | Match","competition":"WORLD CUP","status":"FINISHED","date_time":"20.08.2023 19:30","home_team":"Eintra
[2026-08-16T06:05:00Z] Stored first_half statistics: 13 rows.
[2026-08-16T06:05:00Z] Merged section: statistics_first_half
[2026-08-16T06:05:00Z] Opening 2nd half statistics...
[2026-08-16T06:05:00Z] Navigate: https://www.flashscore.com/match/football/darmstadt-S0hPB9rA/eintracht-frankfurt-8vndvXTk/summary/stats/2nd-half/?mid=8nBkcAH4
[2026-08-16T06:05:02Z] Page loaded. Waiting for statistics DOM...
[2026-08-16T06:05:04Z] Script [readiness] result prefix: {"body_text_length":3305,"ready":true,"row_count":18,"section":"statistics_second_half","title":"EIN 1-0 DAR | Eintracht Frankfurt v Darmstadt 20/08/2023, Stats - Flashscore.com | Match"}
[2026-08-16T06:05:04Z] Reading rendered DOM...
[2026-08-16T06:05:04Z] Executing extraction script for phase 2; length: 5174.
[2026-08-16T06:05:04Z] Script [extract] result prefix: {"schema_version":"1.3","section":"statistics_second_half","statistic_period":"second_half","source_url":"https://www.flashscore.com/match/football/darmstadt-S0hPB9rA/eintracht-frankfurt-8vndvXTk/summary/stats/2nd-half/?mid=8nBkcAH4","match_id":"8nBkcAH4","collected_at_utc":"2026-08-16T06:05:04.345Z","page_title":"EIN 1-0 DAR | Eintracht Frankfurt v Darmstadt 20/08/2023, Stats - Flashscore.com | Match","competition":"WORLD CUP","status":"FINISHED","date_time":"20.08.2023 19:30","home_team":"Eint
[2026-08-16T06:05:04Z] Stored second_half statistics: 13 rows.
[2026-08-16T06:05:04Z] Merged section: statistics_second_half
[2026-08-16T06:05:04Z] Opening lineups...
[2026-08-16T06:05:04Z] Navigate: https://www.flashscore.com/match/football/darmstadt-S0hPB9rA/eintracht-frankfurt-8vndvXTk/summary/lineups/?mid=8nBkcAH4
[2026-08-16T06:05:06Z] Page loaded. Waiting for statistics DOM...
[2026-08-16T06:05:07Z] Script [readiness] result prefix: {"body_text_length":4292,"ready":true,"row_count":114,"section":"lineups","title":"EIN 1-0 DAR | Eintracht Frankfurt v Darmstadt 20/08/2023, Lineups - Flashscore.com | Match"}
[2026-08-16T06:05:07Z] Reading rendered DOM...
[2026-08-16T06:05:07Z] Executing extraction script for phase 4; length: 20701.
[2026-08-16T06:05:08Z] Script [extract] result prefix: {"schema_version":"1.3","section":"lineups","statistic_period":null,"source_url":"https://www.flashscore.com/match/football/darmstadt-S0hPB9rA/eintracht-frankfurt-8vndvXTk/summary/lineups/?mid=8nBkcAH4","match_id":"8nBkcAH4","collected_at_utc":"2026-08-16T06:05:08.021Z","page_title":"EIN 1-0 DAR | Eintracht Frankfurt v Darmstadt 20/08/2023, Lineups - Flashscore.com | Match","competition":"WORLD CUP","status":"FINISHED","date_time":"20.08.2023 19:30","home_team":"Eintracht Frankfurt","away_team":
[2026-08-16T06:05:08Z] Merged section: lineups
[2026-08-16T06:05:08Z] German Bundesliga 2023/2024: Player Stats are unavailable in the source profile.
[2026-08-16T06:05:08Z] Marked all Player Stats categories as not_available; collection continues.
[2026-08-16T06:05:08Z] Opening commentary...
[2026-08-16T06:05:08Z] Navigate: https://www.flashscore.com/match/football/darmstadt-S0hPB9rA/eintracht-frankfurt-8vndvXTk/summary/live-commentary/?mid=8nBkcAH4
[2026-08-16T06:05:09Z] Page loaded. Waiting for statistics DOM...
[2026-08-16T06:05:11Z] Script [readiness] result prefix: {"body_text_length":14200,"ready":true,"row_count":237,"section":"commentary","title":"EIN 1-0 DAR | Eintracht Frankfurt v Darmstadt 20/08/2023 | Football - Flashscore | Match"}
[2026-08-16T06:05:11Z] Reading rendered DOM...
[2026-08-16T06:05:11Z] Executing extraction script for phase 12; length: 11834.
[2026-08-16T06:05:11Z] Script [extract] result prefix: {"schema_version":"1.3","section":"commentary","statistic_period":null,"source_url":"https://www.flashscore.com/match/football/darmstadt-S0hPB9rA/eintracht-frankfurt-8vndvXTk/summary/live-commentary/all-comments/?mid=8nBkcAH4","match_id":"8nBkcAH4","collected_at_utc":"2026-08-16T06:05:11.391Z","page_title":"EIN 1-0 DAR | Eintracht Frankfurt v Darmstadt 20/08/2023 | Football - Flashscore | Match","competition":"WORLD CUP","status":"FINISHED","date_time":"20.08.2023 19:30","home_team":"Eintracht F
[2026-08-16T06:05:11Z] Merged section: commentary
[2026-08-16T06:05:11Z] Saving complete match JSON...
[2026-08-16T06:05:11Z] Player Stats category unavailable; status=not_available: top_stats
[2026-08-16T06:05:11Z] Player Stats category unavailable; status=not_available: shots
[2026-08-16T06:05:11Z] Player Stats category unavailable; status=not_available: attack
[2026-08-16T06:05:11Z] Player Stats category unavailable; status=not_available: passes
[2026-08-16T06:05:11Z] Player Stats category unavailable; status=not_available: defense
[2026-08-16T06:05:11Z] Player Stats category unavailable; status=not_available: goalkeeping
[2026-08-16T06:05:11Z] Player Stats category unavailable; status=not_available: general
[2026-08-16T06:05:11Z] Structured goals, cards and VAR events enriched.
[2026-08-16T06:05:11Z] Saved match JSON with 13 statistics: G:\Mirza\VSCode\FlashscoreFootballCollector_\Data\Matches\Bundesliga\2023_2024\2023-08-20_Eintracht_Frankfurt_vs_Darmstadt_8nBkcAH4.json
[2026-08-16T06:05:11Z] Finished: 2023-08-20_Eintracht_Frankfurt_vs_Darmstadt_8nBkcAH4.json
[2026-08-16T06:05:11Z] Opening overall statistics...
[2026-08-16T06:05:11Z] Navigate: https://www.flashscore.com/match/football/rb-leipzig-KbS1suSm/vfb-stuttgart-nJQmYp1B/summary/stats/overall/?mid=lQf6OnG3
[2026-08-16T06:05:14Z] Page loaded. Waiting for statistics DOM...
[2026-08-16T06:05:15Z] Script [readiness] result prefix: {"body_text_length":3269,"ready":true,"row_count":18,"section":"statistics_overall","title":"RBL 5-1 STU | RB Leipzig v Stuttgart 25/08/2023, Stats - Flashscore.com | Match"}
[2026-08-16T06:05:15Z] Reading rendered DOM...
[2026-08-16T06:05:15Z] Executing extraction script for phase 0; length: 5174.
[2026-08-16T06:05:15Z] Script [extract] result prefix: {"schema_version":"1.3","section":"statistics_overall","statistic_period":"overall","source_url":"https://www.flashscore.com/match/football/rb-leipzig-KbS1suSm/vfb-stuttgart-nJQmYp1B/summary/stats/overall/?mid=lQf6OnG3","match_id":"lQf6OnG3","collected_at_utc":"2026-08-16T06:05:15.753Z","page_title":"RBL 5-1 STU | RB Leipzig v Stuttgart 25/08/2023, Stats - Flashscore.com | Match","competition":"WORLD CUP","status":"FINISHED","date_time":"25.08.2023 22:30","home_team":"RB Leipzig","away_team":"St
[2026-08-16T06:05:15Z] Stored overall statistics: 13 rows.
[2026-08-16T06:05:15Z] Merged section: statistics_overall
[2026-08-16T06:05:15Z] Opening 1st half statistics...
[2026-08-16T06:05:16Z] Navigate: https://www.flashscore.com/match/football/rb-leipzig-KbS1suSm/vfb-stuttgart-nJQmYp1B/summary/stats/1st-half/?mid=lQf6OnG3
[2026-08-16T06:05:17Z] Page loaded. Waiting for statistics DOM...
[2026-08-16T06:05:19Z] Script [readiness] result prefix: {"body_text_length":3244,"ready":true,"row_count":17,"section":"statistics_first_half","title":"RBL 5-1 STU | RB Leipzig v Stuttgart 25/08/2023, Stats - Flashscore.com | Match"}
[2026-08-16T06:05:19Z] Reading rendered DOM...
[2026-08-16T06:05:19Z] Executing extraction script for phase 1; length: 5174.
[2026-08-16T06:05:19Z] Script [extract] result prefix: {"schema_version":"1.3","section":"statistics_first_half","statistic_period":"first_half","source_url":"https://www.flashscore.com/match/football/rb-leipzig-KbS1suSm/vfb-stuttgart-nJQmYp1B/summary/stats/1st-half/?mid=lQf6OnG3","match_id":"lQf6OnG3","collected_at_utc":"2026-08-16T06:05:19.350Z","page_title":"RBL 5-1 STU | RB Leipzig v Stuttgart 25/08/2023, Stats - Flashscore.com | Match","competition":"WORLD CUP","status":"FINISHED","date_time":"25.08.2023 22:30","home_team":"RB Leipzig","away_te
[2026-08-16T06:05:19Z] Stored first_half statistics: 12 rows.
[2026-08-16T06:05:19Z] Merged section: statistics_first_half
[2026-08-16T06:05:19Z] Opening 2nd half statistics...
[2026-08-16T06:05:19Z] Navigate: https://www.flashscore.com/match/football/rb-leipzig-KbS1suSm/vfb-stuttgart-nJQmYp1B/summary/stats/2nd-half/?mid=lQf6OnG3
[2026-08-16T06:05:21Z] Page loaded. Waiting for statistics DOM...
[2026-08-16T06:05:22Z] Script [readiness] result prefix: {"body_text_length":3262,"ready":true,"row_count":18,"section":"statistics_second_half","title":"RBL 5-1 STU | RB Leipzig v Stuttgart 25/08/2023, Stats - Flashscore.com | Match"}
[2026-08-16T06:05:22Z] Reading rendered DOM...
[2026-08-16T06:05:22Z] Executing extraction script for phase 2; length: 5174.
[2026-08-16T06:05:22Z] Script [extract] result prefix: {"schema_version":"1.3","section":"statistics_second_half","statistic_period":"second_half","source_url":"https://www.flashscore.com/match/football/rb-leipzig-KbS1suSm/vfb-stuttgart-nJQmYp1B/summary/stats/2nd-half/?mid=lQf6OnG3","match_id":"lQf6OnG3","collected_at_utc":"2026-08-16T06:05:22.929Z","page_title":"RBL 5-1 STU | RB Leipzig v Stuttgart 25/08/2023, Stats - Flashscore.com | Match","competition":"WORLD CUP","status":"FINISHED","date_time":"25.08.2023 22:30","home_team":"RB Leipzig","away_
[2026-08-16T06:05:22Z] Stored second_half statistics: 13 rows.
[2026-08-16T06:05:22Z] Merged section: statistics_second_half
[2026-08-16T06:05:23Z] Opening lineups...
[2026-08-16T06:05:23Z] Navigate: https://www.flashscore.com/match/football/rb-leipzig-KbS1suSm/vfb-stuttgart-nJQmYp1B/summary/lineups/?mid=lQf6OnG3
[2026-08-16T06:05:24Z] Page loaded. Waiting for statistics DOM...
[2026-08-16T06:05:26Z] Script [readiness] result prefix: {"body_text_length":4066,"ready":true,"row_count":108,"section":"lineups","title":"RBL 5-1 STU | RB Leipzig v Stuttgart 25/08/2023, Lineups - Flashscore.com | Match"}
[2026-08-16T06:05:26Z] Reading rendered DOM...
[2026-08-16T06:05:26Z] Executing extraction script for phase 4; length: 20701.
[2026-08-16T06:05:26Z] Script [extract] result prefix: {"schema_version":"1.3","section":"lineups","statistic_period":null,"source_url":"https://www.flashscore.com/match/football/rb-leipzig-KbS1suSm/vfb-stuttgart-nJQmYp1B/summary/lineups/?mid=lQf6OnG3","match_id":"lQf6OnG3","collected_at_utc":"2026-08-16T06:05:26.712Z","page_title":"RBL 5-1 STU | RB Leipzig v Stuttgart 25/08/2023, Lineups - Flashscore.com | Match","competition":"WORLD CUP","status":"FINISHED","date_time":"25.08.2023 22:30","home_team":"RB Leipzig","away_team":"Stuttgart","score":{"h
[2026-08-16T06:05:26Z] Merged section: lineups
[2026-08-16T06:05:27Z] German Bundesliga 2023/2024: Player Stats are unavailable in the source profile.
[2026-08-16T06:05:27Z] Marked all Player Stats categories as not_available; collection continues.
[2026-08-16T06:05:27Z] Opening commentary...
[2026-08-16T06:05:27Z] Navigate: https://www.flashscore.com/match/football/rb-leipzig-KbS1suSm/vfb-stuttgart-nJQmYp1B/summary/live-commentary/?mid=lQf6OnG3
[2026-08-16T06:05:28Z] Page loaded. Waiting for statistics DOM...
[2026-08-16T06:05:30Z] Script [readiness] result prefix: {"body_text_length":12816,"ready":true,"row_count":238,"section":"commentary","title":"RBL 5-1 STU | RB Leipzig v Stuttgart 25/08/2023 | Football - Flashscore | Match"}
[2026-08-16T06:05:30Z] Reading rendered DOM...
[2026-08-16T06:05:30Z] Executing extraction script for phase 12; length: 11834.
[2026-08-16T06:05:30Z] Script [extract] result prefix: {"schema_version":"1.3","section":"commentary","statistic_period":null,"source_url":"https://www.flashscore.com/match/football/rb-leipzig-KbS1suSm/vfb-stuttgart-nJQmYp1B/summary/live-commentary/all-comments/?mid=lQf6OnG3","match_id":"lQf6OnG3","collected_at_utc":"2026-08-16T06:05:30.561Z","page_title":"RBL 5-1 STU | RB Leipzig v Stuttgart 25/08/2023 | Football - Flashscore | Match","competition":"WORLD CUP","status":"FINISHED","date_time":"25.08.2023 22:30","home_team":"RB Leipzig","away_team":"
[2026-08-16T06:05:30Z] Merged section: commentary
[2026-08-16T06:05:30Z] Saving complete match JSON...
[2026-08-16T06:05:30Z] Player Stats category unavailable; status=not_available: top_stats
[2026-08-16T06:05:30Z] Player Stats category unavailable; status=not_available: shots
[2026-08-16T06:05:30Z] Player Stats category unavailable; status=not_available: attack
[2026-08-16T06:05:30Z] Player Stats category unavailable; status=not_available: passes
[2026-08-16T06:05:30Z] Player Stats category unavailable; status=not_available: defense
[2026-08-16T06:05:30Z] Player Stats category unavailable; status=not_available: goalkeeping
[2026-08-16T06:05:30Z] Player Stats category unavailable; status=not_available: general
[2026-08-16T06:05:31Z] Structured goals, cards and VAR events enriched.
[2026-08-16T06:05:31Z] Saved match JSON with 13 statistics: G:\Mirza\VSCode\FlashscoreFootballCollector_\Data\Matches\Bundesliga\2023_2024\2023-08-25_RB_Leipzig_vs_Stuttgart_lQf6OnG3.json
[2026-08-16T06:05:31Z] Finished: 2023-08-25_RB_Leipzig_vs_Stuttgart_lQf6OnG3.json
[2026-08-16T06:05:31Z] Opening overall statistics...
[2026-08-16T06:05:31Z] Navigate: https://www.flashscore.com/match/football/heidenheim-KWixEVWi/hoffenheim-hQAtP9Sl/summary/stats/overall/?mid=MXsgFrwj
[2026-08-16T06:05:34Z] Page loaded. Waiting for statistics DOM...
[2026-08-16T06:05:35Z] Script [readiness] result prefix: {"body_text_length":3271,"ready":true,"row_count":18,"section":"statistics_overall","title":"HEI 2-3 HOF | Heidenheim v Hoffenheim 26/08/2023, Stats - Flashscore.com | Match"}
[2026-08-16T06:05:35Z] Reading rendered DOM...
[2026-08-16T06:05:35Z] Executing extraction script for phase 0; length: 5174.
[2026-08-16T06:05:36Z] Script [extract] result prefix: {"schema_version":"1.3","section":"statistics_overall","statistic_period":"overall","source_url":"https://www.flashscore.com/match/football/heidenheim-KWixEVWi/hoffenheim-hQAtP9Sl/summary/stats/overall/?mid=MXsgFrwj","match_id":"MXsgFrwj","collected_at_utc":"2026-08-16T06:05:35.985Z","page_title":"HEI 2-3 HOF | Heidenheim v Hoffenheim 26/08/2023, Stats - Flashscore.com | Match","competition":"WORLD CUP","status":"FINISHED","date_time":"26.08.2023 17:30","home_team":"Heidenheim","away_team":"Hoff
[2026-08-16T06:05:36Z] Stored overall statistics: 13 rows.
[2026-08-16T06:05:36Z] Merged section: statistics_overall
[2026-08-16T06:05:36Z] Opening 1st half statistics...
[2026-08-16T06:05:36Z] Navigate: https://www.flashscore.com/match/football/heidenheim-KWixEVWi/hoffenheim-hQAtP9Sl/summary/stats/1st-half/?mid=MXsgFrwj
[2026-08-16T06:05:38Z] Page loaded. Waiting for statistics DOM...
[2026-08-16T06:05:40Z] Script [readiness] result prefix: {"body_text_length":3261,"ready":true,"row_count":18,"section":"statistics_first_half","title":"HEI 2-3 HOF | Heidenheim v Hoffenheim 26/08/2023, Stats - Flashscore.com | Match"}
[2026-08-16T06:05:40Z] Reading rendered DOM...
[2026-08-16T06:05:40Z] Executing extraction script for phase 1; length: 5174.
[2026-08-16T06:05:40Z] Script [extract] result prefix: {"schema_version":"1.3","section":"statistics_first_half","statistic_period":"first_half","source_url":"https://www.flashscore.com/match/football/heidenheim-KWixEVWi/hoffenheim-hQAtP9Sl/summary/stats/1st-half/?mid=MXsgFrwj","match_id":"MXsgFrwj","collected_at_utc":"2026-08-16T06:05:40.440Z","page_title":"HEI 2-3 HOF | Heidenheim v Hoffenheim 26/08/2023, Stats - Flashscore.com | Match","competition":"WORLD CUP","status":"FINISHED","date_time":"26.08.2023 17:30","home_team":"Heidenheim","away_team
[2026-08-16T06:05:40Z] Stored first_half statistics: 13 rows.
[2026-08-16T06:05:40Z] Merged section: statistics_first_half
[2026-08-16T06:05:40Z] Opening 2nd half statistics...
[2026-08-16T06:05:40Z] Navigate: https://www.flashscore.com/match/football/heidenheim-KWixEVWi/hoffenheim-hQAtP9Sl/summary/stats/2nd-half/?mid=MXsgFrwj
[2026-08-16T06:05:43Z] Page loaded. Waiting for statistics DOM...
[2026-08-16T06:05:44Z] Script [readiness] result prefix: {"body_text_length":3260,"ready":true,"row_count":18,"section":"statistics_second_half","title":"HEI 2-3 HOF | Heidenheim v Hoffenheim 26/08/2023, Stats - Flashscore.com | Match"}
[2026-08-16T06:05:44Z] Reading rendered DOM...
[2026-08-16T06:05:44Z] Executing extraction script for phase 2; length: 5174.
[2026-08-16T06:05:44Z] Script [extract] result prefix: {"schema_version":"1.3","section":"statistics_second_half","statistic_period":"second_half","source_url":"https://www.flashscore.com/match/football/heidenheim-KWixEVWi/hoffenheim-hQAtP9Sl/summary/stats/2nd-half/?mid=MXsgFrwj","match_id":"MXsgFrwj","collected_at_utc":"2026-08-16T06:05:44.815Z","page_title":"HEI 2-3 HOF | Heidenheim v Hoffenheim 26/08/2023, Stats - Flashscore.com | Match","competition":"WORLD CUP","status":"FINISHED","date_time":"26.08.2023 17:30","home_team":"Heidenheim","away_te
[2026-08-16T06:05:44Z] Stored second_half statistics: 13 rows.
[2026-08-16T06:05:44Z] Merged section: statistics_second_half
[2026-08-16T06:05:44Z] Opening lineups...
[2026-08-16T06:05:45Z] Navigate: https://www.flashscore.com/match/football/heidenheim-KWixEVWi/hoffenheim-hQAtP9Sl/summary/lineups/?mid=MXsgFrwj
[2026-08-16T06:05:47Z] Page loaded. Waiting for statistics DOM...
[2026-08-16T06:05:49Z] Script [readiness] result prefix: {"body_text_length":4215,"ready":true,"row_count":111,"section":"lineups","title":"HEI 2-3 HOF | Heidenheim v Hoffenheim 26/08/2023, Lineups - Flashscore.com | Match"}
[2026-08-16T06:05:49Z] Reading rendered DOM...
[2026-08-16T06:05:49Z] Executing extraction script for phase 4; length: 20701.
[2026-08-16T06:05:49Z] Script [extract] result prefix: {"schema_version":"1.3","section":"lineups","statistic_period":null,"source_url":"https://www.flashscore.com/match/football/heidenheim-KWixEVWi/hoffenheim-hQAtP9Sl/summary/lineups/?mid=MXsgFrwj","match_id":"MXsgFrwj","collected_at_utc":"2026-08-16T06:05:49.543Z","page_title":"HEI 2-3 HOF | Heidenheim v Hoffenheim 26/08/2023, Lineups - Flashscore.com | Match","competition":"WORLD CUP","status":"FINISHED","date_time":"26.08.2023 17:30","home_team":"Heidenheim","away_team":"Hoffenheim","score":{"ho
[2026-08-16T06:05:49Z] Merged section: lineups
[2026-08-16T06:05:49Z] German Bundesliga 2023/2024: Player Stats are unavailable in the source profile.
[2026-08-16T06:05:49Z] Marked all Player Stats categories as not_available; collection continues.
[2026-08-16T06:05:49Z] Opening commentary...
[2026-08-16T06:05:49Z] Navigate: https://www.flashscore.com/match/football/heidenheim-KWixEVWi/hoffenheim-hQAtP9Sl/summary/live-commentary/?mid=MXsgFrwj
[2026-08-16T06:05:51Z] Page loaded. Waiting for statistics DOM...
[2026-08-16T06:05:53Z] Script [readiness] result prefix: {"body_text_length":12441,"ready":true,"row_count":267,"section":"commentary","title":"HEI 2-3 HOF | Heidenheim v Hoffenheim 26/08/2023 | Football - Flashscore | Match"}
[2026-08-16T06:05:53Z] Reading rendered DOM...
[2026-08-16T06:05:53Z] Executing extraction script for phase 12; length: 11834.
[2026-08-16T06:05:53Z] Script [extract] result prefix: {"schema_version":"1.3","section":"commentary","statistic_period":null,"source_url":"https://www.flashscore.com/match/football/heidenheim-KWixEVWi/hoffenheim-hQAtP9Sl/summary/live-commentary/all-comments/?mid=MXsgFrwj","match_id":"MXsgFrwj","collected_at_utc":"2026-08-16T06:05:53.545Z","page_title":"HEI 2-3 HOF | Heidenheim v Hoffenheim 26/08/2023 | Football - Flashscore | Match","competition":"WORLD CUP","status":"FINISHED","date_time":"26.08.2023 17:30","home_team":"Heidenheim","away_team":"Ho
[2026-08-16T06:05:53Z] Merged section: commentary
[2026-08-16T06:05:53Z] Saving complete match JSON...
[2026-08-16T06:05:53Z] Player Stats category unavailable; status=not_available: top_stats
[2026-08-16T06:05:53Z] Player Stats category unavailable; status=not_available: shots
[2026-08-16T06:05:53Z] Player Stats category unavailable; status=not_available: attack
[2026-08-16T06:05:53Z] Player Stats category unavailable; status=not_available: passes
[2026-08-16T06:05:53Z] Player Stats category unavailable; status=not_available: defense
[2026-08-16T06:05:53Z] Player Stats category unavailable; status=not_available: goalkeeping
[2026-08-16T06:05:53Z] Player Stats category unavailable; status=not_available: general
[2026-08-16T06:05:53Z] Structured goals, cards and VAR events enriched.
[2026-08-16T06:05:53Z] Saved match JSON with 13 statistics: G:\Mirza\VSCode\FlashscoreFootballCollector_\Data\Matches\Bundesliga\2023_2024\2023-08-26_Heidenheim_vs_Hoffenheim_MXsgFrwj.json
[2026-08-16T06:05:53Z] Finished: 2023-08-26_Heidenheim_vs_Hoffenheim_MXsgFrwj.json
[2026-08-16T06:05:53Z] Opening overall statistics...
[2026-08-16T06:05:54Z] Navigate: https://www.flashscore.com/match/football/freiburg-fiEQZ7C7/werder-bremen-Ig1f1fy3/summary/stats/overall/?mid=nBD9N6V9
[2026-08-16T06:05:56Z] Page loaded. Waiting for statistics DOM...
[2026-08-16T06:05:57Z] Script [readiness] result prefix: {"body_text_length":3274,"ready":true,"row_count":18,"section":"statistics_overall","title":"FRE 1-0 WER | Freiburg v Werder Bremen 26/08/2023, Stats - Flashscore.com | Match"}
[2026-08-16T06:05:57Z] Reading rendered DOM...
[2026-08-16T06:05:57Z] Executing extraction script for phase 0; length: 5174.
[2026-08-16T06:05:58Z] Script [extract] result prefix: {"schema_version":"1.3","section":"statistics_overall","statistic_period":"overall","source_url":"https://www.flashscore.com/match/football/freiburg-fiEQZ7C7/werder-bremen-Ig1f1fy3/summary/stats/overall/?mid=nBD9N6V9","match_id":"nBD9N6V9","collected_at_utc":"2026-08-16T06:05:58.162Z","page_title":"FRE 1-0 WER | Freiburg v Werder Bremen 26/08/2023, Stats - Flashscore.com | Match","competition":"WORLD CUP","status":"FINISHED","date_time":"26.08.2023 17:30","home_team":"Freiburg","away_team":"Werd
[2026-08-16T06:05:58Z] Stored overall statistics: 13 rows.
[2026-08-16T06:05:58Z] Merged section: statistics_overall
[2026-08-16T06:05:58Z] Opening 1st half statistics...
[2026-08-16T06:05:58Z] Navigate: https://www.flashscore.com/match/football/freiburg-fiEQZ7C7/werder-bremen-Ig1f1fy3/summary/stats/1st-half/?mid=nBD9N6V9
[2026-08-16T06:06:00Z] Page loaded. Waiting for statistics DOM...
[2026-08-16T06:06:02Z] Script [readiness] result prefix: {"body_text_length":3265,"ready":true,"row_count":18,"section":"statistics_first_half","title":"FRE 1-0 WER | Freiburg v Werder Bremen 26/08/2023, Stats - Flashscore.com | Match"}
[2026-08-16T06:06:02Z] Reading rendered DOM...
[2026-08-16T06:06:02Z] Executing extraction script for phase 1; length: 5174.
[2026-08-16T06:06:02Z] Script [extract] result prefix: {"schema_version":"1.3","section":"statistics_first_half","statistic_period":"first_half","source_url":"https://www.flashscore.com/match/football/freiburg-fiEQZ7C7/werder-bremen-Ig1f1fy3/summary/stats/1st-half/?mid=nBD9N6V9","match_id":"nBD9N6V9","collected_at_utc":"2026-08-16T06:06:02.337Z","page_title":"FRE 1-0 WER | Freiburg v Werder Bremen 26/08/2023, Stats - Flashscore.com | Match","competition":"WORLD CUP","status":"FINISHED","date_time":"26.08.2023 17:30","home_team":"Freiburg","away_team
[2026-08-16T06:06:02Z] Stored first_half statistics: 13 rows.
[2026-08-16T06:06:02Z] Merged section: statistics_first_half
[2026-08-16T06:06:02Z] Opening 2nd half statistics...
[2026-08-16T06:06:02Z] Navigate: https://www.flashscore.com/match/football/freiburg-fiEQZ7C7/werder-bremen-Ig1f1fy3/summary/stats/2nd-half/?mid=nBD9N6V9
[2026-08-16T06:06:04Z] Page loaded. Waiting for statistics DOM...
[2026-08-16T06:06:05Z] Script [readiness] result prefix: {"body_text_length":3270,"ready":true,"row_count":18,"section":"statistics_second_half","title":"FRE 1-0 WER | Freiburg v Werder Bremen 26/08/2023, Stats - Flashscore.com | Match"}
[2026-08-16T06:06:05Z] Reading rendered DOM...
[2026-08-16T06:06:05Z] Executing extraction script for phase 2; length: 5174.
[2026-08-16T06:06:05Z] Script [extract] result prefix: {"schema_version":"1.3","section":"statistics_second_half","statistic_period":"second_half","source_url":"https://www.flashscore.com/match/football/freiburg-fiEQZ7C7/werder-bremen-Ig1f1fy3/summary/stats/2nd-half/?mid=nBD9N6V9","match_id":"nBD9N6V9","collected_at_utc":"2026-08-16T06:06:05.635Z","page_title":"FRE 1-0 WER | Freiburg v Werder Bremen 26/08/2023, Stats - Flashscore.com | Match","competition":"WORLD CUP","status":"FINISHED","date_time":"26.08.2023 17:30","home_team":"Freiburg","away_te
[2026-08-16T06:06:05Z] Stored second_half statistics: 13 rows.
[2026-08-16T06:06:05Z] Merged section: statistics_second_half
[2026-08-16T06:06:05Z] Opening lineups...
[2026-08-16T06:06:05Z] Navigate: https://www.flashscore.com/match/football/freiburg-fiEQZ7C7/werder-bremen-Ig1f1fy3/summary/lineups/?mid=nBD9N6V9
[2026-08-16T06:06:07Z] Page loaded. Waiting for statistics DOM...
[2026-08-16T06:06:08Z] Script [readiness] result prefix: {"body_text_length":4154,"ready":true,"row_count":110,"section":"lineups","title":"FRE 1-0 WER | Freiburg v Werder Bremen 26/08/2023, Lineups - Flashscore.com | Match"}
[2026-08-16T06:06:08Z] Reading rendered DOM...
[2026-08-16T06:06:09Z] Executing extraction script for phase 4; length: 20701.
[2026-08-16T06:06:09Z] Script [extract] result prefix: {"schema_version":"1.3","section":"lineups","statistic_period":null,"source_url":"https://www.flashscore.com/match/football/freiburg-fiEQZ7C7/werder-bremen-Ig1f1fy3/summary/lineups/?mid=nBD9N6V9","match_id":"nBD9N6V9","collected_at_utc":"2026-08-16T06:06:09.062Z","page_title":"FRE 1-0 WER | Freiburg v Werder Bremen 26/08/2023, Lineups - Flashscore.com | Match","competition":"WORLD CUP","status":"FINISHED","date_time":"26.08.2023 17:30","home_team":"Freiburg","away_team":"Werder Bremen","score":{
[2026-08-16T06:06:09Z] Merged section: lineups
[2026-08-16T06:06:09Z] German Bundesliga 2023/2024: Player Stats are unavailable in the source profile.
[2026-08-16T06:06:09Z] Marked all Player Stats categories as not_available; collection continues.
[2026-08-16T06:06:09Z] Opening commentary...
[2026-08-16T06:06:09Z] Navigate: https://www.flashscore.com/match/football/freiburg-fiEQZ7C7/werder-bremen-Ig1f1fy3/summary/live-commentary/?mid=nBD9N6V9
[2026-08-16T06:06:10Z] Page loaded. Waiting for statistics DOM...
[2026-08-16T06:06:12Z] Script [readiness] result prefix: {"body_text_length":12982,"ready":true,"row_count":211,"section":"commentary","title":"FRE 1-0 WER | Freiburg v Werder Bremen 26/08/2023 | Football - Flashscore | Match"}
[2026-08-16T06:06:12Z] Reading rendered DOM...
[2026-08-16T06:06:12Z] Executing extraction script for phase 12; length: 11834.
[2026-08-16T06:06:12Z] Script [extract] result prefix: {"schema_version":"1.3","section":"commentary","statistic_period":null,"source_url":"https://www.flashscore.com/match/football/freiburg-fiEQZ7C7/werder-bremen-Ig1f1fy3/summary/live-commentary/all-comments/?mid=nBD9N6V9","match_id":"nBD9N6V9","collected_at_utc":"2026-08-16T06:06:12.609Z","page_title":"FRE 1-0 WER | Freiburg v Werder Bremen 26/08/2023 | Football - Flashscore | Match","competition":"WORLD CUP","status":"FINISHED","date_time":"26.08.2023 17:30","home_team":"Freiburg","away_team":"We
[2026-08-16T06:06:12Z] Merged section: commentary
[2026-08-16T06:06:12Z] Saving complete match JSON...
[2026-08-16T06:06:12Z] Player Stats category unavailable; status=not_available: top_stats
[2026-08-16T06:06:12Z] Player Stats category unavailable; status=not_available: shots
[2026-08-16T06:06:12Z] Player Stats category unavailable; status=not_available: attack
[2026-08-16T06:06:12Z] Player Stats category unavailable; status=not_available: passes
[2026-08-16T06:06:12Z] Player Stats category unavailable; status=not_available: defense
[2026-08-16T06:06:13Z] Player Stats category unavailable; status=not_available: goalkeeping
[2026-08-16T06:06:13Z] Player Stats category unavailable; status=not_available: general
[2026-08-16T06:06:13Z] Structured goals, cards and VAR events enriched.
[2026-08-16T06:06:13Z] Saved match JSON with 13 statistics: G:\Mirza\VSCode\FlashscoreFootballCollector_\Data\Matches\Bundesliga\2023_2024\2023-08-26_Freiburg_vs_Werder_Bremen_nBD9N6V9.json
[2026-08-16T06:06:13Z] Finished: 2023-08-26_Freiburg_vs_Werder_Bremen_nBD9N6V9.json
[2026-08-16T06:06:13Z] Opening overall statistics...
[2026-08-16T06:06:13Z] Navigate: https://www.flashscore.com/match/football/1-fc-koln-WG9pOTse/wolfsburg-nwkTahLL/summary/stats/overall/?mid=x06MK4FS
[2026-08-16T06:06:15Z] Page loaded. Waiting for statistics DOM...
[2026-08-16T06:06:17Z] Script [readiness] result prefix: {"body_text_length":3247,"ready":true,"row_count":18,"section":"statistics_overall","title":"KOL 1-2 WOL | FC Koln v Wolfsburg 26/08/2023, Stats - Flashscore.com | Match"}
[2026-08-16T06:06:17Z] Reading rendered DOM...
[2026-08-16T06:06:17Z] Executing extraction script for phase 0; length: 5174.
[2026-08-16T06:06:17Z] Script [extract] result prefix: {"schema_version":"1.3","section":"statistics_overall","statistic_period":"overall","source_url":"https://www.flashscore.com/match/football/1-fc-koln-WG9pOTse/wolfsburg-nwkTahLL/summary/stats/overall/?mid=x06MK4FS","match_id":"x06MK4FS","collected_at_utc":"2026-08-16T06:06:17.224Z","page_title":"KOL 1-2 WOL | FC Koln v Wolfsburg 26/08/2023, Stats - Flashscore.com | Match","competition":"WORLD CUP","status":"FINISHED","date_time":"26.08.2023 17:30","home_team":"FC Koln","away_team":"Wolfsburg","s
[2026-08-16T06:06:17Z] Stored overall statistics: 13 rows.
[2026-08-16T06:06:17Z] Merged section: statistics_overall
[2026-08-16T06:06:17Z] Opening 1st half statistics...
[2026-08-16T06:06:17Z] Navigate: https://www.flashscore.com/match/football/1-fc-koln-WG9pOTse/wolfsburg-nwkTahLL/summary/stats/1st-half/?mid=x06MK4FS
[2026-08-16T06:06:18Z] Page loaded. Waiting for statistics DOM...
[2026-08-16T06:06:20Z] Script [readiness] result prefix: {"body_text_length":3224,"ready":true,"row_count":17,"section":"statistics_first_half","title":"KOL 1-2 WOL | FC Koln v Wolfsburg 26/08/2023, Stats - Flashscore.com | Match"}
[2026-08-16T06:06:20Z] Reading rendered DOM...
[2026-08-16T06:06:20Z] Executing extraction script for phase 1; length: 5174.
[2026-08-16T06:06:20Z] Script [extract] result prefix: {"schema_version":"1.3","section":"statistics_first_half","statistic_period":"first_half","source_url":"https://www.flashscore.com/match/football/1-fc-koln-WG9pOTse/wolfsburg-nwkTahLL/summary/stats/1st-half/?mid=x06MK4FS","match_id":"x06MK4FS","collected_at_utc":"2026-08-16T06:06:20.449Z","page_title":"KOL 1-2 WOL | FC Koln v Wolfsburg 26/08/2023, Stats - Flashscore.com | Match","competition":"WORLD CUP","status":"FINISHED","date_time":"26.08.2023 17:30","home_team":"FC Koln","away_team":"Wolfsb
[2026-08-16T06:06:20Z] Stored first_half statistics: 12 rows.
[2026-08-16T06:06:20Z] Merged section: statistics_first_half
[2026-08-16T06:06:20Z] Opening 2nd half statistics...
[2026-08-16T06:06:20Z] Navigate: https://www.flashscore.com/match/football/1-fc-koln-WG9pOTse/wolfsburg-nwkTahLL/summary/stats/2nd-half/?mid=x06MK4FS
[2026-08-16T06:06:22Z] Page loaded. Waiting for statistics DOM...
[2026-08-16T06:06:24Z] Script [readiness] result prefix: {"body_text_length":3241,"ready":true,"row_count":18,"section":"statistics_second_half","title":"KOL 1-2 WOL | FC Koln v Wolfsburg 26/08/2023, Stats - Flashscore.com | Match"}
[2026-08-16T06:06:24Z] Reading rendered DOM...
[2026-08-16T06:06:24Z] Executing extraction script for phase 2; length: 5174.
[2026-08-16T06:06:24Z] Script [extract] result prefix: {"schema_version":"1.3","section":"statistics_second_half","statistic_period":"second_half","source_url":"https://www.flashscore.com/match/football/1-fc-koln-WG9pOTse/wolfsburg-nwkTahLL/summary/stats/2nd-half/?mid=x06MK4FS","match_id":"x06MK4FS","collected_at_utc":"2026-08-16T06:06:24.448Z","page_title":"KOL 1-2 WOL | FC Koln v Wolfsburg 26/08/2023, Stats - Flashscore.com | Match","competition":"WORLD CUP","status":"FINISHED","date_time":"26.08.2023 17:30","home_team":"FC Koln","away_team":"Wolf
[2026-08-16T06:06:24Z] Stored second_half statistics: 13 rows.
[2026-08-16T06:06:24Z] Merged section: statistics_second_half
[2026-08-16T06:06:24Z] Opening lineups...
[2026-08-16T06:06:24Z] Navigate: https://www.flashscore.com/match/football/1-fc-koln-WG9pOTse/wolfsburg-nwkTahLL/summary/lineups/?mid=x06MK4FS
[2026-08-16T06:06:26Z] Page loaded. Waiting for statistics DOM...
[2026-08-16T06:06:28Z] Script [readiness] result prefix: {"body_text_length":4227,"ready":true,"row_count":115,"section":"lineups","title":"KOL 1-2 WOL | FC Koln v Wolfsburg 26/08/2023, Lineups - Flashscore.com | Match"}
[2026-08-16T06:06:28Z] Reading rendered DOM...
[2026-08-16T06:06:28Z] Executing extraction script for phase 4; length: 20701.
[2026-08-16T06:06:28Z] Script [extract] result prefix: {"schema_version":"1.3","section":"lineups","statistic_period":null,"source_url":"https://www.flashscore.com/match/football/1-fc-koln-WG9pOTse/wolfsburg-nwkTahLL/summary/lineups/?mid=x06MK4FS","match_id":"x06MK4FS","collected_at_utc":"2026-08-16T06:06:28.083Z","page_title":"KOL 1-2 WOL | FC Koln v Wolfsburg 26/08/2023, Lineups - Flashscore.com | Match","competition":"WORLD CUP","status":"FINISHED","date_time":"26.08.2023 17:30","home_team":"FC Koln","away_team":"Wolfsburg","score":{"home":"1","a
[2026-08-16T06:06:28Z] Merged section: lineups
[2026-08-16T06:06:28Z] German Bundesliga 2023/2024: Player Stats are unavailable in the source profile.
[2026-08-16T06:06:28Z] Marked all Player Stats categories as not_available; collection continues.
[2026-08-16T06:06:28Z] Opening commentary...
[2026-08-16T06:06:28Z] Navigate: https://www.flashscore.com/match/football/1-fc-koln-WG9pOTse/wolfsburg-nwkTahLL/summary/live-commentary/?mid=x06MK4FS
[2026-08-16T06:06:30Z] Page loaded. Waiting for statistics DOM...
[2026-08-16T06:06:32Z] Script [readiness] result prefix: {"body_text_length":15037,"ready":true,"row_count":282,"section":"commentary","title":"KOL 1-2 WOL | FC Koln v Wolfsburg 26/08/2023 | Football - Flashscore | Match"}
[2026-08-16T06:06:32Z] Reading rendered DOM...
[2026-08-16T06:06:32Z] Executing extraction script for phase 12; length: 11834.
[2026-08-16T06:06:32Z] Script [extract] result prefix: {"schema_version":"1.3","section":"commentary","statistic_period":null,"source_url":"https://www.flashscore.com/match/football/1-fc-koln-WG9pOTse/wolfsburg-nwkTahLL/summary/live-commentary/all-comments/?mid=x06MK4FS","match_id":"x06MK4FS","collected_at_utc":"2026-08-16T06:06:32.373Z","page_title":"KOL 1-2 WOL | FC Koln v Wolfsburg 26/08/2023 | Football - Flashscore | Match","competition":"WORLD CUP","status":"FINISHED","date_time":"26.08.2023 17:30","home_team":"FC Koln","away_team":"Wolfsburg",
[2026-08-16T06:06:32Z] Merged section: commentary
[2026-08-16T06:06:32Z] Saving complete match JSON...
[2026-08-16T06:06:32Z] Player Stats category unavailable; status=not_available: top_stats
[2026-08-16T06:06:33Z] Player Stats category unavailable; status=not_available: shots
[2026-08-16T06:06:33Z] Player Stats category unavailable; status=not_available: attack
[2026-08-16T06:06:33Z] Player Stats category unavailable; status=not_available: passes
[2026-08-16T06:06:33Z] Player Stats category unavailable; status=not_available: defense
[2026-08-16T06:06:33Z] Player Stats category unavailable; status=not_available: goalkeeping
[2026-08-16T06:06:33Z] Player Stats category unavailable; status=not_available: general
[2026-08-16T06:06:33Z] Structured goals, cards and VAR events enriched.
[2026-08-16T06:06:33Z] Saved match JSON with 13 statistics: G:\Mirza\VSCode\FlashscoreFootballCollector_\Data\Matches\Bundesliga\2023_2024\2023-08-26_FC_Koln_vs_Wolfsburg_x06MK4FS.json
[2026-08-16T06:06:33Z] Finished: 2023-08-26_FC_Koln_vs_Wolfsburg_x06MK4FS.json
[2026-08-16T06:06:33Z] Opening overall statistics...
[2026-08-16T06:06:33Z] Navigate: https://www.flashscore.com/match/football/darmstadt-S0hPB9rA/union-berlin-pzHW4oaE/summary/stats/overall/?mid=zyncE2hd
[2026-08-16T06:06:36Z] Page loaded. Waiting for statistics DOM...
[2026-08-16T06:06:38Z] Script [readiness] result prefix: {"body_text_length":3289,"ready":true,"row_count":19,"section":"statistics_overall","title":"DAR 1-4 UNI | Darmstadt v Union Berlin 26/08/2023, Stats - Flashscore.com | Match"}
[2026-08-16T06:06:38Z] Reading rendered DOM...
[2026-08-16T06:06:38Z] Executing extraction script for phase 0; length: 5174.
[2026-08-16T06:06:38Z] Script [extract] result prefix: {"schema_version":"1.3","section":"statistics_overall","statistic_period":"overall","source_url":"https://www.flashscore.com/match/football/darmstadt-S0hPB9rA/union-berlin-pzHW4oaE/summary/stats/overall/?mid=zyncE2hd","match_id":"zyncE2hd","collected_at_utc":"2026-08-16T06:06:38.118Z","page_title":"DAR 1-4 UNI | Darmstadt v Union Berlin 26/08/2023, Stats - Flashscore.com | Match","competition":"WORLD CUP","status":"FINISHED","date_time":"26.08.2023 17:30","home_team":"Darmstadt","away_team":"Uni
[2026-08-16T06:06:38Z] Stored overall statistics: 14 rows.
[2026-08-16T06:06:38Z] Merged section: statistics_overall
[2026-08-16T06:06:38Z] Opening 1st half statistics...
[2026-08-16T06:06:38Z] Navigate: https://www.flashscore.com/match/football/darmstadt-S0hPB9rA/union-berlin-pzHW4oaE/summary/stats/1st-half/?mid=zyncE2hd
[2026-08-16T06:06:40Z] Page loaded. Waiting for statistics DOM...
[2026-08-16T06:06:41Z] Script [readiness] result prefix: {"body_text_length":3277,"ready":true,"row_count":19,"section":"statistics_first_half","title":"DAR 1-4 UNI | Darmstadt v Union Berlin 26/08/2023, Stats - Flashscore.com | Match"}
[2026-08-16T06:06:41Z] Reading rendered DOM...
[2026-08-16T06:06:41Z] Executing extraction script for phase 1; length: 5174.
[2026-08-16T06:06:41Z] Script [extract] result prefix: {"schema_version":"1.3","section":"statistics_first_half","statistic_period":"first_half","source_url":"https://www.flashscore.com/match/football/darmstadt-S0hPB9rA/union-berlin-pzHW4oaE/summary/stats/1st-half/?mid=zyncE2hd","match_id":"zyncE2hd","collected_at_utc":"2026-08-16T06:06:41.668Z","page_title":"DAR 1-4 UNI | Darmstadt v Union Berlin 26/08/2023, Stats - Flashscore.com | Match","competition":"WORLD CUP","status":"FINISHED","date_time":"26.08.2023 17:30","home_team":"Darmstadt","away_tea
[2026-08-16T06:06:41Z] Stored first_half statistics: 14 rows.
[2026-08-16T06:06:41Z] Merged section: statistics_first_half
[2026-08-16T06:06:41Z] Opening 2nd half statistics...
[2026-08-16T06:06:41Z] Navigate: https://www.flashscore.com/match/football/darmstadt-S0hPB9rA/union-berlin-pzHW4oaE/summary/stats/2nd-half/?mid=zyncE2hd
[2026-08-16T06:06:44Z] Page loaded. Waiting for statistics DOM...
[2026-08-16T06:06:45Z] Script [readiness] result prefix: {"body_text_length":3246,"ready":true,"row_count":17,"section":"statistics_second_half","title":"DAR 1-4 UNI | Darmstadt v Union Berlin 26/08/2023, Stats - Flashscore.com | Match"}
[2026-08-16T06:06:45Z] Reading rendered DOM...
[2026-08-16T06:06:45Z] Executing extraction script for phase 2; length: 5174.
[2026-08-16T06:06:46Z] Script [extract] result prefix: {"schema_version":"1.3","section":"statistics_second_half","statistic_period":"second_half","source_url":"https://www.flashscore.com/match/football/darmstadt-S0hPB9rA/union-berlin-pzHW4oaE/summary/stats/2nd-half/?mid=zyncE2hd","match_id":"zyncE2hd","collected_at_utc":"2026-08-16T06:06:46.137Z","page_title":"DAR 1-4 UNI | Darmstadt v Union Berlin 26/08/2023, Stats - Flashscore.com | Match","competition":"WORLD CUP","status":"FINISHED","date_time":"26.08.2023 17:30","home_team":"Darmstadt","away_t
[2026-08-16T06:06:46Z] Stored second_half statistics: 12 rows.
[2026-08-16T06:06:46Z] Merged section: statistics_second_half
[2026-08-16T06:06:46Z] Opening lineups...
[2026-08-16T06:06:46Z] Navigate: https://www.flashscore.com/match/football/darmstadt-S0hPB9rA/union-berlin-pzHW4oaE/summary/lineups/?mid=zyncE2hd
[2026-08-16T06:06:49Z] Page loaded. Waiting for statistics DOM...
[2026-08-16T06:06:51Z] Script [readiness] result prefix: {"body_text_length":4285,"ready":true,"row_count":114,"section":"lineups","title":"DAR 1-4 UNI | Darmstadt v Union Berlin 26/08/2023, Lineups - Flashscore.com | Match"}
[2026-08-16T06:06:51Z] Reading rendered DOM...
[2026-08-16T06:06:51Z] Executing extraction script for phase 4; length: 20701.
[2026-08-16T06:06:51Z] Script [extract] result prefix: {"schema_version":"1.3","section":"lineups","statistic_period":null,"source_url":"https://www.flashscore.com/match/football/darmstadt-S0hPB9rA/union-berlin-pzHW4oaE/summary/lineups/?mid=zyncE2hd","match_id":"zyncE2hd","collected_at_utc":"2026-08-16T06:06:51.268Z","page_title":"DAR 1-4 UNI | Darmstadt v Union Berlin 26/08/2023, Lineups - Flashscore.com | Match","competition":"WORLD CUP","status":"FINISHED","date_time":"26.08.2023 17:30","home_team":"Darmstadt","away_team":"Union Berlin","score":{
[2026-08-16T06:06:51Z] Merged section: lineups
[2026-08-16T06:06:51Z] German Bundesliga 2023/2024: Player Stats are unavailable in the source profile.
[2026-08-16T06:06:51Z] Marked all Player Stats categories as not_available; collection continues.
[2026-08-16T06:06:51Z] Opening commentary...
[2026-08-16T06:06:51Z] Navigate: https://www.flashscore.com/match/football/darmstadt-S0hPB9rA/union-berlin-pzHW4oaE/summary/live-commentary/?mid=zyncE2hd
[2026-08-16T06:06:53Z] Page loaded. Waiting for statistics DOM...
[2026-08-16T06:06:54Z] Script [readiness] result prefix: {"body_text_length":12433,"ready":true,"row_count":226,"section":"commentary","title":"DAR 1-4 UNI | Darmstadt v Union Berlin 26/08/2023 | Football - Flashscore | Match"}
[2026-08-16T06:06:54Z] Reading rendered DOM...
[2026-08-16T06:06:54Z] Executing extraction script for phase 12; length: 11834.
[2026-08-16T06:06:54Z] Script [extract] result prefix: {"schema_version":"1.3","section":"commentary","statistic_period":null,"source_url":"https://www.flashscore.com/match/football/darmstadt-S0hPB9rA/union-berlin-pzHW4oaE/summary/live-commentary/all-comments/?mid=zyncE2hd","match_id":"zyncE2hd","collected_at_utc":"2026-08-16T06:06:54.967Z","page_title":"DAR 1-4 UNI | Darmstadt v Union Berlin 26/08/2023 | Football - Flashscore | Match","competition":"WORLD CUP","status":"FINISHED","date_time":"26.08.2023 17:30","home_team":"Darmstadt","away_team":"U
[2026-08-16T06:06:55Z] Merged section: commentary
[2026-08-16T06:06:55Z] Saving complete match JSON...
[2026-08-16T06:06:55Z] Player Stats category unavailable; status=not_available: top_stats
[2026-08-16T06:06:55Z] Player Stats category unavailable; status=not_available: shots
[2026-08-16T06:06:55Z] Player Stats category unavailable; status=not_available: attack
[2026-08-16T06:06:55Z] Player Stats category unavailable; status=not_available: passes
[2026-08-16T06:06:56Z] Player Stats category unavailable; status=not_available: defense
[2026-08-16T06:06:56Z] Player Stats category unavailable; status=not_available: goalkeeping
[2026-08-16T06:06:56Z] Player Stats category unavailable; status=not_available: general
[2026-08-16T06:06:56Z] Structured goals, cards and VAR events enriched.
[2026-08-16T06:06:56Z] Saved match JSON with 14 statistics: G:\Mirza\VSCode\FlashscoreFootballCollector_\Data\Matches\Bundesliga\2023_2024\2023-08-26_Darmstadt_vs_Union_Berlin_zyncE2hd.json
[2026-08-16T06:06:56Z] Finished: 2023-08-26_Darmstadt_vs_Union_Berlin_zyncE2hd.json
[2026-08-16T06:06:56Z] Opening overall statistics...
[2026-08-16T06:06:56Z] Navigate: https://www.flashscore.com/match/football/bochum-8Y2m6ADe/dortmund-nP1i5US1/summary/stats/overall/?mid=v9hlGONq
[2026-08-16T06:06:58Z] Page loaded. Waiting for statistics DOM...
[2026-08-16T06:06:59Z] Script [readiness] result prefix: {"body_text_length":3244,"ready":true,"row_count":18,"section":"statistics_overall","title":"BOC 1-1 DOR | Bochum v Dortmund 26/08/2023, Stats - Flashscore.com | Match"}
[2026-08-16T06:06:59Z] Reading rendered DOM...
[2026-08-16T06:07:00Z] Executing extraction script for phase 0; length: 5174.
[2026-08-16T06:07:00Z] Script [extract] result prefix: {"schema_version":"1.3","section":"statistics_overall","statistic_period":"overall","source_url":"https://www.flashscore.com/match/football/bochum-8Y2m6ADe/dortmund-nP1i5US1/summary/stats/overall/?mid=v9hlGONq","match_id":"v9hlGONq","collected_at_utc":"2026-08-16T06:07:00.076Z","page_title":"BOC 1-1 DOR | Bochum v Dortmund 26/08/2023, Stats - Flashscore.com | Match","competition":"WORLD CUP","status":"FINISHED","date_time":"26.08.2023 17:30","home_team":"Bochum","away_team":"Dortmund","score":{"
[2026-08-16T06:07:00Z] Stored overall statistics: 13 rows.
[2026-08-16T06:07:00Z] Merged section: statistics_overall
[2026-08-16T06:07:00Z] Opening 1st half statistics...
[2026-08-16T06:07:00Z] Navigate: https://www.flashscore.com/match/football/bochum-8Y2m6ADe/dortmund-nP1i5US1/summary/stats/1st-half/?mid=v9hlGONq
[2026-08-16T06:07:02Z] Page loaded. Waiting for statistics DOM...
[2026-08-16T06:07:04Z] Script [readiness] result prefix: {"body_text_length":3221,"ready":true,"row_count":17,"section":"statistics_first_half","title":"BOC 1-1 DOR | Bochum v Dortmund 26/08/2023, Stats - Flashscore.com | Match"}
[2026-08-16T06:07:04Z] Reading rendered DOM...
[2026-08-16T06:07:04Z] Executing extraction script for phase 1; length: 5174.
[2026-08-16T06:07:04Z] Script [extract] result prefix: {"schema_version":"1.3","section":"statistics_first_half","statistic_period":"first_half","source_url":"https://www.flashscore.com/match/football/bochum-8Y2m6ADe/dortmund-nP1i5US1/summary/stats/1st-half/?mid=v9hlGONq","match_id":"v9hlGONq","collected_at_utc":"2026-08-16T06:07:04.629Z","page_title":"BOC 1-1 DOR | Bochum v Dortmund 26/08/2023, Stats - Flashscore.com | Match","competition":"WORLD CUP","status":"FINISHED","date_time":"26.08.2023 17:30","home_team":"Bochum","away_team":"Dortmund","sc
[2026-08-16T06:07:04Z] Stored first_half statistics: 12 rows.
[2026-08-16T06:07:04Z] Merged section: statistics_first_half
[2026-08-16T06:07:04Z] Opening 2nd half statistics...
[2026-08-16T06:07:04Z] Navigate: https://www.flashscore.com/match/football/bochum-8Y2m6ADe/dortmund-nP1i5US1/summary/stats/2nd-half/?mid=v9hlGONq
[2026-08-16T06:07:06Z] Page loaded. Waiting for statistics DOM...
[2026-08-16T06:07:08Z] Script [readiness] result prefix: {"body_text_length":3236,"ready":true,"row_count":18,"section":"statistics_second_half","title":"BOC 1-1 DOR | Bochum v Dortmund 26/08/2023, Stats - Flashscore.com | Match"}
[2026-08-16T06:07:08Z] Reading rendered DOM...
[2026-08-16T06:07:08Z] Executing extraction script for phase 2; length: 5174.
[2026-08-16T06:07:08Z] Script [extract] result prefix: {"schema_version":"1.3","section":"statistics_second_half","statistic_period":"second_half","source_url":"https://www.flashscore.com/match/football/bochum-8Y2m6ADe/dortmund-nP1i5US1/summary/stats/2nd-half/?mid=v9hlGONq","match_id":"v9hlGONq","collected_at_utc":"2026-08-16T06:07:08.092Z","page_title":"BOC 1-1 DOR | Bochum v Dortmund 26/08/2023, Stats - Flashscore.com | Match","competition":"WORLD CUP","status":"FINISHED","date_time":"26.08.2023 17:30","home_team":"Bochum","away_team":"Dortmund","
[2026-08-16T06:07:08Z] Stored second_half statistics: 13 rows.
[2026-08-16T06:07:08Z] Merged section: statistics_second_half
[2026-08-16T06:07:08Z] Opening lineups...
[2026-08-16T06:07:08Z] Navigate: https://www.flashscore.com/match/football/bochum-8Y2m6ADe/dortmund-nP1i5US1/summary/lineups/?mid=v9hlGONq
[2026-08-16T06:07:10Z] Page loaded. Waiting for statistics DOM...
[2026-08-16T06:07:11Z] Script [readiness] result prefix: {"body_text_length":4299,"ready":true,"row_count":118,"section":"lineups","title":"BOC 1-1 DOR | Bochum v Dortmund 26/08/2023, Lineups - Flashscore.com | Match"}
[2026-08-16T06:07:11Z] Reading rendered DOM...
[2026-08-16T06:07:11Z] Executing extraction script for phase 4; length: 20701.
[2026-08-16T06:07:11Z] Script [extract] result prefix: {"schema_version":"1.3","section":"lineups","statistic_period":null,"source_url":"https://www.flashscore.com/match/football/bochum-8Y2m6ADe/dortmund-nP1i5US1/summary/lineups/?mid=v9hlGONq","match_id":"v9hlGONq","collected_at_utc":"2026-08-16T06:07:11.914Z","page_title":"BOC 1-1 DOR | Bochum v Dortmund 26/08/2023, Lineups - Flashscore.com | Match","competition":"WORLD CUP","status":"FINISHED","date_time":"26.08.2023 17:30","home_team":"Bochum","away_team":"Dortmund","score":{"home":"1","away":"1"
[2026-08-16T06:07:11Z] Merged section: lineups
[2026-08-16T06:07:11Z] German Bundesliga 2023/2024: Player Stats are unavailable in the source profile.
[2026-08-16T06:07:12Z] Marked all Player Stats categories as not_available; collection continues.
[2026-08-16T06:07:12Z] Opening commentary...
[2026-08-16T06:07:12Z] Navigate: https://www.flashscore.com/match/football/bochum-8Y2m6ADe/dortmund-nP1i5US1/summary/live-commentary/?mid=v9hlGONq
[2026-08-16T06:07:14Z] Page loaded. Waiting for statistics DOM...
[2026-08-16T06:07:15Z] Script [readiness] result prefix: {"body_text_length":9629,"ready":true,"row_count":183,"section":"commentary","title":"BOC 1-1 DOR | Bochum v Dortmund 26/08/2023 | Football - Flashscore | Match"}
[2026-08-16T06:07:15Z] Reading rendered DOM...
[2026-08-16T06:07:15Z] Executing extraction script for phase 12; length: 11834.
[2026-08-16T06:07:16Z] Script [extract] result prefix: {"schema_version":"1.3","section":"commentary","statistic_period":null,"source_url":"https://www.flashscore.com/match/football/bochum-8Y2m6ADe/dortmund-nP1i5US1/summary/live-commentary/all-comments/?mid=v9hlGONq","match_id":"v9hlGONq","collected_at_utc":"2026-08-16T06:07:15.931Z","page_title":"BOC 1-1 DOR | Bochum v Dortmund 26/08/2023 | Football - Flashscore | Match","competition":"WORLD CUP","status":"FINISHED","date_time":"26.08.2023 17:30","home_team":"Bochum","away_team":"Dortmund","score":
[2026-08-16T06:07:16Z] Merged section: commentary
[2026-08-16T06:07:16Z] Saving complete match JSON...
[2026-08-16T06:07:16Z] Player Stats category unavailable; status=not_available: top_stats
[2026-08-16T06:07:16Z] Player Stats category unavailable; status=not_available: shots
[2026-08-16T06:07:16Z] Player Stats category unavailable; status=not_available: attack
[2026-08-16T06:07:16Z] Player Stats category unavailable; status=not_available: passes
[2026-08-16T06:07:16Z] Player Stats category unavailable; status=not_available: defense
[2026-08-16T06:07:16Z] Player Stats category unavailable; status=not_available: goalkeeping
[2026-08-16T06:07:16Z] Player Stats category unavailable; status=not_available: general
[2026-08-16T06:07:16Z] Structured goals, cards and VAR events enriched.
[2026-08-16T06:07:16Z] Saved match JSON with 13 statistics: G:\Mirza\VSCode\FlashscoreFootballCollector_\Data\Matches\Bundesliga\2023_2024\2023-08-26_Bochum_vs_Dortmund_v9hlGONq.json
[2026-08-16T06:07:16Z] Finished: 2023-08-26_Bochum_vs_Dortmund_v9hlGONq.json
[2026-08-16T06:07:16Z] Opening overall statistics...
[2026-08-16T06:07:16Z] Navigate: https://www.flashscore.com/match/football/b-monchengladbach-88HSzjDr/bayer-leverkusen-4jcj2zMd/summary/stats/overall/?mid=8Q1ILp0M
[2026-08-16T06:07:20Z] Page loaded. Waiting for statistics DOM...
[2026-08-16T06:07:21Z] Script [readiness] result prefix: {"body_text_length":3339,"ready":true,"row_count":18,"section":"statistics_overall","title":"MON 0-3 LEV | B. Monchengladbach v Bayer Leverkusen 26/08/2023, Stats - Flashscore.com | Match"}
[2026-08-16T06:07:21Z] Reading rendered DOM...
[2026-08-16T06:07:21Z] Executing extraction script for phase 0; length: 5174.
[2026-08-16T06:07:22Z] Script [extract] result prefix: {"schema_version":"1.3","section":"statistics_overall","statistic_period":"overall","source_url":"https://www.flashscore.com/match/football/b-monchengladbach-88HSzjDr/bayer-leverkusen-4jcj2zMd/summary/stats/overall/?mid=8Q1ILp0M","match_id":"8Q1ILp0M","collected_at_utc":"2026-08-16T06:07:22.009Z","page_title":"MON 0-3 LEV | B. Monchengladbach v Bayer Leverkusen 26/08/2023, Stats - Flashscore.com | Match","competition":"WORLD CUP","status":"FINISHED","date_time":"26.08.2023 20:30","home_team":"B.
[2026-08-16T06:07:22Z] Stored overall statistics: 13 rows.
[2026-08-16T06:07:22Z] Merged section: statistics_overall
[2026-08-16T06:07:22Z] Opening 1st half statistics...
[2026-08-16T06:07:22Z] Navigate: https://www.flashscore.com/match/football/b-monchengladbach-88HSzjDr/bayer-leverkusen-4jcj2zMd/summary/stats/1st-half/?mid=8Q1ILp0M
[2026-08-16T06:07:23Z] Page loaded. Waiting for statistics DOM...
[2026-08-16T06:07:25Z] Script [readiness] result prefix: {"body_text_length":3332,"ready":true,"row_count":18,"section":"statistics_first_half","title":"MON 0-3 LEV | B. Monchengladbach v Bayer Leverkusen 26/08/2023, Stats - Flashscore.com | Match"}
[2026-08-16T06:07:25Z] Reading rendered DOM...
[2026-08-16T06:07:25Z] Executing extraction script for phase 1; length: 5174.
[2026-08-16T06:07:25Z] Script [extract] result prefix: {"schema_version":"1.3","section":"statistics_first_half","statistic_period":"first_half","source_url":"https://www.flashscore.com/match/football/b-monchengladbach-88HSzjDr/bayer-leverkusen-4jcj2zMd/summary/stats/1st-half/?mid=8Q1ILp0M","match_id":"8Q1ILp0M","collected_at_utc":"2026-08-16T06:07:25.281Z","page_title":"MON 0-3 LEV | B. Monchengladbach v Bayer Leverkusen 26/08/2023, Stats - Flashscore.com | Match","competition":"WORLD CUP","status":"FINISHED","date_time":"26.08.2023 20:30","home_te
[2026-08-16T06:07:25Z] Stored first_half statistics: 13 rows.
[2026-08-16T06:07:25Z] Merged section: statistics_first_half
[2026-08-16T06:07:25Z] Opening 2nd half statistics...
[2026-08-16T06:07:25Z] Navigate: https://www.flashscore.com/match/football/b-monchengladbach-88HSzjDr/bayer-leverkusen-4jcj2zMd/summary/stats/2nd-half/?mid=8Q1ILp0M
[2026-08-16T06:07:28Z] Page loaded. Waiting for statistics DOM...
[2026-08-16T06:07:29Z] Script [readiness] result prefix: {"body_text_length":3314,"ready":true,"row_count":17,"section":"statistics_second_half","title":"MON 0-3 LEV | B. Monchengladbach v Bayer Leverkusen 26/08/2023, Stats - Flashscore.com | Match"}
[2026-08-16T06:07:29Z] Reading rendered DOM...
[2026-08-16T06:07:29Z] Executing extraction script for phase 2; length: 5174.
[2026-08-16T06:07:29Z] Script [extract] result prefix: {"schema_version":"1.3","section":"statistics_second_half","statistic_period":"second_half","source_url":"https://www.flashscore.com/match/football/b-monchengladbach-88HSzjDr/bayer-leverkusen-4jcj2zMd/summary/stats/2nd-half/?mid=8Q1ILp0M","match_id":"8Q1ILp0M","collected_at_utc":"2026-08-16T06:07:29.636Z","page_title":"MON 0-3 LEV | B. Monchengladbach v Bayer Leverkusen 26/08/2023, Stats - Flashscore.com | Match","competition":"WORLD CUP","status":"FINISHED","date_time":"26.08.2023 20:30","home_
[2026-08-16T06:07:29Z] Stored second_half statistics: 12 rows.
[2026-08-16T06:07:29Z] Merged section: statistics_second_half
[2026-08-16T06:07:29Z] Opening lineups...
[2026-08-16T06:07:29Z] Navigate: https://www.flashscore.com/match/football/b-monchengladbach-88HSzjDr/bayer-leverkusen-4jcj2zMd/summary/lineups/?mid=8Q1ILp0M
[2026-08-16T06:07:32Z] Page loaded. Waiting for statistics DOM...
[2026-08-16T06:07:34Z] Script [readiness] result prefix: {"body_text_length":4391,"ready":true,"row_count":117,"section":"lineups","title":"MON 0-3 LEV | B. Monchengladbach v Bayer Leverkusen 26/08/2023, Lineups - Flashscore.com | Match"}
[2026-08-16T06:07:34Z] Reading rendered DOM...
[2026-08-16T06:07:34Z] Executing extraction script for phase 4; length: 20701.
[2026-08-16T06:07:34Z] Script [extract] result prefix: {"schema_version":"1.3","section":"lineups","statistic_period":null,"source_url":"https://www.flashscore.com/match/football/b-monchengladbach-88HSzjDr/bayer-leverkusen-4jcj2zMd/summary/lineups/?mid=8Q1ILp0M","match_id":"8Q1ILp0M","collected_at_utc":"2026-08-16T06:07:34.289Z","page_title":"MON 0-3 LEV | B. Monchengladbach v Bayer Leverkusen 26/08/2023, Lineups - Flashscore.com | Match","competition":"WORLD CUP","status":"FINISHED","date_time":"26.08.2023 20:30","home_team":"B. Monchengladbach","a
[2026-08-16T06:07:34Z] Merged section: lineups
[2026-08-16T06:07:34Z] German Bundesliga 2023/2024: Player Stats are unavailable in the source profile.
[2026-08-16T06:07:34Z] Marked all Player Stats categories as not_available; collection continues.
[2026-08-16T06:07:34Z] Opening commentary...
[2026-08-16T06:07:34Z] Navigate: https://www.flashscore.com/match/football/b-monchengladbach-88HSzjDr/bayer-leverkusen-4jcj2zMd/summary/live-commentary/?mid=8Q1ILp0M
[2026-08-16T06:07:37Z] Page loaded. Waiting for statistics DOM...
[2026-08-16T06:07:38Z] Script [readiness] result prefix: {"body_text_length":15442,"ready":true,"row_count":252,"section":"commentary","title":"MON 0-3 LEV | B. Monchengladbach v Bayer Leverkusen 26/08/2023 | Football - Flashscore | Match"}
[2026-08-16T06:07:38Z] Reading rendered DOM...
[2026-08-16T06:07:38Z] Executing extraction script for phase 12; length: 11834.
[2026-08-16T06:07:38Z] Script [extract] result prefix: {"schema_version":"1.3","section":"commentary","statistic_period":null,"source_url":"https://www.flashscore.com/match/football/b-monchengladbach-88HSzjDr/bayer-leverkusen-4jcj2zMd/summary/live-commentary/all-comments/?mid=8Q1ILp0M","match_id":"8Q1ILp0M","collected_at_utc":"2026-08-16T06:07:38.798Z","page_title":"MON 0-3 LEV | B. Monchengladbach v Bayer Leverkusen 26/08/2023 | Football - Flashscore | Match","competition":"WORLD CUP","status":"FINISHED","date_time":"26.08.2023 20:30","home_team":"
[2026-08-16T06:07:38Z] Merged section: commentary
[2026-08-16T06:07:38Z] Saving complete match JSON...
[2026-08-16T06:07:38Z] Player Stats category unavailable; status=not_available: top_stats
[2026-08-16T06:07:38Z] Player Stats category unavailable; status=not_available: shots
[2026-08-16T06:07:39Z] Player Stats category unavailable; status=not_available: attack
[2026-08-16T06:07:39Z] Player Stats category unavailable; status=not_available: passes
[2026-08-16T06:07:39Z] Player Stats category unavailable; status=not_available: defense
[2026-08-16T06:07:39Z] Player Stats category unavailable; status=not_available: goalkeeping
[2026-08-16T06:07:39Z] Player Stats category unavailable; status=not_available: general
[2026-08-16T06:07:39Z] Structured goals, cards and VAR events enriched.
[2026-08-16T06:07:39Z] Saved match JSON with 13 statistics: G:\Mirza\VSCode\FlashscoreFootballCollector_\Data\Matches\Bundesliga\2023_2024\2023-08-26_B._Monchengladbach_vs_Bayer_Leverkusen_8Q1ILp0M.json
[2026-08-16T06:07:39Z] Finished: 2023-08-26_B._Monchengladbach_vs_Bayer_Leverkusen_8Q1ILp0M.json
[2026-08-16T06:07:39Z] Opening overall statistics...
[2026-08-16T06:07:39Z] Navigate: https://www.flashscore.com/match/football/eintracht-frankfurt-8vndvXTk/mainz-EuakNmc1/summary/stats/overall/?mid=UZ2EMQpG
[2026-08-16T06:07:42Z] Page loaded. Waiting for statistics DOM...
[2026-08-16T06:07:43Z] Script [readiness] result prefix: {"body_text_length":3306,"ready":true,"row_count":19,"section":"statistics_overall","title":"MAI 1-1 EIN | Mainz v Eintracht Frankfurt 27/08/2023, Stats - Flashscore.com | Match"}
[2026-08-16T06:07:43Z] Reading rendered DOM...
[2026-08-16T06:07:43Z] Executing extraction script for phase 0; length: 5174.
[2026-08-16T06:07:43Z] Script [extract] result prefix: {"schema_version":"1.3","section":"statistics_overall","statistic_period":"overall","source_url":"https://www.flashscore.com/match/football/eintracht-frankfurt-8vndvXTk/mainz-EuakNmc1/summary/stats/overall/?mid=UZ2EMQpG","match_id":"UZ2EMQpG","collected_at_utc":"2026-08-16T06:07:43.857Z","page_title":"MAI 1-1 EIN | Mainz v Eintracht Frankfurt 27/08/2023, Stats - Flashscore.com | Match","competition":"WORLD CUP","status":"FINISHED","date_time":"27.08.2023 17:30","home_team":"Mainz","away_team":"E
[2026-08-16T06:07:43Z] Stored overall statistics: 14 rows.
[2026-08-16T06:07:43Z] Merged section: statistics_overall
[2026-08-16T06:07:43Z] Opening 1st half statistics...
[2026-08-16T06:07:44Z] Navigate: https://www.flashscore.com/match/football/eintracht-frankfurt-8vndvXTk/mainz-EuakNmc1/summary/stats/1st-half/?mid=UZ2EMQpG
[2026-08-16T06:07:46Z] Page loaded. Waiting for statistics DOM...
[2026-08-16T06:07:47Z] Script [readiness] result prefix: {"body_text_length":3287,"ready":true,"row_count":18,"section":"statistics_first_half","title":"MAI 1-1 EIN | Mainz v Eintracht Frankfurt 27/08/2023, Stats - Flashscore.com | Match"}
[2026-08-16T06:07:47Z] Reading rendered DOM...
[2026-08-16T06:07:47Z] Executing extraction script for phase 1; length: 5174.
[2026-08-16T06:07:47Z] Script [extract] result prefix: {"schema_version":"1.3","section":"statistics_first_half","statistic_period":"first_half","source_url":"https://www.flashscore.com/match/football/eintracht-frankfurt-8vndvXTk/mainz-EuakNmc1/summary/stats/1st-half/?mid=UZ2EMQpG","match_id":"UZ2EMQpG","collected_at_utc":"2026-08-16T06:07:47.927Z","page_title":"MAI 1-1 EIN | Mainz v Eintracht Frankfurt 27/08/2023, Stats - Flashscore.com | Match","competition":"WORLD CUP","status":"FINISHED","date_time":"27.08.2023 17:30","home_team":"Mainz","away_t
[2026-08-16T06:07:48Z] Stored first_half statistics: 13 rows.
[2026-08-16T06:07:48Z] Merged section: statistics_first_half
[2026-08-16T06:07:48Z] Opening 2nd half statistics...
[2026-08-16T06:07:48Z] Navigate: https://www.flashscore.com/match/football/eintracht-frankfurt-8vndvXTk/mainz-EuakNmc1/summary/stats/2nd-half/?mid=UZ2EMQpG
[2026-08-16T06:07:51Z] Page loaded. Waiting for statistics DOM...
[2026-08-16T06:07:52Z] Script [readiness] result prefix: {"body_text_length":3299,"ready":true,"row_count":19,"section":"statistics_second_half","title":"MAI 1-1 EIN | Mainz v Eintracht Frankfurt 27/08/2023, Stats - Flashscore.com | Match"}
[2026-08-16T06:07:52Z] Reading rendered DOM...
[2026-08-16T06:07:52Z] Executing extraction script for phase 2; length: 5174.
[2026-08-16T06:07:52Z] Script [extract] result prefix: {"schema_version":"1.3","section":"statistics_second_half","statistic_period":"second_half","source_url":"https://www.flashscore.com/match/football/eintracht-frankfurt-8vndvXTk/mainz-EuakNmc1/summary/stats/2nd-half/?mid=UZ2EMQpG","match_id":"UZ2EMQpG","collected_at_utc":"2026-08-16T06:07:52.669Z","page_title":"MAI 1-1 EIN | Mainz v Eintracht Frankfurt 27/08/2023, Stats - Flashscore.com | Match","competition":"WORLD CUP","status":"FINISHED","date_time":"27.08.2023 17:30","home_team":"Mainz","away
[2026-08-16T06:07:52Z] Stored second_half statistics: 14 rows.
[2026-08-16T06:07:52Z] Merged section: statistics_second_half
[2026-08-16T06:07:52Z] Opening lineups...
[2026-08-16T06:07:52Z] Navigate: https://www.flashscore.com/match/football/eintracht-frankfurt-8vndvXTk/mainz-EuakNmc1/summary/lineups/?mid=UZ2EMQpG
[2026-08-16T06:07:55Z] Page loaded. Waiting for statistics DOM...
[2026-08-16T06:07:57Z] Script [readiness] result prefix: {"body_text_length":4243,"ready":true,"row_count":115,"section":"lineups","title":"MAI 1-1 EIN | Mainz v Eintracht Frankfurt 27/08/2023, Lineups - Flashscore.com | Match"}
[2026-08-16T06:07:57Z] Reading rendered DOM...
[2026-08-16T06:07:57Z] Executing extraction script for phase 4; length: 20701.
[2026-08-16T06:07:57Z] Script [extract] result prefix: {"schema_version":"1.3","section":"lineups","statistic_period":null,"source_url":"https://www.flashscore.com/match/football/eintracht-frankfurt-8vndvXTk/mainz-EuakNmc1/summary/lineups/?mid=UZ2EMQpG","match_id":"UZ2EMQpG","collected_at_utc":"2026-08-16T06:07:57.198Z","page_title":"MAI 1-1 EIN | Mainz v Eintracht Frankfurt 27/08/2023, Lineups - Flashscore.com | Match","competition":"WORLD CUP","status":"FINISHED","date_time":"27.08.2023 17:30","home_team":"Mainz","away_team":"Eintracht Frankfurt",
[2026-08-16T06:07:57Z] Merged section: lineups
[2026-08-16T06:07:57Z] German Bundesliga 2023/2024: Player Stats are unavailable in the source profile.
[2026-08-16T06:07:57Z] Marked all Player Stats categories as not_available; collection continues.
[2026-08-16T06:07:57Z] Opening commentary...
[2026-08-16T06:07:57Z] Navigate: https://www.flashscore.com/match/football/eintracht-frankfurt-8vndvXTk/mainz-EuakNmc1/summary/live-commentary/?mid=UZ2EMQpG
[2026-08-16T06:07:59Z] Page loaded. Waiting for statistics DOM...
[2026-08-16T06:08:01Z] Script [readiness] result prefix: {"body_text_length":13352,"ready":true,"row_count":246,"section":"commentary","title":"MAI 1-1 EIN | Mainz v Eintracht Frankfurt 27/08/2023 | Football - Flashscore | Match"}
[2026-08-16T06:08:01Z] Reading rendered DOM...
[2026-08-16T06:08:01Z] Executing extraction script for phase 12; length: 11834.
[2026-08-16T06:08:01Z] Script [extract] result prefix: {"schema_version":"1.3","section":"commentary","statistic_period":null,"source_url":"https://www.flashscore.com/match/football/eintracht-frankfurt-8vndvXTk/mainz-EuakNmc1/summary/live-commentary/all-comments/?mid=UZ2EMQpG","match_id":"UZ2EMQpG","collected_at_utc":"2026-08-16T06:08:01.069Z","page_title":"MAI 1-1 EIN | Mainz v Eintracht Frankfurt 27/08/2023 | Football - Flashscore | Match","competition":"WORLD CUP","status":"FINISHED","date_time":"27.08.2023 17:30","home_team":"Mainz","away_team":
[2026-08-16T06:08:01Z] Merged section: commentary
[2026-08-16T06:08:01Z] Saving complete match JSON...
[2026-08-16T06:08:01Z] Player Stats category unavailable; status=not_available: top_stats
[2026-08-16T06:08:01Z] Player Stats category unavailable; status=not_available: shots
[2026-08-16T06:08:01Z] Player Stats category unavailable; status=not_available: attack
[2026-08-16T06:08:01Z] Player Stats category unavailable; status=not_available: passes
[2026-08-16T06:08:01Z] Player Stats category unavailable; status=not_available: defense
[2026-08-16T06:08:01Z] Player Stats category unavailable; status=not_available: goalkeeping
[2026-08-16T06:08:01Z] Player Stats category unavailable; status=not_available: general
[2026-08-16T06:08:01Z] Structured goals, cards and VAR events enriched.
[2026-08-16T06:08:01Z] Saved match JSON with 14 statistics: G:\Mirza\VSCode\FlashscoreFootballCollector_\Data\Matches\Bundesliga\2023_2024\2023-08-27_Mainz_vs_Eintracht_Frankfurt_UZ2EMQpG.json
[2026-08-16T06:08:01Z] Finished: 2023-08-27_Mainz_vs_Eintracht_Frankfurt_UZ2EMQpG.json
[2026-08-16T06:08:01Z] Opening overall statistics...
[2026-08-16T06:08:01Z] Navigate: https://www.flashscore.com/match/football/augsburg-fTVNku3I/bayern-munich-nVp0wiqd/summary/stats/overall/?mid=f3e2PS0c
[2026-08-16T06:08:04Z] Page loaded. Waiting for statistics DOM...
[2026-08-16T06:08:05Z] Script [readiness] result prefix: {"body_text_length":3281,"ready":true,"row_count":18,"section":"statistics_overall","title":"BAY 3-1 AUG | Bayern Munich v Augsburg 27/08/2023, Stats - Flashscore.com | Match"}
[2026-08-16T06:08:05Z] Reading rendered DOM...
[2026-08-16T06:08:05Z] Executing extraction script for phase 0; length: 5174.
[2026-08-16T06:08:05Z] Script [extract] result prefix: {"schema_version":"1.3","section":"statistics_overall","statistic_period":"overall","source_url":"https://www.flashscore.com/match/football/augsburg-fTVNku3I/bayern-munich-nVp0wiqd/summary/stats/overall/?mid=f3e2PS0c","match_id":"f3e2PS0c","collected_at_utc":"2026-08-16T06:08:05.939Z","page_title":"BAY 3-1 AUG | Bayern Munich v Augsburg 27/08/2023, Stats - Flashscore.com | Match","competition":"WORLD CUP","status":"FINISHED","date_time":"27.08.2023 19:30","home_team":"Bayern Munich","away_team":
[2026-08-16T06:08:05Z] Stored overall statistics: 13 rows.
[2026-08-16T06:08:06Z] Merged section: statistics_overall
[2026-08-16T06:08:06Z] Opening 1st half statistics...
[2026-08-16T06:08:06Z] Navigate: https://www.flashscore.com/match/football/augsburg-fTVNku3I/bayern-munich-nVp0wiqd/summary/stats/1st-half/?mid=f3e2PS0c
[2026-08-16T06:08:08Z] Page loaded. Waiting for statistics DOM...
[2026-08-16T06:08:09Z] Script [readiness] result prefix: {"body_text_length":3255,"ready":true,"row_count":17,"section":"statistics_first_half","title":"BAY 3-1 AUG | Bayern Munich v Augsburg 27/08/2023, Stats - Flashscore.com | Match"}
[2026-08-16T06:08:09Z] Reading rendered DOM...
[2026-08-16T06:08:09Z] Executing extraction script for phase 1; length: 5174.
[2026-08-16T06:08:09Z] Script [extract] result prefix: {"schema_version":"1.3","section":"statistics_first_half","statistic_period":"first_half","source_url":"https://www.flashscore.com/match/football/augsburg-fTVNku3I/bayern-munich-nVp0wiqd/summary/stats/1st-half/?mid=f3e2PS0c","match_id":"f3e2PS0c","collected_at_utc":"2026-08-16T06:08:09.615Z","page_title":"BAY 3-1 AUG | Bayern Munich v Augsburg 27/08/2023, Stats - Flashscore.com | Match","competition":"WORLD CUP","status":"FINISHED","date_time":"27.08.2023 19:30","home_team":"Bayern Munich","away
[2026-08-16T06:08:09Z] Stored first_half statistics: 12 rows.
[2026-08-16T06:08:09Z] Merged section: statistics_first_half
[2026-08-16T06:08:09Z] Opening 2nd half statistics...
[2026-08-16T06:08:09Z] Navigate: https://www.flashscore.com/match/football/augsburg-fTVNku3I/bayern-munich-nVp0wiqd/summary/stats/2nd-half/?mid=f3e2PS0c
[2026-08-16T06:08:11Z] Page loaded. Waiting for statistics DOM...
[2026-08-16T06:08:12Z] Script [readiness] result prefix: {"body_text_length":3274,"ready":true,"row_count":18,"section":"statistics_second_half","title":"BAY 3-1 AUG | Bayern Munich v Augsburg 27/08/2023, Stats - Flashscore.com | Match"}
[2026-08-16T06:08:12Z] Reading rendered DOM...
[2026-08-16T06:08:12Z] Executing extraction script for phase 2; length: 5174.
[2026-08-16T06:08:13Z] Script [extract] result prefix: {"schema_version":"1.3","section":"statistics_second_half","statistic_period":"second_half","source_url":"https://www.flashscore.com/match/football/augsburg-fTVNku3I/bayern-munich-nVp0wiqd/summary/stats/2nd-half/?mid=f3e2PS0c","match_id":"f3e2PS0c","collected_at_utc":"2026-08-16T06:08:13.374Z","page_title":"BAY 3-1 AUG | Bayern Munich v Augsburg 27/08/2023, Stats - Flashscore.com | Match","competition":"WORLD CUP","status":"FINISHED","date_time":"27.08.2023 19:30","home_team":"Bayern Munich","aw
[2026-08-16T06:08:13Z] Stored second_half statistics: 13 rows.
[2026-08-16T06:08:13Z] Merged section: statistics_second_half
[2026-08-16T06:08:13Z] Opening lineups...
[2026-08-16T06:08:13Z] Navigate: https://www.flashscore.com/match/football/augsburg-fTVNku3I/bayern-munich-nVp0wiqd/summary/lineups/?mid=f3e2PS0c
[2026-08-16T06:08:16Z] Page loaded. Waiting for statistics DOM...
[2026-08-16T06:08:18Z] Script [readiness] result prefix: {"body_text_length":4324,"ready":true,"row_count":118,"section":"lineups","title":"BAY 3-1 AUG | Bayern Munich v Augsburg 27/08/2023, Lineups - Flashscore.com | Match"}
[2026-08-16T06:08:18Z] Reading rendered DOM...
[2026-08-16T06:08:18Z] Executing extraction script for phase 4; length: 20701.
[2026-08-16T06:08:18Z] Script [extract] result prefix: {"schema_version":"1.3","section":"lineups","statistic_period":null,"source_url":"https://www.flashscore.com/match/football/augsburg-fTVNku3I/bayern-munich-nVp0wiqd/summary/lineups/?mid=f3e2PS0c","match_id":"f3e2PS0c","collected_at_utc":"2026-08-16T06:08:18.563Z","page_title":"BAY 3-1 AUG | Bayern Munich v Augsburg 27/08/2023, Lineups - Flashscore.com | Match","competition":"WORLD CUP","status":"FINISHED","date_time":"27.08.2023 19:30","home_team":"Bayern Munich","away_team":"Augsburg","score":{
[2026-08-16T06:08:18Z] Merged section: lineups
[2026-08-16T06:08:18Z] German Bundesliga 2023/2024: Player Stats are unavailable in the source profile.
[2026-08-16T06:08:18Z] Marked all Player Stats categories as not_available; collection continues.
[2026-08-16T06:08:18Z] Opening commentary...
[2026-08-16T06:08:18Z] Navigate: https://www.flashscore.com/match/football/augsburg-fTVNku3I/bayern-munich-nVp0wiqd/summary/live-commentary/?mid=f3e2PS0c
[2026-08-16T06:08:20Z] Page loaded. Waiting for statistics DOM...
[2026-08-16T06:08:22Z] Script [readiness] result prefix: {"body_text_length":15388,"ready":true,"row_count":286,"section":"commentary","title":"BAY 3-1 AUG | Bayern Munich v Augsburg 27/08/2023 | Football - Flashscore | Match"}
[2026-08-16T06:08:22Z] Reading rendered DOM...
[2026-08-16T06:08:22Z] Executing extraction script for phase 12; length: 11834.
[2026-08-16T06:08:22Z] Script [extract] result prefix: {"schema_version":"1.3","section":"commentary","statistic_period":null,"source_url":"https://www.flashscore.com/match/football/augsburg-fTVNku3I/bayern-munich-nVp0wiqd/summary/live-commentary/all-comments/?mid=f3e2PS0c","match_id":"f3e2PS0c","collected_at_utc":"2026-08-16T06:08:22.223Z","page_title":"BAY 3-1 AUG | Bayern Munich v Augsburg 27/08/2023 | Football - Flashscore | Match","competition":"WORLD CUP","status":"FINISHED","date_time":"27.08.2023 19:30","home_team":"Bayern Munich","away_team
[2026-08-16T06:08:22Z] Merged section: commentary
[2026-08-16T06:08:22Z] Saving complete match JSON...
[2026-08-16T06:08:22Z] Player Stats category unavailable; status=not_available: top_stats
[2026-08-16T06:08:22Z] Player Stats category unavailable; status=not_available: shots
[2026-08-16T06:08:22Z] Player Stats category unavailable; status=not_available: attack
[2026-08-16T06:08:22Z] Player Stats category unavailable; status=not_available: passes
[2026-08-16T06:08:22Z] Player Stats category unavailable; status=not_available: defense
[2026-08-16T06:08:22Z] Player Stats category unavailable; status=not_available: goalkeeping
[2026-08-16T06:08:22Z] Player Stats category unavailable; status=not_available: general
[2026-08-16T06:08:22Z] Structured goals, cards and VAR events enriched.
[2026-08-16T06:08:22Z] Saved match JSON with 13 statistics: G:\Mirza\VSCode\FlashscoreFootballCollector_\Data\Matches\Bundesliga\2023_2024\2023-08-27_Bayern_Munich_vs_Augsburg_f3e2PS0c.json
[2026-08-16T06:08:22Z] Finished: 2023-08-27_Bayern_Munich_vs_Augsburg_f3e2PS0c.json
[2026-08-16T06:08:22Z] Opening overall statistics...
[2026-08-16T06:08:22Z] Navigate: https://www.flashscore.com/match/football/dortmund-nP1i5US1/heidenheim-KWixEVWi/summary/stats/overall/?mid=lvzuwnVd
[2026-08-16T06:08:25Z] Page loaded. Waiting for statistics DOM...
[2026-08-16T06:08:27Z] Script [readiness] result prefix: {"body_text_length":3264,"ready":true,"row_count":18,"section":"statistics_overall","title":"DOR 2-2 HEI | Dortmund v Heidenheim 01/09/2023, Stats - Flashscore.com | Match"}
[2026-08-16T06:08:27Z] Reading rendered DOM...
[2026-08-16T06:08:27Z] Executing extraction script for phase 0; length: 5174.
[2026-08-16T06:08:27Z] Script [extract] result prefix: {"schema_version":"1.3","section":"statistics_overall","statistic_period":"overall","source_url":"https://www.flashscore.com/match/football/dortmund-nP1i5US1/heidenheim-KWixEVWi/summary/stats/overall/?mid=lvzuwnVd","match_id":"lvzuwnVd","collected_at_utc":"2026-08-16T06:08:27.220Z","page_title":"DOR 2-2 HEI | Dortmund v Heidenheim 01/09/2023, Stats - Flashscore.com | Match","competition":"WORLD CUP","status":"FINISHED","date_time":"01.09.2023 22:30","home_team":"Dortmund","away_team":"Heidenheim
[2026-08-16T06:08:27Z] Stored overall statistics: 13 rows.
[2026-08-16T06:08:27Z] Merged section: statistics_overall
[2026-08-16T06:08:27Z] Opening 1st half statistics...
[2026-08-16T06:08:27Z] Navigate: https://www.flashscore.com/match/football/dortmund-nP1i5US1/heidenheim-KWixEVWi/summary/stats/1st-half/?mid=lvzuwnVd
[2026-08-16T06:08:29Z] Page loaded. Waiting for statistics DOM...
[2026-08-16T06:08:30Z] Script [readiness] result prefix: {"body_text_length":3259,"ready":true,"row_count":18,"section":"statistics_first_half","title":"DOR 2-2 HEI | Dortmund v Heidenheim 01/09/2023, Stats - Flashscore.com | Match"}
[2026-08-16T06:08:30Z] Reading rendered DOM...
[2026-08-16T06:08:30Z] Executing extraction script for phase 1; length: 5174.
[2026-08-16T06:08:30Z] Script [extract] result prefix: {"schema_version":"1.3","section":"statistics_first_half","statistic_period":"first_half","source_url":"https://www.flashscore.com/match/football/dortmund-nP1i5US1/heidenheim-KWixEVWi/summary/stats/1st-half/?mid=lvzuwnVd","match_id":"lvzuwnVd","collected_at_utc":"2026-08-16T06:08:30.680Z","page_title":"DOR 2-2 HEI | Dortmund v Heidenheim 01/09/2023, Stats - Flashscore.com | Match","competition":"WORLD CUP","status":"FINISHED","date_time":"01.09.2023 22:30","home_team":"Dortmund","away_team":"Hei
[2026-08-16T06:08:30Z] Stored first_half statistics: 13 rows.
[2026-08-16T06:08:30Z] Merged section: statistics_first_half
[2026-08-16T06:08:30Z] Opening 2nd half statistics...
[2026-08-16T06:08:31Z] Navigate: https://www.flashscore.com/match/football/dortmund-nP1i5US1/heidenheim-KWixEVWi/summary/stats/2nd-half/?mid=lvzuwnVd
[2026-08-16T06:08:32Z] Page loaded. Waiting for statistics DOM...
[2026-08-16T06:08:34Z] Script [readiness] result prefix: {"body_text_length":3261,"ready":true,"row_count":18,"section":"statistics_second_half","title":"DOR 2-2 HEI | Dortmund v Heidenheim 01/09/2023, Stats - Flashscore.com | Match"}
[2026-08-16T06:08:34Z] Reading rendered DOM...
[2026-08-16T06:08:34Z] Executing extraction script for phase 2; length: 5174.
[2026-08-16T06:08:34Z] Script [extract] result prefix: {"schema_version":"1.3","section":"statistics_second_half","statistic_period":"second_half","source_url":"https://www.flashscore.com/match/football/dortmund-nP1i5US1/heidenheim-KWixEVWi/summary/stats/2nd-half/?mid=lvzuwnVd","match_id":"lvzuwnVd","collected_at_utc":"2026-08-16T06:08:34.434Z","page_title":"DOR 2-2 HEI | Dortmund v Heidenheim 01/09/2023, Stats - Flashscore.com | Match","competition":"WORLD CUP","status":"FINISHED","date_time":"01.09.2023 22:30","home_team":"Dortmund","away_team":"H
[2026-08-16T06:08:34Z] Stored second_half statistics: 13 rows.
[2026-08-16T06:08:34Z] Merged section: statistics_second_half
[2026-08-16T06:08:34Z] Opening lineups...
[2026-08-16T06:08:34Z] Navigate: https://www.flashscore.com/match/football/dortmund-nP1i5US1/heidenheim-KWixEVWi/summary/lineups/?mid=lvzuwnVd
[2026-08-16T06:08:36Z] Page loaded. Waiting for statistics DOM...
[2026-08-16T06:08:37Z] Script [readiness] result prefix: {"body_text_length":4135,"ready":true,"row_count":108,"section":"lineups","title":"DOR 2-2 HEI | Dortmund v Heidenheim 01/09/2023, Lineups - Flashscore.com | Match"}
[2026-08-16T06:08:37Z] Reading rendered DOM...
[2026-08-16T06:08:37Z] Executing extraction script for phase 4; length: 20701.
[2026-08-16T06:08:38Z] Script [extract] result prefix: {"schema_version":"1.3","section":"lineups","statistic_period":null,"source_url":"https://www.flashscore.com/match/football/dortmund-nP1i5US1/heidenheim-KWixEVWi/summary/lineups/?mid=lvzuwnVd","match_id":"lvzuwnVd","collected_at_utc":"2026-08-16T06:08:37.973Z","page_title":"DOR 2-2 HEI | Dortmund v Heidenheim 01/09/2023, Lineups - Flashscore.com | Match","competition":"WORLD CUP","status":"FINISHED","date_time":"01.09.2023 22:30","home_team":"Dortmund","away_team":"Heidenheim","score":{"home":"2
[2026-08-16T06:08:38Z] Merged section: lineups
[2026-08-16T06:08:38Z] German Bundesliga 2023/2024: Player Stats are unavailable in the source profile.
[2026-08-16T06:08:38Z] Marked all Player Stats categories as not_available; collection continues.
[2026-08-16T06:08:38Z] Opening commentary...
[2026-08-16T06:08:38Z] Navigate: https://www.flashscore.com/match/football/dortmund-nP1i5US1/heidenheim-KWixEVWi/summary/live-commentary/?mid=lvzuwnVd
[2026-08-16T06:08:40Z] Page loaded. Waiting for statistics DOM...
[2026-08-16T06:08:41Z] Script [readiness] result prefix: {"body_text_length":15844,"ready":true,"row_count":285,"section":"commentary","title":"DOR 2-2 HEI | Dortmund v Heidenheim 01/09/2023 | Football - Flashscore | Match"}
[2026-08-16T06:08:41Z] Reading rendered DOM...
[2026-08-16T06:08:41Z] Executing extraction script for phase 12; length: 11834.
[2026-08-16T06:08:41Z] Script [extract] result prefix: {"schema_version":"1.3","section":"commentary","statistic_period":null,"source_url":"https://www.flashscore.com/match/football/dortmund-nP1i5US1/heidenheim-KWixEVWi/summary/live-commentary/all-comments/?mid=lvzuwnVd","match_id":"lvzuwnVd","collected_at_utc":"2026-08-16T06:08:41.572Z","page_title":"DOR 2-2 HEI | Dortmund v Heidenheim 01/09/2023 | Football - Flashscore | Match","competition":"WORLD CUP","status":"FINISHED","date_time":"01.09.2023 22:30","home_team":"Dortmund","away_team":"Heidenhe
[2026-08-16T06:08:41Z] Merged section: commentary
[2026-08-16T06:08:41Z] Saving complete match JSON...
[2026-08-16T06:08:41Z] Player Stats category unavailable; status=not_available: top_stats
[2026-08-16T06:08:41Z] Player Stats category unavailable; status=not_available: shots
[2026-08-16T06:08:41Z] Player Stats category unavailable; status=not_available: attack
[2026-08-16T06:08:41Z] Player Stats category unavailable; status=not_available: passes
[2026-08-16T06:08:41Z] Player Stats category unavailable; status=not_available: defense
[2026-08-16T06:08:41Z] Player Stats category unavailable; status=not_available: goalkeeping
[2026-08-16T06:08:41Z] Player Stats category unavailable; status=not_available: general
[2026-08-16T06:08:42Z] Structured goals, cards and VAR events enriched.
[2026-08-16T06:08:42Z] Saved match JSON with 13 statistics: G:\Mirza\VSCode\FlashscoreFootballCollector_\Data\Matches\Bundesliga\2023_2024\2023-09-01_Dortmund_vs_Heidenheim_lvzuwnVd.json
[2026-08-16T06:08:42Z] Finished: 2023-09-01_Dortmund_vs_Heidenheim_lvzuwnVd.json
[2026-08-16T06:08:42Z] Opening overall statistics...
[2026-08-16T06:08:42Z] Navigate: https://www.flashscore.com/match/football/mainz-EuakNmc1/werder-bremen-Ig1f1fy3/summary/stats/overall/?mid=0vVKTshq
[2026-08-16T06:08:44Z] Page loaded. Waiting for statistics DOM...
[2026-08-16T06:08:45Z] Script [readiness] result prefix: {"body_text_length":3259,"ready":true,"row_count":18,"section":"statistics_overall","title":"WER 4-0 MAI | Werder Bremen v Mainz 02/09/2023, Stats - Flashscore.com | Match"}
[2026-08-16T06:08:45Z] Reading rendered DOM...
[2026-08-16T06:08:45Z] Executing extraction script for phase 0; length: 5174.
[2026-08-16T06:08:45Z] Script [extract] result prefix: {"schema_version":"1.3","section":"statistics_overall","statistic_period":"overall","source_url":"https://www.flashscore.com/match/football/mainz-EuakNmc1/werder-bremen-Ig1f1fy3/summary/stats/overall/?mid=0vVKTshq","match_id":"0vVKTshq","collected_at_utc":"2026-08-16T06:08:45.684Z","page_title":"WER 4-0 MAI | Werder Bremen v Mainz 02/09/2023, Stats - Flashscore.com | Match","competition":"WORLD CUP","status":"FINISHED","date_time":"02.09.2023 17:30","home_team":"Werder Bremen","away_team":"Mainz
[2026-08-16T06:08:45Z] Stored overall statistics: 13 rows.
[2026-08-16T06:08:45Z] Merged section: statistics_overall
[2026-08-16T06:08:45Z] Opening 1st half statistics...
[2026-08-16T06:08:45Z] Navigate: https://www.flashscore.com/match/football/mainz-EuakNmc1/werder-bremen-Ig1f1fy3/summary/stats/1st-half/?mid=0vVKTshq
[2026-08-16T06:08:47Z] Page loaded. Waiting for statistics DOM...
[2026-08-16T06:08:49Z] Script [readiness] result prefix: {"body_text_length":3252,"ready":true,"row_count":18,"section":"statistics_first_half","title":"WER 4-0 MAI | Werder Bremen v Mainz 02/09/2023, Stats - Flashscore.com | Match"}
[2026-08-16T06:08:49Z] Reading rendered DOM...
[2026-08-16T06:08:49Z] Executing extraction script for phase 1; length: 5174.
[2026-08-16T06:08:49Z] Script [extract] result prefix: {"schema_version":"1.3","section":"statistics_first_half","statistic_period":"first_half","source_url":"https://www.flashscore.com/match/football/mainz-EuakNmc1/werder-bremen-Ig1f1fy3/summary/stats/1st-half/?mid=0vVKTshq","match_id":"0vVKTshq","collected_at_utc":"2026-08-16T06:08:49.447Z","page_title":"WER 4-0 MAI | Werder Bremen v Mainz 02/09/2023, Stats - Flashscore.com | Match","competition":"WORLD CUP","status":"FINISHED","date_time":"02.09.2023 17:30","home_team":"Werder Bremen","away_team"
[2026-08-16T06:08:49Z] Stored first_half statistics: 13 rows.
[2026-08-16T06:08:49Z] Merged section: statistics_first_half
[2026-08-16T06:08:49Z] Opening 2nd half statistics...
[2026-08-16T06:08:49Z] Navigate: https://www.flashscore.com/match/football/mainz-EuakNmc1/werder-bremen-Ig1f1fy3/summary/stats/2nd-half/?mid=0vVKTshq
[2026-08-16T06:08:52Z] Page loaded. Waiting for statistics DOM...
[2026-08-16T06:08:53Z] Script [readiness] result prefix: {"body_text_length":3250,"ready":true,"row_count":18,"section":"statistics_second_half","title":"WER 4-0 MAI | Werder Bremen v Mainz 02/09/2023, Stats - Flashscore.com | Match"}
[2026-08-16T06:08:53Z] Reading rendered DOM...
[2026-08-16T06:08:53Z] Executing extraction script for phase 2; length: 5174.
[2026-08-16T06:08:53Z] Script [extract] result prefix: {"schema_version":"1.3","section":"statistics_second_half","statistic_period":"second_half","source_url":"https://www.flashscore.com/match/football/mainz-EuakNmc1/werder-bremen-Ig1f1fy3/summary/stats/2nd-half/?mid=0vVKTshq","match_id":"0vVKTshq","collected_at_utc":"2026-08-16T06:08:53.909Z","page_title":"WER 4-0 MAI | Werder Bremen v Mainz 02/09/2023, Stats - Flashscore.com | Match","competition":"WORLD CUP","status":"FINISHED","date_time":"02.09.2023 17:30","home_team":"Werder Bremen","away_tea
[2026-08-16T06:08:53Z] Stored second_half statistics: 13 rows.
[2026-08-16T06:08:53Z] Merged section: statistics_second_half
[2026-08-16T06:08:54Z] Opening lineups...
[2026-08-16T06:08:54Z] Navigate: https://www.flashscore.com/match/football/mainz-EuakNmc1/werder-bremen-Ig1f1fy3/summary/lineups/?mid=0vVKTshq
[2026-08-16T06:08:56Z] Page loaded. Waiting for statistics DOM...
[2026-08-16T06:08:57Z] Script [readiness] result prefix: {"body_text_length":4215,"ready":true,"row_count":114,"section":"lineups","title":"WER 4-0 MAI | Werder Bremen v Mainz 02/09/2023, Lineups - Flashscore.com | Match"}
[2026-08-16T06:08:57Z] Reading rendered DOM...
[2026-08-16T06:08:57Z] Executing extraction script for phase 4; length: 20701.
[2026-08-16T06:08:57Z] Script [extract] result prefix: {"schema_version":"1.3","section":"lineups","statistic_period":null,"source_url":"https://www.flashscore.com/match/football/mainz-EuakNmc1/werder-bremen-Ig1f1fy3/summary/lineups/?mid=0vVKTshq","match_id":"0vVKTshq","collected_at_utc":"2026-08-16T06:08:57.885Z","page_title":"WER 4-0 MAI | Werder Bremen v Mainz 02/09/2023, Lineups - Flashscore.com | Match","competition":"WORLD CUP","status":"FINISHED","date_time":"02.09.2023 17:30","home_team":"Werder Bremen","away_team":"Mainz","score":{"home":"4
[2026-08-16T06:08:57Z] Merged section: lineups
[2026-08-16T06:08:57Z] German Bundesliga 2023/2024: Player Stats are unavailable in the source profile.
[2026-08-16T06:08:57Z] Marked all Player Stats categories as not_available; collection continues.
[2026-08-16T06:08:58Z] Opening commentary...
[2026-08-16T06:08:58Z] Navigate: https://www.flashscore.com/match/football/mainz-EuakNmc1/werder-bremen-Ig1f1fy3/summary/live-commentary/?mid=0vVKTshq
[2026-08-16T06:08:59Z] Page loaded. Waiting for statistics DOM...
[2026-08-16T06:09:01Z] Script [readiness] result prefix: {"body_text_length":13539,"ready":true,"row_count":249,"section":"commentary","title":"WER 4-0 MAI | Werder Bremen v Mainz 02/09/2023 | Football - Flashscore | Match"}
[2026-08-16T06:09:01Z] Reading rendered DOM...
[2026-08-16T06:09:01Z] Executing extraction script for phase 12; length: 11834.
[2026-08-16T06:09:01Z] Script [extract] result prefix: {"schema_version":"1.3","section":"commentary","statistic_period":null,"source_url":"https://www.flashscore.com/match/football/mainz-EuakNmc1/werder-bremen-Ig1f1fy3/summary/live-commentary/all-comments/?mid=0vVKTshq","match_id":"0vVKTshq","collected_at_utc":"2026-08-16T06:09:01.395Z","page_title":"WER 4-0 MAI | Werder Bremen v Mainz 02/09/2023 | Football - Flashscore | Match","competition":"WORLD CUP","status":"FINISHED","date_time":"02.09.2023 17:30","home_team":"Werder Bremen","away_team":"Mai
[2026-08-16T06:09:01Z] Merged section: commentary
[2026-08-16T06:09:01Z] Saving complete match JSON...
[2026-08-16T06:09:01Z] Player Stats category unavailable; status=not_available: top_stats
[2026-08-16T06:09:01Z] Player Stats category unavailable; status=not_available: shots
[2026-08-16T06:09:01Z] Player Stats category unavailable; status=not_available: attack
[2026-08-16T06:09:01Z] Player Stats category unavailable; status=not_available: passes
[2026-08-16T06:09:01Z] Player Stats category unavailable; status=not_available: defense
[2026-08-16T06:09:01Z] Player Stats category unavailable; status=not_available: goalkeeping
[2026-08-16T06:09:01Z] Player Stats category unavailable; status=not_available: general
[2026-08-16T06:09:01Z] Structured goals, cards and VAR events enriched.
[2026-08-16T06:09:01Z] Saved match JSON with 13 statistics: G:\Mirza\VSCode\FlashscoreFootballCollector_\Data\Matches\Bundesliga\2023_2024\2023-09-02_Werder_Bremen_vs_Mainz_0vVKTshq.json
[2026-08-16T06:09:01Z] Finished: 2023-09-02_Werder_Bremen_vs_Mainz_0vVKTshq.json
[2026-08-16T06:09:01Z] Opening overall statistics...
[2026-08-16T06:09:01Z] Navigate: https://www.flashscore.com/match/football/freiburg-fiEQZ7C7/vfb-stuttgart-nJQmYp1B/summary/stats/overall/?mid=84YSRLMe
[2026-08-16T06:09:04Z] Page loaded. Waiting for statistics DOM...
[2026-08-16T06:09:06Z] Script [readiness] result prefix: {"body_text_length":3251,"ready":true,"row_count":18,"section":"statistics_overall","title":"STU 5-0 FRE | Stuttgart v Freiburg 02/09/2023, Stats - Flashscore.com | Match"}
[2026-08-16T06:09:06Z] Reading rendered DOM...
[2026-08-16T06:09:06Z] Executing extraction script for phase 0; length: 5174.
[2026-08-16T06:09:06Z] Script [extract] result prefix: {"schema_version":"1.3","section":"statistics_overall","statistic_period":"overall","source_url":"https://www.flashscore.com/match/football/freiburg-fiEQZ7C7/vfb-stuttgart-nJQmYp1B/summary/stats/overall/?mid=84YSRLMe","match_id":"84YSRLMe","collected_at_utc":"2026-08-16T06:09:06.290Z","page_title":"STU 5-0 FRE | Stuttgart v Freiburg 02/09/2023, Stats - Flashscore.com | Match","competition":"WORLD CUP","status":"FINISHED","date_time":"02.09.2023 17:30","home_team":"Stuttgart","away_team":"Freibur
[2026-08-16T06:09:06Z] Stored overall statistics: 13 rows.
[2026-08-16T06:09:06Z] Merged section: statistics_overall
[2026-08-16T06:09:06Z] Opening 1st half statistics...
[2026-08-16T06:09:06Z] Navigate: https://www.flashscore.com/match/football/freiburg-fiEQZ7C7/vfb-stuttgart-nJQmYp1B/summary/stats/1st-half/?mid=84YSRLMe
[2026-08-16T06:09:08Z] Page loaded. Waiting for statistics DOM...
[2026-08-16T06:09:09Z] Script [readiness] result prefix: {"body_text_length":3244,"ready":true,"row_count":18,"section":"statistics_first_half","title":"STU 5-0 FRE | Stuttgart v Freiburg 02/09/2023, Stats - Flashscore.com | Match"}
[2026-08-16T06:09:09Z] Reading rendered DOM...
[2026-08-16T06:09:09Z] Executing extraction script for phase 1; length: 5174.
[2026-08-16T06:09:09Z] Script [extract] result prefix: {"schema_version":"1.3","section":"statistics_first_half","statistic_period":"first_half","source_url":"https://www.flashscore.com/match/football/freiburg-fiEQZ7C7/vfb-stuttgart-nJQmYp1B/summary/stats/1st-half/?mid=84YSRLMe","match_id":"84YSRLMe","collected_at_utc":"2026-08-16T06:09:09.685Z","page_title":"STU 5-0 FRE | Stuttgart v Freiburg 02/09/2023, Stats - Flashscore.com | Match","competition":"WORLD CUP","status":"FINISHED","date_time":"02.09.2023 17:30","home_team":"Stuttgart","away_team":"
[2026-08-16T06:09:09Z] Stored first_half statistics: 13 rows.
[2026-08-16T06:09:09Z] Merged section: statistics_first_half
[2026-08-16T06:09:09Z] Opening 2nd half statistics...
[2026-08-16T06:09:09Z] Navigate: https://www.flashscore.com/match/football/freiburg-fiEQZ7C7/vfb-stuttgart-nJQmYp1B/summary/stats/2nd-half/?mid=84YSRLMe
[2026-08-16T06:09:11Z] Page loaded. Waiting for statistics DOM...
[2026-08-16T06:09:13Z] Script [readiness] result prefix: {"body_text_length":3244,"ready":true,"row_count":18,"section":"statistics_second_half","title":"STU 5-0 FRE | Stuttgart v Freiburg 02/09/2023, Stats - Flashscore.com | Match"}
[2026-08-16T06:09:13Z] Reading rendered DOM...
[2026-08-16T06:09:13Z] Executing extraction script for phase 2; length: 5174.
[2026-08-16T06:09:13Z] Script [extract] result prefix: {"schema_version":"1.3","section":"statistics_second_half","statistic_period":"second_half","source_url":"https://www.flashscore.com/match/football/freiburg-fiEQZ7C7/vfb-stuttgart-nJQmYp1B/summary/stats/2nd-half/?mid=84YSRLMe","match_id":"84YSRLMe","collected_at_utc":"2026-08-16T06:09:13.337Z","page_title":"STU 5-0 FRE | Stuttgart v Freiburg 02/09/2023, Stats - Flashscore.com | Match","competition":"WORLD CUP","status":"FINISHED","date_time":"02.09.2023 17:30","home_team":"Stuttgart","away_team"
[2026-08-16T06:09:13Z] Stored second_half statistics: 13 rows.
[2026-08-16T06:09:13Z] Merged section: statistics_second_half
[2026-08-16T06:09:13Z] Opening lineups...
[2026-08-16T06:09:13Z] Navigate: https://www.flashscore.com/match/football/freiburg-fiEQZ7C7/vfb-stuttgart-nJQmYp1B/summary/lineups/?mid=84YSRLMe
[2026-08-16T06:09:15Z] Page loaded. Waiting for statistics DOM...
[2026-08-16T06:09:16Z] Script [readiness] result prefix: {"body_text_length":4067,"ready":true,"row_count":107,"section":"lineups","title":"STU 5-0 FRE | Stuttgart v Freiburg 02/09/2023, Lineups - Flashscore.com | Match"}
[2026-08-16T06:09:16Z] Reading rendered DOM...
[2026-08-16T06:09:16Z] Executing extraction script for phase 4; length: 20701.
[2026-08-16T06:09:16Z] Script [extract] result prefix: {"schema_version":"1.3","section":"lineups","statistic_period":null,"source_url":"https://www.flashscore.com/match/football/freiburg-fiEQZ7C7/vfb-stuttgart-nJQmYp1B/summary/lineups/?mid=84YSRLMe","match_id":"84YSRLMe","collected_at_utc":"2026-08-16T06:09:16.913Z","page_title":"STU 5-0 FRE | Stuttgart v Freiburg 02/09/2023, Lineups - Flashscore.com | Match","competition":"WORLD CUP","status":"FINISHED","date_time":"02.09.2023 17:30","home_team":"Stuttgart","away_team":"Freiburg","score":{"home":"
[2026-08-16T06:09:16Z] Merged section: lineups
[2026-08-16T06:09:16Z] German Bundesliga 2023/2024: Player Stats are unavailable in the source profile.
[2026-08-16T06:09:17Z] Marked all Player Stats categories as not_available; collection continues.
[2026-08-16T06:09:17Z] Opening commentary...
[2026-08-16T06:09:17Z] Navigate: https://www.flashscore.com/match/football/freiburg-fiEQZ7C7/vfb-stuttgart-nJQmYp1B/summary/live-commentary/?mid=84YSRLMe
[2026-08-16T06:09:20Z] Page loaded. Waiting for statistics DOM...
[2026-08-16T06:09:21Z] Script [readiness] result prefix: {"body_text_length":10062,"ready":true,"row_count":192,"section":"commentary","title":"STU 5-0 FRE | Stuttgart v Freiburg 02/09/2023 | Football - Flashscore | Match"}
[2026-08-16T06:09:21Z] Reading rendered DOM...
[2026-08-16T06:09:21Z] Executing extraction script for phase 12; length: 11834.
[2026-08-16T06:09:21Z] Script [extract] result prefix: {"schema_version":"1.3","section":"commentary","statistic_period":null,"source_url":"https://www.flashscore.com/match/football/freiburg-fiEQZ7C7/vfb-stuttgart-nJQmYp1B/summary/live-commentary/all-comments/?mid=84YSRLMe","match_id":"84YSRLMe","collected_at_utc":"2026-08-16T06:09:21.645Z","page_title":"STU 5-0 FRE | Stuttgart v Freiburg 02/09/2023 | Football - Flashscore | Match","competition":"WORLD CUP","status":"FINISHED","date_time":"02.09.2023 17:30","home_team":"Stuttgart","away_team":"Freib
[2026-08-16T06:09:21Z] Merged section: commentary
[2026-08-16T06:09:21Z] Saving complete match JSON...
[2026-08-16T06:09:21Z] Player Stats category unavailable; status=not_available: top_stats
[2026-08-16T06:09:21Z] Player Stats category unavailable; status=not_available: shots
[2026-08-16T06:09:21Z] Player Stats category unavailable; status=not_available: attack
[2026-08-16T06:09:21Z] Player Stats category unavailable; status=not_available: passes
[2026-08-16T06:09:21Z] Player Stats category unavailable; status=not_available: defense
[2026-08-16T06:09:21Z] Player Stats category unavailable; status=not_available: goalkeeping
[2026-08-16T06:09:21Z] Player Stats category unavailable; status=not_available: general
[2026-08-16T06:09:21Z] Structured goals, cards and VAR events enriched.
[2026-08-16T06:09:21Z] Saved match JSON with 13 statistics: G:\Mirza\VSCode\FlashscoreFootballCollector_\Data\Matches\Bundesliga\2023_2024\2023-09-02_Stuttgart_vs_Freiburg_84YSRLMe.json
[2026-08-16T06:09:22Z] Finished: 2023-09-02_Stuttgart_vs_Freiburg_84YSRLMe.json
[2026-08-16T06:09:22Z] Opening overall statistics...
[2026-08-16T06:09:22Z] Navigate: https://www.flashscore.com/match/football/hoffenheim-hQAtP9Sl/wolfsburg-nwkTahLL/summary/stats/overall/?mid=fchhYNqS
[2026-08-16T06:09:24Z] Page loaded. Waiting for statistics DOM...
[2026-08-16T06:09:25Z] Script [readiness] result prefix: {"body_text_length":3264,"ready":true,"row_count":18,"section":"statistics_overall","title":"HOF 3-1 WOL | Hoffenheim v Wolfsburg 02/09/2023, Stats - Flashscore.com | Match"}
[2026-08-16T06:09:25Z] Reading rendered DOM...
[2026-08-16T06:09:25Z] Executing extraction script for phase 0; length: 5174.
[2026-08-16T06:09:25Z] Script [extract] result prefix: {"schema_version":"1.3","section":"statistics_overall","statistic_period":"overall","source_url":"https://www.flashscore.com/match/football/hoffenheim-hQAtP9Sl/wolfsburg-nwkTahLL/summary/stats/overall/?mid=fchhYNqS","match_id":"fchhYNqS","collected_at_utc":"2026-08-16T06:09:25.771Z","page_title":"HOF 3-1 WOL | Hoffenheim v Wolfsburg 02/09/2023, Stats - Flashscore.com | Match","competition":"WORLD CUP","status":"FINISHED","date_time":"02.09.2023 17:30","home_team":"Hoffenheim","away_team":"Wolfsb
[2026-08-16T06:09:25Z] Stored overall statistics: 13 rows.
[2026-08-16T06:09:25Z] Merged section: statistics_overall
[2026-08-16T06:09:25Z] Opening 1st half statistics...
[2026-08-16T06:09:25Z] Navigate: https://www.flashscore.com/match/football/hoffenheim-hQAtP9Sl/wolfsburg-nwkTahLL/summary/stats/1st-half/?mid=fchhYNqS
[2026-08-16T06:09:27Z] Page loaded. Waiting for statistics DOM...
[2026-08-16T06:09:29Z] Script [readiness] result prefix: {"body_text_length":3257,"ready":true,"row_count":18,"section":"statistics_first_half","title":"HOF 3-1 WOL | Hoffenheim v Wolfsburg 02/09/2023, Stats - Flashscore.com | Match"}
[2026-08-16T06:09:29Z] Reading rendered DOM...
[2026-08-16T06:09:29Z] Executing extraction script for phase 1; length: 5174.
[2026-08-16T06:09:29Z] Script [extract] result prefix: {"schema_version":"1.3","section":"statistics_first_half","statistic_period":"first_half","source_url":"https://www.flashscore.com/match/football/hoffenheim-hQAtP9Sl/wolfsburg-nwkTahLL/summary/stats/1st-half/?mid=fchhYNqS","match_id":"fchhYNqS","collected_at_utc":"2026-08-16T06:09:29.223Z","page_title":"HOF 3-1 WOL | Hoffenheim v Wolfsburg 02/09/2023, Stats - Flashscore.com | Match","competition":"WORLD CUP","status":"FINISHED","date_time":"02.09.2023 17:30","home_team":"Hoffenheim","away_team":
[2026-08-16T06:09:29Z] Stored first_half statistics: 13 rows.
[2026-08-16T06:09:29Z] Merged section: statistics_first_half
[2026-08-16T06:09:29Z] Opening 2nd half statistics...
[2026-08-16T06:09:29Z] Navigate: https://www.flashscore.com/match/football/hoffenheim-hQAtP9Sl/wolfsburg-nwkTahLL/summary/stats/2nd-half/?mid=fchhYNqS
[2026-08-16T06:09:31Z] Page loaded. Waiting for statistics DOM...
[2026-08-16T06:09:32Z] Script [readiness] result prefix: {"body_text_length":3254,"ready":true,"row_count":18,"section":"statistics_second_half","title":"HOF 3-1 WOL | Hoffenheim v Wolfsburg 02/09/2023, Stats - Flashscore.com | Match"}
[2026-08-16T06:09:32Z] Reading rendered DOM...
[2026-08-16T06:09:32Z] Executing extraction script for phase 2; length: 5174.
[2026-08-16T06:09:32Z] Script [extract] result prefix: {"schema_version":"1.3","section":"statistics_second_half","statistic_period":"second_half","source_url":"https://www.flashscore.com/match/football/hoffenheim-hQAtP9Sl/wolfsburg-nwkTahLL/summary/stats/2nd-half/?mid=fchhYNqS","match_id":"fchhYNqS","collected_at_utc":"2026-08-16T06:09:32.585Z","page_title":"HOF 3-1 WOL | Hoffenheim v Wolfsburg 02/09/2023, Stats - Flashscore.com | Match","competition":"WORLD CUP","status":"FINISHED","date_time":"02.09.2023 17:30","home_team":"Hoffenheim","away_team
[2026-08-16T06:09:32Z] Stored second_half statistics: 13 rows.
[2026-08-16T06:09:32Z] Merged section: statistics_second_half
[2026-08-16T06:09:32Z] Opening lineups...
[2026-08-16T06:09:32Z] Navigate: https://www.flashscore.com/match/football/hoffenheim-hQAtP9Sl/wolfsburg-nwkTahLL/summary/lineups/?mid=fchhYNqS
[2026-08-16T06:09:34Z] Page loaded. Waiting for statistics DOM...
[2026-08-16T06:09:36Z] Script [readiness] result prefix: {"body_text_length":4240,"ready":true,"row_count":114,"section":"lineups","title":"HOF 3-1 WOL | Hoffenheim v Wolfsburg 02/09/2023, Lineups - Flashscore.com | Match"}
[2026-08-16T06:09:36Z] Reading rendered DOM...
[2026-08-16T06:09:36Z] Executing extraction script for phase 4; length: 20701.
[2026-08-16T06:09:36Z] Script [extract] result prefix: {"schema_version":"1.3","section":"lineups","statistic_period":null,"source_url":"https://www.flashscore.com/match/football/hoffenheim-hQAtP9Sl/wolfsburg-nwkTahLL/summary/lineups/?mid=fchhYNqS","match_id":"fchhYNqS","collected_at_utc":"2026-08-16T06:09:36.216Z","page_title":"HOF 3-1 WOL | Hoffenheim v Wolfsburg 02/09/2023, Lineups - Flashscore.com | Match","competition":"WORLD CUP","status":"FINISHED","date_time":"02.09.2023 17:30","home_team":"Hoffenheim","away_team":"Wolfsburg","score":{"home"
[2026-08-16T06:09:36Z] Merged section: lineups
[2026-08-16T06:09:36Z] German Bundesliga 2023/2024: Player Stats are unavailable in the source profile.
[2026-08-16T06:09:36Z] Marked all Player Stats categories as not_available; collection continues.
[2026-08-16T06:09:36Z] Opening commentary...
[2026-08-16T06:09:36Z] Navigate: https://www.flashscore.com/match/football/hoffenheim-hQAtP9Sl/wolfsburg-nwkTahLL/summary/live-commentary/?mid=fchhYNqS
[2026-08-16T06:09:39Z] Page loaded. Waiting for statistics DOM...
[2026-08-16T06:09:40Z] Script [readiness] result prefix: {"body_text_length":10214,"ready":true,"row_count":182,"section":"commentary","title":"HOF 3-1 WOL | Hoffenheim v Wolfsburg 02/09/2023 | Football - Flashscore | Match"}
[2026-08-16T06:09:40Z] Reading rendered DOM...
[2026-08-16T06:09:40Z] Executing extraction script for phase 12; length: 11834.
[2026-08-16T06:09:40Z] Script [extract] result prefix: {"schema_version":"1.3","section":"commentary","statistic_period":null,"source_url":"https://www.flashscore.com/match/football/hoffenheim-hQAtP9Sl/wolfsburg-nwkTahLL/summary/live-commentary/all-comments/?mid=fchhYNqS","match_id":"fchhYNqS","collected_at_utc":"2026-08-16T06:09:40.963Z","page_title":"HOF 3-1 WOL | Hoffenheim v Wolfsburg 02/09/2023 | Football - Flashscore | Match","competition":"WORLD CUP","status":"FINISHED","date_time":"02.09.2023 17:30","home_team":"Hoffenheim","away_team":"Wolf
[2026-08-16T06:09:40Z] Merged section: commentary
[2026-08-16T06:09:41Z] Saving complete match JSON...
[2026-08-16T06:09:41Z] Player Stats category unavailable; status=not_available: top_stats
[2026-08-16T06:09:41Z] Player Stats category unavailable; status=not_available: shots
[2026-08-16T06:09:41Z] Player Stats category unavailable; status=not_available: attack
[2026-08-16T06:09:41Z] Player Stats category unavailable; status=not_available: passes
[2026-08-16T06:09:41Z] Player Stats category unavailable; status=not_available: defense
[2026-08-16T06:09:41Z] Player Stats category unavailable; status=not_available: goalkeeping
[2026-08-16T06:09:41Z] Player Stats category unavailable; status=not_available: general
[2026-08-16T06:09:41Z] Structured goals, cards and VAR events enriched.
[2026-08-16T06:09:41Z] Saved match JSON with 13 statistics: G:\Mirza\VSCode\FlashscoreFootballCollector_\Data\Matches\Bundesliga\2023_2024\2023-09-02_Hoffenheim_vs_Wolfsburg_fchhYNqS.json
[2026-08-16T06:09:41Z] Finished: 2023-09-02_Hoffenheim_vs_Wolfsburg_fchhYNqS.json
[2026-08-16T06:09:41Z] Opening overall statistics...
[2026-08-16T06:09:41Z] Navigate: https://www.flashscore.com/match/football/bayer-leverkusen-4jcj2zMd/darmstadt-S0hPB9rA/summary/stats/overall/?mid=8tjtyQa9
[2026-08-16T06:09:44Z] Page loaded. Waiting for statistics DOM...
[2026-08-16T06:09:46Z] Script [readiness] result prefix: {"body_text_length":3294,"ready":true,"row_count":18,"section":"statistics_overall","title":"LEV 5-1 DAR | Bayer Leverkusen v Darmstadt 02/09/2023, Stats - Flashscore.com | Match"}
[2026-08-16T06:09:46Z] Reading rendered DOM...
[2026-08-16T06:09:46Z] Executing extraction script for phase 0; length: 5174.
[2026-08-16T06:09:46Z] Script [extract] result prefix: {"schema_version":"1.3","section":"statistics_overall","statistic_period":"overall","source_url":"https://www.flashscore.com/match/football/bayer-leverkusen-4jcj2zMd/darmstadt-S0hPB9rA/summary/stats/overall/?mid=8tjtyQa9","match_id":"8tjtyQa9","collected_at_utc":"2026-08-16T06:09:46.137Z","page_title":"LEV 5-1 DAR | Bayer Leverkusen v Darmstadt 02/09/2023, Stats - Flashscore.com | Match","competition":"WORLD CUP","status":"FINISHED","date_time":"02.09.2023 17:30","home_team":"Bayer Leverkusen","
[2026-08-16T06:09:46Z] Stored overall statistics: 13 rows.
[2026-08-16T06:09:46Z] Merged section: statistics_overall
[2026-08-16T06:09:46Z] Opening 1st half statistics...
[2026-08-16T06:09:46Z] Navigate: https://www.flashscore.com/match/football/bayer-leverkusen-4jcj2zMd/darmstadt-S0hPB9rA/summary/stats/1st-half/?mid=8tjtyQa9
[2026-08-16T06:09:48Z] Page loaded. Waiting for statistics DOM...
[2026-08-16T06:09:49Z] Script [readiness] result prefix: {"body_text_length":3285,"ready":true,"row_count":18,"section":"statistics_first_half","title":"LEV 5-1 DAR | Bayer Leverkusen v Darmstadt 02/09/2023, Stats - Flashscore.com | Match"}
[2026-08-16T06:09:50Z] Reading rendered DOM...
[2026-08-16T06:09:50Z] Executing extraction script for phase 1; length: 5174.
[2026-08-16T06:09:50Z] Script [extract] result prefix: {"schema_version":"1.3","section":"statistics_first_half","statistic_period":"first_half","source_url":"https://www.flashscore.com/match/football/bayer-leverkusen-4jcj2zMd/darmstadt-S0hPB9rA/summary/stats/1st-half/?mid=8tjtyQa9","match_id":"8tjtyQa9","collected_at_utc":"2026-08-16T06:09:50.066Z","page_title":"LEV 5-1 DAR | Bayer Leverkusen v Darmstadt 02/09/2023, Stats - Flashscore.com | Match","competition":"WORLD CUP","status":"FINISHED","date_time":"02.09.2023 17:30","home_team":"Bayer Leverk
[2026-08-16T06:09:50Z] Stored first_half statistics: 13 rows.
[2026-08-16T06:09:50Z] Merged section: statistics_first_half
[2026-08-16T06:09:50Z] Opening 2nd half statistics...
[2026-08-16T06:09:50Z] Navigate: https://www.flashscore.com/match/football/bayer-leverkusen-4jcj2zMd/darmstadt-S0hPB9rA/summary/stats/2nd-half/?mid=8tjtyQa9
[2026-08-16T06:09:53Z] Page loaded. Waiting for statistics DOM...
[2026-08-16T06:09:54Z] Script [readiness] result prefix: {"body_text_length":3288,"ready":true,"row_count":18,"section":"statistics_second_half","title":"LEV 5-1 DAR | Bayer Leverkusen v Darmstadt 02/09/2023, Stats - Flashscore.com | Match"}
[2026-08-16T06:09:54Z] Reading rendered DOM...
[2026-08-16T06:09:54Z] Executing extraction script for phase 2; length: 5174.
[2026-08-16T06:09:54Z] Script [extract] result prefix: {"schema_version":"1.3","section":"statistics_second_half","statistic_period":"second_half","source_url":"https://www.flashscore.com/match/football/bayer-leverkusen-4jcj2zMd/darmstadt-S0hPB9rA/summary/stats/2nd-half/?mid=8tjtyQa9","match_id":"8tjtyQa9","collected_at_utc":"2026-08-16T06:09:54.882Z","page_title":"LEV 5-1 DAR | Bayer Leverkusen v Darmstadt 02/09/2023, Stats - Flashscore.com | Match","competition":"WORLD CUP","status":"FINISHED","date_time":"02.09.2023 17:30","home_team":"Bayer Leve
[2026-08-16T06:09:54Z] Stored second_half statistics: 13 rows.
[2026-08-16T06:09:54Z] Merged section: statistics_second_half
[2026-08-16T06:09:55Z] Opening lineups...
[2026-08-16T06:09:55Z] Navigate: https://www.flashscore.com/match/football/bayer-leverkusen-4jcj2zMd/darmstadt-S0hPB9rA/summary/lineups/?mid=8tjtyQa9
[2026-08-16T06:09:57Z] Page loaded. Waiting for statistics DOM...
[2026-08-16T06:09:58Z] Script [readiness] result prefix: {"body_text_length":4324,"ready":true,"row_count":114,"section":"lineups","title":"LEV 5-1 DAR | Bayer Leverkusen v Darmstadt 02/09/2023, Lineups - Flashscore.com | Match"}
[2026-08-16T06:09:58Z] Reading rendered DOM...
[2026-08-16T06:09:58Z] Executing extraction script for phase 4; length: 20701.
[2026-08-16T06:09:58Z] Script [extract] result prefix: {"schema_version":"1.3","section":"lineups","statistic_period":null,"source_url":"https://www.flashscore.com/match/football/bayer-leverkusen-4jcj2zMd/darmstadt-S0hPB9rA/summary/lineups/?mid=8tjtyQa9","match_id":"8tjtyQa9","collected_at_utc":"2026-08-16T06:09:58.654Z","page_title":"LEV 5-1 DAR | Bayer Leverkusen v Darmstadt 02/09/2023, Lineups - Flashscore.com | Match","competition":"WORLD CUP","status":"FINISHED","date_time":"02.09.2023 17:30","home_team":"Bayer Leverkusen","away_team":"Darmstad
[2026-08-16T06:09:58Z] Merged section: lineups
[2026-08-16T06:09:58Z] German Bundesliga 2023/2024: Player Stats are unavailable in the source profile.
[2026-08-16T06:09:58Z] Marked all Player Stats categories as not_available; collection continues.
[2026-08-16T06:09:58Z] Opening commentary...
[2026-08-16T06:09:58Z] Navigate: https://www.flashscore.com/match/football/bayer-leverkusen-4jcj2zMd/darmstadt-S0hPB9rA/summary/live-commentary/?mid=8tjtyQa9
[2026-08-16T06:10:01Z] Page loaded. Waiting for statistics DOM...
[2026-08-16T06:10:02Z] Script [readiness] result prefix: {"body_text_length":10739,"ready":true,"row_count":199,"section":"commentary","title":"LEV 5-1 DAR | Bayer Leverkusen v Darmstadt 02/09/2023 | Football - Flashscore | Match"}
[2026-08-16T06:10:02Z] Reading rendered DOM...
[2026-08-16T06:10:02Z] Executing extraction script for phase 12; length: 11834.
[2026-08-16T06:10:02Z] Script [extract] result prefix: {"schema_version":"1.3","section":"commentary","statistic_period":null,"source_url":"https://www.flashscore.com/match/football/bayer-leverkusen-4jcj2zMd/darmstadt-S0hPB9rA/summary/live-commentary/all-comments/?mid=8tjtyQa9","match_id":"8tjtyQa9","collected_at_utc":"2026-08-16T06:10:02.763Z","page_title":"LEV 5-1 DAR | Bayer Leverkusen v Darmstadt 02/09/2023 | Football - Flashscore | Match","competition":"WORLD CUP","status":"FINISHED","date_time":"02.09.2023 17:30","home_team":"Bayer Leverkusen"
[2026-08-16T06:10:02Z] Merged section: commentary
[2026-08-16T06:10:02Z] Saving complete match JSON...
[2026-08-16T06:10:02Z] Player Stats category unavailable; status=not_available: top_stats
[2026-08-16T06:10:02Z] Player Stats category unavailable; status=not_available: shots
[2026-08-16T06:10:02Z] Player Stats category unavailable; status=not_available: attack
[2026-08-16T06:10:02Z] Player Stats category unavailable; status=not_available: passes
[2026-08-16T06:10:02Z] Player Stats category unavailable; status=not_available: defense
[2026-08-16T06:10:02Z] Player Stats category unavailable; status=not_available: goalkeeping
[2026-08-16T06:10:03Z] Player Stats category unavailable; status=not_available: general
[2026-08-16T06:10:03Z] Structured goals, cards and VAR events enriched.
[2026-08-16T06:10:03Z] Saved match JSON with 13 statistics: G:\Mirza\VSCode\FlashscoreFootballCollector_\Data\Matches\Bundesliga\2023_2024\2023-09-02_Bayer_Leverkusen_vs_Darmstadt_8tjtyQa9.json
[2026-08-16T06:10:03Z] Finished: 2023-09-02_Bayer_Leverkusen_vs_Darmstadt_8tjtyQa9.json
[2026-08-16T06:10:03Z] Opening overall statistics...
[2026-08-16T06:10:03Z] Navigate: https://www.flashscore.com/match/football/augsburg-fTVNku3I/bochum-8Y2m6ADe/summary/stats/overall/?mid=vVTOS17k
[2026-08-16T06:10:06Z] Page loaded. Waiting for statistics DOM...
[2026-08-16T06:10:07Z] Script [readiness] result prefix: {"body_text_length":3240,"ready":true,"row_count":18,"section":"statistics_overall","title":"AUG 2-2 BOC | Augsburg v Bochum 02/09/2023, Stats - Flashscore.com | Match"}
[2026-08-16T06:10:07Z] Reading rendered DOM...
[2026-08-16T06:10:07Z] Executing extraction script for phase 0; length: 5174.
[2026-08-16T06:10:08Z] Script [extract] result prefix: {"schema_version":"1.3","section":"statistics_overall","statistic_period":"overall","source_url":"https://www.flashscore.com/match/football/augsburg-fTVNku3I/bochum-8Y2m6ADe/summary/stats/overall/?mid=vVTOS17k","match_id":"vVTOS17k","collected_at_utc":"2026-08-16T06:10:08.017Z","page_title":"AUG 2-2 BOC | Augsburg v Bochum 02/09/2023, Stats - Flashscore.com | Match","competition":"WORLD CUP","status":"FINISHED","date_time":"02.09.2023 17:30","home_team":"Augsburg","away_team":"Bochum","score":{"
[2026-08-16T06:10:08Z] Stored overall statistics: 13 rows.
[2026-08-16T06:10:08Z] Merged section: statistics_overall
[2026-08-16T06:10:08Z] Opening 1st half statistics...
[2026-08-16T06:10:08Z] Navigate: https://www.flashscore.com/match/football/augsburg-fTVNku3I/bochum-8Y2m6ADe/summary/stats/1st-half/?mid=vVTOS17k
[2026-08-16T06:10:09Z] Page loaded. Waiting for statistics DOM...
[2026-08-16T06:10:11Z] Script [readiness] result prefix: {"body_text_length":3229,"ready":true,"row_count":18,"section":"statistics_first_half","title":"AUG 2-2 BOC | Augsburg v Bochum 02/09/2023, Stats - Flashscore.com | Match"}
[2026-08-16T06:10:11Z] Reading rendered DOM...
[2026-08-16T06:10:11Z] Executing extraction script for phase 1; length: 5174.
[2026-08-16T06:10:11Z] Script [extract] result prefix: {"schema_version":"1.3","section":"statistics_first_half","statistic_period":"first_half","source_url":"https://www.flashscore.com/match/football/augsburg-fTVNku3I/bochum-8Y2m6ADe/summary/stats/1st-half/?mid=vVTOS17k","match_id":"vVTOS17k","collected_at_utc":"2026-08-16T06:10:11.527Z","page_title":"AUG 2-2 BOC | Augsburg v Bochum 02/09/2023, Stats - Flashscore.com | Match","competition":"WORLD CUP","status":"FINISHED","date_time":"02.09.2023 17:30","home_team":"Augsburg","away_team":"Bochum","sc
[2026-08-16T06:10:11Z] Stored first_half statistics: 13 rows.
[2026-08-16T06:10:11Z] Merged section: statistics_first_half
[2026-08-16T06:10:11Z] Opening 2nd half statistics...
[2026-08-16T06:10:11Z] Navigate: https://www.flashscore.com/match/football/augsburg-fTVNku3I/bochum-8Y2m6ADe/summary/stats/2nd-half/?mid=vVTOS17k
[2026-08-16T06:10:13Z] Page loaded. Waiting for statistics DOM...
[2026-08-16T06:10:15Z] Script [readiness] result prefix: {"body_text_length":3231,"ready":true,"row_count":18,"section":"statistics_second_half","title":"AUG 2-2 BOC | Augsburg v Bochum 02/09/2023, Stats - Flashscore.com | Match"}
[2026-08-16T06:10:15Z] Reading rendered DOM...
[2026-08-16T06:10:15Z] Executing extraction script for phase 2; length: 5174.
[2026-08-16T06:10:15Z] Script [extract] result prefix: {"schema_version":"1.3","section":"statistics_second_half","statistic_period":"second_half","source_url":"https://www.flashscore.com/match/football/augsburg-fTVNku3I/bochum-8Y2m6ADe/summary/stats/2nd-half/?mid=vVTOS17k","match_id":"vVTOS17k","collected_at_utc":"2026-08-16T06:10:15.209Z","page_title":"AUG 2-2 BOC | Augsburg v Bochum 02/09/2023, Stats - Flashscore.com | Match","competition":"WORLD CUP","status":"FINISHED","date_time":"02.09.2023 17:30","home_team":"Augsburg","away_team":"Bochum","
[2026-08-16T06:10:15Z] Stored second_half statistics: 13 rows.
[2026-08-16T06:10:15Z] Merged section: statistics_second_half
[2026-08-16T06:10:15Z] Opening lineups...
[2026-08-16T06:10:15Z] Navigate: https://www.flashscore.com/match/football/augsburg-fTVNku3I/bochum-8Y2m6ADe/summary/lineups/?mid=vVTOS17k
[2026-08-16T06:10:18Z] Page loaded. Waiting for statistics DOM...
[2026-08-16T06:10:19Z] Script [readiness] result prefix: {"body_text_length":4275,"ready":true,"row_count":116,"section":"lineups","title":"AUG 2-2 BOC | Augsburg v Bochum 02/09/2023, Lineups - Flashscore.com | Match"}
[2026-08-16T06:10:19Z] Reading rendered DOM...
[2026-08-16T06:10:19Z] Executing extraction script for phase 4; length: 20701.
[2026-08-16T06:10:19Z] Script [extract] result prefix: {"schema_version":"1.3","section":"lineups","statistic_period":null,"source_url":"https://www.flashscore.com/match/football/augsburg-fTVNku3I/bochum-8Y2m6ADe/summary/lineups/?mid=vVTOS17k","match_id":"vVTOS17k","collected_at_utc":"2026-08-16T06:10:19.850Z","page_title":"AUG 2-2 BOC | Augsburg v Bochum 02/09/2023, Lineups - Flashscore.com | Match","competition":"WORLD CUP","status":"FINISHED","date_time":"02.09.2023 17:30","home_team":"Augsburg","away_team":"Bochum","score":{"home":"2","away":"2"
[2026-08-16T06:10:19Z] Merged section: lineups
[2026-08-16T06:10:19Z] German Bundesliga 2023/2024: Player Stats are unavailable in the source profile.
[2026-08-16T06:10:19Z] Marked all Player Stats categories as not_available; collection continues.
[2026-08-16T06:10:19Z] Opening commentary...
[2026-08-16T06:10:20Z] Navigate: https://www.flashscore.com/match/football/augsburg-fTVNku3I/bochum-8Y2m6ADe/summary/live-commentary/?mid=vVTOS17k
[2026-08-16T06:10:22Z] Page loaded. Waiting for statistics DOM...
[2026-08-16T06:10:24Z] Script [readiness] result prefix: {"body_text_length":11493,"ready":true,"row_count":225,"section":"commentary","title":"AUG 2-2 BOC | Augsburg v Bochum 02/09/2023 | Football - Flashscore | Match"}
[2026-08-16T06:10:24Z] Reading rendered DOM...
[2026-08-16T06:10:24Z] Executing extraction script for phase 12; length: 11834.
[2026-08-16T06:10:24Z] Script [extract] result prefix: {"schema_version":"1.3","section":"commentary","statistic_period":null,"source_url":"https://www.flashscore.com/match/football/augsburg-fTVNku3I/bochum-8Y2m6ADe/summary/live-commentary/all-comments/?mid=vVTOS17k","match_id":"vVTOS17k","collected_at_utc":"2026-08-16T06:10:24.093Z","page_title":"AUG 2-2 BOC | Augsburg v Bochum 02/09/2023 | Football - Flashscore | Match","competition":"WORLD CUP","status":"FINISHED","date_time":"02.09.2023 17:30","home_team":"Augsburg","away_team":"Bochum","score":
[2026-08-16T06:10:24Z] Merged section: commentary
[2026-08-16T06:10:24Z] Saving complete match JSON...
[2026-08-16T06:10:24Z] Player Stats category unavailable; status=not_available: top_stats
[2026-08-16T06:10:24Z] Player Stats category unavailable; status=not_available: shots
[2026-08-16T06:10:24Z] Player Stats category unavailable; status=not_available: attack
[2026-08-16T06:10:24Z] Player Stats category unavailable; status=not_available: passes
[2026-08-16T06:10:24Z] Player Stats category unavailable; status=not_available: defense
[2026-08-16T06:10:24Z] Player Stats category unavailable; status=not_available: goalkeeping
[2026-08-16T06:10:24Z] Player Stats category unavailable; status=not_available: general
[2026-08-16T06:10:24Z] Structured goals, cards and VAR events enriched.
[2026-08-16T06:10:24Z] Saved match JSON with 13 statistics: G:\Mirza\VSCode\FlashscoreFootballCollector_\Data\Matches\Bundesliga\2023_2024\2023-09-02_Augsburg_vs_Bochum_vVTOS17k.json
[2026-08-16T06:10:24Z] Finished: 2023-09-02_Augsburg_vs_Bochum_vVTOS17k.json
[2026-08-16T06:10:24Z] Opening overall statistics...
[2026-08-16T06:10:24Z] Navigate: https://www.flashscore.com/match/football/b-monchengladbach-88HSzjDr/bayern-munich-nVp0wiqd/summary/stats/overall/?mid=tfllZ3UL
[2026-08-16T06:10:27Z] Page loaded. Waiting for statistics DOM...
[2026-08-16T06:10:29Z] Script [readiness] result prefix: {"body_text_length":3328,"ready":true,"row_count":18,"section":"statistics_overall","title":"MON 1-2 BAY | B. Monchengladbach v Bayern Munich 02/09/2023, Stats - Flashscore.com | Match"}
[2026-08-16T06:10:29Z] Reading rendered DOM...
[2026-08-16T06:10:29Z] Executing extraction script for phase 0; length: 5174.
[2026-08-16T06:10:29Z] Script [extract] result prefix: {"schema_version":"1.3","section":"statistics_overall","statistic_period":"overall","source_url":"https://www.flashscore.com/match/football/b-monchengladbach-88HSzjDr/bayern-munich-nVp0wiqd/summary/stats/overall/?mid=tfllZ3UL","match_id":"tfllZ3UL","collected_at_utc":"2026-08-16T06:10:29.368Z","page_title":"MON 1-2 BAY | B. Monchengladbach v Bayern Munich 02/09/2023, Stats - Flashscore.com | Match","competition":"WORLD CUP","status":"FINISHED","date_time":"02.09.2023 20:30","home_team":"B. Monch
[2026-08-16T06:10:29Z] Stored overall statistics: 13 rows.
[2026-08-16T06:10:29Z] Merged section: statistics_overall
[2026-08-16T06:10:29Z] Opening 1st half statistics...
[2026-08-16T06:10:29Z] Navigate: https://www.flashscore.com/match/football/b-monchengladbach-88HSzjDr/bayern-munich-nVp0wiqd/summary/stats/1st-half/?mid=tfllZ3UL
[2026-08-16T06:10:33Z] Page loaded. Waiting for statistics DOM...
[2026-08-16T06:10:34Z] Script [readiness] result prefix: {"body_text_length":3299,"ready":true,"row_count":18,"section":"statistics_first_half","title":"MON 1-2 BAY | B. Monchengladbach v Bayern Munich 02/09/2023, Stats - Flashscore.com | Match"}
[2026-08-16T06:10:34Z] Reading rendered DOM...
[2026-08-16T06:10:35Z] Executing extraction script for phase 1; length: 5174.
[2026-08-16T06:10:35Z] Script [extract] result prefix: {"schema_version":"1.3","section":"statistics_first_half","statistic_period":"first_half","source_url":"https://www.flashscore.com/match/football/b-monchengladbach-88HSzjDr/bayern-munich-nVp0wiqd/summary/stats/1st-half/?mid=tfllZ3UL","match_id":"tfllZ3UL","collected_at_utc":"2026-08-16T06:10:35.259Z","page_title":"MON 1-2 BAY | B. Monchengladbach v Bayern Munich 02/09/2023, Stats - Flashscore.com | Match","competition":"WORLD CUP","status":"FINISHED","date_time":"02.09.2023 20:30","home_team":"B
[2026-08-16T06:10:35Z] Stored first_half statistics: 13 rows.
[2026-08-16T06:10:35Z] Merged section: statistics_first_half
[2026-08-16T06:10:35Z] Opening 2nd half statistics...
[2026-08-16T06:10:36Z] Navigate: https://www.flashscore.com/match/football/b-monchengladbach-88HSzjDr/bayern-munich-nVp0wiqd/summary/stats/2nd-half/?mid=tfllZ3UL
[2026-08-16T06:10:42Z] Page loaded. Waiting for statistics DOM...
[2026-08-16T06:10:43Z] Script [readiness] result prefix: {"body_text_length":3326,"ready":true,"row_count":18,"section":"statistics_second_half","title":"MON 1-2 BAY | B. Monchengladbach v Bayern Munich 02/09/2023, Stats - Flashscore.com | Match"}
[2026-08-16T06:10:43Z] Reading rendered DOM...
[2026-08-16T06:10:43Z] Executing extraction script for phase 2; length: 5174.
[2026-08-16T06:10:43Z] Script [extract] result prefix: {"schema_version":"1.3","section":"statistics_second_half","statistic_period":"second_half","source_url":"https://www.flashscore.com/match/football/b-monchengladbach-88HSzjDr/bayern-munich-nVp0wiqd/summary/stats/2nd-half/?mid=tfllZ3UL","match_id":"tfllZ3UL","collected_at_utc":"2026-08-16T06:10:43.680Z","page_title":"MON 1-2 BAY | B. Monchengladbach v Bayern Munich 02/09/2023, Stats - Flashscore.com | Match","competition":"WORLD CUP","status":"FINISHED","date_time":"02.09.2023 20:30","home_team":
[2026-08-16T06:10:43Z] Stored second_half statistics: 13 rows.
[2026-08-16T06:10:44Z] Merged section: statistics_second_half
[2026-08-16T06:10:44Z] Opening lineups...
[2026-08-16T06:10:44Z] Navigate: https://www.flashscore.com/match/football/b-monchengladbach-88HSzjDr/bayern-munich-nVp0wiqd/summary/lineups/?mid=tfllZ3UL
[2026-08-16T06:10:48Z] Page loaded. Waiting for statistics DOM...
[2026-08-16T06:10:49Z] Script [readiness] result prefix: {"body_text_length":4378,"ready":true,"row_count":118,"section":"lineups","title":"MON 1-2 BAY | B. Monchengladbach v Bayern Munich 02/09/2023, Lineups - Flashscore.com | Match"}
[2026-08-16T06:10:49Z] Reading rendered DOM...
[2026-08-16T06:10:49Z] Executing extraction script for phase 4; length: 20701.
[2026-08-16T06:10:49Z] Script [extract] result prefix: {"schema_version":"1.3","section":"lineups","statistic_period":null,"source_url":"https://www.flashscore.com/match/football/b-monchengladbach-88HSzjDr/bayern-munich-nVp0wiqd/summary/lineups/?mid=tfllZ3UL","match_id":"tfllZ3UL","collected_at_utc":"2026-08-16T06:10:49.799Z","page_title":"MON 1-2 BAY | B. Monchengladbach v Bayern Munich 02/09/2023, Lineups - Flashscore.com | Match","competition":"WORLD CUP","status":"FINISHED","date_time":"02.09.2023 20:30","home_team":"B. Monchengladbach","away_te
[2026-08-16T06:10:49Z] Merged section: lineups
[2026-08-16T06:10:49Z] German Bundesliga 2023/2024: Player Stats are unavailable in the source profile.
[2026-08-16T06:10:49Z] Marked all Player Stats categories as not_available; collection continues.
[2026-08-16T06:10:50Z] Opening commentary...
[2026-08-16T06:10:50Z] Navigate: https://www.flashscore.com/match/football/b-monchengladbach-88HSzjDr/bayern-munich-nVp0wiqd/summary/live-commentary/?mid=tfllZ3UL
[2026-08-16T06:10:51Z] Page loaded. Waiting for statistics DOM...
[2026-08-16T06:10:53Z] Script [readiness] result prefix: {"body_text_length":14629,"ready":true,"row_count":242,"section":"commentary","title":"MON 1-2 BAY | B. Monchengladbach v Bayern Munich 02/09/2023 | Football - Flashscore | Match"}
[2026-08-16T06:10:53Z] Reading rendered DOM...
[2026-08-16T06:10:53Z] Executing extraction script for phase 12; length: 11834.
[2026-08-16T06:10:53Z] Script [extract] result prefix: {"schema_version":"1.3","section":"commentary","statistic_period":null,"source_url":"https://www.flashscore.com/match/football/b-monchengladbach-88HSzjDr/bayern-munich-nVp0wiqd/summary/live-commentary/all-comments/?mid=tfllZ3UL","match_id":"tfllZ3UL","collected_at_utc":"2026-08-16T06:10:53.543Z","page_title":"MON 1-2 BAY | B. Monchengladbach v Bayern Munich 02/09/2023 | Football - Flashscore | Match","competition":"WORLD CUP","status":"FINISHED","date_time":"02.09.2023 20:30","home_team":"B. Mon
[2026-08-16T06:10:53Z] Merged section: commentary
[2026-08-16T06:10:53Z] Saving complete match JSON...
[2026-08-16T06:10:53Z] Player Stats category unavailable; status=not_available: top_stats
[2026-08-16T06:10:53Z] Player Stats category unavailable; status=not_available: shots
[2026-08-16T06:10:53Z] Player Stats category unavailable; status=not_available: attack
[2026-08-16T06:10:53Z] Player Stats category unavailable; status=not_available: passes
[2026-08-16T06:10:53Z] Player Stats category unavailable; status=not_available: defense
[2026-08-16T06:10:53Z] Player Stats category unavailable; status=not_available: goalkeeping
[2026-08-16T06:10:53Z] Player Stats category unavailable; status=not_available: general
[2026-08-16T06:10:53Z] Structured goals, cards and VAR events enriched.
[2026-08-16T06:10:54Z] Saved match JSON with 13 statistics: G:\Mirza\VSCode\FlashscoreFootballCollector_\Data\Matches\Bundesliga\2023_2024\2023-09-02_B._Monchengladbach_vs_Bayern_Munich_tfllZ3UL.json
[2026-08-16T06:10:54Z] Finished: 2023-09-02_B._Monchengladbach_vs_Bayern_Munich_tfllZ3UL.json
[2026-08-16T06:10:54Z] Opening overall statistics...
[2026-08-16T06:10:54Z] Navigate: https://www.flashscore.com/match/football/1-fc-koln-WG9pOTse/eintracht-frankfurt-8vndvXTk/summary/stats/overall/?mid=nXlpzpFF
[2026-08-16T06:10:55Z] Page loaded. Waiting for statistics DOM...
[2026-08-16T06:10:57Z] Script [readiness] result prefix: {"body_text_length":3298,"ready":true,"row_count":18,"section":"statistics_overall","title":"EIN 1-1 KOL | Eintracht Frankfurt v FC Koln 03/09/2023, Stats - Flashscore.com | Match"}
[2026-08-16T06:10:57Z] Reading rendered DOM...
[2026-08-16T06:10:57Z] Executing extraction script for phase 0; length: 5174.
[2026-08-16T06:10:57Z] Script [extract] result prefix: {"schema_version":"1.3","section":"statistics_overall","statistic_period":"overall","source_url":"https://www.flashscore.com/match/football/1-fc-koln-WG9pOTse/eintracht-frankfurt-8vndvXTk/summary/stats/overall/?mid=nXlpzpFF","match_id":"nXlpzpFF","collected_at_utc":"2026-08-16T06:10:57.576Z","page_title":"EIN 1-1 KOL | Eintracht Frankfurt v FC Koln 03/09/2023, Stats - Flashscore.com | Match","competition":"WORLD CUP","status":"FINISHED","date_time":"03.09.2023 17:30","home_team":"Eintracht Frank
[2026-08-16T06:10:57Z] Stored overall statistics: 13 rows.
[2026-08-16T06:10:57Z] Merged section: statistics_overall
[2026-08-16T06:10:57Z] Opening 1st half statistics...
[2026-08-16T06:10:57Z] Navigate: https://www.flashscore.com/match/football/1-fc-koln-WG9pOTse/eintracht-frankfurt-8vndvXTk/summary/stats/1st-half/?mid=nXlpzpFF
[2026-08-16T06:11:01Z] Page loaded. Waiting for statistics DOM...
[2026-08-16T06:11:02Z] Script [readiness] result prefix: {"body_text_length":3291,"ready":true,"row_count":18,"section":"statistics_first_half","title":"EIN 1-1 KOL | Eintracht Frankfurt v FC Koln 03/09/2023, Stats - Flashscore.com | Match"}
[2026-08-16T06:11:02Z] Reading rendered DOM...
[2026-08-16T06:11:02Z] Executing extraction script for phase 1; length: 5174.
[2026-08-16T06:11:02Z] Script [extract] result prefix: {"schema_version":"1.3","section":"statistics_first_half","statistic_period":"first_half","source_url":"https://www.flashscore.com/match/football/1-fc-koln-WG9pOTse/eintracht-frankfurt-8vndvXTk/summary/stats/1st-half/?mid=nXlpzpFF","match_id":"nXlpzpFF","collected_at_utc":"2026-08-16T06:11:02.615Z","page_title":"EIN 1-1 KOL | Eintracht Frankfurt v FC Koln 03/09/2023, Stats - Flashscore.com | Match","competition":"WORLD CUP","status":"FINISHED","date_time":"03.09.2023 17:30","home_team":"Eintrach
[2026-08-16T06:11:02Z] Stored first_half statistics: 13 rows.
[2026-08-16T06:11:02Z] Merged section: statistics_first_half
[2026-08-16T06:11:02Z] Opening 2nd half statistics...
[2026-08-16T06:11:02Z] Navigate: https://www.flashscore.com/match/football/1-fc-koln-WG9pOTse/eintracht-frankfurt-8vndvXTk/summary/stats/2nd-half/?mid=nXlpzpFF
[2026-08-16T06:11:05Z] Page loaded. Waiting for statistics DOM...
[2026-08-16T06:11:06Z] Script [readiness] result prefix: {"body_text_length":3288,"ready":true,"row_count":18,"section":"statistics_second_half","title":"EIN 1-1 KOL | Eintracht Frankfurt v FC Koln 03/09/2023, Stats - Flashscore.com | Match"}
[2026-08-16T06:11:06Z] Reading rendered DOM...
[2026-08-16T06:11:06Z] Executing extraction script for phase 2; length: 5174.
[2026-08-16T06:11:07Z] Script [extract] result prefix: {"schema_version":"1.3","section":"statistics_second_half","statistic_period":"second_half","source_url":"https://www.flashscore.com/match/football/1-fc-koln-WG9pOTse/eintracht-frankfurt-8vndvXTk/summary/stats/2nd-half/?mid=nXlpzpFF","match_id":"nXlpzpFF","collected_at_utc":"2026-08-16T06:11:06.978Z","page_title":"EIN 1-1 KOL | Eintracht Frankfurt v FC Koln 03/09/2023, Stats - Flashscore.com | Match","competition":"WORLD CUP","status":"FINISHED","date_time":"03.09.2023 17:30","home_team":"Eintra
[2026-08-16T06:11:07Z] Stored second_half statistics: 13 rows.
[2026-08-16T06:11:07Z] Merged section: statistics_second_half
[2026-08-16T06:11:07Z] Opening lineups...
[2026-08-16T06:11:07Z] Navigate: https://www.flashscore.com/match/football/1-fc-koln-WG9pOTse/eintracht-frankfurt-8vndvXTk/summary/lineups/?mid=nXlpzpFF
[2026-08-16T06:11:08Z] Page loaded. Waiting for statistics DOM...
[2026-08-16T06:11:10Z] Script [readiness] result prefix: {"body_text_length":4044,"ready":true,"row_count":108,"section":"lineups","title":"EIN 1-1 KOL | Eintracht Frankfurt v FC Koln 03/09/2023, Lineups - Flashscore.com | Match"}
[2026-08-16T06:11:10Z] Reading rendered DOM...
[2026-08-16T06:11:10Z] Executing extraction script for phase 4; length: 20701.
[2026-08-16T06:11:10Z] Script [extract] result prefix: {"schema_version":"1.3","section":"lineups","statistic_period":null,"source_url":"https://www.flashscore.com/match/football/1-fc-koln-WG9pOTse/eintracht-frankfurt-8vndvXTk/summary/lineups/?mid=nXlpzpFF","match_id":"nXlpzpFF","collected_at_utc":"2026-08-16T06:11:10.388Z","page_title":"EIN 1-1 KOL | Eintracht Frankfurt v FC Koln 03/09/2023, Lineups - Flashscore.com | Match","competition":"WORLD CUP","status":"FINISHED","date_time":"03.09.2023 17:30","home_team":"Eintracht Frankfurt","away_team":"F
[2026-08-16T06:11:10Z] Merged section: lineups
[2026-08-16T06:11:10Z] German Bundesliga 2023/2024: Player Stats are unavailable in the source profile.
[2026-08-16T06:11:10Z] Marked all Player Stats categories as not_available; collection continues.
[2026-08-16T06:11:10Z] Opening commentary...
[2026-08-16T06:11:10Z] Navigate: https://www.flashscore.com/match/football/1-fc-koln-WG9pOTse/eintracht-frankfurt-8vndvXTk/summary/live-commentary/?mid=nXlpzpFF
[2026-08-16T06:11:12Z] Page loaded. Waiting for statistics DOM...
[2026-08-16T06:11:13Z] Script [readiness] result prefix: {"body_text_length":11524,"ready":true,"row_count":210,"section":"commentary","title":"EIN 1-1 KOL | Eintracht Frankfurt v FC Koln 03/09/2023 | Football - Flashscore | Match"}
[2026-08-16T06:11:13Z] Reading rendered DOM...
[2026-08-16T06:11:13Z] Executing extraction script for phase 12; length: 11834.
[2026-08-16T06:11:13Z] Script [extract] result prefix: {"schema_version":"1.3","section":"commentary","statistic_period":null,"source_url":"https://www.flashscore.com/match/football/1-fc-koln-WG9pOTse/eintracht-frankfurt-8vndvXTk/summary/live-commentary/all-comments/?mid=nXlpzpFF","match_id":"nXlpzpFF","collected_at_utc":"2026-08-16T06:11:13.920Z","page_title":"EIN 1-1 KOL | Eintracht Frankfurt v FC Koln 03/09/2023 | Football - Flashscore | Match","competition":"WORLD CUP","status":"FINISHED","date_time":"03.09.2023 17:30","home_team":"Eintracht Fra
[2026-08-16T06:11:13Z] Merged section: commentary
[2026-08-16T06:11:13Z] Saving complete match JSON...
[2026-08-16T06:11:14Z] Player Stats category unavailable; status=not_available: top_stats
[2026-08-16T06:11:14Z] Player Stats category unavailable; status=not_available: shots
[2026-08-16T06:11:14Z] Player Stats category unavailable; status=not_available: attack
[2026-08-16T06:11:14Z] Player Stats category unavailable; status=not_available: passes
[2026-08-16T06:11:14Z] Player Stats category unavailable; status=not_available: defense
[2026-08-16T06:11:14Z] Player Stats category unavailable; status=not_available: goalkeeping
[2026-08-16T06:11:14Z] Player Stats category unavailable; status=not_available: general
[2026-08-16T06:11:14Z] Structured goals, cards and VAR events enriched.
[2026-08-16T06:11:14Z] Saved match JSON with 13 statistics: G:\Mirza\VSCode\FlashscoreFootballCollector_\Data\Matches\Bundesliga\2023_2024\2023-09-03_Eintracht_Frankfurt_vs_FC_Koln_nXlpzpFF.json
[2026-08-16T06:11:14Z] Finished: 2023-09-03_Eintracht_Frankfurt_vs_FC_Koln_nXlpzpFF.json
[2026-08-16T06:11:14Z] Opening overall statistics...
[2026-08-16T06:11:14Z] Navigate: https://www.flashscore.com/match/football/rb-leipzig-KbS1suSm/union-berlin-pzHW4oaE/summary/stats/overall/?mid=SUYrx6p3
[2026-08-16T06:11:17Z] Page loaded. Waiting for statistics DOM...
[2026-08-16T06:11:19Z] Script [readiness] result prefix: {"body_text_length":3295,"ready":true,"row_count":19,"section":"statistics_overall","title":"UNI 0-3 RBL | Union Berlin v RB Leipzig 03/09/2023, Stats - Flashscore.com | Match"}
[2026-08-16T06:11:19Z] Reading rendered DOM...
[2026-08-16T06:11:19Z] Executing extraction script for phase 0; length: 5174.
[2026-08-16T06:11:19Z] Script [extract] result prefix: {"schema_version":"1.3","section":"statistics_overall","statistic_period":"overall","source_url":"https://www.flashscore.com/match/football/rb-leipzig-KbS1suSm/union-berlin-pzHW4oaE/summary/stats/overall/?mid=SUYrx6p3","match_id":"SUYrx6p3","collected_at_utc":"2026-08-16T06:11:19.329Z","page_title":"UNI 0-3 RBL | Union Berlin v RB Leipzig 03/09/2023, Stats - Flashscore.com | Match","competition":"WORLD CUP","status":"FINISHED","date_time":"03.09.2023 19:30","home_team":"Union Berlin","away_team"
[2026-08-16T06:11:19Z] Stored overall statistics: 14 rows.
[2026-08-16T06:11:19Z] Merged section: statistics_overall
[2026-08-16T06:11:19Z] Opening 1st half statistics...
[2026-08-16T06:11:19Z] Navigate: https://www.flashscore.com/match/football/rb-leipzig-KbS1suSm/union-berlin-pzHW4oaE/summary/stats/1st-half/?mid=SUYrx6p3
[2026-08-16T06:11:22Z] Page loaded. Waiting for statistics DOM...
[2026-08-16T06:11:24Z] Script [readiness] result prefix: {"body_text_length":3276,"ready":true,"row_count":18,"section":"statistics_first_half","title":"UNI 0-3 RBL | Union Berlin v RB Leipzig 03/09/2023, Stats - Flashscore.com | Match"}
[2026-08-16T06:11:24Z] Reading rendered DOM...
[2026-08-16T06:11:24Z] Executing extraction script for phase 1; length: 5174.
[2026-08-16T06:11:24Z] Script [extract] result prefix: {"schema_version":"1.3","section":"statistics_first_half","statistic_period":"first_half","source_url":"https://www.flashscore.com/match/football/rb-leipzig-KbS1suSm/union-berlin-pzHW4oaE/summary/stats/1st-half/?mid=SUYrx6p3","match_id":"SUYrx6p3","collected_at_utc":"2026-08-16T06:11:24.593Z","page_title":"UNI 0-3 RBL | Union Berlin v RB Leipzig 03/09/2023, Stats - Flashscore.com | Match","competition":"WORLD CUP","status":"FINISHED","date_time":"03.09.2023 19:30","home_team":"Union Berlin","awa
[2026-08-16T06:11:24Z] Stored first_half statistics: 13 rows.
[2026-08-16T06:11:24Z] Merged section: statistics_first_half
[2026-08-16T06:11:24Z] Opening 2nd half statistics...
[2026-08-16T06:11:24Z] Navigate: https://www.flashscore.com/match/football/rb-leipzig-KbS1suSm/union-berlin-pzHW4oaE/summary/stats/2nd-half/?mid=SUYrx6p3
[2026-08-16T06:11:26Z] Page loaded. Waiting for statistics DOM...
[2026-08-16T06:11:28Z] Script [readiness] result prefix: {"body_text_length":3287,"ready":true,"row_count":19,"section":"statistics_second_half","title":"UNI 0-3 RBL | Union Berlin v RB Leipzig 03/09/2023, Stats - Flashscore.com | Match"}
[2026-08-16T06:11:28Z] Reading rendered DOM...
[2026-08-16T06:11:28Z] Executing extraction script for phase 2; length: 5174.
[2026-08-16T06:11:28Z] Script [extract] result prefix: {"schema_version":"1.3","section":"statistics_second_half","statistic_period":"second_half","source_url":"https://www.flashscore.com/match/football/rb-leipzig-KbS1suSm/union-berlin-pzHW4oaE/summary/stats/2nd-half/?mid=SUYrx6p3","match_id":"SUYrx6p3","collected_at_utc":"2026-08-16T06:11:28.796Z","page_title":"UNI 0-3 RBL | Union Berlin v RB Leipzig 03/09/2023, Stats - Flashscore.com | Match","competition":"WORLD CUP","status":"FINISHED","date_time":"03.09.2023 19:30","home_team":"Union Berlin","a
[2026-08-16T06:11:28Z] Stored second_half statistics: 14 rows.
[2026-08-16T06:11:29Z] Merged section: statistics_second_half
[2026-08-16T06:11:29Z] Opening lineups...
[2026-08-16T06:11:30Z] Navigate: https://www.flashscore.com/match/football/rb-leipzig-KbS1suSm/union-berlin-pzHW4oaE/summary/lineups/?mid=SUYrx6p3
[2026-08-16T06:11:31Z] Page loaded. Waiting for statistics DOM...
[2026-08-16T06:11:33Z] Script [readiness] result prefix: {"body_text_length":4098,"ready":true,"row_count":108,"section":"lineups","title":"UNI 0-3 RBL | Union Berlin v RB Leipzig 03/09/2023, Lineups - Flashscore.com | Match"}
[2026-08-16T06:11:33Z] Reading rendered DOM...
[2026-08-16T06:11:33Z] Executing extraction script for phase 4; length: 20701.
[2026-08-16T06:11:34Z] Script [extract] result prefix: {"schema_version":"1.3","section":"lineups","statistic_period":null,"source_url":"https://www.flashscore.com/match/football/rb-leipzig-KbS1suSm/union-berlin-pzHW4oaE/summary/lineups/?mid=SUYrx6p3","match_id":"SUYrx6p3","collected_at_utc":"2026-08-16T06:11:34.239Z","page_title":"UNI 0-3 RBL | Union Berlin v RB Leipzig 03/09/2023, Lineups - Flashscore.com | Match","competition":"WORLD CUP","status":"FINISHED","date_time":"03.09.2023 19:30","home_team":"Union Berlin","away_team":"RB Leipzig","score
[2026-08-16T06:11:34Z] Merged section: lineups
[2026-08-16T06:11:34Z] German Bundesliga 2023/2024: Player Stats are unavailable in the source profile.
[2026-08-16T06:11:34Z] Marked all Player Stats categories as not_available; collection continues.
[2026-08-16T06:11:34Z] Opening commentary...
[2026-08-16T06:11:34Z] Navigate: https://www.flashscore.com/match/football/rb-leipzig-KbS1suSm/union-berlin-pzHW4oaE/summary/live-commentary/?mid=SUYrx6p3
[2026-08-16T06:11:39Z] Page loaded. Waiting for statistics DOM...
[2026-08-16T06:11:40Z] Script [readiness] result prefix: {"body_text_length":13047,"ready":true,"row_count":229,"section":"commentary","title":"UNI 0-3 RBL | Union Berlin v RB Leipzig 03/09/2023 | Football - Flashscore | Match"}
[2026-08-16T06:11:40Z] Reading rendered DOM...
[2026-08-16T06:11:40Z] Executing extraction script for phase 12; length: 11834.
[2026-08-16T06:11:40Z] Script [extract] result prefix: {"schema_version":"1.3","section":"commentary","statistic_period":null,"source_url":"https://www.flashscore.com/match/football/rb-leipzig-KbS1suSm/union-berlin-pzHW4oaE/summary/live-commentary/all-comments/?mid=SUYrx6p3","match_id":"SUYrx6p3","collected_at_utc":"2026-08-16T06:11:40.768Z","page_title":"UNI 0-3 RBL | Union Berlin v RB Leipzig 03/09/2023 | Football - Flashscore | Match","competition":"WORLD CUP","status":"FINISHED","date_time":"03.09.2023 19:30","home_team":"Union Berlin","away_tea
[2026-08-16T06:11:40Z] Merged section: commentary
[2026-08-16T06:11:40Z] Saving complete match JSON...
[2026-08-16T06:11:40Z] Player Stats category unavailable; status=not_available: top_stats
[2026-08-16T06:11:41Z] Player Stats category unavailable; status=not_available: shots
[2026-08-16T06:11:41Z] Player Stats category unavailable; status=not_available: attack
[2026-08-16T06:11:41Z] Player Stats category unavailable; status=not_available: passes
[2026-08-16T06:11:41Z] Player Stats category unavailable; status=not_available: defense
[2026-08-16T06:11:41Z] Player Stats category unavailable; status=not_available: goalkeeping
[2026-08-16T06:11:41Z] Player Stats category unavailable; status=not_available: general
[2026-08-16T06:11:41Z] Structured goals, cards and VAR events enriched.
[2026-08-16T06:11:41Z] Saved match JSON with 14 statistics: G:\Mirza\VSCode\FlashscoreFootballCollector_\Data\Matches\Bundesliga\2023_2024\2023-09-03_Union_Berlin_vs_RB_Leipzig_SUYrx6p3.json
[2026-08-16T06:11:41Z] Finished: 2023-09-03_Union_Berlin_vs_RB_Leipzig_SUYrx6p3.json
[2026-08-16T06:11:41Z] Opening overall statistics...
[2026-08-16T06:11:41Z] Navigate: https://www.flashscore.com/match/football/bayer-leverkusen-4jcj2zMd/bayern-munich-nVp0wiqd/summary/stats/overall/?mid=neXWQux2
[2026-08-16T06:11:45Z] Page loaded. Waiting for statistics DOM...
[2026-08-16T06:11:46Z] Script [readiness] result prefix: {"body_text_length":3315,"ready":true,"row_count":18,"section":"statistics_overall","title":"BAY 2-2 LEV | Bayern Munich v Bayer Leverkusen 15/09/2023, Stats - Flashscore.com | Match"}
[2026-08-16T06:11:46Z] Reading rendered DOM...
[2026-08-16T06:11:46Z] Executing extraction script for phase 0; length: 5174.
[2026-08-16T06:11:46Z] Script [extract] result prefix: {"schema_version":"1.3","section":"statistics_overall","statistic_period":"overall","source_url":"https://www.flashscore.com/match/football/bayer-leverkusen-4jcj2zMd/bayern-munich-nVp0wiqd/summary/stats/overall/?mid=neXWQux2","match_id":"neXWQux2","collected_at_utc":"2026-08-16T06:11:46.904Z","page_title":"BAY 2-2 LEV | Bayern Munich v Bayer Leverkusen 15/09/2023, Stats - Flashscore.com | Match","competition":"WORLD CUP","status":"FINISHED","date_time":"15.09.2023 22:30","home_team":"Bayern Muni
[2026-08-16T06:11:46Z] Stored overall statistics: 13 rows.
[2026-08-16T06:11:47Z] Merged section: statistics_overall
[2026-08-16T06:11:47Z] Opening 1st half statistics...
[2026-08-16T06:11:47Z] Navigate: https://www.flashscore.com/match/football/bayer-leverkusen-4jcj2zMd/bayern-munich-nVp0wiqd/summary/stats/1st-half/?mid=neXWQux2
[2026-08-16T06:11:50Z] Page loaded. Waiting for statistics DOM...
[2026-08-16T06:11:52Z] Script [readiness] result prefix: {"body_text_length":3312,"ready":true,"row_count":18,"section":"statistics_first_half","title":"BAY 2-2 LEV | Bayern Munich v Bayer Leverkusen 15/09/2023, Stats - Flashscore.com | Match"}
[2026-08-16T06:11:52Z] Reading rendered DOM...
[2026-08-16T06:11:52Z] Executing extraction script for phase 1; length: 5174.
[2026-08-16T06:11:52Z] Script [extract] result prefix: {"schema_version":"1.3","section":"statistics_first_half","statistic_period":"first_half","source_url":"https://www.flashscore.com/match/football/bayer-leverkusen-4jcj2zMd/bayern-munich-nVp0wiqd/summary/stats/1st-half/?mid=neXWQux2","match_id":"neXWQux2","collected_at_utc":"2026-08-16T06:11:52.525Z","page_title":"BAY 2-2 LEV | Bayern Munich v Bayer Leverkusen 15/09/2023, Stats - Flashscore.com | Match","competition":"WORLD CUP","status":"FINISHED","date_time":"15.09.2023 22:30","home_team":"Baye
[2026-08-16T06:11:52Z] Stored first_half statistics: 13 rows.
[2026-08-16T06:11:52Z] Merged section: statistics_first_half
[2026-08-16T06:11:52Z] Opening 2nd half statistics...
[2026-08-16T06:11:52Z] Navigate: https://www.flashscore.com/match/football/bayer-leverkusen-4jcj2zMd/bayern-munich-nVp0wiqd/summary/stats/2nd-half/?mid=neXWQux2
[2026-08-16T06:11:55Z] Page loaded. Waiting for statistics DOM...
[2026-08-16T06:11:56Z] Script [readiness] result prefix: {"body_text_length":3309,"ready":true,"row_count":18,"section":"statistics_second_half","title":"BAY 2-2 LEV | Bayern Munich v Bayer Leverkusen 15/09/2023, Stats - Flashscore.com | Match"}
[2026-08-16T06:11:56Z] Reading rendered DOM...
[2026-08-16T06:11:56Z] Executing extraction script for phase 2; length: 5174.
[2026-08-16T06:11:56Z] Script [extract] result prefix: {"schema_version":"1.3","section":"statistics_second_half","statistic_period":"second_half","source_url":"https://www.flashscore.com/match/football/bayer-leverkusen-4jcj2zMd/bayern-munich-nVp0wiqd/summary/stats/2nd-half/?mid=neXWQux2","match_id":"neXWQux2","collected_at_utc":"2026-08-16T06:11:56.634Z","page_title":"BAY 2-2 LEV | Bayern Munich v Bayer Leverkusen 15/09/2023, Stats - Flashscore.com | Match","competition":"WORLD CUP","status":"FINISHED","date_time":"15.09.2023 22:30","home_team":"Ba
[2026-08-16T06:11:56Z] Stored second_half statistics: 13 rows.
[2026-08-16T06:11:56Z] Merged section: statistics_second_half
[2026-08-16T06:11:56Z] Opening lineups...
[2026-08-16T06:11:56Z] Navigate: https://www.flashscore.com/match/football/bayer-leverkusen-4jcj2zMd/bayern-munich-nVp0wiqd/summary/lineups/?mid=neXWQux2
[2026-08-16T06:11:58Z] Page loaded. Waiting for statistics DOM...
[2026-08-16T06:12:00Z] Script [readiness] result prefix: {"body_text_length":4325,"ready":true,"row_count":116,"section":"lineups","title":"BAY 2-2 LEV | Bayern Munich v Bayer Leverkusen 15/09/2023, Lineups - Flashscore.com | Match"}
[2026-08-16T06:12:00Z] Reading rendered DOM...
[2026-08-16T06:12:00Z] Executing extraction script for phase 4; length: 20701.
[2026-08-16T06:12:00Z] Script [extract] result prefix: {"schema_version":"1.3","section":"lineups","statistic_period":null,"source_url":"https://www.flashscore.com/match/football/bayer-leverkusen-4jcj2zMd/bayern-munich-nVp0wiqd/summary/lineups/?mid=neXWQux2","match_id":"neXWQux2","collected_at_utc":"2026-08-16T06:12:00.194Z","page_title":"BAY 2-2 LEV | Bayern Munich v Bayer Leverkusen 15/09/2023, Lineups - Flashscore.com | Match","competition":"WORLD CUP","status":"FINISHED","date_time":"15.09.2023 22:30","home_team":"Bayern Munich","away_team":"Bay
[2026-08-16T06:12:00Z] Merged section: lineups
[2026-08-16T06:12:00Z] German Bundesliga 2023/2024: Player Stats are unavailable in the source profile.
[2026-08-16T06:12:00Z] Marked all Player Stats categories as not_available; collection continues.
[2026-08-16T06:12:00Z] Opening commentary...
[2026-08-16T06:12:00Z] Navigate: https://www.flashscore.com/match/football/bayer-leverkusen-4jcj2zMd/bayern-munich-nVp0wiqd/summary/live-commentary/?mid=neXWQux2
[2026-08-16T06:12:02Z] Page loaded. Waiting for statistics DOM...
[2026-08-16T06:12:03Z] Script [readiness] result prefix: {"body_text_length":14810,"ready":true,"row_count":273,"section":"commentary","title":"BAY 2-2 LEV | Bayern Munich v Bayer Leverkusen 15/09/2023 | Football - Flashscore | Match"}
[2026-08-16T06:12:03Z] Reading rendered DOM...
[2026-08-16T06:12:03Z] Executing extraction script for phase 12; length: 11834.
[2026-08-16T06:12:03Z] Script [extract] result prefix: {"schema_version":"1.3","section":"commentary","statistic_period":null,"source_url":"https://www.flashscore.com/match/football/bayer-leverkusen-4jcj2zMd/bayern-munich-nVp0wiqd/summary/live-commentary/all-comments/?mid=neXWQux2","match_id":"neXWQux2","collected_at_utc":"2026-08-16T06:12:03.845Z","page_title":"BAY 2-2 LEV | Bayern Munich v Bayer Leverkusen 15/09/2023 | Football - Flashscore | Match","competition":"WORLD CUP","status":"FINISHED","date_time":"15.09.2023 22:30","home_team":"Bayern Mu
[2026-08-16T06:12:03Z] Merged section: commentary
[2026-08-16T06:12:03Z] Saving complete match JSON...
[2026-08-16T06:12:03Z] Player Stats category unavailable; status=not_available: top_stats
[2026-08-16T06:12:03Z] Player Stats category unavailable; status=not_available: shots
[2026-08-16T06:12:04Z] Player Stats category unavailable; status=not_available: attack
[2026-08-16T06:12:04Z] Player Stats category unavailable; status=not_available: passes
[2026-08-16T06:12:04Z] Player Stats category unavailable; status=not_available: defense
[2026-08-16T06:12:04Z] Player Stats category unavailable; status=not_available: goalkeeping
[2026-08-16T06:12:04Z] Player Stats category unavailable; status=not_available: general
[2026-08-16T06:12:04Z] Structured goals, cards and VAR events enriched.
[2026-08-16T06:12:04Z] Saved match JSON with 13 statistics: G:\Mirza\VSCode\FlashscoreFootballCollector_\Data\Matches\Bundesliga\2023_2024\2023-09-15_Bayern_Munich_vs_Bayer_Leverkusen_neXWQux2.json
[2026-08-16T06:12:04Z] Finished: 2023-09-15_Bayern_Munich_vs_Bayer_Leverkusen_neXWQux2.json
[2026-08-16T06:12:04Z] Opening overall statistics...
[2026-08-16T06:12:04Z] Navigate: https://www.flashscore.com/match/football/union-berlin-pzHW4oaE/wolfsburg-nwkTahLL/summary/stats/overall/?mid=fcENm3qF
[2026-08-16T06:12:06Z] Page loaded. Waiting for statistics DOM...
[2026-08-16T06:12:08Z] Script [readiness] result prefix: {"body_text_length":3269,"ready":true,"row_count":18,"section":"statistics_overall","title":"WOL 2-1 UNI | Wolfsburg v Union Berlin 16/09/2023, Stats - Flashscore.com | Match"}
[2026-08-16T06:12:08Z] Reading rendered DOM...
[2026-08-16T06:12:08Z] Executing extraction script for phase 0; length: 5174.
[2026-08-16T06:12:08Z] Script [extract] result prefix: {"schema_version":"1.3","section":"statistics_overall","statistic_period":"overall","source_url":"https://www.flashscore.com/match/football/union-berlin-pzHW4oaE/wolfsburg-nwkTahLL/summary/stats/overall/?mid=fcENm3qF","match_id":"fcENm3qF","collected_at_utc":"2026-08-16T06:12:08.379Z","page_title":"WOL 2-1 UNI | Wolfsburg v Union Berlin 16/09/2023, Stats - Flashscore.com | Match","competition":"WORLD CUP","status":"FINISHED","date_time":"16.09.2023 17:30","home_team":"Wolfsburg","away_team":"Uni
[2026-08-16T06:12:08Z] Stored overall statistics: 13 rows.
[2026-08-16T06:12:08Z] Merged section: statistics_overall
[2026-08-16T06:12:08Z] Opening 1st half statistics...
[2026-08-16T06:12:08Z] Navigate: https://www.flashscore.com/match/football/union-berlin-pzHW4oaE/wolfsburg-nwkTahLL/summary/stats/1st-half/?mid=fcENm3qF
[2026-08-16T06:12:11Z] Page loaded. Waiting for statistics DOM...
[2026-08-16T06:12:12Z] Script [readiness] result prefix: {"body_text_length":3248,"ready":true,"row_count":17,"section":"statistics_first_half","title":"WOL 2-1 UNI | Wolfsburg v Union Berlin 16/09/2023, Stats - Flashscore.com | Match"}
[2026-08-16T06:12:12Z] Reading rendered DOM...
[2026-08-16T06:12:12Z] Executing extraction script for phase 1; length: 5174.
[2026-08-16T06:12:12Z] Script [extract] result prefix: {"schema_version":"1.3","section":"statistics_first_half","statistic_period":"first_half","source_url":"https://www.flashscore.com/match/football/union-berlin-pzHW4oaE/wolfsburg-nwkTahLL/summary/stats/1st-half/?mid=fcENm3qF","match_id":"fcENm3qF","collected_at_utc":"2026-08-16T06:12:12.666Z","page_title":"WOL 2-1 UNI | Wolfsburg v Union Berlin 16/09/2023, Stats - Flashscore.com | Match","competition":"WORLD CUP","status":"FINISHED","date_time":"16.09.2023 17:30","home_team":"Wolfsburg","away_tea
[2026-08-16T06:12:12Z] Stored first_half statistics: 12 rows.
[2026-08-16T06:12:12Z] Merged section: statistics_first_half
[2026-08-16T06:12:12Z] Opening 2nd half statistics...
[2026-08-16T06:12:12Z] Navigate: https://www.flashscore.com/match/football/union-berlin-pzHW4oaE/wolfsburg-nwkTahLL/summary/stats/2nd-half/?mid=fcENm3qF
[2026-08-16T06:12:14Z] Page loaded. Waiting for statistics DOM...
[2026-08-16T06:12:16Z] Script [readiness] result prefix: {"body_text_length":3265,"ready":true,"row_count":18,"section":"statistics_second_half","title":"WOL 2-1 UNI | Wolfsburg v Union Berlin 16/09/2023, Stats - Flashscore.com | Match"}
[2026-08-16T06:12:16Z] Reading rendered DOM...
[2026-08-16T06:12:16Z] Executing extraction script for phase 2; length: 5174.
[2026-08-16T06:12:16Z] Script [extract] result prefix: {"schema_version":"1.3","section":"statistics_second_half","statistic_period":"second_half","source_url":"https://www.flashscore.com/match/football/union-berlin-pzHW4oaE/wolfsburg-nwkTahLL/summary/stats/2nd-half/?mid=fcENm3qF","match_id":"fcENm3qF","collected_at_utc":"2026-08-16T06:12:16.311Z","page_title":"WOL 2-1 UNI | Wolfsburg v Union Berlin 16/09/2023, Stats - Flashscore.com | Match","competition":"WORLD CUP","status":"FINISHED","date_time":"16.09.2023 17:30","home_team":"Wolfsburg","away_t
[2026-08-16T06:12:16Z] Stored second_half statistics: 13 rows.
[2026-08-16T06:12:16Z] Merged section: statistics_second_half
[2026-08-16T06:12:17Z] Opening lineups...
[2026-08-16T06:12:17Z] Navigate: https://www.flashscore.com/match/football/union-berlin-pzHW4oaE/wolfsburg-nwkTahLL/summary/lineups/?mid=fcENm3qF
[2026-08-16T06:12:19Z] Page loaded. Waiting for statistics DOM...
[2026-08-16T06:12:21Z] Script [readiness] result prefix: {"body_text_length":4049,"ready":true,"row_count":108,"section":"lineups","title":"WOL 2-1 UNI | Wolfsburg v Union Berlin 16/09/2023, Lineups - Flashscore.com | Match"}
[2026-08-16T06:12:21Z] Reading rendered DOM...
[2026-08-16T06:12:21Z] Executing extraction script for phase 4; length: 20701.
[2026-08-16T06:12:21Z] Script [extract] result prefix: {"schema_version":"1.3","section":"lineups","statistic_period":null,"source_url":"https://www.flashscore.com/match/football/union-berlin-pzHW4oaE/wolfsburg-nwkTahLL/summary/lineups/?mid=fcENm3qF","match_id":"fcENm3qF","collected_at_utc":"2026-08-16T06:12:21.537Z","page_title":"WOL 2-1 UNI | Wolfsburg v Union Berlin 16/09/2023, Lineups - Flashscore.com | Match","competition":"WORLD CUP","status":"FINISHED","date_time":"16.09.2023 17:30","home_team":"Wolfsburg","away_team":"Union Berlin","score":{
[2026-08-16T06:12:21Z] Merged section: lineups
[2026-08-16T06:12:21Z] German Bundesliga 2023/2024: Player Stats are unavailable in the source profile.
[2026-08-16T06:12:21Z] Marked all Player Stats categories as not_available; collection continues.
[2026-08-16T06:12:21Z] Opening commentary...
[2026-08-16T06:12:21Z] Navigate: https://www.flashscore.com/match/football/union-berlin-pzHW4oaE/wolfsburg-nwkTahLL/summary/live-commentary/?mid=fcENm3qF
[2026-08-16T06:12:24Z] Page loaded. Waiting for statistics DOM...
[2026-08-16T06:12:26Z] Script [readiness] result prefix: {"body_text_length":12474,"ready":true,"row_count":211,"section":"commentary","title":"WOL 2-1 UNI | Wolfsburg v Union Berlin 16/09/2023 | Football - Flashscore | Match"}
[2026-08-16T06:12:26Z] Reading rendered DOM...
[2026-08-16T06:12:26Z] Executing extraction script for phase 12; length: 11834.
[2026-08-16T06:12:26Z] Script [extract] result prefix: {"schema_version":"1.3","section":"commentary","statistic_period":null,"source_url":"https://www.flashscore.com/match/football/union-berlin-pzHW4oaE/wolfsburg-nwkTahLL/summary/live-commentary/all-comments/?mid=fcENm3qF","match_id":"fcENm3qF","collected_at_utc":"2026-08-16T06:12:26.242Z","page_title":"WOL 2-1 UNI | Wolfsburg v Union Berlin 16/09/2023 | Football - Flashscore | Match","competition":"WORLD CUP","status":"FINISHED","date_time":"16.09.2023 17:30","home_team":"Wolfsburg","away_team":"U
[2026-08-16T06:12:26Z] Merged section: commentary
[2026-08-16T06:12:26Z] Saving complete match JSON...
[2026-08-16T06:12:26Z] Player Stats category unavailable; status=not_available: top_stats
[2026-08-16T06:12:26Z] Player Stats category unavailable; status=not_available: shots
[2026-08-16T06:12:26Z] Player Stats category unavailable; status=not_available: attack
[2026-08-16T06:12:26Z] Player Stats category unavailable; status=not_available: passes
[2026-08-16T06:12:26Z] Player Stats category unavailable; status=not_available: defense
[2026-08-16T06:12:27Z] Player Stats category unavailable; status=not_available: goalkeeping
[2026-08-16T06:12:27Z] Player Stats category unavailable; status=not_available: general
[2026-08-16T06:12:27Z] Structured goals, cards and VAR events enriched.
[2026-08-16T06:12:27Z] Saved match JSON with 13 statistics: G:\Mirza\VSCode\FlashscoreFootballCollector_\Data\Matches\Bundesliga\2023_2024\2023-09-16_Wolfsburg_vs_Union_Berlin_fcENm3qF.json
[2026-08-16T06:12:27Z] Finished: 2023-09-16_Wolfsburg_vs_Union_Berlin_fcENm3qF.json
[2026-08-16T06:12:27Z] Opening overall statistics...
[2026-08-16T06:12:27Z] Navigate: https://www.flashscore.com/match/football/augsburg-fTVNku3I/rb-leipzig-KbS1suSm/summary/stats/overall/?mid=l0BFkPE2
[2026-08-16T06:12:29Z] Page loaded. Waiting for statistics DOM...
[2026-08-16T06:12:30Z] Script [readiness] result prefix: {"body_text_length":3246,"ready":true,"row_count":17,"section":"statistics_overall","title":"RBL 3-0 AUG | RB Leipzig v Augsburg 16/09/2023, Stats - Flashscore.com | Match"}
[2026-08-16T06:12:30Z] Reading rendered DOM...
[2026-08-16T06:12:31Z] Executing extraction script for phase 0; length: 5174.
[2026-08-16T06:12:31Z] Script [extract] result prefix: {"schema_version":"1.3","section":"statistics_overall","statistic_period":"overall","source_url":"https://www.flashscore.com/match/football/augsburg-fTVNku3I/rb-leipzig-KbS1suSm/summary/stats/overall/?mid=l0BFkPE2","match_id":"l0BFkPE2","collected_at_utc":"2026-08-16T06:12:31.350Z","page_title":"RBL 3-0 AUG | RB Leipzig v Augsburg 16/09/2023, Stats - Flashscore.com | Match","competition":"WORLD CUP","status":"FINISHED","date_time":"16.09.2023 17:30","home_team":"RB Leipzig","away_team":"Augsburg
[2026-08-16T06:12:31Z] Stored overall statistics: 12 rows.
[2026-08-16T06:12:31Z] Merged section: statistics_overall
[2026-08-16T06:12:31Z] Opening 1st half statistics...
[2026-08-16T06:12:31Z] Navigate: https://www.flashscore.com/match/football/augsburg-fTVNku3I/rb-leipzig-KbS1suSm/summary/stats/1st-half/?mid=l0BFkPE2
[2026-08-16T06:12:33Z] Page loaded. Waiting for statistics DOM...
[2026-08-16T06:12:35Z] Script [readiness] result prefix: {"body_text_length":3237,"ready":true,"row_count":17,"section":"statistics_first_half","title":"RBL 3-0 AUG | RB Leipzig v Augsburg 16/09/2023, Stats - Flashscore.com | Match"}
[2026-08-16T06:12:35Z] Reading rendered DOM...
[2026-08-16T06:12:35Z] Executing extraction script for phase 1; length: 5174.
[2026-08-16T06:12:35Z] Script [extract] result prefix: {"schema_version":"1.3","section":"statistics_first_half","statistic_period":"first_half","source_url":"https://www.flashscore.com/match/football/augsburg-fTVNku3I/rb-leipzig-KbS1suSm/summary/stats/1st-half/?mid=l0BFkPE2","match_id":"l0BFkPE2","collected_at_utc":"2026-08-16T06:12:35.434Z","page_title":"RBL 3-0 AUG | RB Leipzig v Augsburg 16/09/2023, Stats - Flashscore.com | Match","competition":"WORLD CUP","status":"FINISHED","date_time":"16.09.2023 17:30","home_team":"RB Leipzig","away_team":"A
[2026-08-16T06:12:35Z] Stored first_half statistics: 12 rows.
[2026-08-16T06:12:35Z] Merged section: statistics_first_half
[2026-08-16T06:12:35Z] Opening 2nd half statistics...
[2026-08-16T06:12:35Z] Navigate: https://www.flashscore.com/match/football/augsburg-fTVNku3I/rb-leipzig-KbS1suSm/summary/stats/2nd-half/?mid=l0BFkPE2
[2026-08-16T06:12:38Z] Page loaded. Waiting for statistics DOM...
[2026-08-16T06:12:40Z] Script [readiness] result prefix: {"body_text_length":3240,"ready":true,"row_count":17,"section":"statistics_second_half","title":"RBL 3-0 AUG | RB Leipzig v Augsburg 16/09/2023, Stats - Flashscore.com | Match"}
[2026-08-16T06:12:40Z] Reading rendered DOM...
[2026-08-16T06:12:40Z] Executing extraction script for phase 2; length: 5174.
[2026-08-16T06:12:40Z] Script [extract] result prefix: {"schema_version":"1.3","section":"statistics_second_half","statistic_period":"second_half","source_url":"https://www.flashscore.com/match/football/augsburg-fTVNku3I/rb-leipzig-KbS1suSm/summary/stats/2nd-half/?mid=l0BFkPE2","match_id":"l0BFkPE2","collected_at_utc":"2026-08-16T06:12:40.541Z","page_title":"RBL 3-0 AUG | RB Leipzig v Augsburg 16/09/2023, Stats - Flashscore.com | Match","competition":"WORLD CUP","status":"FINISHED","date_time":"16.09.2023 17:30","home_team":"RB Leipzig","away_team":
[2026-08-16T06:12:40Z] Stored second_half statistics: 12 rows.
[2026-08-16T06:12:40Z] Merged section: statistics_second_half
[2026-08-16T06:12:40Z] Opening lineups...
[2026-08-16T06:12:40Z] Navigate: https://www.flashscore.com/match/football/augsburg-fTVNku3I/rb-leipzig-KbS1suSm/summary/lineups/?mid=l0BFkPE2
[2026-08-16T06:12:42Z] Page loaded. Waiting for statistics DOM...
[2026-08-16T06:12:43Z] Script [readiness] result prefix: {"body_text_length":4298,"ready":true,"row_count":117,"section":"lineups","title":"RBL 3-0 AUG | RB Leipzig v Augsburg 16/09/2023, Lineups - Flashscore.com | Match"}
[2026-08-16T06:12:43Z] Reading rendered DOM...
[2026-08-16T06:12:43Z] Executing extraction script for phase 4; length: 20701.
[2026-08-16T06:12:43Z] Script [extract] result prefix: {"schema_version":"1.3","section":"lineups","statistic_period":null,"source_url":"https://www.flashscore.com/match/football/augsburg-fTVNku3I/rb-leipzig-KbS1suSm/summary/lineups/?mid=l0BFkPE2","match_id":"l0BFkPE2","collected_at_utc":"2026-08-16T06:12:43.877Z","page_title":"RBL 3-0 AUG | RB Leipzig v Augsburg 16/09/2023, Lineups - Flashscore.com | Match","competition":"WORLD CUP","status":"FINISHED","date_time":"16.09.2023 17:30","home_team":"RB Leipzig","away_team":"Augsburg","score":{"home":"3
[2026-08-16T06:12:43Z] Merged section: lineups
[2026-08-16T06:12:43Z] German Bundesliga 2023/2024: Player Stats are unavailable in the source profile.
[2026-08-16T06:12:43Z] Marked all Player Stats categories as not_available; collection continues.
[2026-08-16T06:12:43Z] Opening commentary...
[2026-08-16T06:12:43Z] Navigate: https://www.flashscore.com/match/football/augsburg-fTVNku3I/rb-leipzig-KbS1suSm/summary/live-commentary/?mid=l0BFkPE2
[2026-08-16T06:12:45Z] Page loaded. Waiting for statistics DOM...
[2026-08-16T06:12:47Z] Script [readiness] result prefix: {"body_text_length":10868,"ready":true,"row_count":195,"section":"commentary","title":"RBL 3-0 AUG | RB Leipzig v Augsburg 16/09/2023 | Football - Flashscore | Match"}
[2026-08-16T06:12:47Z] Reading rendered DOM...
[2026-08-16T06:12:47Z] Executing extraction script for phase 12; length: 11834.
[2026-08-16T06:12:47Z] Script [extract] result prefix: {"schema_version":"1.3","section":"commentary","statistic_period":null,"source_url":"https://www.flashscore.com/match/football/augsburg-fTVNku3I/rb-leipzig-KbS1suSm/summary/live-commentary/all-comments/?mid=l0BFkPE2","match_id":"l0BFkPE2","collected_at_utc":"2026-08-16T06:12:47.325Z","page_title":"RBL 3-0 AUG | RB Leipzig v Augsburg 16/09/2023 | Football - Flashscore | Match","competition":"WORLD CUP","status":"FINISHED","date_time":"16.09.2023 17:30","home_team":"RB Leipzig","away_team":"Augsbu
[2026-08-16T06:12:47Z] Merged section: commentary
[2026-08-16T06:12:47Z] Saving complete match JSON...
[2026-08-16T06:12:47Z] Player Stats category unavailable; status=not_available: top_stats
[2026-08-16T06:12:47Z] Player Stats category unavailable; status=not_available: shots
[2026-08-16T06:12:47Z] Player Stats category unavailable; status=not_available: attack
[2026-08-16T06:12:47Z] Player Stats category unavailable; status=not_available: passes
[2026-08-16T06:12:47Z] Player Stats category unavailable; status=not_available: defense
[2026-08-16T06:12:47Z] Player Stats category unavailable; status=not_available: goalkeeping
[2026-08-16T06:12:47Z] Player Stats category unavailable; status=not_available: general
[2026-08-16T06:12:47Z] Structured goals, cards and VAR events enriched.
[2026-08-16T06:12:47Z] Saved match JSON with 12 statistics: G:\Mirza\VSCode\FlashscoreFootballCollector_\Data\Matches\Bundesliga\2023_2024\2023-09-16_RB_Leipzig_vs_Augsburg_l0BFkPE2.json
[2026-08-16T06:12:47Z] Finished: 2023-09-16_RB_Leipzig_vs_Augsburg_l0BFkPE2.json
[2026-08-16T06:12:47Z] Opening overall statistics...
[2026-08-16T06:12:47Z] Navigate: https://www.flashscore.com/match/football/mainz-EuakNmc1/vfb-stuttgart-nJQmYp1B/summary/stats/overall/?mid=WMyiWzEs
[2026-08-16T06:12:50Z] Page loaded. Waiting for statistics DOM...
[2026-08-16T06:12:52Z] Script [readiness] result prefix: {"body_text_length":3245,"ready":true,"row_count":18,"section":"statistics_overall","title":"MAI 1-3 STU | Mainz v Stuttgart 16/09/2023, Stats - Flashscore.com | Match"}
[2026-08-16T06:12:52Z] Reading rendered DOM...
[2026-08-16T06:12:52Z] Executing extraction script for phase 0; length: 5174.
[2026-08-16T06:12:52Z] Script [extract] result prefix: {"schema_version":"1.3","section":"statistics_overall","statistic_period":"overall","source_url":"https://www.flashscore.com/match/football/mainz-EuakNmc1/vfb-stuttgart-nJQmYp1B/summary/stats/overall/?mid=WMyiWzEs","match_id":"WMyiWzEs","collected_at_utc":"2026-08-16T06:12:52.481Z","page_title":"MAI 1-3 STU | Mainz v Stuttgart 16/09/2023, Stats - Flashscore.com | Match","competition":"WORLD CUP","status":"FINISHED","date_time":"16.09.2023 17:30","home_team":"Mainz","away_team":"Stuttgart","score
[2026-08-16T06:12:52Z] Stored overall statistics: 13 rows.
[2026-08-16T06:12:52Z] Merged section: statistics_overall
[2026-08-16T06:12:52Z] Opening 1st half statistics...
[2026-08-16T06:12:52Z] Navigate: https://www.flashscore.com/match/football/mainz-EuakNmc1/vfb-stuttgart-nJQmYp1B/summary/stats/1st-half/?mid=WMyiWzEs
[2026-08-16T06:12:54Z] Page loaded. Waiting for statistics DOM...
[2026-08-16T06:12:56Z] Script [readiness] result prefix: {"body_text_length":3236,"ready":true,"row_count":18,"section":"statistics_first_half","title":"MAI 1-3 STU | Mainz v Stuttgart 16/09/2023, Stats - Flashscore.com | Match"}
[2026-08-16T06:12:56Z] Reading rendered DOM...
[2026-08-16T06:12:56Z] Executing extraction script for phase 1; length: 5174.
[2026-08-16T06:12:56Z] Script [extract] result prefix: {"schema_version":"1.3","section":"statistics_first_half","statistic_period":"first_half","source_url":"https://www.flashscore.com/match/football/mainz-EuakNmc1/vfb-stuttgart-nJQmYp1B/summary/stats/1st-half/?mid=WMyiWzEs","match_id":"WMyiWzEs","collected_at_utc":"2026-08-16T06:12:56.274Z","page_title":"MAI 1-3 STU | Mainz v Stuttgart 16/09/2023, Stats - Flashscore.com | Match","competition":"WORLD CUP","status":"FINISHED","date_time":"16.09.2023 17:30","home_team":"Mainz","away_team":"Stuttgart"
[2026-08-16T06:12:56Z] Stored first_half statistics: 13 rows.
[2026-08-16T06:12:56Z] Merged section: statistics_first_half
[2026-08-16T06:12:56Z] Opening 2nd half statistics...
[2026-08-16T06:12:56Z] Navigate: https://www.flashscore.com/match/football/mainz-EuakNmc1/vfb-stuttgart-nJQmYp1B/summary/stats/2nd-half/?mid=WMyiWzEs
[2026-08-16T06:12:58Z] Page loaded. Waiting for statistics DOM...
[2026-08-16T06:12:59Z] Script [readiness] result prefix: {"body_text_length":3237,"ready":true,"row_count":18,"section":"statistics_second_half","title":"MAI 1-3 STU | Mainz v Stuttgart 16/09/2023, Stats - Flashscore.com | Match"}
[2026-08-16T06:12:59Z] Reading rendered DOM...
[2026-08-16T06:12:59Z] Executing extraction script for phase 2; length: 5174.
[2026-08-16T06:12:59Z] Script [extract] result prefix: {"schema_version":"1.3","section":"statistics_second_half","statistic_period":"second_half","source_url":"https://www.flashscore.com/match/football/mainz-EuakNmc1/vfb-stuttgart-nJQmYp1B/summary/stats/2nd-half/?mid=WMyiWzEs","match_id":"WMyiWzEs","collected_at_utc":"2026-08-16T06:12:59.730Z","page_title":"MAI 1-3 STU | Mainz v Stuttgart 16/09/2023, Stats - Flashscore.com | Match","competition":"WORLD CUP","status":"FINISHED","date_time":"16.09.2023 17:30","home_team":"Mainz","away_team":"Stuttgar
[2026-08-16T06:12:59Z] Stored second_half statistics: 13 rows.
[2026-08-16T06:12:59Z] Merged section: statistics_second_half
[2026-08-16T06:13:00Z] Opening lineups...
[2026-08-16T06:13:00Z] Navigate: https://www.flashscore.com/match/football/mainz-EuakNmc1/vfb-stuttgart-nJQmYp1B/summary/lineups/?mid=WMyiWzEs
[2026-08-16T06:13:02Z] Page loaded. Waiting for statistics DOM...
[2026-08-16T06:13:04Z] Script [readiness] result prefix: {"body_text_length":4192,"ready":true,"row_count":112,"section":"lineups","title":"MAI 1-3 STU | Mainz v Stuttgart 16/09/2023, Lineups - Flashscore.com | Match"}
[2026-08-16T06:13:04Z] Reading rendered DOM...
[2026-08-16T06:13:04Z] Executing extraction script for phase 4; length: 20701.
[2026-08-16T06:13:04Z] Script [extract] result prefix: {"schema_version":"1.3","section":"lineups","statistic_period":null,"source_url":"https://www.flashscore.com/match/football/mainz-EuakNmc1/vfb-stuttgart-nJQmYp1B/summary/lineups/?mid=WMyiWzEs","match_id":"WMyiWzEs","collected_at_utc":"2026-08-16T06:13:04.261Z","page_title":"MAI 1-3 STU | Mainz v Stuttgart 16/09/2023, Lineups - Flashscore.com | Match","competition":"WORLD CUP","status":"FINISHED","date_time":"16.09.2023 17:30","home_team":"Mainz","away_team":"Stuttgart","score":{"home":"1","away"
[2026-08-16T06:13:04Z] Merged section: lineups
[2026-08-16T06:13:04Z] German Bundesliga 2023/2024: Player Stats are unavailable in the source profile.
[2026-08-16T06:13:04Z] Marked all Player Stats categories as not_available; collection continues.
[2026-08-16T06:13:04Z] Opening commentary...
[2026-08-16T06:13:04Z] Navigate: https://www.flashscore.com/match/football/mainz-EuakNmc1/vfb-stuttgart-nJQmYp1B/summary/live-commentary/?mid=WMyiWzEs
[2026-08-16T06:13:06Z] Page loaded. Waiting for statistics DOM...
[2026-08-16T06:13:08Z] Script [readiness] result prefix: {"body_text_length":11369,"ready":true,"row_count":218,"section":"commentary","title":"MAI 1-3 STU | Mainz v Stuttgart 16/09/2023 | Football - Flashscore | Match"}
[2026-08-16T06:13:08Z] Reading rendered DOM...
[2026-08-16T06:13:08Z] Executing extraction script for phase 12; length: 11834.
[2026-08-16T06:13:08Z] Script [extract] result prefix: {"schema_version":"1.3","section":"commentary","statistic_period":null,"source_url":"https://www.flashscore.com/match/football/mainz-EuakNmc1/vfb-stuttgart-nJQmYp1B/summary/live-commentary/all-comments/?mid=WMyiWzEs","match_id":"WMyiWzEs","collected_at_utc":"2026-08-16T06:13:08.287Z","page_title":"MAI 1-3 STU | Mainz v Stuttgart 16/09/2023 | Football - Flashscore | Match","competition":"WORLD CUP","status":"FINISHED","date_time":"16.09.2023 17:30","home_team":"Mainz","away_team":"Stuttgart","sco
[2026-08-16T06:13:08Z] Merged section: commentary
[2026-08-16T06:13:08Z] Saving complete match JSON...
[2026-08-16T06:13:08Z] Player Stats category unavailable; status=not_available: top_stats
[2026-08-16T06:13:08Z] Player Stats category unavailable; status=not_available: shots
[2026-08-16T06:13:08Z] Player Stats category unavailable; status=not_available: attack
[2026-08-16T06:13:08Z] Player Stats category unavailable; status=not_available: passes
[2026-08-16T06:13:08Z] Player Stats category unavailable; status=not_available: defense
[2026-08-16T06:13:08Z] Player Stats category unavailable; status=not_available: goalkeeping
[2026-08-16T06:13:08Z] Player Stats category unavailable; status=not_available: general
[2026-08-16T06:13:08Z] Structured goals, cards and VAR events enriched.
[2026-08-16T06:13:08Z] Saved match JSON with 13 statistics: G:\Mirza\VSCode\FlashscoreFootballCollector_\Data\Matches\Bundesliga\2023_2024\2023-09-16_Mainz_vs_Stuttgart_WMyiWzEs.json
[2026-08-16T06:13:08Z] Finished: 2023-09-16_Mainz_vs_Stuttgart_WMyiWzEs.json
[2026-08-16T06:13:09Z] Opening overall statistics...
[2026-08-16T06:13:09Z] Navigate: https://www.flashscore.com/match/football/dortmund-nP1i5US1/freiburg-fiEQZ7C7/summary/stats/overall/?mid=0zFJlqU8
[2026-08-16T06:13:11Z] Page loaded. Waiting for statistics DOM...
[2026-08-16T06:13:13Z] Script [readiness] result prefix: {"body_text_length":3269,"ready":true,"row_count":19,"section":"statistics_overall","title":"FRE 2-4 DOR | Freiburg v Dortmund 16/09/2023, Stats - Flashscore.com | Match"}
[2026-08-16T06:13:13Z] Reading rendered DOM...
[2026-08-16T06:13:13Z] Executing extraction script for phase 0; length: 5174.
[2026-08-16T06:13:13Z] Script [extract] result prefix: {"schema_version":"1.3","section":"statistics_overall","statistic_period":"overall","source_url":"https://www.flashscore.com/match/football/dortmund-nP1i5US1/freiburg-fiEQZ7C7/summary/stats/overall/?mid=0zFJlqU8","match_id":"0zFJlqU8","collected_at_utc":"2026-08-16T06:13:13.223Z","page_title":"FRE 2-4 DOR | Freiburg v Dortmund 16/09/2023, Stats - Flashscore.com | Match","competition":"WORLD CUP","status":"FINISHED","date_time":"16.09.2023 17:30","home_team":"Freiburg","away_team":"Dortmund","sco
[2026-08-16T06:13:13Z] Stored overall statistics: 14 rows.
[2026-08-16T06:13:13Z] Merged section: statistics_overall
[2026-08-16T06:13:13Z] Opening 1st half statistics...
[2026-08-16T06:13:13Z] Navigate: https://www.flashscore.com/match/football/dortmund-nP1i5US1/freiburg-fiEQZ7C7/summary/stats/1st-half/?mid=0zFJlqU8
[2026-08-16T06:13:15Z] Page loaded. Waiting for statistics DOM...
[2026-08-16T06:13:17Z] Script [readiness] result prefix: {"body_text_length":3247,"ready":true,"row_count":18,"section":"statistics_first_half","title":"FRE 2-4 DOR | Freiburg v Dortmund 16/09/2023, Stats - Flashscore.com | Match"}
[2026-08-16T06:13:17Z] Reading rendered DOM...
[2026-08-16T06:13:17Z] Executing extraction script for phase 1; length: 5174.
[2026-08-16T06:13:17Z] Script [extract] result prefix: {"schema_version":"1.3","section":"statistics_first_half","statistic_period":"first_half","source_url":"https://www.flashscore.com/match/football/dortmund-nP1i5US1/freiburg-fiEQZ7C7/summary/stats/1st-half/?mid=0zFJlqU8","match_id":"0zFJlqU8","collected_at_utc":"2026-08-16T06:13:17.473Z","page_title":"FRE 2-4 DOR | Freiburg v Dortmund 16/09/2023, Stats - Flashscore.com | Match","competition":"WORLD CUP","status":"FINISHED","date_time":"16.09.2023 17:30","home_team":"Freiburg","away_team":"Dortmun
[2026-08-16T06:13:17Z] Stored first_half statistics: 13 rows.
[2026-08-16T06:13:17Z] Merged section: statistics_first_half
[2026-08-16T06:13:17Z] Opening 2nd half statistics...
[2026-08-16T06:13:17Z] Navigate: https://www.flashscore.com/match/football/dortmund-nP1i5US1/freiburg-fiEQZ7C7/summary/stats/2nd-half/?mid=0zFJlqU8
[2026-08-16T06:13:19Z] Page loaded. Waiting for statistics DOM...
[2026-08-16T06:13:21Z] Script [readiness] result prefix: {"body_text_length":3237,"ready":true,"row_count":19,"section":"statistics_second_half","title":"FRE 2-4 DOR | Freiburg v Dortmund 16/09/2023, Stats - Flashscore.com | Match"}
[2026-08-16T06:13:21Z] Reading rendered DOM...
[2026-08-16T06:13:21Z] Executing extraction script for phase 2; length: 5174.
[2026-08-16T06:13:21Z] Script [extract] result prefix: {"schema_version":"1.3","section":"statistics_second_half","statistic_period":"second_half","source_url":"https://www.flashscore.com/match/football/dortmund-nP1i5US1/freiburg-fiEQZ7C7/summary/stats/2nd-half/?mid=0zFJlqU8","match_id":"0zFJlqU8","collected_at_utc":"2026-08-16T06:13:21.561Z","page_title":"FRE 2-4 DOR | Freiburg v Dortmund 16/09/2023, Stats - Flashscore.com | Match","competition":"WORLD CUP","status":"FINISHED","date_time":"16.09.2023 17:30","home_team":"Freiburg","away_team":"Dortm
[2026-08-16T06:13:21Z] Stored second_half statistics: 14 rows.
[2026-08-16T06:13:22Z] Merged section: statistics_second_half
[2026-08-16T06:13:22Z] Opening lineups...
[2026-08-16T06:13:22Z] Navigate: https://www.flashscore.com/match/football/dortmund-nP1i5US1/freiburg-fiEQZ7C7/summary/lineups/?mid=0zFJlqU8
[2026-08-16T06:13:24Z] Page loaded. Waiting for statistics DOM...
[2026-08-16T06:13:25Z] Script [readiness] result prefix: {"body_text_length":4220,"ready":true,"row_count":114,"section":"lineups","title":"FRE 2-4 DOR | Freiburg v Dortmund 16/09/2023, Lineups - Flashscore.com | Match"}
[2026-08-16T06:13:25Z] Reading rendered DOM...
[2026-08-16T06:13:25Z] Executing extraction script for phase 4; length: 20701.
[2026-08-16T06:13:26Z] Script [extract] result prefix: {"schema_version":"1.3","section":"lineups","statistic_period":null,"source_url":"https://www.flashscore.com/match/football/dortmund-nP1i5US1/freiburg-fiEQZ7C7/summary/lineups/?mid=0zFJlqU8","match_id":"0zFJlqU8","collected_at_utc":"2026-08-16T06:13:26.016Z","page_title":"FRE 2-4 DOR | Freiburg v Dortmund 16/09/2023, Lineups - Flashscore.com | Match","competition":"WORLD CUP","status":"FINISHED","date_time":"16.09.2023 17:30","home_team":"Freiburg","away_team":"Dortmund","score":{"home":"2","awa
[2026-08-16T06:13:26Z] Merged section: lineups
[2026-08-16T06:13:26Z] German Bundesliga 2023/2024: Player Stats are unavailable in the source profile.
[2026-08-16T06:13:26Z] Marked all Player Stats categories as not_available; collection continues.
[2026-08-16T06:13:26Z] Opening commentary...
[2026-08-16T06:13:26Z] Navigate: https://www.flashscore.com/match/football/dortmund-nP1i5US1/freiburg-fiEQZ7C7/summary/live-commentary/?mid=0zFJlqU8
[2026-08-16T06:13:28Z] Page loaded. Waiting for statistics DOM...
[2026-08-16T06:13:30Z] Script [readiness] result prefix: {"body_text_length":2762,"ready":true,"row_count":3,"section":"commentary","title":"FRE 2-4 DOR | Freiburg v Dortmund 16/09/2023 | Football - Flashscore | Match"}
[2026-08-16T06:13:30Z] Reading rendered DOM...
[2026-08-16T06:13:30Z] Executing extraction script for phase 12; length: 11834.
[2026-08-16T06:13:30Z] Script [extract] result prefix: {"schema_version":"1.3","section":"commentary","statistic_period":null,"source_url":"https://www.flashscore.com/match/football/dortmund-nP1i5US1/freiburg-fiEQZ7C7/summary/live-commentary/all-comments/?mid=0zFJlqU8","match_id":"0zFJlqU8","collected_at_utc":"2026-08-16T06:13:30.238Z","page_title":"FRE 2-4 DOR | Freiburg v Dortmund 16/09/2023 | Football - Flashscore | Match","competition":"WORLD CUP","status":"FINISHED","date_time":"16.09.2023 17:30","home_team":"Freiburg","away_team":"Dortmund","s
[2026-08-16T06:13:30Z] Merged section: commentary
[2026-08-16T06:13:30Z] Saving complete match JSON...
[2026-08-16T06:13:30Z] Player Stats category unavailable; status=not_available: top_stats
[2026-08-16T06:13:30Z] Player Stats category unavailable; status=not_available: shots
[2026-08-16T06:13:30Z] Player Stats category unavailable; status=not_available: attack
[2026-08-16T06:13:30Z] Player Stats category unavailable; status=not_available: passes
[2026-08-16T06:13:30Z] Player Stats category unavailable; status=not_available: defense
[2026-08-16T06:13:30Z] Player Stats category unavailable; status=not_available: goalkeeping
[2026-08-16T06:13:30Z] Player Stats category unavailable; status=not_available: general
[2026-08-16T06:13:30Z] Structured goals, cards and VAR events enriched.
[2026-08-16T06:13:30Z] Saved match JSON with 14 statistics: G:\Mirza\VSCode\FlashscoreFootballCollector_\Data\Matches\Bundesliga\2023_2024\2023-09-16_Freiburg_vs_Dortmund_0zFJlqU8.json
[2026-08-16T06:13:30Z] Finished: 2023-09-16_Freiburg_vs_Dortmund_0zFJlqU8.json
[2026-08-16T06:13:30Z] Opening overall statistics...
[2026-08-16T06:13:31Z] Navigate: https://www.flashscore.com/match/football/1-fc-koln-WG9pOTse/hoffenheim-hQAtP9Sl/summary/stats/overall/?mid=lbWeVfTm
[2026-08-16T06:13:34Z] Page loaded. Waiting for statistics DOM...
[2026-08-16T06:13:36Z] Script [readiness] result prefix: {"body_text_length":3277,"ready":true,"row_count":19,"section":"statistics_overall","title":"KOL 1-3 HOF | FC Koln v Hoffenheim 16/09/2023, Stats - Flashscore.com | Match"}
[2026-08-16T06:13:36Z] Reading rendered DOM...
[2026-08-16T06:13:36Z] Executing extraction script for phase 0; length: 5174.
[2026-08-16T06:13:36Z] Script [extract] result prefix: {"schema_version":"1.3","section":"statistics_overall","statistic_period":"overall","source_url":"https://www.flashscore.com/match/football/1-fc-koln-WG9pOTse/hoffenheim-hQAtP9Sl/summary/stats/overall/?mid=lbWeVfTm","match_id":"lbWeVfTm","collected_at_utc":"2026-08-16T06:13:36.248Z","page_title":"KOL 1-3 HOF | FC Koln v Hoffenheim 16/09/2023, Stats - Flashscore.com | Match","competition":"WORLD CUP","status":"FINISHED","date_time":"16.09.2023 17:30","home_team":"FC Koln","away_team":"Hoffenheim"
[2026-08-16T06:13:36Z] Stored overall statistics: 14 rows.
[2026-08-16T06:13:36Z] Merged section: statistics_overall
[2026-08-16T06:13:36Z] Opening 1st half statistics...
[2026-08-16T06:13:36Z] Navigate: https://www.flashscore.com/match/football/1-fc-koln-WG9pOTse/hoffenheim-hQAtP9Sl/summary/stats/1st-half/?mid=lbWeVfTm
[2026-08-16T06:13:39Z] Page loaded. Waiting for statistics DOM...
[2026-08-16T06:13:40Z] Script [readiness] result prefix: {"body_text_length":3251,"ready":true,"row_count":18,"section":"statistics_first_half","title":"KOL 1-3 HOF | FC Koln v Hoffenheim 16/09/2023, Stats - Flashscore.com | Match"}
[2026-08-16T06:13:40Z] Reading rendered DOM...
[2026-08-16T06:13:40Z] Executing extraction script for phase 1; length: 5174.
[2026-08-16T06:13:40Z] Script [extract] result prefix: {"schema_version":"1.3","section":"statistics_first_half","statistic_period":"first_half","source_url":"https://www.flashscore.com/match/football/1-fc-koln-WG9pOTse/hoffenheim-hQAtP9Sl/summary/stats/1st-half/?mid=lbWeVfTm","match_id":"lbWeVfTm","collected_at_utc":"2026-08-16T06:13:40.856Z","page_title":"KOL 1-3 HOF | FC Koln v Hoffenheim 16/09/2023, Stats - Flashscore.com | Match","competition":"WORLD CUP","status":"FINISHED","date_time":"16.09.2023 17:30","home_team":"FC Koln","away_team":"Hoff
[2026-08-16T06:13:40Z] Stored first_half statistics: 13 rows.
[2026-08-16T06:13:40Z] Merged section: statistics_first_half
[2026-08-16T06:13:40Z] Opening 2nd half statistics...
[2026-08-16T06:13:41Z] Navigate: https://www.flashscore.com/match/football/1-fc-koln-WG9pOTse/hoffenheim-hQAtP9Sl/summary/stats/2nd-half/?mid=lbWeVfTm
[2026-08-16T06:13:43Z] Page loaded. Waiting for statistics DOM...
[2026-08-16T06:13:44Z] Script [readiness] result prefix: {"body_text_length":3268,"ready":true,"row_count":19,"section":"statistics_second_half","title":"KOL 1-3 HOF | FC Koln v Hoffenheim 16/09/2023, Stats - Flashscore.com | Match"}
[2026-08-16T06:13:44Z] Reading rendered DOM...
[2026-08-16T06:13:44Z] Executing extraction script for phase 2; length: 5174.
[2026-08-16T06:13:44Z] Script [extract] result prefix: {"schema_version":"1.3","section":"statistics_second_half","statistic_period":"second_half","source_url":"https://www.flashscore.com/match/football/1-fc-koln-WG9pOTse/hoffenheim-hQAtP9Sl/summary/stats/2nd-half/?mid=lbWeVfTm","match_id":"lbWeVfTm","collected_at_utc":"2026-08-16T06:13:44.596Z","page_title":"KOL 1-3 HOF | FC Koln v Hoffenheim 16/09/2023, Stats - Flashscore.com | Match","competition":"WORLD CUP","status":"FINISHED","date_time":"16.09.2023 17:30","home_team":"FC Koln","away_team":"Ho
[2026-08-16T06:13:44Z] Stored second_half statistics: 14 rows.
[2026-08-16T06:13:44Z] Merged section: statistics_second_half
[2026-08-16T06:13:44Z] Opening lineups...
[2026-08-16T06:13:44Z] Navigate: https://www.flashscore.com/match/football/1-fc-koln-WG9pOTse/hoffenheim-hQAtP9Sl/summary/lineups/?mid=lbWeVfTm
[2026-08-16T06:13:47Z] Page loaded. Waiting for statistics DOM...
[2026-08-16T06:13:48Z] Script [readiness] result prefix: {"body_text_length":4299,"ready":true,"row_count":116,"section":"lineups","title":"KOL 1-3 HOF | FC Koln v Hoffenheim 16/09/2023, Lineups - Flashscore.com | Match"}
[2026-08-16T06:13:48Z] Reading rendered DOM...
[2026-08-16T06:13:48Z] Executing extraction script for phase 4; length: 20701.
[2026-08-16T06:13:48Z] Script [extract] result prefix: {"schema_version":"1.3","section":"lineups","statistic_period":null,"source_url":"https://www.flashscore.com/match/football/1-fc-koln-WG9pOTse/hoffenheim-hQAtP9Sl/summary/lineups/?mid=lbWeVfTm","match_id":"lbWeVfTm","collected_at_utc":"2026-08-16T06:13:48.838Z","page_title":"KOL 1-3 HOF | FC Koln v Hoffenheim 16/09/2023, Lineups - Flashscore.com | Match","competition":"WORLD CUP","status":"FINISHED","date_time":"16.09.2023 17:30","home_team":"FC Koln","away_team":"Hoffenheim","score":{"home":"1"
[2026-08-16T06:13:48Z] Merged section: lineups
[2026-08-16T06:13:48Z] German Bundesliga 2023/2024: Player Stats are unavailable in the source profile.
[2026-08-16T06:13:48Z] Marked all Player Stats categories as not_available; collection continues.
[2026-08-16T06:13:48Z] Opening commentary...
[2026-08-16T06:13:48Z] Navigate: https://www.flashscore.com/match/football/1-fc-koln-WG9pOTse/hoffenheim-hQAtP9Sl/summary/live-commentary/?mid=lbWeVfTm
[2026-08-16T06:13:50Z] Page loaded. Waiting for statistics DOM...
[2026-08-16T06:13:52Z] Script [readiness] result prefix: {"body_text_length":13282,"ready":true,"row_count":258,"section":"commentary","title":"KOL 1-3 HOF | FC Koln v Hoffenheim 16/09/2023 | Football - Flashscore | Match"}
[2026-08-16T06:13:52Z] Reading rendered DOM...
[2026-08-16T06:13:52Z] Executing extraction script for phase 12; length: 11834.
[2026-08-16T06:13:52Z] Script [extract] result prefix: {"schema_version":"1.3","section":"commentary","statistic_period":null,"source_url":"https://www.flashscore.com/match/football/1-fc-koln-WG9pOTse/hoffenheim-hQAtP9Sl/summary/live-commentary/all-comments/?mid=lbWeVfTm","match_id":"lbWeVfTm","collected_at_utc":"2026-08-16T06:13:52.125Z","page_title":"KOL 1-3 HOF | FC Koln v Hoffenheim 16/09/2023 | Football - Flashscore | Match","competition":"WORLD CUP","status":"FINISHED","date_time":"16.09.2023 17:30","home_team":"FC Koln","away_team":"Hoffenhei
[2026-08-16T06:13:52Z] Merged section: commentary
[2026-08-16T06:13:52Z] Saving complete match JSON...
[2026-08-16T06:13:52Z] Player Stats category unavailable; status=not_available: top_stats
[2026-08-16T06:13:52Z] Player Stats category unavailable; status=not_available: shots
[2026-08-16T06:13:52Z] Player Stats category unavailable; status=not_available: attack
[2026-08-16T06:13:52Z] Player Stats category unavailable; status=not_available: passes
[2026-08-16T06:13:52Z] Player Stats category unavailable; status=not_available: defense
[2026-08-16T06:13:52Z] Player Stats category unavailable; status=not_available: goalkeeping
[2026-08-16T06:13:52Z] Player Stats category unavailable; status=not_available: general
[2026-08-16T06:13:52Z] Structured goals, cards and VAR events enriched.
[2026-08-16T06:13:52Z] Saved match JSON with 14 statistics: G:\Mirza\VSCode\FlashscoreFootballCollector_\Data\Matches\Bundesliga\2023_2024\2023-09-16_FC_Koln_vs_Hoffenheim_lbWeVfTm.json
[2026-08-16T06:13:52Z] Finished: 2023-09-16_FC_Koln_vs_Hoffenheim_lbWeVfTm.json
[2026-08-16T06:13:52Z] Opening overall statistics...
[2026-08-16T06:13:52Z] Navigate: https://www.flashscore.com/match/football/bochum-8Y2m6ADe/eintracht-frankfurt-8vndvXTk/summary/stats/overall/?mid=SlVaUErf
[2026-08-16T06:13:54Z] Page loaded. Waiting for statistics DOM...
[2026-08-16T06:13:56Z] Script [readiness] result prefix: {"body_text_length":3295,"ready":true,"row_count":18,"section":"statistics_overall","title":"BOC 1-1 EIN | Bochum v Eintracht Frankfurt 16/09/2023, Stats - Flashscore.com | Match"}
[2026-08-16T06:13:56Z] Reading rendered DOM...
[2026-08-16T06:13:56Z] Executing extraction script for phase 0; length: 5174.
[2026-08-16T06:13:56Z] Script [extract] result prefix: {"schema_version":"1.3","section":"statistics_overall","statistic_period":"overall","source_url":"https://www.flashscore.com/match/football/bochum-8Y2m6ADe/eintracht-frankfurt-8vndvXTk/summary/stats/overall/?mid=SlVaUErf","match_id":"SlVaUErf","collected_at_utc":"2026-08-16T06:13:56.473Z","page_title":"BOC 1-1 EIN | Bochum v Eintracht Frankfurt 16/09/2023, Stats - Flashscore.com | Match","competition":"WORLD CUP","status":"FINISHED","date_time":"16.09.2023 20:30","home_team":"Bochum","away_team"
[2026-08-16T06:13:56Z] Stored overall statistics: 13 rows.
[2026-08-16T06:13:56Z] Merged section: statistics_overall
[2026-08-16T06:13:56Z] Opening 1st half statistics...
[2026-08-16T06:13:56Z] Navigate: https://www.flashscore.com/match/football/bochum-8Y2m6ADe/eintracht-frankfurt-8vndvXTk/summary/stats/1st-half/?mid=SlVaUErf
[2026-08-16T06:13:58Z] Page loaded. Waiting for statistics DOM...
[2026-08-16T06:14:00Z] Script [readiness] result prefix: {"body_text_length":3272,"ready":true,"row_count":17,"section":"statistics_first_half","title":"BOC 1-1 EIN | Bochum v Eintracht Frankfurt 16/09/2023, Stats - Flashscore.com | Match"}
[2026-08-16T06:14:00Z] Reading rendered DOM...
[2026-08-16T06:14:00Z] Executing extraction script for phase 1; length: 5174.
[2026-08-16T06:14:00Z] Script [extract] result prefix: {"schema_version":"1.3","section":"statistics_first_half","statistic_period":"first_half","source_url":"https://www.flashscore.com/match/football/bochum-8Y2m6ADe/eintracht-frankfurt-8vndvXTk/summary/stats/1st-half/?mid=SlVaUErf","match_id":"SlVaUErf","collected_at_utc":"2026-08-16T06:14:00.144Z","page_title":"BOC 1-1 EIN | Bochum v Eintracht Frankfurt 16/09/2023, Stats - Flashscore.com | Match","competition":"WORLD CUP","status":"FINISHED","date_time":"16.09.2023 20:30","home_team":"Bochum","awa
[2026-08-16T06:14:00Z] Stored first_half statistics: 12 rows.
[2026-08-16T06:14:00Z] Merged section: statistics_first_half
[2026-08-16T06:14:00Z] Opening 2nd half statistics...
[2026-08-16T06:14:00Z] Navigate: https://www.flashscore.com/match/football/bochum-8Y2m6ADe/eintracht-frankfurt-8vndvXTk/summary/stats/2nd-half/?mid=SlVaUErf
[2026-08-16T06:14:03Z] Page loaded. Waiting for statistics DOM...
[2026-08-16T06:14:04Z] Script [readiness] result prefix: {"body_text_length":3289,"ready":true,"row_count":18,"section":"statistics_second_half","title":"BOC 1-1 EIN | Bochum v Eintracht Frankfurt 16/09/2023, Stats - Flashscore.com | Match"}
[2026-08-16T06:14:04Z] Reading rendered DOM...
[2026-08-16T06:14:04Z] Executing extraction script for phase 2; length: 5174.
[2026-08-16T06:14:04Z] Script [extract] result prefix: {"schema_version":"1.3","section":"statistics_second_half","statistic_period":"second_half","source_url":"https://www.flashscore.com/match/football/bochum-8Y2m6ADe/eintracht-frankfurt-8vndvXTk/summary/stats/2nd-half/?mid=SlVaUErf","match_id":"SlVaUErf","collected_at_utc":"2026-08-16T06:14:04.846Z","page_title":"BOC 1-1 EIN | Bochum v Eintracht Frankfurt 16/09/2023, Stats - Flashscore.com | Match","competition":"WORLD CUP","status":"FINISHED","date_time":"16.09.2023 20:30","home_team":"Bochum","a
[2026-08-16T06:14:04Z] Stored second_half statistics: 13 rows.
[2026-08-16T06:14:04Z] Merged section: statistics_second_half
[2026-08-16T06:14:04Z] Opening lineups...
[2026-08-16T06:14:05Z] Navigate: https://www.flashscore.com/match/football/bochum-8Y2m6ADe/eintracht-frankfurt-8vndvXTk/summary/lineups/?mid=SlVaUErf
[2026-08-16T06:14:07Z] Page loaded. Waiting for statistics DOM...
[2026-08-16T06:14:08Z] Script [readiness] result prefix: {"body_text_length":4342,"ready":true,"row_count":117,"section":"lineups","title":"BOC 1-1 EIN | Bochum v Eintracht Frankfurt 16/09/2023, Lineups - Flashscore.com | Match"}
[2026-08-16T06:14:08Z] Reading rendered DOM...
[2026-08-16T06:14:08Z] Executing extraction script for phase 4; length: 20701.
[2026-08-16T06:14:08Z] Script [extract] result prefix: {"schema_version":"1.3","section":"lineups","statistic_period":null,"source_url":"https://www.flashscore.com/match/football/bochum-8Y2m6ADe/eintracht-frankfurt-8vndvXTk/summary/lineups/?mid=SlVaUErf","match_id":"SlVaUErf","collected_at_utc":"2026-08-16T06:14:08.775Z","page_title":"BOC 1-1 EIN | Bochum v Eintracht Frankfurt 16/09/2023, Lineups - Flashscore.com | Match","competition":"WORLD CUP","status":"FINISHED","date_time":"16.09.2023 20:30","home_team":"Bochum","away_team":"Eintracht Frankfur
[2026-08-16T06:14:08Z] Merged section: lineups
[2026-08-16T06:14:08Z] German Bundesliga 2023/2024: Player Stats are unavailable in the source profile.
[2026-08-16T06:14:08Z] Marked all Player Stats categories as not_available; collection continues.
[2026-08-16T06:14:08Z] Opening commentary...
[2026-08-16T06:14:08Z] Navigate: https://www.flashscore.com/match/football/bochum-8Y2m6ADe/eintracht-frankfurt-8vndvXTk/summary/live-commentary/?mid=SlVaUErf
[2026-08-16T06:14:10Z] Page loaded. Waiting for statistics DOM...
[2026-08-16T06:14:12Z] Script [readiness] result prefix: {"body_text_length":9792,"ready":true,"row_count":198,"section":"commentary","title":"BOC 1-1 EIN | Bochum v Eintracht Frankfurt 16/09/2023 | Football - Flashscore | Match"}
[2026-08-16T06:14:12Z] Reading rendered DOM...
[2026-08-16T06:14:12Z] Executing extraction script for phase 12; length: 11834.
[2026-08-16T06:14:12Z] Script [extract] result prefix: {"schema_version":"1.3","section":"commentary","statistic_period":null,"source_url":"https://www.flashscore.com/match/football/bochum-8Y2m6ADe/eintracht-frankfurt-8vndvXTk/summary/live-commentary/all-comments/?mid=SlVaUErf","match_id":"SlVaUErf","collected_at_utc":"2026-08-16T06:14:12.181Z","page_title":"BOC 1-1 EIN | Bochum v Eintracht Frankfurt 16/09/2023 | Football - Flashscore | Match","competition":"WORLD CUP","status":"FINISHED","date_time":"16.09.2023 20:30","home_team":"Bochum","away_tea
[2026-08-16T06:14:12Z] Merged section: commentary
[2026-08-16T06:14:12Z] Saving complete match JSON...
[2026-08-16T06:14:12Z] Player Stats category unavailable; status=not_available: top_stats
[2026-08-16T06:14:12Z] Player Stats category unavailable; status=not_available: shots
[2026-08-16T06:14:12Z] Player Stats category unavailable; status=not_available: attack
[2026-08-16T06:14:12Z] Player Stats category unavailable; status=not_available: passes
[2026-08-16T06:14:12Z] Player Stats category unavailable; status=not_available: defense
[2026-08-16T06:14:12Z] Player Stats category unavailable; status=not_available: goalkeeping
[2026-08-16T06:14:12Z] Player Stats category unavailable; status=not_available: general
[2026-08-16T06:14:12Z] Structured goals, cards and VAR events enriched.
[2026-08-16T06:14:12Z] Saved match JSON with 13 statistics: G:\Mirza\VSCode\FlashscoreFootballCollector_\Data\Matches\Bundesliga\2023_2024\2023-09-16_Bochum_vs_Eintracht_Frankfurt_SlVaUErf.json
[2026-08-16T06:14:12Z] Finished: 2023-09-16_Bochum_vs_Eintracht_Frankfurt_SlVaUErf.json
[2026-08-16T06:14:12Z] Opening overall statistics...
[2026-08-16T06:14:12Z] Navigate: https://www.flashscore.com/match/football/heidenheim-KWixEVWi/werder-bremen-Ig1f1fy3/summary/stats/overall/?mid=MBU3TYc0
[2026-08-16T06:14:15Z] Page loaded. Waiting for statistics DOM...
[2026-08-16T06:14:17Z] Script [readiness] result prefix: {"body_text_length":3285,"ready":true,"row_count":18,"section":"statistics_overall","title":"HEI 4-2 WER | Heidenheim v Werder Bremen 17/09/2023, Stats - Flashscore.com | Match"}
[2026-08-16T06:14:17Z] Reading rendered DOM...
[2026-08-16T06:14:17Z] Executing extraction script for phase 0; length: 5174.
[2026-08-16T06:14:17Z] Script [extract] result prefix: {"schema_version":"1.3","section":"statistics_overall","statistic_period":"overall","source_url":"https://www.flashscore.com/match/football/heidenheim-KWixEVWi/werder-bremen-Ig1f1fy3/summary/stats/overall/?mid=MBU3TYc0","match_id":"MBU3TYc0","collected_at_utc":"2026-08-16T06:14:17.508Z","page_title":"HEI 4-2 WER | Heidenheim v Werder Bremen 17/09/2023, Stats - Flashscore.com | Match","competition":"WORLD CUP","status":"FINISHED","date_time":"17.09.2023 17:30","home_team":"Heidenheim","away_team"
[2026-08-16T06:14:17Z] Stored overall statistics: 13 rows.
[2026-08-16T06:14:17Z] Merged section: statistics_overall
[2026-08-16T06:14:17Z] Opening 1st half statistics...
[2026-08-16T06:14:17Z] Navigate: https://www.flashscore.com/match/football/heidenheim-KWixEVWi/werder-bremen-Ig1f1fy3/summary/stats/1st-half/?mid=MBU3TYc0
[2026-08-16T06:14:19Z] Page loaded. Waiting for statistics DOM...
[2026-08-16T06:14:21Z] Script [readiness] result prefix: {"body_text_length":3260,"ready":true,"row_count":17,"section":"statistics_first_half","title":"HEI 4-2 WER | Heidenheim v Werder Bremen 17/09/2023, Stats - Flashscore.com | Match"}
[2026-08-16T06:14:21Z] Reading rendered DOM...
[2026-08-16T06:14:21Z] Executing extraction script for phase 1; length: 5174.
[2026-08-16T06:14:21Z] Script [extract] result prefix: {"schema_version":"1.3","section":"statistics_first_half","statistic_period":"first_half","source_url":"https://www.flashscore.com/match/football/heidenheim-KWixEVWi/werder-bremen-Ig1f1fy3/summary/stats/1st-half/?mid=MBU3TYc0","match_id":"MBU3TYc0","collected_at_utc":"2026-08-16T06:14:21.356Z","page_title":"HEI 4-2 WER | Heidenheim v Werder Bremen 17/09/2023, Stats - Flashscore.com | Match","competition":"WORLD CUP","status":"FINISHED","date_time":"17.09.2023 17:30","home_team":"Heidenheim","awa
[2026-08-16T06:14:21Z] Stored first_half statistics: 12 rows.
[2026-08-16T06:14:21Z] Merged section: statistics_first_half
[2026-08-16T06:14:21Z] Opening 2nd half statistics...
[2026-08-16T06:14:21Z] Navigate: https://www.flashscore.com/match/football/heidenheim-KWixEVWi/werder-bremen-Ig1f1fy3/summary/stats/2nd-half/?mid=MBU3TYc0
[2026-08-16T06:14:23Z] Page loaded. Waiting for statistics DOM...
[2026-08-16T06:14:25Z] Script [readiness] result prefix: {"body_text_length":3276,"ready":true,"row_count":18,"section":"statistics_second_half","title":"HEI 4-2 WER | Heidenheim v Werder Bremen 17/09/2023, Stats - Flashscore.com | Match"}
[2026-08-16T06:14:25Z] Reading rendered DOM...
[2026-08-16T06:14:25Z] Executing extraction script for phase 2; length: 5174.
[2026-08-16T06:14:25Z] Script [extract] result prefix: {"schema_version":"1.3","section":"statistics_second_half","statistic_period":"second_half","source_url":"https://www.flashscore.com/match/football/heidenheim-KWixEVWi/werder-bremen-Ig1f1fy3/summary/stats/2nd-half/?mid=MBU3TYc0","match_id":"MBU3TYc0","collected_at_utc":"2026-08-16T06:14:25.250Z","page_title":"HEI 4-2 WER | Heidenheim v Werder Bremen 17/09/2023, Stats - Flashscore.com | Match","competition":"WORLD CUP","status":"FINISHED","date_time":"17.09.2023 17:30","home_team":"Heidenheim","a
[2026-08-16T06:14:25Z] Stored second_half statistics: 13 rows.
[2026-08-16T06:14:25Z] Merged section: statistics_second_half
[2026-08-16T06:14:25Z] Opening lineups...
[2026-08-16T06:14:25Z] Navigate: https://www.flashscore.com/match/football/heidenheim-KWixEVWi/werder-bremen-Ig1f1fy3/summary/lineups/?mid=MBU3TYc0
[2026-08-16T06:14:27Z] Page loaded. Waiting for statistics DOM...
[2026-08-16T06:14:29Z] Script [readiness] result prefix: {"body_text_length":4160,"ready":true,"row_count":110,"section":"lineups","title":"HEI 4-2 WER | Heidenheim v Werder Bremen 17/09/2023, Lineups - Flashscore.com | Match"}
[2026-08-16T06:14:29Z] Reading rendered DOM...
[2026-08-16T06:14:29Z] Executing extraction script for phase 4; length: 20701.
[2026-08-16T06:14:29Z] Script [extract] result prefix: {"schema_version":"1.3","section":"lineups","statistic_period":null,"source_url":"https://www.flashscore.com/match/football/heidenheim-KWixEVWi/werder-bremen-Ig1f1fy3/summary/lineups/?mid=MBU3TYc0","match_id":"MBU3TYc0","collected_at_utc":"2026-08-16T06:14:29.152Z","page_title":"HEI 4-2 WER | Heidenheim v Werder Bremen 17/09/2023, Lineups - Flashscore.com | Match","competition":"WORLD CUP","status":"FINISHED","date_time":"17.09.2023 17:30","home_team":"Heidenheim","away_team":"Werder Bremen","sc
[2026-08-16T06:14:29Z] Merged section: lineups
[2026-08-16T06:14:29Z] German Bundesliga 2023/2024: Player Stats are unavailable in the source profile.
[2026-08-16T06:14:29Z] Marked all Player Stats categories as not_available; collection continues.
[2026-08-16T06:14:29Z] Opening commentary...
[2026-08-16T06:14:29Z] Navigate: https://www.flashscore.com/match/football/heidenheim-KWixEVWi/werder-bremen-Ig1f1fy3/summary/live-commentary/?mid=MBU3TYc0
[2026-08-16T06:14:32Z] Page loaded. Waiting for statistics DOM...
[2026-08-16T06:14:33Z] Script [readiness] result prefix: {"body_text_length":13589,"ready":true,"row_count":247,"section":"commentary","title":"HEI 4-2 WER | Heidenheim v Werder Bremen 17/09/2023 | Football - Flashscore | Match"}
[2026-08-16T06:14:33Z] Reading rendered DOM...
[2026-08-16T06:14:33Z] Executing extraction script for phase 12; length: 11834.
[2026-08-16T06:14:33Z] Script [extract] result prefix: {"schema_version":"1.3","section":"commentary","statistic_period":null,"source_url":"https://www.flashscore.com/match/football/heidenheim-KWixEVWi/werder-bremen-Ig1f1fy3/summary/live-commentary/all-comments/?mid=MBU3TYc0","match_id":"MBU3TYc0","collected_at_utc":"2026-08-16T06:14:33.968Z","page_title":"HEI 4-2 WER | Heidenheim v Werder Bremen 17/09/2023 | Football - Flashscore | Match","competition":"WORLD CUP","status":"FINISHED","date_time":"17.09.2023 17:30","home_team":"Heidenheim","away_tea
[2026-08-16T06:14:33Z] Merged section: commentary
[2026-08-16T06:14:34Z] Saving complete match JSON...
[2026-08-16T06:14:34Z] Player Stats category unavailable; status=not_available: top_stats
[2026-08-16T06:14:34Z] Player Stats category unavailable; status=not_available: shots
[2026-08-16T06:14:34Z] Player Stats category unavailable; status=not_available: attack
[2026-08-16T06:14:34Z] Player Stats category unavailable; status=not_available: passes
[2026-08-16T06:14:34Z] Player Stats category unavailable; status=not_available: defense
[2026-08-16T06:14:34Z] Player Stats category unavailable; status=not_available: goalkeeping
[2026-08-16T06:14:34Z] Player Stats category unavailable; status=not_available: general
[2026-08-16T06:14:34Z] Structured goals, cards and VAR events enriched.
[2026-08-16T06:14:34Z] Saved match JSON with 13 statistics: G:\Mirza\VSCode\FlashscoreFootballCollector_\Data\Matches\Bundesliga\2023_2024\2023-09-17_Heidenheim_vs_Werder_Bremen_MBU3TYc0.json
[2026-08-16T06:14:34Z] Finished: 2023-09-17_Heidenheim_vs_Werder_Bremen_MBU3TYc0.json
[2026-08-16T06:14:34Z] Opening overall statistics...
[2026-08-16T06:14:34Z] Navigate: https://www.flashscore.com/match/football/b-monchengladbach-88HSzjDr/darmstadt-S0hPB9rA/summary/stats/overall/?mid=zFY7ShD6
[2026-08-16T06:14:36Z] Page loaded. Waiting for statistics DOM...
[2026-08-16T06:14:38Z] Script [readiness] result prefix: {"body_text_length":3319,"ready":true,"row_count":19,"section":"statistics_overall","title":"DAR 3-3 MON | Darmstadt v B. Monchengladbach 17/09/2023, Stats - Flashscore.com | Match"}
[2026-08-16T06:14:38Z] Reading rendered DOM...
[2026-08-16T06:14:38Z] Executing extraction script for phase 0; length: 5174.
[2026-08-16T06:14:38Z] Script [extract] result prefix: {"schema_version":"1.3","section":"statistics_overall","statistic_period":"overall","source_url":"https://www.flashscore.com/match/football/b-monchengladbach-88HSzjDr/darmstadt-S0hPB9rA/summary/stats/overall/?mid=zFY7ShD6","match_id":"zFY7ShD6","collected_at_utc":"2026-08-16T06:14:38.408Z","page_title":"DAR 3-3 MON | Darmstadt v B. Monchengladbach 17/09/2023, Stats - Flashscore.com | Match","competition":"WORLD CUP","status":"FINISHED","date_time":"17.09.2023 19:30","home_team":"Darmstadt","away
[2026-08-16T06:14:38Z] Stored overall statistics: 14 rows.
[2026-08-16T06:14:38Z] Merged section: statistics_overall
[2026-08-16T06:14:38Z] Opening 1st half statistics...
[2026-08-16T06:14:38Z] Navigate: https://www.flashscore.com/match/football/b-monchengladbach-88HSzjDr/darmstadt-S0hPB9rA/summary/stats/1st-half/?mid=zFY7ShD6
[2026-08-16T06:14:41Z] Page loaded. Waiting for statistics DOM...
[2026-08-16T06:14:42Z] Script [readiness] result prefix: {"body_text_length":3298,"ready":true,"row_count":18,"section":"statistics_first_half","title":"DAR 3-3 MON | Darmstadt v B. Monchengladbach 17/09/2023, Stats - Flashscore.com | Match"}
[2026-08-16T06:14:42Z] Reading rendered DOM...
[2026-08-16T06:14:42Z] Executing extraction script for phase 1; length: 5174.
[2026-08-16T06:14:43Z] Script [extract] result prefix: {"schema_version":"1.3","section":"statistics_first_half","statistic_period":"first_half","source_url":"https://www.flashscore.com/match/football/b-monchengladbach-88HSzjDr/darmstadt-S0hPB9rA/summary/stats/1st-half/?mid=zFY7ShD6","match_id":"zFY7ShD6","collected_at_utc":"2026-08-16T06:14:43.021Z","page_title":"DAR 3-3 MON | Darmstadt v B. Monchengladbach 17/09/2023, Stats - Flashscore.com | Match","competition":"WORLD CUP","status":"FINISHED","date_time":"17.09.2023 19:30","home_team":"Darmstadt
[2026-08-16T06:14:43Z] Stored first_half statistics: 13 rows.
[2026-08-16T06:14:43Z] Merged section: statistics_first_half
[2026-08-16T06:14:43Z] Opening 2nd half statistics...
[2026-08-16T06:14:43Z] Navigate: https://www.flashscore.com/match/football/b-monchengladbach-88HSzjDr/darmstadt-S0hPB9rA/summary/stats/2nd-half/?mid=zFY7ShD6
[2026-08-16T06:14:46Z] Page loaded. Waiting for statistics DOM...
[2026-08-16T06:14:47Z] Script [readiness] result prefix: {"body_text_length":3308,"ready":true,"row_count":19,"section":"statistics_second_half","title":"DAR 3-3 MON | Darmstadt v B. Monchengladbach 17/09/2023, Stats - Flashscore.com | Match"}
[2026-08-16T06:14:47Z] Reading rendered DOM...
[2026-08-16T06:14:47Z] Executing extraction script for phase 2; length: 5174.
[2026-08-16T06:14:47Z] Script [extract] result prefix: {"schema_version":"1.3","section":"statistics_second_half","statistic_period":"second_half","source_url":"https://www.flashscore.com/match/football/b-monchengladbach-88HSzjDr/darmstadt-S0hPB9rA/summary/stats/2nd-half/?mid=zFY7ShD6","match_id":"zFY7ShD6","collected_at_utc":"2026-08-16T06:14:47.951Z","page_title":"DAR 3-3 MON | Darmstadt v B. Monchengladbach 17/09/2023, Stats - Flashscore.com | Match","competition":"WORLD CUP","status":"FINISHED","date_time":"17.09.2023 19:30","home_team":"Darmsta
[2026-08-16T06:14:47Z] Stored second_half statistics: 14 rows.
[2026-08-16T06:14:48Z] Merged section: statistics_second_half
[2026-08-16T06:14:48Z] Opening lineups...
[2026-08-16T06:14:48Z] Navigate: https://www.flashscore.com/match/football/b-monchengladbach-88HSzjDr/darmstadt-S0hPB9rA/summary/lineups/?mid=zFY7ShD6
[2026-08-16T06:14:50Z] Page loaded. Waiting for statistics DOM...
[2026-08-16T06:14:52Z] Script [readiness] result prefix: {"body_text_length":4386,"ready":true,"row_count":119,"section":"lineups","title":"DAR 3-3 MON | Darmstadt v B. Monchengladbach 17/09/2023, Lineups - Flashscore.com | Match"}
[2026-08-16T06:14:52Z] Reading rendered DOM...
[2026-08-16T06:14:52Z] Executing extraction script for phase 4; length: 20701.
[2026-08-16T06:14:52Z] Script [extract] result prefix: {"schema_version":"1.3","section":"lineups","statistic_period":null,"source_url":"https://www.flashscore.com/match/football/b-monchengladbach-88HSzjDr/darmstadt-S0hPB9rA/summary/lineups/?mid=zFY7ShD6","match_id":"zFY7ShD6","collected_at_utc":"2026-08-16T06:14:52.651Z","page_title":"DAR 3-3 MON | Darmstadt v B. Monchengladbach 17/09/2023, Lineups - Flashscore.com | Match","competition":"WORLD CUP","status":"FINISHED","date_time":"17.09.2023 19:30","home_team":"Darmstadt","away_team":"B. Monchengl
[2026-08-16T06:14:52Z] Merged section: lineups
[2026-08-16T06:14:52Z] German Bundesliga 2023/2024: Player Stats are unavailable in the source profile.
[2026-08-16T06:14:52Z] Marked all Player Stats categories as not_available; collection continues.
[2026-08-16T06:14:52Z] Opening commentary...
[2026-08-16T06:14:53Z] Navigate: https://www.flashscore.com/match/football/b-monchengladbach-88HSzjDr/darmstadt-S0hPB9rA/summary/live-commentary/?mid=zFY7ShD6
[2026-08-16T06:14:55Z] Page loaded. Waiting for statistics DOM...
[2026-08-16T06:14:56Z] Script [readiness] result prefix: {"body_text_length":13951,"ready":true,"row_count":244,"section":"commentary","title":"DAR 3-3 MON | Darmstadt v B. Monchengladbach 17/09/2023 | Football - Flashscore | Match"}
[2026-08-16T06:14:56Z] Reading rendered DOM...
[2026-08-16T06:14:56Z] Executing extraction script for phase 12; length: 11834.
[2026-08-16T06:14:56Z] Script [extract] result prefix: {"schema_version":"1.3","section":"commentary","statistic_period":null,"source_url":"https://www.flashscore.com/match/football/b-monchengladbach-88HSzjDr/darmstadt-S0hPB9rA/summary/live-commentary/all-comments/?mid=zFY7ShD6","match_id":"zFY7ShD6","collected_at_utc":"2026-08-16T06:14:56.895Z","page_title":"DAR 3-3 MON | Darmstadt v B. Monchengladbach 17/09/2023 | Football - Flashscore | Match","competition":"WORLD CUP","status":"FINISHED","date_time":"17.09.2023 19:30","home_team":"Darmstadt","aw
[2026-08-16T06:14:56Z] Merged section: commentary
[2026-08-16T06:14:56Z] Saving complete match JSON...
[2026-08-16T06:14:56Z] Player Stats category unavailable; status=not_available: top_stats
[2026-08-16T06:14:57Z] Player Stats category unavailable; status=not_available: shots
[2026-08-16T06:14:57Z] Player Stats category unavailable; status=not_available: attack
[2026-08-16T06:14:57Z] Player Stats category unavailable; status=not_available: passes
[2026-08-16T06:14:57Z] Player Stats category unavailable; status=not_available: defense
[2026-08-16T06:14:57Z] Player Stats category unavailable; status=not_available: goalkeeping
[2026-08-16T06:14:57Z] Player Stats category unavailable; status=not_available: general
[2026-08-16T06:14:58Z] Structured goals, cards and VAR events enriched.
[2026-08-16T06:14:58Z] Saved match JSON with 14 statistics: G:\Mirza\VSCode\FlashscoreFootballCollector_\Data\Matches\Bundesliga\2023_2024\2023-09-17_Darmstadt_vs_B._Monchengladbach_zFY7ShD6.json
[2026-08-16T06:14:58Z] Finished: 2023-09-17_Darmstadt_vs_B._Monchengladbach_zFY7ShD6.json
[2026-08-16T06:14:58Z] Opening overall statistics...
[2026-08-16T06:14:58Z] Navigate: https://www.flashscore.com/match/football/darmstadt-S0hPB9rA/vfb-stuttgart-nJQmYp1B/summary/stats/overall/?mid=bBbotCs6
[2026-08-16T06:15:01Z] Page loaded. Waiting for statistics DOM...
[2026-08-16T06:15:02Z] Script [readiness] result prefix: {"body_text_length":3257,"ready":true,"row_count":18,"section":"statistics_overall","title":"STU 3-1 DAR | Stuttgart v Darmstadt 22/09/2023, Stats - Flashscore.com | Match"}
[2026-08-16T06:15:02Z] Reading rendered DOM...
[2026-08-16T06:15:02Z] Executing extraction script for phase 0; length: 5174.
[2026-08-16T06:15:02Z] Script [extract] result prefix: {"schema_version":"1.3","section":"statistics_overall","statistic_period":"overall","source_url":"https://www.flashscore.com/match/football/darmstadt-S0hPB9rA/vfb-stuttgart-nJQmYp1B/summary/stats/overall/?mid=bBbotCs6","match_id":"bBbotCs6","collected_at_utc":"2026-08-16T06:15:02.890Z","page_title":"STU 3-1 DAR | Stuttgart v Darmstadt 22/09/2023, Stats - Flashscore.com | Match","competition":"WORLD CUP","status":"FINISHED","date_time":"22.09.2023 22:30","home_team":"Stuttgart","away_team":"Darms
[2026-08-16T06:15:02Z] Stored overall statistics: 13 rows.
[2026-08-16T06:15:02Z] Merged section: statistics_overall
[2026-08-16T06:15:02Z] Opening 1st half statistics...
[2026-08-16T06:15:03Z] Navigate: https://www.flashscore.com/match/football/darmstadt-S0hPB9rA/vfb-stuttgart-nJQmYp1B/summary/stats/1st-half/?mid=bBbotCs6
[2026-08-16T06:15:05Z] Page loaded. Waiting for statistics DOM...
[2026-08-16T06:15:07Z] Script [readiness] result prefix: {"body_text_length":3249,"ready":true,"row_count":18,"section":"statistics_first_half","title":"STU 3-1 DAR | Stuttgart v Darmstadt 22/09/2023, Stats - Flashscore.com | Match"}
[2026-08-16T06:15:07Z] Reading rendered DOM...
[2026-08-16T06:15:07Z] Executing extraction script for phase 1; length: 5174.
[2026-08-16T06:15:07Z] Script [extract] result prefix: {"schema_version":"1.3","section":"statistics_first_half","statistic_period":"first_half","source_url":"https://www.flashscore.com/match/football/darmstadt-S0hPB9rA/vfb-stuttgart-nJQmYp1B/summary/stats/1st-half/?mid=bBbotCs6","match_id":"bBbotCs6","collected_at_utc":"2026-08-16T06:15:07.656Z","page_title":"STU 3-1 DAR | Stuttgart v Darmstadt 22/09/2023, Stats - Flashscore.com | Match","competition":"WORLD CUP","status":"FINISHED","date_time":"22.09.2023 22:30","home_team":"Stuttgart","away_team"
[2026-08-16T06:15:07Z] Stored first_half statistics: 13 rows.
[2026-08-16T06:15:07Z] Merged section: statistics_first_half
[2026-08-16T06:15:07Z] Opening 2nd half statistics...
[2026-08-16T06:15:08Z] Navigate: https://www.flashscore.com/match/football/darmstadt-S0hPB9rA/vfb-stuttgart-nJQmYp1B/summary/stats/2nd-half/?mid=bBbotCs6
[2026-08-16T06:15:10Z] Page loaded. Waiting for statistics DOM...
[2026-08-16T06:15:11Z] Script [readiness] result prefix: {"body_text_length":3251,"ready":true,"row_count":18,"section":"statistics_second_half","title":"STU 3-1 DAR | Stuttgart v Darmstadt 22/09/2023, Stats - Flashscore.com | Match"}
[2026-08-16T06:15:11Z] Reading rendered DOM...
[2026-08-16T06:15:11Z] Executing extraction script for phase 2; length: 5174.
[2026-08-16T06:15:11Z] Script [extract] result prefix: {"schema_version":"1.3","section":"statistics_second_half","statistic_period":"second_half","source_url":"https://www.flashscore.com/match/football/darmstadt-S0hPB9rA/vfb-stuttgart-nJQmYp1B/summary/stats/2nd-half/?mid=bBbotCs6","match_id":"bBbotCs6","collected_at_utc":"2026-08-16T06:15:11.722Z","page_title":"STU 3-1 DAR | Stuttgart v Darmstadt 22/09/2023, Stats - Flashscore.com | Match","competition":"WORLD CUP","status":"FINISHED","date_time":"22.09.2023 22:30","home_team":"Stuttgart","away_tea
[2026-08-16T06:15:11Z] Stored second_half statistics: 13 rows.
[2026-08-16T06:15:11Z] Merged section: statistics_second_half
[2026-08-16T06:15:11Z] Opening lineups...
[2026-08-16T06:15:11Z] Navigate: https://www.flashscore.com/match/football/darmstadt-S0hPB9rA/vfb-stuttgart-nJQmYp1B/summary/lineups/?mid=bBbotCs6
[2026-08-16T06:15:13Z] Page loaded. Waiting for statistics DOM...
[2026-08-16T06:15:15Z] Script [readiness] result prefix: {"body_text_length":4311,"ready":true,"row_count":117,"section":"lineups","title":"STU 3-1 DAR | Stuttgart v Darmstadt 22/09/2023, Lineups - Flashscore.com | Match"}
[2026-08-16T06:15:15Z] Reading rendered DOM...
[2026-08-16T06:15:15Z] Executing extraction script for phase 4; length: 20701.
[2026-08-16T06:15:15Z] Script [extract] result prefix: {"schema_version":"1.3","section":"lineups","statistic_period":null,"source_url":"https://www.flashscore.com/match/football/darmstadt-S0hPB9rA/vfb-stuttgart-nJQmYp1B/summary/lineups/?mid=bBbotCs6","match_id":"bBbotCs6","collected_at_utc":"2026-08-16T06:15:15.532Z","page_title":"STU 3-1 DAR | Stuttgart v Darmstadt 22/09/2023, Lineups - Flashscore.com | Match","competition":"WORLD CUP","status":"FINISHED","date_time":"22.09.2023 22:30","home_team":"Stuttgart","away_team":"Darmstadt","score":{"home
[2026-08-16T06:15:15Z] Merged section: lineups
[2026-08-16T06:15:15Z] German Bundesliga 2023/2024: Player Stats are unavailable in the source profile.
[2026-08-16T06:15:15Z] Marked all Player Stats categories as not_available; collection continues.
[2026-08-16T06:15:15Z] Opening commentary...
[2026-08-16T06:15:15Z] Navigate: https://www.flashscore.com/match/football/darmstadt-S0hPB9rA/vfb-stuttgart-nJQmYp1B/summary/live-commentary/?mid=bBbotCs6
[2026-08-16T06:15:17Z] Page loaded. Waiting for statistics DOM...
[2026-08-16T06:15:19Z] Script [readiness] result prefix: {"body_text_length":13547,"ready":true,"row_count":257,"section":"commentary","title":"STU 3-1 DAR | Stuttgart v Darmstadt 22/09/2023 | Football - Flashscore | Match"}
[2026-08-16T06:15:19Z] Reading rendered DOM...
[2026-08-16T06:15:19Z] Executing extraction script for phase 12; length: 11834.
[2026-08-16T06:15:19Z] Script [extract] result prefix: {"schema_version":"1.3","section":"commentary","statistic_period":null,"source_url":"https://www.flashscore.com/match/football/darmstadt-S0hPB9rA/vfb-stuttgart-nJQmYp1B/summary/live-commentary/all-comments/?mid=bBbotCs6","match_id":"bBbotCs6","collected_at_utc":"2026-08-16T06:15:19.208Z","page_title":"STU 3-1 DAR | Stuttgart v Darmstadt 22/09/2023 | Football - Flashscore | Match","competition":"WORLD CUP","status":"FINISHED","date_time":"22.09.2023 22:30","home_team":"Stuttgart","away_team":"Dar
[2026-08-16T06:15:19Z] Merged section: commentary
[2026-08-16T06:15:19Z] Saving complete match JSON...
[2026-08-16T06:15:19Z] Player Stats category unavailable; status=not_available: top_stats
[2026-08-16T06:15:19Z] Player Stats category unavailable; status=not_available: shots
[2026-08-16T06:15:19Z] Player Stats category unavailable; status=not_available: attack
[2026-08-16T06:15:19Z] Player Stats category unavailable; status=not_available: passes
[2026-08-16T06:15:19Z] Player Stats category unavailable; status=not_available: defense
[2026-08-16T06:15:19Z] Player Stats category unavailable; status=not_available: goalkeeping
[2026-08-16T06:15:19Z] Player Stats category unavailable; status=not_available: general
[2026-08-16T06:15:19Z] Structured goals, cards and VAR events enriched.
[2026-08-16T06:15:19Z] Saved match JSON with 13 statistics: G:\Mirza\VSCode\FlashscoreFootballCollector_\Data\Matches\Bundesliga\2023_2024\2023-09-22_Stuttgart_vs_Darmstadt_bBbotCs6.json
[2026-08-16T06:15:19Z] Finished: 2023-09-22_Stuttgart_vs_Darmstadt_bBbotCs6.json
[2026-08-16T06:15:19Z] Opening overall statistics...
[2026-08-16T06:15:19Z] Navigate: https://www.flashscore.com/match/football/hoffenheim-hQAtP9Sl/union-berlin-pzHW4oaE/summary/stats/overall/?mid=AoQckGKJ
[2026-08-16T06:15:21Z] Page loaded. Waiting for statistics DOM...
[2026-08-16T06:15:23Z] Script [readiness] result prefix: {"body_text_length":3282,"ready":true,"row_count":18,"section":"statistics_overall","title":"UNI 0-2 HOF | Union Berlin v Hoffenheim 23/09/2023, Stats - Flashscore.com | Match"}
[2026-08-16T06:15:23Z] Reading rendered DOM...
[2026-08-16T06:15:23Z] Executing extraction script for phase 0; length: 5174.
[2026-08-16T06:15:23Z] Script [extract] result prefix: {"schema_version":"1.3","section":"statistics_overall","statistic_period":"overall","source_url":"https://www.flashscore.com/match/football/hoffenheim-hQAtP9Sl/union-berlin-pzHW4oaE/summary/stats/overall/?mid=AoQckGKJ","match_id":"AoQckGKJ","collected_at_utc":"2026-08-16T06:15:23.673Z","page_title":"UNI 0-2 HOF | Union Berlin v Hoffenheim 23/09/2023, Stats - Flashscore.com | Match","competition":"WORLD CUP","status":"FINISHED","date_time":"23.09.2023 17:30","home_team":"Union Berlin","away_team"
[2026-08-16T06:15:23Z] Stored overall statistics: 13 rows.
[2026-08-16T06:15:23Z] Merged section: statistics_overall
[2026-08-16T06:15:23Z] Opening 1st half statistics...
[2026-08-16T06:15:24Z] Navigate: https://www.flashscore.com/match/football/hoffenheim-hQAtP9Sl/union-berlin-pzHW4oaE/summary/stats/1st-half/?mid=AoQckGKJ
[2026-08-16T06:15:27Z] Page loaded. Waiting for statistics DOM...
[2026-08-16T06:15:28Z] Script [readiness] result prefix: {"body_text_length":3270,"ready":true,"row_count":18,"section":"statistics_first_half","title":"UNI 0-2 HOF | Union Berlin v Hoffenheim 23/09/2023, Stats - Flashscore.com | Match"}
[2026-08-16T06:15:28Z] Reading rendered DOM...
[2026-08-16T06:15:28Z] Executing extraction script for phase 1; length: 5174.
[2026-08-16T06:15:28Z] Script [extract] result prefix: {"schema_version":"1.3","section":"statistics_first_half","statistic_period":"first_half","source_url":"https://www.flashscore.com/match/football/hoffenheim-hQAtP9Sl/union-berlin-pzHW4oaE/summary/stats/1st-half/?mid=AoQckGKJ","match_id":"AoQckGKJ","collected_at_utc":"2026-08-16T06:15:28.690Z","page_title":"UNI 0-2 HOF | Union Berlin v Hoffenheim 23/09/2023, Stats - Flashscore.com | Match","competition":"WORLD CUP","status":"FINISHED","date_time":"23.09.2023 17:30","home_team":"Union Berlin","awa
[2026-08-16T06:15:28Z] Stored first_half statistics: 13 rows.
[2026-08-16T06:15:28Z] Merged section: statistics_first_half
[2026-08-16T06:15:28Z] Opening 2nd half statistics...
[2026-08-16T06:15:28Z] Navigate: https://www.flashscore.com/match/football/hoffenheim-hQAtP9Sl/union-berlin-pzHW4oaE/summary/stats/2nd-half/?mid=AoQckGKJ
[2026-08-16T06:15:31Z] Page loaded. Waiting for statistics DOM...
[2026-08-16T06:15:32Z] Script [readiness] result prefix: {"body_text_length":3272,"ready":true,"row_count":18,"section":"statistics_second_half","title":"UNI 0-2 HOF | Union Berlin v Hoffenheim 23/09/2023, Stats - Flashscore.com | Match"}
[2026-08-16T06:15:32Z] Reading rendered DOM...
[2026-08-16T06:15:32Z] Executing extraction script for phase 2; length: 5174.
[2026-08-16T06:15:32Z] Script [extract] result prefix: {"schema_version":"1.3","section":"statistics_second_half","statistic_period":"second_half","source_url":"https://www.flashscore.com/match/football/hoffenheim-hQAtP9Sl/union-berlin-pzHW4oaE/summary/stats/2nd-half/?mid=AoQckGKJ","match_id":"AoQckGKJ","collected_at_utc":"2026-08-16T06:15:32.775Z","page_title":"UNI 0-2 HOF | Union Berlin v Hoffenheim 23/09/2023, Stats - Flashscore.com | Match","competition":"WORLD CUP","status":"FINISHED","date_time":"23.09.2023 17:30","home_team":"Union Berlin","a
[2026-08-16T06:15:32Z] Stored second_half statistics: 13 rows.
[2026-08-16T06:15:32Z] Merged section: statistics_second_half
[2026-08-16T06:15:32Z] Opening lineups...
[2026-08-16T06:15:33Z] Navigate: https://www.flashscore.com/match/football/hoffenheim-hQAtP9Sl/union-berlin-pzHW4oaE/summary/lineups/?mid=AoQckGKJ
[2026-08-16T06:15:34Z] Page loaded. Waiting for statistics DOM...
[2026-08-16T06:15:36Z] Script [readiness] result prefix: {"body_text_length":4348,"ready":true,"row_count":117,"section":"lineups","title":"UNI 0-2 HOF | Union Berlin v Hoffenheim 23/09/2023, Lineups - Flashscore.com | Match"}
[2026-08-16T06:15:36Z] Reading rendered DOM...
[2026-08-16T06:15:36Z] Executing extraction script for phase 4; length: 20701.
[2026-08-16T06:15:36Z] Script [extract] result prefix: {"schema_version":"1.3","section":"lineups","statistic_period":null,"source_url":"https://www.flashscore.com/match/football/hoffenheim-hQAtP9Sl/union-berlin-pzHW4oaE/summary/lineups/?mid=AoQckGKJ","match_id":"AoQckGKJ","collected_at_utc":"2026-08-16T06:15:36.490Z","page_title":"UNI 0-2 HOF | Union Berlin v Hoffenheim 23/09/2023, Lineups - Flashscore.com | Match","competition":"WORLD CUP","status":"FINISHED","date_time":"23.09.2023 17:30","home_team":"Union Berlin","away_team":"Hoffenheim","score
[2026-08-16T06:15:36Z] Merged section: lineups
[2026-08-16T06:15:36Z] German Bundesliga 2023/2024: Player Stats are unavailable in the source profile.
[2026-08-16T06:15:36Z] Marked all Player Stats categories as not_available; collection continues.
[2026-08-16T06:15:36Z] Opening commentary...
[2026-08-16T06:15:36Z] Navigate: https://www.flashscore.com/match/football/hoffenheim-hQAtP9Sl/union-berlin-pzHW4oaE/summary/live-commentary/?mid=AoQckGKJ
[2026-08-16T06:15:38Z] Page loaded. Waiting for statistics DOM...
[2026-08-16T06:15:39Z] Script [readiness] result prefix: {"body_text_length":11934,"ready":true,"row_count":255,"section":"commentary","title":"UNI 0-2 HOF | Union Berlin v Hoffenheim 23/09/2023 | Football - Flashscore | Match"}
[2026-08-16T06:15:39Z] Reading rendered DOM...
[2026-08-16T06:15:40Z] Executing extraction script for phase 12; length: 11834.
[2026-08-16T06:15:40Z] Script [extract] result prefix: {"schema_version":"1.3","section":"commentary","statistic_period":null,"source_url":"https://www.flashscore.com/match/football/hoffenheim-hQAtP9Sl/union-berlin-pzHW4oaE/summary/live-commentary/all-comments/?mid=AoQckGKJ","match_id":"AoQckGKJ","collected_at_utc":"2026-08-16T06:15:40.044Z","page_title":"UNI 0-2 HOF | Union Berlin v Hoffenheim 23/09/2023 | Football - Flashscore | Match","competition":"WORLD CUP","status":"FINISHED","date_time":"23.09.2023 17:30","home_team":"Union Berlin","away_tea
[2026-08-16T06:15:40Z] Merged section: commentary
[2026-08-16T06:15:40Z] Saving complete match JSON...
[2026-08-16T06:15:40Z] Player Stats category unavailable; status=not_available: top_stats
[2026-08-16T06:15:40Z] Player Stats category unavailable; status=not_available: shots
[2026-08-16T06:15:40Z] Player Stats category unavailable; status=not_available: attack
[2026-08-16T06:15:40Z] Player Stats category unavailable; status=not_available: passes
[2026-08-16T06:15:40Z] Player Stats category unavailable; status=not_available: defense
[2026-08-16T06:15:40Z] Player Stats category unavailable; status=not_available: goalkeeping
[2026-08-16T06:15:40Z] Player Stats category unavailable; status=not_available: general
[2026-08-16T06:15:40Z] Structured goals, cards and VAR events enriched.
[2026-08-16T06:15:40Z] Saved match JSON with 13 statistics: G:\Mirza\VSCode\FlashscoreFootballCollector_\Data\Matches\Bundesliga\2023_2024\2023-09-23_Union_Berlin_vs_Hoffenheim_AoQckGKJ.json
[2026-08-16T06:15:40Z] Finished: 2023-09-23_Union_Berlin_vs_Hoffenheim_AoQckGKJ.json
[2026-08-16T06:15:40Z] Opening overall statistics...
[2026-08-16T06:15:41Z] Navigate: https://www.flashscore.com/match/football/dortmund-nP1i5US1/wolfsburg-nwkTahLL/summary/stats/overall/?mid=dUMGQWsJ
[2026-08-16T06:15:43Z] Page loaded. Waiting for statistics DOM...
[2026-08-16T06:15:45Z] Script [readiness] result prefix: {"body_text_length":3251,"ready":true,"row_count":18,"section":"statistics_overall","title":"DOR 1-0 WOL | Dortmund v Wolfsburg 23/09/2023, Stats - Flashscore.com | Match"}
[2026-08-16T06:15:45Z] Reading rendered DOM...
[2026-08-16T06:15:46Z] Executing extraction script for phase 0; length: 5174.
[2026-08-16T06:15:46Z] Script [extract] result prefix: {"schema_version":"1.3","section":"statistics_overall","statistic_period":"overall","source_url":"https://www.flashscore.com/match/football/dortmund-nP1i5US1/wolfsburg-nwkTahLL/summary/stats/overall/?mid=dUMGQWsJ","match_id":"dUMGQWsJ","collected_at_utc":"2026-08-16T06:15:46.043Z","page_title":"DOR 1-0 WOL | Dortmund v Wolfsburg 23/09/2023, Stats - Flashscore.com | Match","competition":"WORLD CUP","status":"FINISHED","date_time":"23.09.2023 17:30","home_team":"Dortmund","away_team":"Wolfsburg","
[2026-08-16T06:15:46Z] Stored overall statistics: 13 rows.
[2026-08-16T06:15:46Z] Merged section: statistics_overall
[2026-08-16T06:15:46Z] Opening 1st half statistics...
[2026-08-16T06:15:46Z] Navigate: https://www.flashscore.com/match/football/dortmund-nP1i5US1/wolfsburg-nwkTahLL/summary/stats/1st-half/?mid=dUMGQWsJ
[2026-08-16T06:15:48Z] Page loaded. Waiting for statistics DOM...
[2026-08-16T06:15:49Z] Script [readiness] result prefix: {"body_text_length":3246,"ready":true,"row_count":18,"section":"statistics_first_half","title":"DOR 1-0 WOL | Dortmund v Wolfsburg 23/09/2023, Stats - Flashscore.com | Match"}
[2026-08-16T06:15:49Z] Reading rendered DOM...
[2026-08-16T06:15:49Z] Executing extraction script for phase 1; length: 5174.
[2026-08-16T06:15:49Z] Script [extract] result prefix: {"schema_version":"1.3","section":"statistics_first_half","statistic_period":"first_half","source_url":"https://www.flashscore.com/match/football/dortmund-nP1i5US1/wolfsburg-nwkTahLL/summary/stats/1st-half/?mid=dUMGQWsJ","match_id":"dUMGQWsJ","collected_at_utc":"2026-08-16T06:15:49.870Z","page_title":"DOR 1-0 WOL | Dortmund v Wolfsburg 23/09/2023, Stats - Flashscore.com | Match","competition":"WORLD CUP","status":"FINISHED","date_time":"23.09.2023 17:30","home_team":"Dortmund","away_team":"Wolfs
[2026-08-16T06:15:49Z] Stored first_half statistics: 13 rows.
[2026-08-16T06:15:49Z] Merged section: statistics_first_half
[2026-08-16T06:15:49Z] Opening 2nd half statistics...
[2026-08-16T06:15:49Z] Navigate: https://www.flashscore.com/match/football/dortmund-nP1i5US1/wolfsburg-nwkTahLL/summary/stats/2nd-half/?mid=dUMGQWsJ
[2026-08-16T06:15:52Z] Page loaded. Waiting for statistics DOM...
[2026-08-16T06:15:53Z] Script [readiness] result prefix: {"body_text_length":3231,"ready":true,"row_count":17,"section":"statistics_second_half","title":"DOR 1-0 WOL | Dortmund v Wolfsburg 23/09/2023, Stats - Flashscore.com | Match"}
[2026-08-16T06:15:53Z] Reading rendered DOM...
[2026-08-16T06:15:53Z] Executing extraction script for phase 2; length: 5174.
[2026-08-16T06:15:53Z] Script [extract] result prefix: {"schema_version":"1.3","section":"statistics_second_half","statistic_period":"second_half","source_url":"https://www.flashscore.com/match/football/dortmund-nP1i5US1/wolfsburg-nwkTahLL/summary/stats/2nd-half/?mid=dUMGQWsJ","match_id":"dUMGQWsJ","collected_at_utc":"2026-08-16T06:15:53.706Z","page_title":"DOR 1-0 WOL | Dortmund v Wolfsburg 23/09/2023, Stats - Flashscore.com | Match","competition":"WORLD CUP","status":"FINISHED","date_time":"23.09.2023 17:30","home_team":"Dortmund","away_team":"Wol
[2026-08-16T06:15:53Z] Stored second_half statistics: 12 rows.
[2026-08-16T06:15:53Z] Merged section: statistics_second_half
[2026-08-16T06:15:53Z] Opening lineups...
[2026-08-16T06:15:53Z] Navigate: https://www.flashscore.com/match/football/dortmund-nP1i5US1/wolfsburg-nwkTahLL/summary/lineups/?mid=dUMGQWsJ
[2026-08-16T06:15:55Z] Page loaded. Waiting for statistics DOM...
[2026-08-16T06:15:57Z] Script [readiness] result prefix: {"body_text_length":4165,"ready":true,"row_count":112,"section":"lineups","title":"DOR 1-0 WOL | Dortmund v Wolfsburg 23/09/2023, Lineups - Flashscore.com | Match"}
[2026-08-16T06:15:57Z] Reading rendered DOM...
[2026-08-16T06:15:57Z] Executing extraction script for phase 4; length: 20701.
[2026-08-16T06:15:57Z] Script [extract] result prefix: {"schema_version":"1.3","section":"lineups","statistic_period":null,"source_url":"https://www.flashscore.com/match/football/dortmund-nP1i5US1/wolfsburg-nwkTahLL/summary/lineups/?mid=dUMGQWsJ","match_id":"dUMGQWsJ","collected_at_utc":"2026-08-16T06:15:57.764Z","page_title":"DOR 1-0 WOL | Dortmund v Wolfsburg 23/09/2023, Lineups - Flashscore.com | Match","competition":"WORLD CUP","status":"FINISHED","date_time":"23.09.2023 17:30","home_team":"Dortmund","away_team":"Wolfsburg","score":{"home":"1","
[2026-08-16T06:15:57Z] Merged section: lineups
[2026-08-16T06:15:57Z] German Bundesliga 2023/2024: Player Stats are unavailable in the source profile.
[2026-08-16T06:15:57Z] Marked all Player Stats categories as not_available; collection continues.
[2026-08-16T06:15:57Z] Opening commentary...
[2026-08-16T06:15:58Z] Navigate: https://www.flashscore.com/match/football/dortmund-nP1i5US1/wolfsburg-nwkTahLL/summary/live-commentary/?mid=dUMGQWsJ
[2026-08-16T06:15:59Z] Page loaded. Waiting for statistics DOM...
[2026-08-16T06:16:01Z] Script [readiness] result prefix: {"body_text_length":11152,"ready":true,"row_count":200,"section":"commentary","title":"DOR 1-0 WOL | Dortmund v Wolfsburg 23/09/2023 | Football - Flashscore | Match"}
[2026-08-16T06:16:01Z] Reading rendered DOM...
[2026-08-16T06:16:01Z] Executing extraction script for phase 12; length: 11834.
[2026-08-16T06:16:01Z] Script [extract] result prefix: {"schema_version":"1.3","section":"commentary","statistic_period":null,"source_url":"https://www.flashscore.com/match/football/dortmund-nP1i5US1/wolfsburg-nwkTahLL/summary/live-commentary/all-comments/?mid=dUMGQWsJ","match_id":"dUMGQWsJ","collected_at_utc":"2026-08-16T06:16:01.590Z","page_title":"DOR 1-0 WOL | Dortmund v Wolfsburg 23/09/2023 | Football - Flashscore | Match","competition":"WORLD CUP","status":"FINISHED","date_time":"23.09.2023 17:30","home_team":"Dortmund","away_team":"Wolfsburg"
[2026-08-16T06:16:01Z] Merged section: commentary
[2026-08-16T06:16:01Z] Saving complete match JSON...
[2026-08-16T06:16:01Z] Player Stats category unavailable; status=not_available: top_stats
[2026-08-16T06:16:01Z] Player Stats category unavailable; status=not_available: shots
[2026-08-16T06:16:01Z] Player Stats category unavailable; status=not_available: attack
[2026-08-16T06:16:01Z] Player Stats category unavailable; status=not_available: passes
[2026-08-16T06:16:01Z] Player Stats category unavailable; status=not_available: defense
[2026-08-16T06:16:02Z] Player Stats category unavailable; status=not_available: goalkeeping
[2026-08-16T06:16:02Z] Player Stats category unavailable; status=not_available: general
[2026-08-16T06:16:02Z] Structured goals, cards and VAR events enriched.
[2026-08-16T06:16:02Z] Saved match JSON with 13 statistics: G:\Mirza\VSCode\FlashscoreFootballCollector_\Data\Matches\Bundesliga\2023_2024\2023-09-23_Dortmund_vs_Wolfsburg_dUMGQWsJ.json
[2026-08-16T06:16:02Z] Finished: 2023-09-23_Dortmund_vs_Wolfsburg_dUMGQWsJ.json
[2026-08-16T06:16:02Z] Opening overall statistics...
[2026-08-16T06:16:02Z] Navigate: https://www.flashscore.com/match/football/bayern-munich-nVp0wiqd/bochum-8Y2m6ADe/summary/stats/overall/?mid=IwOCRCSC
[2026-08-16T06:16:04Z] Page loaded. Waiting for statistics DOM...
[2026-08-16T06:16:06Z] Script [readiness] result prefix: {"body_text_length":3247,"ready":true,"row_count":17,"section":"statistics_overall","title":"BAY 7-0 BOC | Bayern Munich v Bochum 23/09/2023, Stats - Flashscore.com | Match"}
[2026-08-16T06:16:06Z] Reading rendered DOM...
[2026-08-16T06:16:06Z] Executing extraction script for phase 0; length: 5174.
[2026-08-16T06:16:06Z] Script [extract] result prefix: {"schema_version":"1.3","section":"statistics_overall","statistic_period":"overall","source_url":"https://www.flashscore.com/match/football/bayern-munich-nVp0wiqd/bochum-8Y2m6ADe/summary/stats/overall/?mid=IwOCRCSC","match_id":"IwOCRCSC","collected_at_utc":"2026-08-16T06:16:06.254Z","page_title":"BAY 7-0 BOC | Bayern Munich v Bochum 23/09/2023, Stats - Flashscore.com | Match","competition":"WORLD CUP","status":"FINISHED","date_time":"23.09.2023 17:30","home_team":"Bayern Munich","away_team":"Boc
[2026-08-16T06:16:06Z] Stored overall statistics: 12 rows.
[2026-08-16T06:16:06Z] Merged section: statistics_overall
[2026-08-16T06:16:06Z] Opening 1st half statistics...
[2026-08-16T06:16:06Z] Navigate: https://www.flashscore.com/match/football/bayern-munich-nVp0wiqd/bochum-8Y2m6ADe/summary/stats/1st-half/?mid=IwOCRCSC
[2026-08-16T06:16:08Z] Page loaded. Waiting for statistics DOM...
[2026-08-16T06:16:10Z] Script [readiness] result prefix: {"body_text_length":3243,"ready":true,"row_count":17,"section":"statistics_first_half","title":"BAY 7-0 BOC | Bayern Munich v Bochum 23/09/2023, Stats - Flashscore.com | Match"}
[2026-08-16T06:16:10Z] Reading rendered DOM...
[2026-08-16T06:16:10Z] Executing extraction script for phase 1; length: 5174.
[2026-08-16T06:16:10Z] Script [extract] result prefix: {"schema_version":"1.3","section":"statistics_first_half","statistic_period":"first_half","source_url":"https://www.flashscore.com/match/football/bayern-munich-nVp0wiqd/bochum-8Y2m6ADe/summary/stats/1st-half/?mid=IwOCRCSC","match_id":"IwOCRCSC","collected_at_utc":"2026-08-16T06:16:10.297Z","page_title":"BAY 7-0 BOC | Bayern Munich v Bochum 23/09/2023, Stats - Flashscore.com | Match","competition":"WORLD CUP","status":"FINISHED","date_time":"23.09.2023 17:30","home_team":"Bayern Munich","away_tea
[2026-08-16T06:16:10Z] Stored first_half statistics: 12 rows.
[2026-08-16T06:16:10Z] Merged section: statistics_first_half
[2026-08-16T06:16:10Z] Opening 2nd half statistics...
[2026-08-16T06:16:10Z] Navigate: https://www.flashscore.com/match/football/bayern-munich-nVp0wiqd/bochum-8Y2m6ADe/summary/stats/2nd-half/?mid=IwOCRCSC
[2026-08-16T06:16:12Z] Page loaded. Waiting for statistics DOM...
[2026-08-16T06:16:14Z] Script [readiness] result prefix: {"body_text_length":3226,"ready":true,"row_count":16,"section":"statistics_second_half","title":"BAY 7-0 BOC | Bayern Munich v Bochum 23/09/2023, Stats - Flashscore.com | Match"}
[2026-08-16T06:16:14Z] Reading rendered DOM...
[2026-08-16T06:16:14Z] Executing extraction script for phase 2; length: 5174.
[2026-08-16T06:16:14Z] Script [extract] result prefix: {"schema_version":"1.3","section":"statistics_second_half","statistic_period":"second_half","source_url":"https://www.flashscore.com/match/football/bayern-munich-nVp0wiqd/bochum-8Y2m6ADe/summary/stats/2nd-half/?mid=IwOCRCSC","match_id":"IwOCRCSC","collected_at_utc":"2026-08-16T06:16:14.642Z","page_title":"BAY 7-0 BOC | Bayern Munich v Bochum 23/09/2023, Stats - Flashscore.com | Match","competition":"WORLD CUP","status":"FINISHED","date_time":"23.09.2023 17:30","home_team":"Bayern Munich","away_t
[2026-08-16T06:16:14Z] Stored second_half statistics: 11 rows.
[2026-08-16T06:16:14Z] Merged section: statistics_second_half
[2026-08-16T06:16:14Z] Opening lineups...
[2026-08-16T06:16:14Z] Navigate: https://www.flashscore.com/match/football/bayern-munich-nVp0wiqd/bochum-8Y2m6ADe/summary/lineups/?mid=IwOCRCSC
[2026-08-16T06:16:17Z] Page loaded. Waiting for statistics DOM...
[2026-08-16T06:16:18Z] Script [readiness] result prefix: {"body_text_length":4390,"ready":true,"row_count":119,"section":"lineups","title":"BAY 7-0 BOC | Bayern Munich v Bochum 23/09/2023, Lineups - Flashscore.com | Match"}
[2026-08-16T06:16:18Z] Reading rendered DOM...
[2026-08-16T06:16:18Z] Executing extraction script for phase 4; length: 20701.
[2026-08-16T06:16:18Z] Script [extract] result prefix: {"schema_version":"1.3","section":"lineups","statistic_period":null,"source_url":"https://www.flashscore.com/match/football/bayern-munich-nVp0wiqd/bochum-8Y2m6ADe/summary/lineups/?mid=IwOCRCSC","match_id":"IwOCRCSC","collected_at_utc":"2026-08-16T06:16:18.624Z","page_title":"BAY 7-0 BOC | Bayern Munich v Bochum 23/09/2023, Lineups - Flashscore.com | Match","competition":"WORLD CUP","status":"FINISHED","date_time":"23.09.2023 17:30","home_team":"Bayern Munich","away_team":"Bochum","score":{"home"
[2026-08-16T06:16:18Z] Merged section: lineups
[2026-08-16T06:16:18Z] German Bundesliga 2023/2024: Player Stats are unavailable in the source profile.
[2026-08-16T06:16:18Z] Marked all Player Stats categories as not_available; collection continues.
[2026-08-16T06:16:18Z] Opening commentary...
[2026-08-16T06:16:18Z] Navigate: https://www.flashscore.com/match/football/bayern-munich-nVp0wiqd/bochum-8Y2m6ADe/summary/live-commentary/?mid=IwOCRCSC
[2026-08-16T06:16:20Z] Page loaded. Waiting for statistics DOM...
[2026-08-16T06:16:22Z] Script [readiness] result prefix: {"body_text_length":15966,"ready":true,"row_count":269,"section":"commentary","title":"BAY 7-0 BOC | Bayern Munich v Bochum 23/09/2023 | Football - Flashscore | Match"}
[2026-08-16T06:16:22Z] Reading rendered DOM...
[2026-08-16T06:16:22Z] Executing extraction script for phase 12; length: 11834.
[2026-08-16T06:16:23Z] Script [extract] result prefix: {"schema_version":"1.3","section":"commentary","statistic_period":null,"source_url":"https://www.flashscore.com/match/football/bayern-munich-nVp0wiqd/bochum-8Y2m6ADe/summary/live-commentary/all-comments/?mid=IwOCRCSC","match_id":"IwOCRCSC","collected_at_utc":"2026-08-16T06:16:23.125Z","page_title":"BAY 7-0 BOC | Bayern Munich v Bochum 23/09/2023 | Football - Flashscore | Match","competition":"WORLD CUP","status":"FINISHED","date_time":"23.09.2023 17:30","home_team":"Bayern Munich","away_team":"B
[2026-08-16T06:16:23Z] Merged section: commentary
[2026-08-16T06:16:23Z] Saving complete match JSON...
[2026-08-16T06:16:23Z] Player Stats category unavailable; status=not_available: top_stats
[2026-08-16T06:16:23Z] Player Stats category unavailable; status=not_available: shots
[2026-08-16T06:16:23Z] Player Stats category unavailable; status=not_available: attack
[2026-08-16T06:16:23Z] Player Stats category unavailable; status=not_available: passes
[2026-08-16T06:16:23Z] Player Stats category unavailable; status=not_available: defense
[2026-08-16T06:16:23Z] Player Stats category unavailable; status=not_available: goalkeeping
[2026-08-16T06:16:23Z] Player Stats category unavailable; status=not_available: general
[2026-08-16T06:16:23Z] Structured goals, cards and VAR events enriched.
[2026-08-16T06:16:24Z] Saved match JSON with 12 statistics: G:\Mirza\VSCode\FlashscoreFootballCollector_\Data\Matches\Bundesliga\2023_2024\2023-09-23_Bayern_Munich_vs_Bochum_IwOCRCSC.json
[2026-08-16T06:16:24Z] Finished: 2023-09-23_Bayern_Munich_vs_Bochum_IwOCRCSC.json
[2026-08-16T06:16:24Z] Opening overall statistics...
[2026-08-16T06:16:24Z] Navigate: https://www.flashscore.com/match/football/b-monchengladbach-88HSzjDr/rb-leipzig-KbS1suSm/summary/stats/overall/?mid=8M5YrEcm
[2026-08-16T06:16:25Z] Page loaded. Waiting for statistics DOM...
[2026-08-16T06:16:27Z] Script [readiness] result prefix: {"body_text_length":2833,"ready":false,"row_count":0,"section":"statistics_overall","title":"MON 0-1 RBL | B. Monchengladbach v RB Leipzig 23/09/2023, Stats - Flashscore.com | Match"}
[2026-08-16T06:16:27Z] DOM not ready; statistic rows: 0
[2026-08-16T06:16:28Z] Script [readiness] result prefix: {"body_text_length":3308,"ready":true,"row_count":18,"section":"statistics_overall","title":"MON 0-1 RBL | B. Monchengladbach v RB Leipzig 23/09/2023, Stats - Flashscore.com | Match"}
[2026-08-16T06:16:28Z] Reading rendered DOM...
[2026-08-16T06:16:28Z] Executing extraction script for phase 0; length: 5174.
[2026-08-16T06:16:29Z] Script [extract] result prefix: {"schema_version":"1.3","section":"statistics_overall","statistic_period":"overall","source_url":"https://www.flashscore.com/match/football/b-monchengladbach-88HSzjDr/rb-leipzig-KbS1suSm/summary/stats/overall/?mid=8M5YrEcm","match_id":"8M5YrEcm","collected_at_utc":"2026-08-16T06:16:29.004Z","page_title":"MON 0-1 RBL | B. Monchengladbach v RB Leipzig 23/09/2023, Stats - Flashscore.com | Match","competition":"WORLD CUP","status":"FINISHED","date_time":"23.09.2023 17:30","home_team":"B. Monchenglad
[2026-08-16T06:16:29Z] Stored overall statistics: 13 rows.
[2026-08-16T06:16:29Z] Merged section: statistics_overall
[2026-08-16T06:16:29Z] Opening 1st half statistics...
[2026-08-16T06:16:29Z] Navigate: https://www.flashscore.com/match/football/b-monchengladbach-88HSzjDr/rb-leipzig-KbS1suSm/summary/stats/1st-half/?mid=8M5YrEcm
[2026-08-16T06:16:31Z] Page loaded. Waiting for statistics DOM...
[2026-08-16T06:16:32Z] Script [readiness] result prefix: {"body_text_length":3300,"ready":true,"row_count":18,"section":"statistics_first_half","title":"MON 0-1 RBL | B. Monchengladbach v RB Leipzig 23/09/2023, Stats - Flashscore.com | Match"}
[2026-08-16T06:16:32Z] Reading rendered DOM...
[2026-08-16T06:16:32Z] Executing extraction script for phase 1; length: 5174.
[2026-08-16T06:16:32Z] Script [extract] result prefix: {"schema_version":"1.3","section":"statistics_first_half","statistic_period":"first_half","source_url":"https://www.flashscore.com/match/football/b-monchengladbach-88HSzjDr/rb-leipzig-KbS1suSm/summary/stats/1st-half/?mid=8M5YrEcm","match_id":"8M5YrEcm","collected_at_utc":"2026-08-16T06:16:32.833Z","page_title":"MON 0-1 RBL | B. Monchengladbach v RB Leipzig 23/09/2023, Stats - Flashscore.com | Match","competition":"WORLD CUP","status":"FINISHED","date_time":"23.09.2023 17:30","home_team":"B. Monc
[2026-08-16T06:16:32Z] Stored first_half statistics: 13 rows.
[2026-08-16T06:16:32Z] Merged section: statistics_first_half
[2026-08-16T06:16:32Z] Opening 2nd half statistics...
[2026-08-16T06:16:33Z] Navigate: https://www.flashscore.com/match/football/b-monchengladbach-88HSzjDr/rb-leipzig-KbS1suSm/summary/stats/2nd-half/?mid=8M5YrEcm
[2026-08-16T06:16:35Z] Page loaded. Waiting for statistics DOM...
[2026-08-16T06:16:36Z] Script [readiness] result prefix: {"body_text_length":3300,"ready":true,"row_count":18,"section":"statistics_second_half","title":"MON 0-1 RBL | B. Monchengladbach v RB Leipzig 23/09/2023, Stats - Flashscore.com | Match"}
[2026-08-16T06:16:36Z] Reading rendered DOM...
[2026-08-16T06:16:37Z] Executing extraction script for phase 2; length: 5174.
[2026-08-16T06:16:37Z] Script [extract] result prefix: {"schema_version":"1.3","section":"statistics_second_half","statistic_period":"second_half","source_url":"https://www.flashscore.com/match/football/b-monchengladbach-88HSzjDr/rb-leipzig-KbS1suSm/summary/stats/2nd-half/?mid=8M5YrEcm","match_id":"8M5YrEcm","collected_at_utc":"2026-08-16T06:16:37.139Z","page_title":"MON 0-1 RBL | B. Monchengladbach v RB Leipzig 23/09/2023, Stats - Flashscore.com | Match","competition":"WORLD CUP","status":"FINISHED","date_time":"23.09.2023 17:30","home_team":"B. Mo
[2026-08-16T06:16:37Z] Stored second_half statistics: 13 rows.
[2026-08-16T06:16:37Z] Merged section: statistics_second_half
[2026-08-16T06:16:37Z] Opening lineups...
[2026-08-16T06:16:37Z] Navigate: https://www.flashscore.com/match/football/b-monchengladbach-88HSzjDr/rb-leipzig-KbS1suSm/summary/lineups/?mid=8M5YrEcm
[2026-08-16T06:16:40Z] Page loaded. Waiting for statistics DOM...
[2026-08-16T06:16:41Z] Script [readiness] result prefix: {"body_text_length":4285,"ready":true,"row_count":115,"section":"lineups","title":"MON 0-1 RBL | B. Monchengladbach v RB Leipzig 23/09/2023, Lineups - Flashscore.com | Match"}
[2026-08-16T06:16:41Z] Reading rendered DOM...
[2026-08-16T06:16:41Z] Executing extraction script for phase 4; length: 20701.
[2026-08-16T06:16:41Z] Script [extract] result prefix: {"schema_version":"1.3","section":"lineups","statistic_period":null,"source_url":"https://www.flashscore.com/match/football/b-monchengladbach-88HSzjDr/rb-leipzig-KbS1suSm/summary/lineups/?mid=8M5YrEcm","match_id":"8M5YrEcm","collected_at_utc":"2026-08-16T06:16:41.881Z","page_title":"MON 0-1 RBL | B. Monchengladbach v RB Leipzig 23/09/2023, Lineups - Flashscore.com | Match","competition":"WORLD CUP","status":"FINISHED","date_time":"23.09.2023 17:30","home_team":"B. Monchengladbach","away_team":"R
[2026-08-16T06:16:42Z] Merged section: lineups
[2026-08-16T06:16:42Z] German Bundesliga 2023/2024: Player Stats are unavailable in the source profile.
[2026-08-16T06:16:42Z] Marked all Player Stats categories as not_available; collection continues.
[2026-08-16T06:16:42Z] Opening commentary...
[2026-08-16T06:16:42Z] Navigate: https://www.flashscore.com/match/football/b-monchengladbach-88HSzjDr/rb-leipzig-KbS1suSm/summary/live-commentary/?mid=8M5YrEcm
[2026-08-16T06:16:56Z] Page loaded. Waiting for statistics DOM...
[2026-08-16T06:16:57Z] Script [readiness] result prefix: {"body_text_length":12300,"ready":true,"row_count":219,"section":"commentary","title":"MON 0-1 RBL | B. Monchengladbach v RB Leipzig 23/09/2023 | Football - Flashscore | Match"}
[2026-08-16T06:16:57Z] Reading rendered DOM...
[2026-08-16T06:16:57Z] Executing extraction script for phase 12; length: 11834.
[2026-08-16T06:16:58Z] Script [extract] result prefix: {"schema_version":"1.3","section":"commentary","statistic_period":null,"source_url":"https://www.flashscore.com/match/football/b-monchengladbach-88HSzjDr/rb-leipzig-KbS1suSm/summary/live-commentary/all-comments/?mid=8M5YrEcm","match_id":"8M5YrEcm","collected_at_utc":"2026-08-16T06:16:57.969Z","page_title":"MON 0-1 RBL | B. Monchengladbach v RB Leipzig 23/09/2023 | Football - Flashscore | Match","competition":"WORLD CUP","status":"FINISHED","date_time":"23.09.2023 17:30","home_team":"B. Monchengl
[2026-08-16T06:16:58Z] Merged section: commentary
[2026-08-16T06:16:58Z] Saving complete match JSON...
[2026-08-16T06:16:58Z] Player Stats category unavailable; status=not_available: top_stats
[2026-08-16T06:16:58Z] Player Stats category unavailable; status=not_available: shots
[2026-08-16T06:16:58Z] Player Stats category unavailable; status=not_available: attack
[2026-08-16T06:16:58Z] Player Stats category unavailable; status=not_available: passes
[2026-08-16T06:16:58Z] Player Stats category unavailable; status=not_available: defense
[2026-08-16T06:16:58Z] Player Stats category unavailable; status=not_available: goalkeeping
[2026-08-16T06:16:58Z] Player Stats category unavailable; status=not_available: general
[2026-08-16T06:16:58Z] Structured goals, cards and VAR events enriched.
[2026-08-16T06:16:58Z] Saved match JSON with 13 statistics: G:\Mirza\VSCode\FlashscoreFootballCollector_\Data\Matches\Bundesliga\2023_2024\2023-09-23_B._Monchengladbach_vs_RB_Leipzig_8M5YrEcm.json
[2026-08-16T06:16:58Z] Finished: 2023-09-23_B._Monchengladbach_vs_RB_Leipzig_8M5YrEcm.json
[2026-08-16T06:16:58Z] Opening overall statistics...
[2026-08-16T06:16:58Z] Navigate: https://www.flashscore.com/match/football/augsburg-fTVNku3I/mainz-EuakNmc1/summary/stats/overall/?mid=tz4tshSa
[2026-08-16T06:17:01Z] Page loaded. Waiting for statistics DOM...
[2026-08-16T06:17:03Z] Script [readiness] result prefix: {"body_text_length":3247,"ready":true,"row_count":19,"section":"statistics_overall","title":"AUG 2-1 MAI | Augsburg v Mainz 23/09/2023, Stats - Flashscore.com | Match"}
[2026-08-16T06:17:03Z] Reading rendered DOM...
[2026-08-16T06:17:03Z] Executing extraction script for phase 0; length: 5174.
[2026-08-16T06:17:03Z] Script [extract] result prefix: {"schema_version":"1.3","section":"statistics_overall","statistic_period":"overall","source_url":"https://www.flashscore.com/match/football/augsburg-fTVNku3I/mainz-EuakNmc1/summary/stats/overall/?mid=tz4tshSa","match_id":"tz4tshSa","collected_at_utc":"2026-08-16T06:17:03.218Z","page_title":"AUG 2-1 MAI | Augsburg v Mainz 23/09/2023, Stats - Flashscore.com | Match","competition":"WORLD CUP","status":"FINISHED","date_time":"23.09.2023 17:30","home_team":"Augsburg","away_team":"Mainz","score":{"hom
[2026-08-16T06:17:03Z] Stored overall statistics: 14 rows.
[2026-08-16T06:17:03Z] Merged section: statistics_overall
[2026-08-16T06:17:03Z] Opening 1st half statistics...
[2026-08-16T06:17:03Z] Navigate: https://www.flashscore.com/match/football/augsburg-fTVNku3I/mainz-EuakNmc1/summary/stats/1st-half/?mid=tz4tshSa
[2026-08-16T06:17:06Z] Page loaded. Waiting for statistics DOM...
[2026-08-16T06:17:07Z] Script [readiness] result prefix: {"body_text_length":3208,"ready":true,"row_count":17,"section":"statistics_first_half","title":"AUG 2-1 MAI | Augsburg v Mainz 23/09/2023, Stats - Flashscore.com | Match"}
[2026-08-16T06:17:07Z] Reading rendered DOM...
[2026-08-16T06:17:07Z] Executing extraction script for phase 1; length: 5174.
[2026-08-16T06:17:07Z] Script [extract] result prefix: {"schema_version":"1.3","section":"statistics_first_half","statistic_period":"first_half","source_url":"https://www.flashscore.com/match/football/augsburg-fTVNku3I/mainz-EuakNmc1/summary/stats/1st-half/?mid=tz4tshSa","match_id":"tz4tshSa","collected_at_utc":"2026-08-16T06:17:07.967Z","page_title":"AUG 2-1 MAI | Augsburg v Mainz 23/09/2023, Stats - Flashscore.com | Match","competition":"WORLD CUP","status":"FINISHED","date_time":"23.09.2023 17:30","home_team":"Augsburg","away_team":"Mainz","score
[2026-08-16T06:17:08Z] Stored first_half statistics: 12 rows.
[2026-08-16T06:17:08Z] Merged section: statistics_first_half
[2026-08-16T06:17:08Z] Opening 2nd half statistics...
[2026-08-16T06:17:08Z] Navigate: https://www.flashscore.com/match/football/augsburg-fTVNku3I/mainz-EuakNmc1/summary/stats/2nd-half/?mid=tz4tshSa
[2026-08-16T06:17:10Z] Page loaded. Waiting for statistics DOM...
[2026-08-16T06:17:12Z] Script [readiness] result prefix: {"body_text_length":3240,"ready":true,"row_count":19,"section":"statistics_second_half","title":"AUG 2-1 MAI | Augsburg v Mainz 23/09/2023, Stats - Flashscore.com | Match"}
[2026-08-16T06:17:12Z] Reading rendered DOM...
[2026-08-16T06:17:12Z] Executing extraction script for phase 2; length: 5174.
[2026-08-16T06:17:12Z] Script [extract] result prefix: {"schema_version":"1.3","section":"statistics_second_half","statistic_period":"second_half","source_url":"https://www.flashscore.com/match/football/augsburg-fTVNku3I/mainz-EuakNmc1/summary/stats/2nd-half/?mid=tz4tshSa","match_id":"tz4tshSa","collected_at_utc":"2026-08-16T06:17:12.566Z","page_title":"AUG 2-1 MAI | Augsburg v Mainz 23/09/2023, Stats - Flashscore.com | Match","competition":"WORLD CUP","status":"FINISHED","date_time":"23.09.2023 17:30","home_team":"Augsburg","away_team":"Mainz","sco
[2026-08-16T06:17:12Z] Stored second_half statistics: 14 rows.
[2026-08-16T06:17:12Z] Merged section: statistics_second_half
[2026-08-16T06:17:12Z] Opening lineups...
[2026-08-16T06:17:12Z] Navigate: https://www.flashscore.com/match/football/augsburg-fTVNku3I/mainz-EuakNmc1/summary/lineups/?mid=tz4tshSa
[2026-08-16T06:17:15Z] Page loaded. Waiting for statistics DOM...
[2026-08-16T06:17:16Z] Script [readiness] result prefix: {"body_text_length":4280,"ready":true,"row_count":116,"section":"lineups","title":"AUG 2-1 MAI | Augsburg v Mainz 23/09/2023, Lineups - Flashscore.com | Match"}
[2026-08-16T06:17:16Z] Reading rendered DOM...
[2026-08-16T06:17:16Z] Executing extraction script for phase 4; length: 20701.
[2026-08-16T06:17:16Z] Script [extract] result prefix: {"schema_version":"1.3","section":"lineups","statistic_period":null,"source_url":"https://www.flashscore.com/match/football/augsburg-fTVNku3I/mainz-EuakNmc1/summary/lineups/?mid=tz4tshSa","match_id":"tz4tshSa","collected_at_utc":"2026-08-16T06:17:16.824Z","page_title":"AUG 2-1 MAI | Augsburg v Mainz 23/09/2023, Lineups - Flashscore.com | Match","competition":"WORLD CUP","status":"FINISHED","date_time":"23.09.2023 17:30","home_team":"Augsburg","away_team":"Mainz","score":{"home":"2","away":"1","d
[2026-08-16T06:17:16Z] Merged section: lineups
[2026-08-16T06:17:17Z] German Bundesliga 2023/2024: Player Stats are unavailable in the source profile.
[2026-08-16T06:17:17Z] Marked all Player Stats categories as not_available; collection continues.
[2026-08-16T06:17:17Z] Opening commentary...
[2026-08-16T06:17:17Z] Navigate: https://www.flashscore.com/match/football/augsburg-fTVNku3I/mainz-EuakNmc1/summary/live-commentary/?mid=tz4tshSa
[2026-08-16T06:17:19Z] Page loaded. Waiting for statistics DOM...
[2026-08-16T06:17:21Z] Script [readiness] result prefix: {"body_text_length":2639,"ready":false,"row_count":0,"section":"commentary","title":"AUG 2-1 MAI | Augsburg v Mainz 23/09/2023 | Football - Flashscore | Match"}
[2026-08-16T06:17:21Z] DOM not ready; statistic rows: 0
[2026-08-16T06:17:22Z] Script [readiness] result prefix: {"body_text_length":10914,"ready":true,"row_count":227,"section":"commentary","title":"AUG 2-1 MAI | Augsburg v Mainz 23/09/2023 | Football - Flashscore | Match"}
[2026-08-16T06:17:22Z] Reading rendered DOM...
[2026-08-16T06:17:22Z] Executing extraction script for phase 12; length: 11834.
[2026-08-16T06:17:22Z] Script [extract] result prefix: {"schema_version":"1.3","section":"commentary","statistic_period":null,"source_url":"https://www.flashscore.com/match/football/augsburg-fTVNku3I/mainz-EuakNmc1/summary/live-commentary/all-comments/?mid=tz4tshSa","match_id":"tz4tshSa","collected_at_utc":"2026-08-16T06:17:22.553Z","page_title":"AUG 2-1 MAI | Augsburg v Mainz 23/09/2023 | Football - Flashscore | Match","competition":"WORLD CUP","status":"FINISHED","date_time":"23.09.2023 17:30","home_team":"Augsburg","away_team":"Mainz","score":{"h
[2026-08-16T06:17:22Z] Merged section: commentary
[2026-08-16T06:17:22Z] Saving complete match JSON...
[2026-08-16T06:17:22Z] Player Stats category unavailable; status=not_available: top_stats
[2026-08-16T06:17:22Z] Player Stats category unavailable; status=not_available: shots
[2026-08-16T06:17:22Z] Player Stats category unavailable; status=not_available: attack
[2026-08-16T06:17:22Z] Player Stats category unavailable; status=not_available: passes
[2026-08-16T06:17:22Z] Player Stats category unavailable; status=not_available: defense
[2026-08-16T06:17:22Z] Player Stats category unavailable; status=not_available: goalkeeping
[2026-08-16T06:17:23Z] Player Stats category unavailable; status=not_available: general
[2026-08-16T06:17:23Z] Structured goals, cards and VAR events enriched.
[2026-08-16T06:17:23Z] Saved match JSON with 14 statistics: G:\Mirza\VSCode\FlashscoreFootballCollector_\Data\Matches\Bundesliga\2023_2024\2023-09-23_Augsburg_vs_Mainz_tz4tshSa.json
[2026-08-16T06:17:23Z] Finished: 2023-09-23_Augsburg_vs_Mainz_tz4tshSa.json
[2026-08-16T06:17:23Z] Opening overall statistics...
[2026-08-16T06:17:23Z] Navigate: https://www.flashscore.com/match/football/1-fc-koln-WG9pOTse/werder-bremen-Ig1f1fy3/summary/stats/overall/?mid=2q5xrYCg
[2026-08-16T06:17:26Z] Page loaded. Waiting for statistics DOM...
[2026-08-16T06:17:28Z] Script [readiness] result prefix: {"body_text_length":3270,"ready":true,"row_count":18,"section":"statistics_overall","title":"WER 2-1 KOL | Werder Bremen v FC Koln 23/09/2023, Stats - Flashscore.com | Match"}
[2026-08-16T06:17:28Z] Reading rendered DOM...
[2026-08-16T06:17:28Z] Executing extraction script for phase 0; length: 5174.
[2026-08-16T06:17:28Z] Script [extract] result prefix: {"schema_version":"1.3","section":"statistics_overall","statistic_period":"overall","source_url":"https://www.flashscore.com/match/football/1-fc-koln-WG9pOTse/werder-bremen-Ig1f1fy3/summary/stats/overall/?mid=2q5xrYCg","match_id":"2q5xrYCg","collected_at_utc":"2026-08-16T06:17:28.200Z","page_title":"WER 2-1 KOL | Werder Bremen v FC Koln 23/09/2023, Stats - Flashscore.com | Match","competition":"WORLD CUP","status":"FINISHED","date_time":"23.09.2023 20:30","home_team":"Werder Bremen","away_team":
[2026-08-16T06:17:28Z] Stored overall statistics: 13 rows.
[2026-08-16T06:17:28Z] Merged section: statistics_overall
[2026-08-16T06:17:28Z] Opening 1st half statistics...
[2026-08-16T06:17:28Z] Navigate: https://www.flashscore.com/match/football/1-fc-koln-WG9pOTse/werder-bremen-Ig1f1fy3/summary/stats/1st-half/?mid=2q5xrYCg
[2026-08-16T06:17:30Z] Page loaded. Waiting for statistics DOM...
[2026-08-16T06:17:32Z] Script [readiness] result prefix: {"body_text_length":3245,"ready":true,"row_count":17,"section":"statistics_first_half","title":"WER 2-1 KOL | Werder Bremen v FC Koln 23/09/2023, Stats - Flashscore.com | Match"}
[2026-08-16T06:17:32Z] Reading rendered DOM...
[2026-08-16T06:17:32Z] Executing extraction script for phase 1; length: 5174.
[2026-08-16T06:17:32Z] Script [extract] result prefix: {"schema_version":"1.3","section":"statistics_first_half","statistic_period":"first_half","source_url":"https://www.flashscore.com/match/football/1-fc-koln-WG9pOTse/werder-bremen-Ig1f1fy3/summary/stats/1st-half/?mid=2q5xrYCg","match_id":"2q5xrYCg","collected_at_utc":"2026-08-16T06:17:32.155Z","page_title":"WER 2-1 KOL | Werder Bremen v FC Koln 23/09/2023, Stats - Flashscore.com | Match","competition":"WORLD CUP","status":"FINISHED","date_time":"23.09.2023 20:30","home_team":"Werder Bremen","away
[2026-08-16T06:17:32Z] Stored first_half statistics: 12 rows.
[2026-08-16T06:17:32Z] Merged section: statistics_first_half
[2026-08-16T06:17:32Z] Opening 2nd half statistics...
[2026-08-16T06:17:32Z] Navigate: https://www.flashscore.com/match/football/1-fc-koln-WG9pOTse/werder-bremen-Ig1f1fy3/summary/stats/2nd-half/?mid=2q5xrYCg
[2026-08-16T06:17:34Z] Page loaded. Waiting for statistics DOM...
[2026-08-16T06:17:35Z] Script [readiness] result prefix: {"body_text_length":3262,"ready":true,"row_count":18,"section":"statistics_second_half","title":"WER 2-1 KOL | Werder Bremen v FC Koln 23/09/2023, Stats - Flashscore.com | Match"}
[2026-08-16T06:17:35Z] Reading rendered DOM...
[2026-08-16T06:17:35Z] Executing extraction script for phase 2; length: 5174.
[2026-08-16T06:17:35Z] Script [extract] result prefix: {"schema_version":"1.3","section":"statistics_second_half","statistic_period":"second_half","source_url":"https://www.flashscore.com/match/football/1-fc-koln-WG9pOTse/werder-bremen-Ig1f1fy3/summary/stats/2nd-half/?mid=2q5xrYCg","match_id":"2q5xrYCg","collected_at_utc":"2026-08-16T06:17:35.882Z","page_title":"WER 2-1 KOL | Werder Bremen v FC Koln 23/09/2023, Stats - Flashscore.com | Match","competition":"WORLD CUP","status":"FINISHED","date_time":"23.09.2023 20:30","home_team":"Werder Bremen","aw
[2026-08-16T06:17:35Z] Stored second_half statistics: 13 rows.
[2026-08-16T06:17:35Z] Merged section: statistics_second_half
[2026-08-16T06:17:35Z] Opening lineups...
[2026-08-16T06:17:36Z] Navigate: https://www.flashscore.com/match/football/1-fc-koln-WG9pOTse/werder-bremen-Ig1f1fy3/summary/lineups/?mid=2q5xrYCg
[2026-08-16T06:17:38Z] Page loaded. Waiting for statistics DOM...
[2026-08-16T06:17:39Z] Script [readiness] result prefix: {"body_text_length":4204,"ready":true,"row_count":113,"section":"lineups","title":"WER 2-1 KOL | Werder Bremen v FC Koln 23/09/2023, Lineups - Flashscore.com | Match"}
[2026-08-16T06:17:39Z] Reading rendered DOM...
[2026-08-16T06:17:39Z] Executing extraction script for phase 4; length: 20701.
[2026-08-16T06:17:39Z] Script [extract] result prefix: {"schema_version":"1.3","section":"lineups","statistic_period":null,"source_url":"https://www.flashscore.com/match/football/1-fc-koln-WG9pOTse/werder-bremen-Ig1f1fy3/summary/lineups/?mid=2q5xrYCg","match_id":"2q5xrYCg","collected_at_utc":"2026-08-16T06:17:39.957Z","page_title":"WER 2-1 KOL | Werder Bremen v FC Koln 23/09/2023, Lineups - Flashscore.com | Match","competition":"WORLD CUP","status":"FINISHED","date_time":"23.09.2023 20:30","home_team":"Werder Bremen","away_team":"FC Koln","score":{"
[2026-08-16T06:17:40Z] Merged section: lineups
[2026-08-16T06:17:40Z] German Bundesliga 2023/2024: Player Stats are unavailable in the source profile.
[2026-08-16T06:17:40Z] Marked all Player Stats categories as not_available; collection continues.
[2026-08-16T06:17:40Z] Opening commentary...
[2026-08-16T06:17:40Z] Navigate: https://www.flashscore.com/match/football/1-fc-koln-WG9pOTse/werder-bremen-Ig1f1fy3/summary/live-commentary/?mid=2q5xrYCg
[2026-08-16T06:17:42Z] Page loaded. Waiting for statistics DOM...
[2026-08-16T06:17:43Z] Script [readiness] result prefix: {"body_text_length":9680,"ready":true,"row_count":213,"section":"commentary","title":"WER 2-1 KOL | Werder Bremen v FC Koln 23/09/2023 | Football - Flashscore | Match"}
[2026-08-16T06:17:43Z] Reading rendered DOM...
[2026-08-16T06:17:43Z] Executing extraction script for phase 12; length: 11834.
[2026-08-16T06:17:43Z] Script [extract] result prefix: {"schema_version":"1.3","section":"commentary","statistic_period":null,"source_url":"https://www.flashscore.com/match/football/1-fc-koln-WG9pOTse/werder-bremen-Ig1f1fy3/summary/live-commentary/all-comments/?mid=2q5xrYCg","match_id":"2q5xrYCg","collected_at_utc":"2026-08-16T06:17:43.816Z","page_title":"WER 2-1 KOL | Werder Bremen v FC Koln 23/09/2023 | Football - Flashscore | Match","competition":"WORLD CUP","status":"FINISHED","date_time":"23.09.2023 20:30","home_team":"Werder Bremen","away_team
[2026-08-16T06:17:43Z] Merged section: commentary
[2026-08-16T06:17:43Z] Saving complete match JSON...
[2026-08-16T06:17:43Z] Player Stats category unavailable; status=not_available: top_stats
[2026-08-16T06:17:43Z] Player Stats category unavailable; status=not_available: shots
[2026-08-16T06:17:43Z] Player Stats category unavailable; status=not_available: attack
[2026-08-16T06:17:43Z] Player Stats category unavailable; status=not_available: passes
[2026-08-16T06:17:44Z] Player Stats category unavailable; status=not_available: defense
[2026-08-16T06:17:44Z] Player Stats category unavailable; status=not_available: goalkeeping
[2026-08-16T06:17:44Z] Player Stats category unavailable; status=not_available: general
[2026-08-16T06:17:44Z] Structured goals, cards and VAR events enriched.
[2026-08-16T06:17:44Z] Saved match JSON with 13 statistics: G:\Mirza\VSCode\FlashscoreFootballCollector_\Data\Matches\Bundesliga\2023_2024\2023-09-23_Werder_Bremen_vs_FC_Koln_2q5xrYCg.json
[2026-08-16T06:17:44Z] Finished: 2023-09-23_Werder_Bremen_vs_FC_Koln_2q5xrYCg.json
[2026-08-16T06:17:44Z] Opening overall statistics...
[2026-08-16T06:17:44Z] Navigate: https://www.flashscore.com/match/football/bayer-leverkusen-4jcj2zMd/heidenheim-KWixEVWi/summary/stats/overall/?mid=lxP1lzzQ
[2026-08-16T06:17:47Z] Page loaded. Waiting for statistics DOM...
[2026-08-16T06:17:49Z] Script [readiness] result prefix: {"body_text_length":3303,"ready":true,"row_count":18,"section":"statistics_overall","title":"LEV 4-1 HEI | Bayer Leverkusen v Heidenheim 24/09/2023, Stats - Flashscore.com | Match"}
[2026-08-16T06:17:49Z] Reading rendered DOM...
[2026-08-16T06:17:49Z] Executing extraction script for phase 0; length: 5174.
[2026-08-16T06:17:49Z] Script [extract] result prefix: {"schema_version":"1.3","section":"statistics_overall","statistic_period":"overall","source_url":"https://www.flashscore.com/match/football/bayer-leverkusen-4jcj2zMd/heidenheim-KWixEVWi/summary/stats/overall/?mid=lxP1lzzQ","match_id":"lxP1lzzQ","collected_at_utc":"2026-08-16T06:17:49.228Z","page_title":"LEV 4-1 HEI | Bayer Leverkusen v Heidenheim 24/09/2023, Stats - Flashscore.com | Match","competition":"WORLD CUP","status":"FINISHED","date_time":"24.09.2023 17:30","home_team":"Bayer Leverkusen"
[2026-08-16T06:17:49Z] Stored overall statistics: 13 rows.
[2026-08-16T06:17:49Z] Merged section: statistics_overall
[2026-08-16T06:17:49Z] Opening 1st half statistics...
[2026-08-16T06:17:49Z] Navigate: https://www.flashscore.com/match/football/bayer-leverkusen-4jcj2zMd/heidenheim-KWixEVWi/summary/stats/1st-half/?mid=lxP1lzzQ
[2026-08-16T06:17:51Z] Page loaded. Waiting for statistics DOM...
[2026-08-16T06:17:52Z] Script [readiness] result prefix: {"body_text_length":2828,"ready":false,"row_count":0,"section":"statistics_first_half","title":"LEV 4-1 HEI | Bayer Leverkusen v Heidenheim 24/09/2023, Stats - Flashscore.com | Match"}
[2026-08-16T06:17:52Z] DOM not ready; statistic rows: 0
[2026-08-16T06:17:54Z] Script [readiness] result prefix: {"body_text_length":3298,"ready":true,"row_count":18,"section":"statistics_first_half","title":"LEV 4-1 HEI | Bayer Leverkusen v Heidenheim 24/09/2023, Stats - Flashscore.com | Match"}
[2026-08-16T06:17:54Z] Reading rendered DOM...
[2026-08-16T06:17:54Z] Executing extraction script for phase 1; length: 5174.
[2026-08-16T06:17:54Z] Script [extract] result prefix: {"schema_version":"1.3","section":"statistics_first_half","statistic_period":"first_half","source_url":"https://www.flashscore.com/match/football/bayer-leverkusen-4jcj2zMd/heidenheim-KWixEVWi/summary/stats/1st-half/?mid=lxP1lzzQ","match_id":"lxP1lzzQ","collected_at_utc":"2026-08-16T06:17:54.426Z","page_title":"LEV 4-1 HEI | Bayer Leverkusen v Heidenheim 24/09/2023, Stats - Flashscore.com | Match","competition":"WORLD CUP","status":"FINISHED","date_time":"24.09.2023 17:30","home_team":"Bayer Leve
[2026-08-16T06:17:54Z] Stored first_half statistics: 13 rows.
[2026-08-16T06:17:54Z] Merged section: statistics_first_half
[2026-08-16T06:17:55Z] Opening 2nd half statistics...
[2026-08-16T06:17:55Z] Navigate: https://www.flashscore.com/match/football/bayer-leverkusen-4jcj2zMd/heidenheim-KWixEVWi/summary/stats/2nd-half/?mid=lxP1lzzQ
[2026-08-16T06:17:57Z] Page loaded. Waiting for statistics DOM...
[2026-08-16T06:17:59Z] Script [readiness] result prefix: {"body_text_length":3279,"ready":true,"row_count":17,"section":"statistics_second_half","title":"LEV 4-1 HEI | Bayer Leverkusen v Heidenheim 24/09/2023, Stats - Flashscore.com | Match"}
[2026-08-16T06:17:59Z] Reading rendered DOM...
[2026-08-16T06:17:59Z] Executing extraction script for phase 2; length: 5174.
[2026-08-16T06:17:59Z] Script [extract] result prefix: {"schema_version":"1.3","section":"statistics_second_half","statistic_period":"second_half","source_url":"https://www.flashscore.com/match/football/bayer-leverkusen-4jcj2zMd/heidenheim-KWixEVWi/summary/stats/2nd-half/?mid=lxP1lzzQ","match_id":"lxP1lzzQ","collected_at_utc":"2026-08-16T06:17:59.708Z","page_title":"LEV 4-1 HEI | Bayer Leverkusen v Heidenheim 24/09/2023, Stats - Flashscore.com | Match","competition":"WORLD CUP","status":"FINISHED","date_time":"24.09.2023 17:30","home_team":"Bayer Le
[2026-08-16T06:17:59Z] Stored second_half statistics: 12 rows.
[2026-08-16T06:17:59Z] Merged section: statistics_second_half
[2026-08-16T06:17:59Z] Opening lineups...
[2026-08-16T06:17:59Z] Navigate: https://www.flashscore.com/match/football/bayer-leverkusen-4jcj2zMd/heidenheim-KWixEVWi/summary/lineups/?mid=lxP1lzzQ
[2026-08-16T06:18:02Z] Page loaded. Waiting for statistics DOM...
[2026-08-16T06:18:03Z] Script [readiness] result prefix: {"body_text_length":4301,"ready":true,"row_count":114,"section":"lineups","title":"LEV 4-1 HEI | Bayer Leverkusen v Heidenheim 24/09/2023, Lineups - Flashscore.com | Match"}
[2026-08-16T06:18:03Z] Reading rendered DOM...
[2026-08-16T06:18:03Z] Executing extraction script for phase 4; length: 20701.
[2026-08-16T06:18:04Z] Script [extract] result prefix: {"schema_version":"1.3","section":"lineups","statistic_period":null,"source_url":"https://www.flashscore.com/match/football/bayer-leverkusen-4jcj2zMd/heidenheim-KWixEVWi/summary/lineups/?mid=lxP1lzzQ","match_id":"lxP1lzzQ","collected_at_utc":"2026-08-16T06:18:04.137Z","page_title":"LEV 4-1 HEI | Bayer Leverkusen v Heidenheim 24/09/2023, Lineups - Flashscore.com | Match","competition":"WORLD CUP","status":"FINISHED","date_time":"24.09.2023 17:30","home_team":"Bayer Leverkusen","away_team":"Heiden
[2026-08-16T06:18:04Z] Merged section: lineups
[2026-08-16T06:18:04Z] German Bundesliga 2023/2024: Player Stats are unavailable in the source profile.
[2026-08-16T06:18:04Z] Marked all Player Stats categories as not_available; collection continues.
[2026-08-16T06:18:04Z] Opening commentary...
[2026-08-16T06:18:04Z] Navigate: https://www.flashscore.com/match/football/bayer-leverkusen-4jcj2zMd/heidenheim-KWixEVWi/summary/live-commentary/?mid=lxP1lzzQ
[2026-08-16T06:18:06Z] Page loaded. Waiting for statistics DOM...
[2026-08-16T06:18:07Z] Script [readiness] result prefix: {"body_text_length":12124,"ready":true,"row_count":211,"section":"commentary","title":"LEV 4-1 HEI | Bayer Leverkusen v Heidenheim 24/09/2023 | Football - Flashscore | Match"}
[2026-08-16T06:18:08Z] Reading rendered DOM...
[2026-08-16T06:18:08Z] Executing extraction script for phase 12; length: 11834.
[2026-08-16T06:18:08Z] Script [extract] result prefix: {"schema_version":"1.3","section":"commentary","statistic_period":null,"source_url":"https://www.flashscore.com/match/football/bayer-leverkusen-4jcj2zMd/heidenheim-KWixEVWi/summary/live-commentary/all-comments/?mid=lxP1lzzQ","match_id":"lxP1lzzQ","collected_at_utc":"2026-08-16T06:18:08.139Z","page_title":"LEV 4-1 HEI | Bayer Leverkusen v Heidenheim 24/09/2023 | Football - Flashscore | Match","competition":"WORLD CUP","status":"FINISHED","date_time":"24.09.2023 17:30","home_team":"Bayer Leverkuse
[2026-08-16T06:18:08Z] Merged section: commentary
[2026-08-16T06:18:08Z] Saving complete match JSON...
[2026-08-16T06:18:08Z] Player Stats category unavailable; status=not_available: top_stats
[2026-08-16T06:18:08Z] Player Stats category unavailable; status=not_available: shots
[2026-08-16T06:18:08Z] Player Stats category unavailable; status=not_available: attack
[2026-08-16T06:18:09Z] Player Stats category unavailable; status=not_available: passes
[2026-08-16T06:18:09Z] Player Stats category unavailable; status=not_available: defense
[2026-08-16T06:18:09Z] Player Stats category unavailable; status=not_available: goalkeeping
[2026-08-16T06:18:09Z] Player Stats category unavailable; status=not_available: general
[2026-08-16T06:18:09Z] Structured goals, cards and VAR events enriched.
[2026-08-16T06:18:09Z] Saved match JSON with 13 statistics: G:\Mirza\VSCode\FlashscoreFootballCollector_\Data\Matches\Bundesliga\2023_2024\2023-09-24_Bayer_Leverkusen_vs_Heidenheim_lxP1lzzQ.json
[2026-08-16T06:18:09Z] Finished: 2023-09-24_Bayer_Leverkusen_vs_Heidenheim_lxP1lzzQ.json
[2026-08-16T06:18:09Z] Opening overall statistics...
[2026-08-16T06:18:09Z] Navigate: https://www.flashscore.com/match/football/eintracht-frankfurt-8vndvXTk/freiburg-fiEQZ7C7/summary/stats/overall/?mid=fJ1Uqfrs
[2026-08-16T06:18:12Z] Page loaded. Waiting for statistics DOM...
[2026-08-16T06:18:13Z] Script [readiness] result prefix: {"body_text_length":3300,"ready":true,"row_count":18,"section":"statistics_overall","title":"EIN 0-0 FRE | Eintracht Frankfurt v Freiburg 24/09/2023, Stats - Flashscore.com | Match"}
[2026-08-16T06:18:13Z] Reading rendered DOM...
[2026-08-16T06:18:14Z] Executing extraction script for phase 0; length: 5174.
[2026-08-16T06:18:14Z] Script [extract] result prefix: {"schema_version":"1.3","section":"statistics_overall","statistic_period":"overall","source_url":"https://www.flashscore.com/match/football/eintracht-frankfurt-8vndvXTk/freiburg-fiEQZ7C7/summary/stats/overall/?mid=fJ1Uqfrs","match_id":"fJ1Uqfrs","collected_at_utc":"2026-08-16T06:18:14.034Z","page_title":"EIN 0-0 FRE | Eintracht Frankfurt v Freiburg 24/09/2023, Stats - Flashscore.com | Match","competition":"WORLD CUP","status":"FINISHED","date_time":"24.09.2023 19:30","home_team":"Eintracht Frank
[2026-08-16T06:18:14Z] Stored overall statistics: 13 rows.
[2026-08-16T06:18:14Z] Merged section: statistics_overall
[2026-08-16T06:18:14Z] Opening 1st half statistics...
[2026-08-16T06:18:14Z] Navigate: https://www.flashscore.com/match/football/eintracht-frankfurt-8vndvXTk/freiburg-fiEQZ7C7/summary/stats/1st-half/?mid=fJ1Uqfrs
[2026-08-16T06:18:15Z] Page loaded. Waiting for statistics DOM...
[2026-08-16T06:18:17Z] Script [readiness] result prefix: {"body_text_length":3295,"ready":true,"row_count":18,"section":"statistics_first_half","title":"EIN 0-0 FRE | Eintracht Frankfurt v Freiburg 24/09/2023, Stats - Flashscore.com | Match"}
[2026-08-16T06:18:17Z] Reading rendered DOM...
[2026-08-16T06:18:17Z] Executing extraction script for phase 1; length: 5174.
[2026-08-16T06:18:17Z] Script [extract] result prefix: {"schema_version":"1.3","section":"statistics_first_half","statistic_period":"first_half","source_url":"https://www.flashscore.com/match/football/eintracht-frankfurt-8vndvXTk/freiburg-fiEQZ7C7/summary/stats/1st-half/?mid=fJ1Uqfrs","match_id":"fJ1Uqfrs","collected_at_utc":"2026-08-16T06:18:17.525Z","page_title":"EIN 0-0 FRE | Eintracht Frankfurt v Freiburg 24/09/2023, Stats - Flashscore.com | Match","competition":"WORLD CUP","status":"FINISHED","date_time":"24.09.2023 19:30","home_team":"Eintrach
[2026-08-16T06:18:17Z] Stored first_half statistics: 13 rows.
[2026-08-16T06:18:17Z] Merged section: statistics_first_half
[2026-08-16T06:18:17Z] Opening 2nd half statistics...
[2026-08-16T06:18:17Z] Navigate: https://www.flashscore.com/match/football/eintracht-frankfurt-8vndvXTk/freiburg-fiEQZ7C7/summary/stats/2nd-half/?mid=fJ1Uqfrs
[2026-08-16T06:18:19Z] Page loaded. Waiting for statistics DOM...
[2026-08-16T06:18:21Z] Script [readiness] result prefix: {"body_text_length":3296,"ready":true,"row_count":18,"section":"statistics_second_half","title":"EIN 0-0 FRE | Eintracht Frankfurt v Freiburg 24/09/2023, Stats - Flashscore.com | Match"}
[2026-08-16T06:18:21Z] Reading rendered DOM...
[2026-08-16T06:18:21Z] Executing extraction script for phase 2; length: 5174.
[2026-08-16T06:18:21Z] Script [extract] result prefix: {"schema_version":"1.3","section":"statistics_second_half","statistic_period":"second_half","source_url":"https://www.flashscore.com/match/football/eintracht-frankfurt-8vndvXTk/freiburg-fiEQZ7C7/summary/stats/2nd-half/?mid=fJ1Uqfrs","match_id":"fJ1Uqfrs","collected_at_utc":"2026-08-16T06:18:21.554Z","page_title":"EIN 0-0 FRE | Eintracht Frankfurt v Freiburg 24/09/2023, Stats - Flashscore.com | Match","competition":"WORLD CUP","status":"FINISHED","date_time":"24.09.2023 19:30","home_team":"Eintra
[2026-08-16T06:18:21Z] Stored second_half statistics: 13 rows.
[2026-08-16T06:18:21Z] Merged section: statistics_second_half
[2026-08-16T06:18:21Z] Opening lineups...
[2026-08-16T06:18:21Z] Navigate: https://www.flashscore.com/match/football/eintracht-frankfurt-8vndvXTk/freiburg-fiEQZ7C7/summary/lineups/?mid=fJ1Uqfrs
[2026-08-16T06:18:23Z] Page loaded. Waiting for statistics DOM...
[2026-08-16T06:18:25Z] Script [readiness] result prefix: {"body_text_length":4032,"ready":true,"row_count":106,"section":"lineups","title":"EIN 0-0 FRE | Eintracht Frankfurt v Freiburg 24/09/2023, Lineups - Flashscore.com | Match"}
[2026-08-16T06:18:25Z] Reading rendered DOM...
[2026-08-16T06:18:25Z] Executing extraction script for phase 4; length: 20701.
[2026-08-16T06:18:25Z] Script [extract] result prefix: {"schema_version":"1.3","section":"lineups","statistic_period":null,"source_url":"https://www.flashscore.com/match/football/eintracht-frankfurt-8vndvXTk/freiburg-fiEQZ7C7/summary/lineups/?mid=fJ1Uqfrs","match_id":"fJ1Uqfrs","collected_at_utc":"2026-08-16T06:18:25.441Z","page_title":"EIN 0-0 FRE | Eintracht Frankfurt v Freiburg 24/09/2023, Lineups - Flashscore.com | Match","competition":"WORLD CUP","status":"FINISHED","date_time":"24.09.2023 19:30","home_team":"Eintracht Frankfurt","away_team":"F
[2026-08-16T06:18:25Z] Merged section: lineups
[2026-08-16T06:18:25Z] German Bundesliga 2023/2024: Player Stats are unavailable in the source profile.
[2026-08-16T06:18:25Z] Marked all Player Stats categories as not_available; collection continues.
[2026-08-16T06:18:25Z] Opening commentary...
[2026-08-16T06:18:25Z] Navigate: https://www.flashscore.com/match/football/eintracht-frankfurt-8vndvXTk/freiburg-fiEQZ7C7/summary/live-commentary/?mid=fJ1Uqfrs
[2026-08-16T06:18:28Z] Page loaded. Waiting for statistics DOM...
[2026-08-16T06:18:29Z] Script [readiness] result prefix: {"body_text_length":13794,"ready":true,"row_count":240,"section":"commentary","title":"EIN 0-0 FRE | Eintracht Frankfurt v Freiburg 24/09/2023 | Football - Flashscore | Match"}
[2026-08-16T06:18:29Z] Reading rendered DOM...
[2026-08-16T06:18:29Z] Executing extraction script for phase 12; length: 11834.
[2026-08-16T06:18:29Z] Script [extract] result prefix: {"schema_version":"1.3","section":"commentary","statistic_period":null,"source_url":"https://www.flashscore.com/match/football/eintracht-frankfurt-8vndvXTk/freiburg-fiEQZ7C7/summary/live-commentary/all-comments/?mid=fJ1Uqfrs","match_id":"fJ1Uqfrs","collected_at_utc":"2026-08-16T06:18:29.779Z","page_title":"EIN 0-0 FRE | Eintracht Frankfurt v Freiburg 24/09/2023 | Football - Flashscore | Match","competition":"WORLD CUP","status":"FINISHED","date_time":"24.09.2023 19:30","home_team":"Eintracht Fra
[2026-08-16T06:18:29Z] Merged section: commentary
[2026-08-16T06:18:29Z] Saving complete match JSON...
[2026-08-16T06:18:29Z] Player Stats category unavailable; status=not_available: top_stats
[2026-08-16T06:18:29Z] Player Stats category unavailable; status=not_available: shots
[2026-08-16T06:18:30Z] Player Stats category unavailable; status=not_available: attack
[2026-08-16T06:18:30Z] Player Stats category unavailable; status=not_available: passes
[2026-08-16T06:18:30Z] Player Stats category unavailable; status=not_available: defense
[2026-08-16T06:18:30Z] Player Stats category unavailable; status=not_available: goalkeeping
[2026-08-16T06:18:30Z] Player Stats category unavailable; status=not_available: general
[2026-08-16T06:18:30Z] Structured goals, cards and VAR events enriched.
[2026-08-16T06:18:30Z] Saved match JSON with 13 statistics: G:\Mirza\VSCode\FlashscoreFootballCollector_\Data\Matches\Bundesliga\2023_2024\2023-09-24_Eintracht_Frankfurt_vs_Freiburg_fJ1Uqfrs.json
[2026-08-16T06:18:30Z] Finished: 2023-09-24_Eintracht_Frankfurt_vs_Freiburg_fJ1Uqfrs.json
[2026-08-16T06:18:30Z] Opening overall statistics...
[2026-08-16T06:18:30Z] Navigate: https://www.flashscore.com/match/football/dortmund-nP1i5US1/hoffenheim-hQAtP9Sl/summary/stats/overall/?mid=GnVBdXRn
[2026-08-16T06:18:32Z] Page loaded. Waiting for statistics DOM...
[2026-08-16T06:18:34Z] Script [readiness] result prefix: {"body_text_length":3277,"ready":true,"row_count":19,"section":"statistics_overall","title":"HOF 1-3 DOR | Hoffenheim v Dortmund 29/09/2023, Stats - Flashscore.com | Match"}
[2026-08-16T06:18:34Z] Reading rendered DOM...
[2026-08-16T06:18:34Z] Executing extraction script for phase 0; length: 5174.
[2026-08-16T06:18:34Z] Script [extract] result prefix: {"schema_version":"1.3","section":"statistics_overall","statistic_period":"overall","source_url":"https://www.flashscore.com/match/football/dortmund-nP1i5US1/hoffenheim-hQAtP9Sl/summary/stats/overall/?mid=GnVBdXRn","match_id":"GnVBdXRn","collected_at_utc":"2026-08-16T06:18:34.270Z","page_title":"HOF 1-3 DOR | Hoffenheim v Dortmund 29/09/2023, Stats - Flashscore.com | Match","competition":"WORLD CUP","status":"FINISHED","date_time":"29.09.2023 22:30","home_team":"Hoffenheim","away_team":"Dortmund
[2026-08-16T06:18:34Z] Stored overall statistics: 14 rows.
[2026-08-16T06:18:34Z] Merged section: statistics_overall
[2026-08-16T06:18:34Z] Opening 1st half statistics...
[2026-08-16T06:18:34Z] Navigate: https://www.flashscore.com/match/football/dortmund-nP1i5US1/hoffenheim-hQAtP9Sl/summary/stats/1st-half/?mid=GnVBdXRn
[2026-08-16T06:18:36Z] Page loaded. Waiting for statistics DOM...
[2026-08-16T06:18:38Z] Script [readiness] result prefix: {"body_text_length":3255,"ready":true,"row_count":18,"section":"statistics_first_half","title":"HOF 1-3 DOR | Hoffenheim v Dortmund 29/09/2023, Stats - Flashscore.com | Match"}
[2026-08-16T06:18:38Z] Reading rendered DOM...
[2026-08-16T06:18:38Z] Executing extraction script for phase 1; length: 5174.
[2026-08-16T06:18:38Z] Script [extract] result prefix: {"schema_version":"1.3","section":"statistics_first_half","statistic_period":"first_half","source_url":"https://www.flashscore.com/match/football/dortmund-nP1i5US1/hoffenheim-hQAtP9Sl/summary/stats/1st-half/?mid=GnVBdXRn","match_id":"GnVBdXRn","collected_at_utc":"2026-08-16T06:18:38.238Z","page_title":"HOF 1-3 DOR | Hoffenheim v Dortmund 29/09/2023, Stats - Flashscore.com | Match","competition":"WORLD CUP","status":"FINISHED","date_time":"29.09.2023 22:30","home_team":"Hoffenheim","away_team":"D
[2026-08-16T06:18:38Z] Stored first_half statistics: 13 rows.
[2026-08-16T06:18:38Z] Merged section: statistics_first_half
[2026-08-16T06:18:38Z] Opening 2nd half statistics...
[2026-08-16T06:18:38Z] Navigate: https://www.flashscore.com/match/football/dortmund-nP1i5US1/hoffenheim-hQAtP9Sl/summary/stats/2nd-half/?mid=GnVBdXRn
[2026-08-16T06:18:40Z] Page loaded. Waiting for statistics DOM...
[2026-08-16T06:18:41Z] Script [readiness] result prefix: {"body_text_length":3267,"ready":true,"row_count":19,"section":"statistics_second_half","title":"HOF 1-3 DOR | Hoffenheim v Dortmund 29/09/2023, Stats - Flashscore.com | Match"}
[2026-08-16T06:18:41Z] Reading rendered DOM...
[2026-08-16T06:18:41Z] Executing extraction script for phase 2; length: 5174.
[2026-08-16T06:18:42Z] Script [extract] result prefix: {"schema_version":"1.3","section":"statistics_second_half","statistic_period":"second_half","source_url":"https://www.flashscore.com/match/football/dortmund-nP1i5US1/hoffenheim-hQAtP9Sl/summary/stats/2nd-half/?mid=GnVBdXRn","match_id":"GnVBdXRn","collected_at_utc":"2026-08-16T06:18:41.986Z","page_title":"HOF 1-3 DOR | Hoffenheim v Dortmund 29/09/2023, Stats - Flashscore.com | Match","competition":"WORLD CUP","status":"FINISHED","date_time":"29.09.2023 22:30","home_team":"Hoffenheim","away_team":
[2026-08-16T06:18:42Z] Stored second_half statistics: 14 rows.
[2026-08-16T06:18:42Z] Merged section: statistics_second_half
[2026-08-16T06:18:42Z] Opening lineups...
[2026-08-16T06:18:42Z] Navigate: https://www.flashscore.com/match/football/dortmund-nP1i5US1/hoffenheim-hQAtP9Sl/summary/lineups/?mid=GnVBdXRn
[2026-08-16T06:18:44Z] Page loaded. Waiting for statistics DOM...
[2026-08-16T06:18:45Z] Script [readiness] result prefix: {"body_text_length":4273,"ready":true,"row_count":117,"section":"lineups","title":"HOF 1-3 DOR | Hoffenheim v Dortmund 29/09/2023, Lineups - Flashscore.com | Match"}
[2026-08-16T06:18:45Z] Reading rendered DOM...
[2026-08-16T06:18:45Z] Executing extraction script for phase 4; length: 20701.
[2026-08-16T06:18:45Z] Script [extract] result prefix: {"schema_version":"1.3","section":"lineups","statistic_period":null,"source_url":"https://www.flashscore.com/match/football/dortmund-nP1i5US1/hoffenheim-hQAtP9Sl/summary/lineups/?mid=GnVBdXRn","match_id":"GnVBdXRn","collected_at_utc":"2026-08-16T06:18:45.831Z","page_title":"HOF 1-3 DOR | Hoffenheim v Dortmund 29/09/2023, Lineups - Flashscore.com | Match","competition":"WORLD CUP","status":"FINISHED","date_time":"29.09.2023 22:30","home_team":"Hoffenheim","away_team":"Dortmund","score":{"home":"1
[2026-08-16T06:18:45Z] Merged section: lineups
[2026-08-16T06:18:46Z] German Bundesliga 2023/2024: Player Stats are unavailable in the source profile.
[2026-08-16T06:18:46Z] Marked all Player Stats categories as not_available; collection continues.
[2026-08-16T06:18:46Z] Opening commentary...
[2026-08-16T06:18:46Z] Navigate: https://www.flashscore.com/match/football/dortmund-nP1i5US1/hoffenheim-hQAtP9Sl/summary/live-commentary/?mid=GnVBdXRn
[2026-08-16T06:18:48Z] Page loaded. Waiting for statistics DOM...
[2026-08-16T06:18:50Z] Script [readiness] result prefix: {"body_text_length":14473,"ready":true,"row_count":267,"section":"commentary","title":"HOF 1-3 DOR | Hoffenheim v Dortmund 29/09/2023 | Football - Flashscore | Match"}
[2026-08-16T06:18:50Z] Reading rendered DOM...
[2026-08-16T06:18:50Z] Executing extraction script for phase 12; length: 11834.
[2026-08-16T06:18:50Z] Script [extract] result prefix: {"schema_version":"1.3","section":"commentary","statistic_period":null,"source_url":"https://www.flashscore.com/match/football/dortmund-nP1i5US1/hoffenheim-hQAtP9Sl/summary/live-commentary/all-comments/?mid=GnVBdXRn","match_id":"GnVBdXRn","collected_at_utc":"2026-08-16T06:18:50.203Z","page_title":"HOF 1-3 DOR | Hoffenheim v Dortmund 29/09/2023 | Football - Flashscore | Match","competition":"WORLD CUP","status":"FINISHED","date_time":"29.09.2023 22:30","home_team":"Hoffenheim","away_team":"Dortmu
[2026-08-16T06:18:50Z] Merged section: commentary
[2026-08-16T06:18:50Z] Saving complete match JSON...
[2026-08-16T06:18:50Z] Player Stats category unavailable; status=not_available: top_stats
[2026-08-16T06:18:50Z] Player Stats category unavailable; status=not_available: shots
[2026-08-16T06:18:50Z] Player Stats category unavailable; status=not_available: attack
[2026-08-16T06:18:50Z] Player Stats category unavailable; status=not_available: passes
[2026-08-16T06:18:50Z] Player Stats category unavailable; status=not_available: defense
[2026-08-16T06:18:50Z] Player Stats category unavailable; status=not_available: goalkeeping
[2026-08-16T06:18:50Z] Player Stats category unavailable; status=not_available: general
[2026-08-16T06:18:50Z] Structured goals, cards and VAR events enriched.
[2026-08-16T06:18:50Z] Saved match JSON with 14 statistics: G:\Mirza\VSCode\FlashscoreFootballCollector_\Data\Matches\Bundesliga\2023_2024\2023-09-29_Hoffenheim_vs_Dortmund_GnVBdXRn.json
[2026-08-16T06:18:50Z] Finished: 2023-09-29_Hoffenheim_vs_Dortmund_GnVBdXRn.json
[2026-08-16T06:18:50Z] Opening overall statistics...
[2026-08-16T06:18:50Z] Navigate: https://www.flashscore.com/match/football/eintracht-frankfurt-8vndvXTk/wolfsburg-nwkTahLL/summary/stats/overall/?mid=ra0cwARO
[2026-08-16T06:18:53Z] Page loaded. Waiting for statistics DOM...
[2026-08-16T06:18:55Z] Script [readiness] result prefix: {"body_text_length":3322,"ready":true,"row_count":19,"section":"statistics_overall","title":"WOL 2-0 EIN | Wolfsburg v Eintracht Frankfurt 30/09/2023, Stats - Flashscore.com | Match"}
[2026-08-16T06:18:55Z] Reading rendered DOM...
[2026-08-16T06:18:55Z] Executing extraction script for phase 0; length: 5174.
[2026-08-16T06:18:55Z] Script [extract] result prefix: {"schema_version":"1.3","section":"statistics_overall","statistic_period":"overall","source_url":"https://www.flashscore.com/match/football/eintracht-frankfurt-8vndvXTk/wolfsburg-nwkTahLL/summary/stats/overall/?mid=ra0cwARO","match_id":"ra0cwARO","collected_at_utc":"2026-08-16T06:18:55.155Z","page_title":"WOL 2-0 EIN | Wolfsburg v Eintracht Frankfurt 30/09/2023, Stats - Flashscore.com | Match","competition":"WORLD CUP","status":"FINISHED","date_time":"30.09.2023 17:30","home_team":"Wolfsburg","a
[2026-08-16T06:18:55Z] Stored overall statistics: 14 rows.
[2026-08-16T06:18:55Z] Merged section: statistics_overall
[2026-08-16T06:18:55Z] Opening 1st half statistics...
[2026-08-16T06:18:55Z] Navigate: https://www.flashscore.com/match/football/eintracht-frankfurt-8vndvXTk/wolfsburg-nwkTahLL/summary/stats/1st-half/?mid=ra0cwARO
[2026-08-16T06:18:57Z] Page loaded. Waiting for statistics DOM...
[2026-08-16T06:18:59Z] Script [readiness] result prefix: {"body_text_length":3303,"ready":true,"row_count":18,"section":"statistics_first_half","title":"WOL 2-0 EIN | Wolfsburg v Eintracht Frankfurt 30/09/2023, Stats - Flashscore.com | Match"}
[2026-08-16T06:18:59Z] Reading rendered DOM...
[2026-08-16T06:18:59Z] Executing extraction script for phase 1; length: 5174.
[2026-08-16T06:18:59Z] Script [extract] result prefix: {"schema_version":"1.3","section":"statistics_first_half","statistic_period":"first_half","source_url":"https://www.flashscore.com/match/football/eintracht-frankfurt-8vndvXTk/wolfsburg-nwkTahLL/summary/stats/1st-half/?mid=ra0cwARO","match_id":"ra0cwARO","collected_at_utc":"2026-08-16T06:18:59.467Z","page_title":"WOL 2-0 EIN | Wolfsburg v Eintracht Frankfurt 30/09/2023, Stats - Flashscore.com | Match","competition":"WORLD CUP","status":"FINISHED","date_time":"30.09.2023 17:30","home_team":"Wolfsb
[2026-08-16T06:18:59Z] Stored first_half statistics: 13 rows.
[2026-08-16T06:18:59Z] Merged section: statistics_first_half
[2026-08-16T06:18:59Z] Opening 2nd half statistics...
[2026-08-16T06:18:59Z] Navigate: https://www.flashscore.com/match/football/eintracht-frankfurt-8vndvXTk/wolfsburg-nwkTahLL/summary/stats/2nd-half/?mid=ra0cwARO
[2026-08-16T06:19:01Z] Page loaded. Waiting for statistics DOM...
[2026-08-16T06:19:03Z] Script [readiness] result prefix: {"body_text_length":3314,"ready":true,"row_count":19,"section":"statistics_second_half","title":"WOL 2-0 EIN | Wolfsburg v Eintracht Frankfurt 30/09/2023, Stats - Flashscore.com | Match"}
[2026-08-16T06:19:03Z] Reading rendered DOM...
[2026-08-16T06:19:03Z] Executing extraction script for phase 2; length: 5174.
[2026-08-16T06:19:03Z] Script [extract] result prefix: {"schema_version":"1.3","section":"statistics_second_half","statistic_period":"second_half","source_url":"https://www.flashscore.com/match/football/eintracht-frankfurt-8vndvXTk/wolfsburg-nwkTahLL/summary/stats/2nd-half/?mid=ra0cwARO","match_id":"ra0cwARO","collected_at_utc":"2026-08-16T06:19:03.248Z","page_title":"WOL 2-0 EIN | Wolfsburg v Eintracht Frankfurt 30/09/2023, Stats - Flashscore.com | Match","competition":"WORLD CUP","status":"FINISHED","date_time":"30.09.2023 17:30","home_team":"Wolf
[2026-08-16T06:19:03Z] Stored second_half statistics: 14 rows.
[2026-08-16T06:19:03Z] Merged section: statistics_second_half
[2026-08-16T06:19:03Z] Opening lineups...
[2026-08-16T06:19:03Z] Navigate: https://www.flashscore.com/match/football/eintracht-frankfurt-8vndvXTk/wolfsburg-nwkTahLL/summary/lineups/?mid=ra0cwARO
[2026-08-16T06:19:08Z] Page loaded. Waiting for statistics DOM...
[2026-08-16T06:19:10Z] Script [readiness] result prefix: {"body_text_length":4279,"ready":true,"row_count":117,"section":"lineups","title":"WOL 2-0 EIN | Wolfsburg v Eintracht Frankfurt 30/09/2023, Lineups - Flashscore.com | Match"}
[2026-08-16T06:19:10Z] Reading rendered DOM...
[2026-08-16T06:19:10Z] Executing extraction script for phase 4; length: 20701.
[2026-08-16T06:19:10Z] Script [extract] result prefix: {"schema_version":"1.3","section":"lineups","statistic_period":null,"source_url":"https://www.flashscore.com/match/football/eintracht-frankfurt-8vndvXTk/wolfsburg-nwkTahLL/summary/lineups/?mid=ra0cwARO","match_id":"ra0cwARO","collected_at_utc":"2026-08-16T06:19:10.346Z","page_title":"WOL 2-0 EIN | Wolfsburg v Eintracht Frankfurt 30/09/2023, Lineups - Flashscore.com | Match","competition":"WORLD CUP","status":"FINISHED","date_time":"30.09.2023 17:30","home_team":"Wolfsburg","away_team":"Eintracht
[2026-08-16T06:19:10Z] Merged section: lineups
[2026-08-16T06:19:10Z] German Bundesliga 2023/2024: Player Stats are unavailable in the source profile.
[2026-08-16T06:19:11Z] Marked all Player Stats categories as not_available; collection continues.
[2026-08-16T06:19:11Z] Opening commentary...
[2026-08-16T06:19:11Z] Navigate: https://www.flashscore.com/match/football/eintracht-frankfurt-8vndvXTk/wolfsburg-nwkTahLL/summary/live-commentary/?mid=ra0cwARO
[2026-08-16T06:19:13Z] Page loaded. Waiting for statistics DOM...
[2026-08-16T06:19:15Z] Script [readiness] result prefix: {"body_text_length":13033,"ready":true,"row_count":240,"section":"commentary","title":"WOL 2-0 EIN | Wolfsburg v Eintracht Frankfurt 30/09/2023 | Football - Flashscore | Match"}
[2026-08-16T06:19:15Z] Reading rendered DOM...
[2026-08-16T06:19:15Z] Executing extraction script for phase 12; length: 11834.
[2026-08-16T06:19:15Z] Script [extract] result prefix: {"schema_version":"1.3","section":"commentary","statistic_period":null,"source_url":"https://www.flashscore.com/match/football/eintracht-frankfurt-8vndvXTk/wolfsburg-nwkTahLL/summary/live-commentary/all-comments/?mid=ra0cwARO","match_id":"ra0cwARO","collected_at_utc":"2026-08-16T06:19:15.362Z","page_title":"WOL 2-0 EIN | Wolfsburg v Eintracht Frankfurt 30/09/2023 | Football - Flashscore | Match","competition":"WORLD CUP","status":"FINISHED","date_time":"30.09.2023 17:30","home_team":"Wolfsburg",
[2026-08-16T06:19:15Z] Merged section: commentary
[2026-08-16T06:19:15Z] Saving complete match JSON...
[2026-08-16T06:19:15Z] Player Stats category unavailable; status=not_available: top_stats
[2026-08-16T06:19:15Z] Player Stats category unavailable; status=not_available: shots
[2026-08-16T06:19:15Z] Player Stats category unavailable; status=not_available: attack
[2026-08-16T06:19:16Z] Player Stats category unavailable; status=not_available: passes
[2026-08-16T06:19:16Z] Player Stats category unavailable; status=not_available: defense
[2026-08-16T06:19:16Z] Player Stats category unavailable; status=not_available: goalkeeping
[2026-08-16T06:19:16Z] Player Stats category unavailable; status=not_available: general
[2026-08-16T06:19:17Z] Structured goals, cards and VAR events enriched.
[2026-08-16T06:19:17Z] Saved match JSON with 14 statistics: G:\Mirza\VSCode\FlashscoreFootballCollector_\Data\Matches\Bundesliga\2023_2024\2023-09-30_Wolfsburg_vs_Eintracht_Frankfurt_ra0cwARO.json
[2026-08-16T06:19:17Z] Finished: 2023-09-30_Wolfsburg_vs_Eintracht_Frankfurt_ra0cwARO.json
[2026-08-16T06:19:17Z] Opening overall statistics...
[2026-08-16T06:19:17Z] Navigate: https://www.flashscore.com/match/football/bayer-leverkusen-4jcj2zMd/mainz-EuakNmc1/summary/stats/overall/?mid=p4vt2g4P
[2026-08-16T06:19:20Z] Page loaded. Waiting for statistics DOM...
[2026-08-16T06:19:21Z] Script [readiness] result prefix: {"body_text_length":2744,"ready":false,"row_count":0,"section":"statistics_overall","title":"MAI 0-3 LEV | Mainz v Bayer Leverkusen 30/09/2023, Stats - Flashscore.com | Match"}
[2026-08-16T06:19:21Z] DOM not ready; statistic rows: 0
