[2026-08-16T05:11:45Z] Discovering complete competition season from the selected results page...
[2026-08-16T05:11:45Z] Discovering tournament matches...
[2026-08-16T05:11:45Z] Discovery navigate: https://www.flashscore.com/football/france/ligue-1-2023-2024/results/
[2026-08-16T05:11:48Z] Tournament page loaded. Waiting for match list...
[2026-08-16T05:11:49Z] Reading tournament match list...
[2026-08-16T05:11:49Z] Script [discover_matches] result prefix: {"section":"match_discovery","page_url":"https://www.flashscore.com/football/france/ligue-1-2023-2024/results/","page_title":"Ligue 1 2023/2024 Results - Football/France","body_text_length":6198,"event_node_count":109,"anchor_count":139,"match_count":109,"final_tournament_limit":0,"load_more_clicked":true,"matches":[{"match_id":"KxqNRpgn","url":"https://www.flashscore.com/match/football/metz-4v0yqlWc/st-etienne-YL2QybFe/summary/stats/overall/?mid=KxqNRpgn","text":"02.06.2024 AET Metz St Etienne 
[2026-08-16T05:11:49Z] WARNING: Discovery anchor was not found on the results page: 
[2026-08-16T05:11:49Z] Discovery page returned 109 matches; 0 added. Event nodes: 109; anchors: 139; body text: 6198.
[2026-08-16T05:11:50Z] Flashscore Show more clicked; waiting for additional matches...
[2026-08-16T05:11:51Z] Reading tournament match list...
[2026-08-16T05:11:51Z] Script [discover_matches] result prefix: {"section":"match_discovery","page_url":"https://www.flashscore.com/football/france/ligue-1-2023-2024/results/","page_title":"Ligue 1 2023/2024 Results - Football/France","body_text_length":6180,"event_node_count":109,"anchor_count":139,"match_count":109,"final_tournament_limit":0,"load_more_clicked":false,"matches":[{"match_id":"KxqNRpgn","url":"https://www.flashscore.com/match/football/metz-4v0yqlWc/st-etienne-YL2QybFe/summary/stats/overall/?mid=KxqNRpgn","text":"02.06.2024 AET Metz St Etienne
[2026-08-16T05:11:51Z] WARNING: Discovery anchor was not found on the results page: 
[2026-08-16T05:11:51Z] Discovery page returned 109 matches; 0 added. Event nodes: 109; anchors: 139; body text: 6180.
[2026-08-16T05:11:51Z] Season discovery finished. Discovered 0 matches.
[2026-08-16T05:11:51Z] French Ligue 1 2023/2024 discovery is incomplete: expected 306 matches, discovered 0. Collection was not started.
[2026-08-16T06:00:01Z] Discovering complete competition season from the selected results page...
[2026-08-16T06:00:01Z] Discovering tournament matches...
[2026-08-16T06:00:01Z] Discovery navigate: https://www.flashscore.com/football/france/ligue-1-2023-2024/results/
[2026-08-16T06:00:04Z] Tournament page loaded. Waiting for match list...
[2026-08-16T06:00:05Z] Reading tournament match list...
[2026-08-16T06:00:06Z] Script [discover_matches] result prefix: {"section":"match_discovery","page_url":"https://www.flashscore.com/football/france/ligue-1-2023-2024/results/","page_title":"Ligue 1 2023/2024 Results - Football/France","body_text_length":6198,"event_node_count":109,"anchor_count":139,"match_count":109,"final_tournament_limit":0,"load_more_clicked":true,"matches":[{"match_id":"KxqNRpgn","url":"https://www.flashscore.com/match/football/metz-4v0yqlWc/st-etienne-YL2QybFe/summary/stats/overall/?mid=KxqNRpgn","text":"02.06.2024 AET Metz St Etienne 
[2026-08-16T06:00:06Z] Discovery snapshot is partial (109 matches rendered). Flashscore Show more clicked; waiting for earlier rounds...
[2026-08-16T06:00:07Z] Reading tournament match list...
[2026-08-16T06:00:07Z] Script [discover_matches] result prefix: {"section":"match_discovery","page_url":"https://www.flashscore.com/football/france/ligue-1-2023-2024/results/","page_title":"Ligue 1 2023/2024 Results - Football/France","body_text_length":9108,"event_node_count":203,"anchor_count":233,"match_count":203,"final_tournament_limit":0,"load_more_clicked":true,"matches":[{"match_id":"KxqNRpgn","url":"https://www.flashscore.com/match/football/metz-4v0yqlWc/st-etienne-YL2QybFe/summary/stats/overall/?mid=KxqNRpgn","text":"02.06.2024 AET Metz St Etienne 
[2026-08-16T06:00:07Z] Discovery snapshot is partial (203 matches rendered). Flashscore Show more clicked; waiting for earlier rounds...
[2026-08-16T06:00:09Z] Reading tournament match list...
[2026-08-16T06:00:09Z] Script [discover_matches] result prefix: {"section":"match_discovery","page_url":"https://www.flashscore.com/football/france/ligue-1-2023-2024/results/","page_title":"Ligue 1 2023/2024 Results - Football/France","body_text_length":12052,"event_node_count":300,"anchor_count":330,"match_count":300,"final_tournament_limit":0,"load_more_clicked":true,"matches":[{"match_id":"KxqNRpgn","url":"https://www.flashscore.com/match/football/metz-4v0yqlWc/st-etienne-YL2QybFe/summary/stats/overall/?mid=KxqNRpgn","text":"02.06.2024 AET Metz St Etienne
[2026-08-16T06:00:09Z] Discovery snapshot is partial (300 matches rendered). Flashscore Show more clicked; waiting for earlier rounds...
[2026-08-16T06:00:10Z] Reading tournament match list...
[2026-08-16T06:00:10Z] Script [discover_matches] result prefix: {"section":"match_discovery","page_url":"https://www.flashscore.com/football/france/ligue-1-2023-2024/results/","page_title":"Ligue 1 2023/2024 Results - Football/France","body_text_length":12338,"event_node_count":310,"anchor_count":340,"match_count":310,"final_tournament_limit":0,"load_more_clicked":false,"matches":[{"match_id":"KxqNRpgn","url":"https://www.flashscore.com/match/football/metz-4v0yqlWc/st-etienne-YL2QybFe/summary/stats/overall/?mid=KxqNRpgn","text":"02.06.2024 AET Metz St Etienn
[2026-08-16T06:00:10Z] Discovery expanded from 300 to 310 rendered matches; waiting for the next Show more state...
[2026-08-16T06:00:12Z] Reading tournament match list...
[2026-08-16T06:00:12Z] Script [discover_matches] result prefix: {"section":"match_discovery","page_url":"https://www.flashscore.com/football/france/ligue-1-2023-2024/results/","page_title":"Ligue 1 2023/2024 Results - Football/France","body_text_length":12338,"event_node_count":310,"anchor_count":340,"match_count":310,"final_tournament_limit":0,"load_more_clicked":false,"matches":[{"match_id":"KxqNRpgn","url":"https://www.flashscore.com/match/football/metz-4v0yqlWc/st-etienne-YL2QybFe/summary/stats/overall/?mid=KxqNRpgn","text":"02.06.2024 AET Metz St Etienn
[2026-08-16T06:00:13Z] Reading tournament match list...
[2026-08-16T06:00:13Z] Script [discover_matches] result prefix: {"section":"match_discovery","page_url":"https://www.flashscore.com/football/france/ligue-1-2023-2024/results/","page_title":"Ligue 1 2023/2024 Results - Football/France","body_text_length":12338,"event_node_count":310,"anchor_count":340,"match_count":310,"final_tournament_limit":0,"load_more_clicked":false,"matches":[{"match_id":"KxqNRpgn","url":"https://www.flashscore.com/match/football/metz-4v0yqlWc/st-etienne-YL2QybFe/summary/stats/overall/?mid=KxqNRpgn","text":"02.06.2024 AET Metz St Etienn
[2026-08-16T06:00:15Z] Reading tournament match list...
[2026-08-16T06:00:15Z] Script [discover_matches] result prefix: {"section":"match_discovery","page_url":"https://www.flashscore.com/football/france/ligue-1-2023-2024/results/","page_title":"Ligue 1 2023/2024 Results - Football/France","body_text_length":12338,"event_node_count":310,"anchor_count":340,"match_count":310,"final_tournament_limit":0,"load_more_clicked":false,"matches":[{"match_id":"KxqNRpgn","url":"https://www.flashscore.com/match/football/metz-4v0yqlWc/st-etienne-YL2QybFe/summary/stats/overall/?mid=KxqNRpgn","text":"02.06.2024 AET Metz St Etienn
[2026-08-16T06:00:16Z] Reading tournament match list...
[2026-08-16T06:00:16Z] Script [discover_matches] result prefix: {"section":"match_discovery","page_url":"https://www.flashscore.com/football/france/ligue-1-2023-2024/results/","page_title":"Ligue 1 2023/2024 Results - Football/France","body_text_length":12338,"event_node_count":310,"anchor_count":340,"match_count":310,"final_tournament_limit":0,"load_more_clicked":false,"matches":[{"match_id":"KxqNRpgn","url":"https://www.flashscore.com/match/football/metz-4v0yqlWc/st-etienne-YL2QybFe/summary/stats/overall/?mid=KxqNRpgn","text":"02.06.2024 AET Metz St Etienn
[2026-08-16T06:00:18Z] Reading tournament match list...
[2026-08-16T06:00:18Z] Script [discover_matches] result prefix: {"section":"match_discovery","page_url":"https://www.flashscore.com/football/france/ligue-1-2023-2024/results/","page_title":"Ligue 1 2023/2024 Results - Football/France","body_text_length":12338,"event_node_count":310,"anchor_count":340,"match_count":310,"final_tournament_limit":0,"load_more_clicked":false,"matches":[{"match_id":"KxqNRpgn","url":"https://www.flashscore.com/match/football/metz-4v0yqlWc/st-etienne-YL2QybFe/summary/stats/overall/?mid=KxqNRpgn","text":"02.06.2024 AET Metz St Etienn
[2026-08-16T06:00:19Z] Reading tournament match list...
[2026-08-16T06:00:19Z] Script [discover_matches] result prefix: {"section":"match_discovery","page_url":"https://www.flashscore.com/football/france/ligue-1-2023-2024/results/","page_title":"Ligue 1 2023/2024 Results - Football/France","body_text_length":12338,"event_node_count":310,"anchor_count":340,"match_count":310,"final_tournament_limit":0,"load_more_clicked":false,"matches":[{"match_id":"KxqNRpgn","url":"https://www.flashscore.com/match/football/metz-4v0yqlWc/st-etienne-YL2QybFe/summary/stats/overall/?mid=KxqNRpgn","text":"02.06.2024 AET Metz St Etienn
[2026-08-16T06:00:19Z] Discovery list stabilized at 310 rendered matches; processing the final snapshot.
[2026-08-16T06:00:26Z] Ignored 4 Final-stage match(es); regular season rounds only.
[2026-08-16T06:00:26Z] Discovery page returned 310 matches; 306 added. Event nodes: 310; anchors: 340; body text: 12338.
[2026-08-16T06:00:26Z] Season discovery finished. Discovered 306 matches.
[2026-08-16T06:00:26Z] Discovery finished: 306 matches.
[2026-08-16T06:01:51Z] Discovering complete competition season from the selected results page...
[2026-08-16T06:01:51Z] Discovering tournament matches...
[2026-08-16T06:01:51Z] Discovery navigate: https://www.flashscore.com/football/france/ligue-1-2023-2024/results/
[2026-08-16T06:01:53Z] Tournament page loaded. Waiting for match list...
[2026-08-16T06:01:55Z] Reading tournament match list...
[2026-08-16T06:01:55Z] Script [discover_matches] result prefix: {"section":"match_discovery","page_url":"https://www.flashscore.com/football/france/ligue-1-2023-2024/results/","page_title":"Ligue 1 2023/2024 Results - Football/France","body_text_length":6198,"event_node_count":109,"anchor_count":139,"match_count":109,"final_tournament_limit":0,"load_more_clicked":true,"matches":[{"match_id":"KxqNRpgn","url":"https://www.flashscore.com/match/football/metz-4v0yqlWc/st-etienne-YL2QybFe/summary/stats/overall/?mid=KxqNRpgn","text":"02.06.2024 AET Metz St Etienne 
[2026-08-16T06:01:55Z] Discovery snapshot is partial (109 matches rendered). Flashscore Show more clicked; waiting for earlier rounds...
[2026-08-16T06:01:56Z] Reading tournament match list...
[2026-08-16T06:01:57Z] Script [discover_matches] result prefix: {"section":"match_discovery","page_url":"https://www.flashscore.com/football/france/ligue-1-2023-2024/results/","page_title":"Ligue 1 2023/2024 Results - Football/France","body_text_length":9108,"event_node_count":203,"anchor_count":233,"match_count":203,"final_tournament_limit":0,"load_more_clicked":true,"matches":[{"match_id":"KxqNRpgn","url":"https://www.flashscore.com/match/football/metz-4v0yqlWc/st-etienne-YL2QybFe/summary/stats/overall/?mid=KxqNRpgn","text":"02.06.2024 AET Metz St Etienne 
[2026-08-16T06:01:57Z] Discovery snapshot is partial (203 matches rendered). Flashscore Show more clicked; waiting for earlier rounds...
[2026-08-16T06:01:58Z] Reading tournament match list...
[2026-08-16T06:01:58Z] Script [discover_matches] result prefix: {"section":"match_discovery","page_url":"https://www.flashscore.com/football/france/ligue-1-2023-2024/results/","page_title":"Ligue 1 2023/2024 Results - Football/France","body_text_length":12052,"event_node_count":300,"anchor_count":330,"match_count":300,"final_tournament_limit":0,"load_more_clicked":true,"matches":[{"match_id":"KxqNRpgn","url":"https://www.flashscore.com/match/football/metz-4v0yqlWc/st-etienne-YL2QybFe/summary/stats/overall/?mid=KxqNRpgn","text":"02.06.2024 AET Metz St Etienne
[2026-08-16T06:01:58Z] Discovery snapshot is partial (300 matches rendered). Flashscore Show more clicked; waiting for earlier rounds...
[2026-08-16T06:02:00Z] Reading tournament match list...
[2026-08-16T06:02:00Z] Script [discover_matches] result prefix: {"section":"match_discovery","page_url":"https://www.flashscore.com/football/france/ligue-1-2023-2024/results/","page_title":"Ligue 1 2023/2024 Results - Football/France","body_text_length":12338,"event_node_count":310,"anchor_count":340,"match_count":310,"final_tournament_limit":0,"load_more_clicked":false,"matches":[{"match_id":"KxqNRpgn","url":"https://www.flashscore.com/match/football/metz-4v0yqlWc/st-etienne-YL2QybFe/summary/stats/overall/?mid=KxqNRpgn","text":"02.06.2024 AET Metz St Etienn
[2026-08-16T06:02:00Z] Discovery expanded from 300 to 310 rendered matches; waiting for the next Show more state...
[2026-08-16T06:02:01Z] Reading tournament match list...
[2026-08-16T06:02:01Z] Script [discover_matches] result prefix: {"section":"match_discovery","page_url":"https://www.flashscore.com/football/france/ligue-1-2023-2024/results/","page_title":"Ligue 1 2023/2024 Results - Football/France","body_text_length":12338,"event_node_count":310,"anchor_count":340,"match_count":310,"final_tournament_limit":0,"load_more_clicked":false,"matches":[{"match_id":"KxqNRpgn","url":"https://www.flashscore.com/match/football/metz-4v0yqlWc/st-etienne-YL2QybFe/summary/stats/overall/?mid=KxqNRpgn","text":"02.06.2024 AET Metz St Etienn
[2026-08-16T06:02:03Z] Reading tournament match list...
[2026-08-16T06:02:03Z] Script [discover_matches] result prefix: {"section":"match_discovery","page_url":"https://www.flashscore.com/football/france/ligue-1-2023-2024/results/","page_title":"Ligue 1 2023/2024 Results - Football/France","body_text_length":12338,"event_node_count":310,"anchor_count":340,"match_count":310,"final_tournament_limit":0,"load_more_clicked":false,"matches":[{"match_id":"KxqNRpgn","url":"https://www.flashscore.com/match/football/metz-4v0yqlWc/st-etienne-YL2QybFe/summary/stats/overall/?mid=KxqNRpgn","text":"02.06.2024 AET Metz St Etienn
[2026-08-16T06:02:04Z] Reading tournament match list...
[2026-08-16T06:02:04Z] Script [discover_matches] result prefix: {"section":"match_discovery","page_url":"https://www.flashscore.com/football/france/ligue-1-2023-2024/results/","page_title":"Ligue 1 2023/2024 Results - Football/France","body_text_length":12338,"event_node_count":310,"anchor_count":340,"match_count":310,"final_tournament_limit":0,"load_more_clicked":false,"matches":[{"match_id":"KxqNRpgn","url":"https://www.flashscore.com/match/football/metz-4v0yqlWc/st-etienne-YL2QybFe/summary/stats/overall/?mid=KxqNRpgn","text":"02.06.2024 AET Metz St Etienn
[2026-08-16T06:02:06Z] Reading tournament match list...
[2026-08-16T06:02:06Z] Script [discover_matches] result prefix: {"section":"match_discovery","page_url":"https://www.flashscore.com/football/france/ligue-1-2023-2024/results/","page_title":"Ligue 1 2023/2024 Results - Football/France","body_text_length":12338,"event_node_count":310,"anchor_count":340,"match_count":310,"final_tournament_limit":0,"load_more_clicked":false,"matches":[{"match_id":"KxqNRpgn","url":"https://www.flashscore.com/match/football/metz-4v0yqlWc/st-etienne-YL2QybFe/summary/stats/overall/?mid=KxqNRpgn","text":"02.06.2024 AET Metz St Etienn
[2026-08-16T06:02:07Z] Reading tournament match list...
[2026-08-16T06:02:08Z] Script [discover_matches] result prefix: {"section":"match_discovery","page_url":"https://www.flashscore.com/football/france/ligue-1-2023-2024/results/","page_title":"Ligue 1 2023/2024 Results - Football/France","body_text_length":12338,"event_node_count":310,"anchor_count":340,"match_count":310,"final_tournament_limit":0,"load_more_clicked":false,"matches":[{"match_id":"KxqNRpgn","url":"https://www.flashscore.com/match/football/metz-4v0yqlWc/st-etienne-YL2QybFe/summary/stats/overall/?mid=KxqNRpgn","text":"02.06.2024 AET Metz St Etienn
[2026-08-16T06:02:09Z] Reading tournament match list...
[2026-08-16T06:02:09Z] Script [discover_matches] result prefix: {"section":"match_discovery","page_url":"https://www.flashscore.com/football/france/ligue-1-2023-2024/results/","page_title":"Ligue 1 2023/2024 Results - Football/France","body_text_length":12338,"event_node_count":310,"anchor_count":340,"match_count":310,"final_tournament_limit":0,"load_more_clicked":false,"matches":[{"match_id":"KxqNRpgn","url":"https://www.flashscore.com/match/football/metz-4v0yqlWc/st-etienne-YL2QybFe/summary/stats/overall/?mid=KxqNRpgn","text":"02.06.2024 AET Metz St Etienn
[2026-08-16T06:02:09Z] Discovery list stabilized at 310 rendered matches; processing the final snapshot.
[2026-08-16T06:02:17Z] Ignored 4 Final-stage match(es); regular season rounds only.
[2026-08-16T06:02:17Z] Discovery page returned 310 matches; 306 added. Event nodes: 310; anchors: 340; body text: 12338.
[2026-08-16T06:02:17Z] Season discovery finished. Discovered 306 matches.
[2026-08-16T06:02:17Z] Starting collection from the earliest unprocessed match: SdyiV3RA
[2026-08-16T06:02:17Z] Opening overall statistics...
[2026-08-16T06:02:17Z] Navigate: https://www.flashscore.com/match/football/lille-pfDZL71o/nice-YagoQJpq/summary/stats/overall/?mid=SdyiV3RA
[2026-08-16T06:02:19Z] Page loaded. Waiting for statistics DOM...
[2026-08-16T06:02:21Z] Script [readiness] result prefix: {"body_text_length":3213,"ready":true,"row_count":19,"section":"statistics_overall","title":"NIC 1-1 LIL | Nice v Lille 11/08/2023, Stats - Flashscore.com | Match"}
[2026-08-16T06:02:21Z] Reading rendered DOM...
[2026-08-16T06:02:21Z] Executing extraction script for phase 0; length: 5174.
[2026-08-16T06:02:21Z] Script [extract] result prefix: {"schema_version":"1.3","section":"statistics_overall","statistic_period":"overall","source_url":"https://www.flashscore.com/match/football/lille-pfDZL71o/nice-YagoQJpq/summary/stats/overall/?mid=SdyiV3RA","match_id":"SdyiV3RA","collected_at_utc":"2026-08-16T06:02:21.261Z","page_title":"NIC 1-1 LIL | Nice v Lille 11/08/2023, Stats - Flashscore.com | Match","competition":"WORLD CUP","status":"FINISHED","date_time":"11.08.2023 23:00","home_team":"Nice","away_team":"Lille","score":{"home":"1","away
[2026-08-16T06:02:21Z] Stored overall statistics: 14 rows.
[2026-08-16T06:02:21Z] Merged section: statistics_overall
[2026-08-16T06:02:21Z] Opening 1st half statistics...
[2026-08-16T06:02:21Z] Navigate: https://www.flashscore.com/match/football/lille-pfDZL71o/nice-YagoQJpq/summary/stats/1st-half/?mid=SdyiV3RA
[2026-08-16T06:02:22Z] Page loaded. Waiting for statistics DOM...
[2026-08-16T06:02:24Z] Script [readiness] result prefix: {"body_text_length":3208,"ready":true,"row_count":19,"section":"statistics_first_half","title":"NIC 1-1 LIL | Nice v Lille 11/08/2023, Stats - Flashscore.com | Match"}
[2026-08-16T06:02:24Z] Reading rendered DOM...
[2026-08-16T06:02:24Z] Executing extraction script for phase 1; length: 5174.
[2026-08-16T06:02:24Z] Script [extract] result prefix: {"schema_version":"1.3","section":"statistics_first_half","statistic_period":"first_half","source_url":"https://www.flashscore.com/match/football/lille-pfDZL71o/nice-YagoQJpq/summary/stats/1st-half/?mid=SdyiV3RA","match_id":"SdyiV3RA","collected_at_utc":"2026-08-16T06:02:24.483Z","page_title":"NIC 1-1 LIL | Nice v Lille 11/08/2023, Stats - Flashscore.com | Match","competition":"WORLD CUP","status":"FINISHED","date_time":"11.08.2023 23:00","home_team":"Nice","away_team":"Lille","score":{"home":"1
[2026-08-16T06:02:24Z] Stored first_half statistics: 14 rows.
[2026-08-16T06:02:24Z] Merged section: statistics_first_half
[2026-08-16T06:02:24Z] Opening 2nd half statistics...
[2026-08-16T06:02:24Z] Navigate: https://www.flashscore.com/match/football/lille-pfDZL71o/nice-YagoQJpq/summary/stats/2nd-half/?mid=SdyiV3RA
[2026-08-16T06:02:26Z] Page loaded. Waiting for statistics DOM...
[2026-08-16T06:02:28Z] Script [readiness] result prefix: {"body_text_length":3206,"ready":true,"row_count":19,"section":"statistics_second_half","title":"NIC 1-1 LIL | Nice v Lille 11/08/2023, Stats - Flashscore.com | Match"}
[2026-08-16T06:02:28Z] Reading rendered DOM...
[2026-08-16T06:02:28Z] Executing extraction script for phase 2; length: 5174.
[2026-08-16T06:02:28Z] Script [extract] result prefix: {"schema_version":"1.3","section":"statistics_second_half","statistic_period":"second_half","source_url":"https://www.flashscore.com/match/football/lille-pfDZL71o/nice-YagoQJpq/summary/stats/2nd-half/?mid=SdyiV3RA","match_id":"SdyiV3RA","collected_at_utc":"2026-08-16T06:02:28.148Z","page_title":"NIC 1-1 LIL | Nice v Lille 11/08/2023, Stats - Flashscore.com | Match","competition":"WORLD CUP","status":"FINISHED","date_time":"11.08.2023 23:00","home_team":"Nice","away_team":"Lille","score":{"home":
[2026-08-16T06:02:28Z] Stored second_half statistics: 14 rows.
[2026-08-16T06:02:28Z] Merged section: statistics_second_half
[2026-08-16T06:02:28Z] Opening lineups...
[2026-08-16T06:02:28Z] Navigate: https://www.flashscore.com/match/football/lille-pfDZL71o/nice-YagoQJpq/summary/lineups/?mid=SdyiV3RA
[2026-08-16T06:02:29Z] Page loaded. Waiting for statistics DOM...
[2026-08-16T06:02:31Z] Script [readiness] result prefix: {"body_text_length":4089,"ready":true,"row_count":111,"section":"lineups","title":"NIC 1-1 LIL | Nice v Lille 11/08/2023, Lineups - Flashscore.com | Match"}
[2026-08-16T06:02:31Z] Reading rendered DOM...
[2026-08-16T06:02:31Z] Executing extraction script for phase 4; length: 20701.
[2026-08-16T06:02:31Z] Script [extract] result prefix: {"schema_version":"1.3","section":"lineups","statistic_period":null,"source_url":"https://www.flashscore.com/match/football/lille-pfDZL71o/nice-YagoQJpq/summary/lineups/?mid=SdyiV3RA","match_id":"SdyiV3RA","collected_at_utc":"2026-08-16T06:02:31.442Z","page_title":"NIC 1-1 LIL | Nice v Lille 11/08/2023, Lineups - Flashscore.com | Match","competition":"WORLD CUP","status":"FINISHED","date_time":"11.08.2023 23:00","home_team":"Nice","away_team":"Lille","score":{"home":"1","away":"1","display":"1 -
[2026-08-16T06:02:31Z] Merged section: lineups
[2026-08-16T06:02:31Z] French Ligue 1 2023/2024: Player Stats are unavailable in the source profile.
[2026-08-16T06:02:31Z] Marked all Player Stats categories as not_available; collection continues.
[2026-08-16T06:02:31Z] Opening commentary...
[2026-08-16T06:02:31Z] Navigate: https://www.flashscore.com/match/football/lille-pfDZL71o/nice-YagoQJpq/summary/live-commentary/?mid=SdyiV3RA
[2026-08-16T06:02:33Z] Page loaded. Waiting for statistics DOM...
[2026-08-16T06:02:34Z] Script [readiness] result prefix: {"body_text_length":11834,"ready":true,"row_count":220,"section":"commentary","title":"NIC 1-1 LIL | Nice v Lille 11/08/2023 | Football - Flashscore | Match"}
[2026-08-16T06:02:34Z] Reading rendered DOM...
[2026-08-16T06:02:34Z] Executing extraction script for phase 12; length: 11834.
[2026-08-16T06:02:35Z] Script [extract] result prefix: {"schema_version":"1.3","section":"commentary","statistic_period":null,"source_url":"https://www.flashscore.com/match/football/lille-pfDZL71o/nice-YagoQJpq/summary/live-commentary/all-comments/?mid=SdyiV3RA","match_id":"SdyiV3RA","collected_at_utc":"2026-08-16T06:02:34.987Z","page_title":"NIC 1-1 LIL | Nice v Lille 11/08/2023 | Football - Flashscore | Match","competition":"WORLD CUP","status":"FINISHED","date_time":"11.08.2023 23:00","home_team":"Nice","away_team":"Lille","score":{"home":"1","aw
[2026-08-16T06:02:35Z] Merged section: commentary
[2026-08-16T06:02:35Z] Saving complete match JSON...
[2026-08-16T06:02:35Z] Player Stats category unavailable; status=not_available: top_stats
[2026-08-16T06:02:35Z] Player Stats category unavailable; status=not_available: shots
[2026-08-16T06:02:35Z] Player Stats category unavailable; status=not_available: attack
[2026-08-16T06:02:35Z] Player Stats category unavailable; status=not_available: passes
[2026-08-16T06:02:35Z] Player Stats category unavailable; status=not_available: defense
[2026-08-16T06:02:35Z] Player Stats category unavailable; status=not_available: goalkeeping
[2026-08-16T06:02:35Z] Player Stats category unavailable; status=not_available: general
[2026-08-16T06:02:35Z] Structured goals, cards and VAR events enriched.
[2026-08-16T06:02:36Z] Saved match JSON with 14 statistics: G:\Mirza\VSCode\FlashscoreFootballCollector_\Data\Matches\Ligue1\2023_2024\2023-08-11_Nice_vs_Lille_SdyiV3RA.json
[2026-08-16T06:02:36Z] Finished: 2023-08-11_Nice_vs_Lille_SdyiV3RA.json
[2026-08-16T06:02:36Z] Opening overall statistics...
[2026-08-16T06:02:36Z] Navigate: https://www.flashscore.com/match/football/marseille-SblU3Hee/reims-tItR6sEf/summary/stats/overall/?mid=KWXrXPdb
[2026-08-16T06:02:38Z] Page loaded. Waiting for statistics DOM...
[2026-08-16T06:02:40Z] Script [readiness] result prefix: {"body_text_length":3255,"ready":true,"row_count":19,"section":"statistics_overall","title":"MAR 2-1 REI | Marseille v Reims 12/08/2023, Stats - Flashscore.com | Match"}
[2026-08-16T06:02:40Z] Reading rendered DOM...
[2026-08-16T06:02:40Z] Executing extraction script for phase 0; length: 5174.
[2026-08-16T06:02:40Z] Script [extract] result prefix: {"schema_version":"1.3","section":"statistics_overall","statistic_period":"overall","source_url":"https://www.flashscore.com/match/football/marseille-SblU3Hee/reims-tItR6sEf/summary/stats/overall/?mid=KWXrXPdb","match_id":"KWXrXPdb","collected_at_utc":"2026-08-16T06:02:40.254Z","page_title":"MAR 2-1 REI | Marseille v Reims 12/08/2023, Stats - Flashscore.com | Match","competition":"WORLD CUP","status":"FINISHED","date_time":"12.08.2023 19:00","home_team":"Marseille","away_team":"Reims","score":{"
[2026-08-16T06:02:40Z] Stored overall statistics: 14 rows.
[2026-08-16T06:02:40Z] Merged section: statistics_overall
[2026-08-16T06:02:40Z] Opening 1st half statistics...
[2026-08-16T06:02:40Z] Navigate: https://www.flashscore.com/match/football/marseille-SblU3Hee/reims-tItR6sEf/summary/stats/1st-half/?mid=KWXrXPdb
[2026-08-16T06:02:42Z] Page loaded. Waiting for statistics DOM...
[2026-08-16T06:02:43Z] Script [readiness] result prefix: {"body_text_length":3241,"ready":true,"row_count":19,"section":"statistics_first_half","title":"MAR 2-1 REI | Marseille v Reims 12/08/2023, Stats - Flashscore.com | Match"}
[2026-08-16T06:02:43Z] Reading rendered DOM...
[2026-08-16T06:02:43Z] Executing extraction script for phase 1; length: 5174.
[2026-08-16T06:02:43Z] Script [extract] result prefix: {"schema_version":"1.3","section":"statistics_first_half","statistic_period":"first_half","source_url":"https://www.flashscore.com/match/football/marseille-SblU3Hee/reims-tItR6sEf/summary/stats/1st-half/?mid=KWXrXPdb","match_id":"KWXrXPdb","collected_at_utc":"2026-08-16T06:02:43.856Z","page_title":"MAR 2-1 REI | Marseille v Reims 12/08/2023, Stats - Flashscore.com | Match","competition":"WORLD CUP","status":"FINISHED","date_time":"12.08.2023 19:00","home_team":"Marseille","away_team":"Reims","sc
[2026-08-16T06:02:44Z] Stored first_half statistics: 14 rows.
[2026-08-16T06:02:44Z] Merged section: statistics_first_half
[2026-08-16T06:02:44Z] Opening 2nd half statistics...
[2026-08-16T06:02:44Z] Navigate: https://www.flashscore.com/match/football/marseille-SblU3Hee/reims-tItR6sEf/summary/stats/2nd-half/?mid=KWXrXPdb
[2026-08-16T06:02:46Z] Page loaded. Waiting for statistics DOM...
[2026-08-16T06:02:47Z] Script [readiness] result prefix: {"body_text_length":3243,"ready":true,"row_count":19,"section":"statistics_second_half","title":"MAR 2-1 REI | Marseille v Reims 12/08/2023, Stats - Flashscore.com | Match"}
[2026-08-16T06:02:47Z] Reading rendered DOM...
[2026-08-16T06:02:47Z] Executing extraction script for phase 2; length: 5174.
[2026-08-16T06:02:47Z] Script [extract] result prefix: {"schema_version":"1.3","section":"statistics_second_half","statistic_period":"second_half","source_url":"https://www.flashscore.com/match/football/marseille-SblU3Hee/reims-tItR6sEf/summary/stats/2nd-half/?mid=KWXrXPdb","match_id":"KWXrXPdb","collected_at_utc":"2026-08-16T06:02:47.780Z","page_title":"MAR 2-1 REI | Marseille v Reims 12/08/2023, Stats - Flashscore.com | Match","competition":"WORLD CUP","status":"FINISHED","date_time":"12.08.2023 19:00","home_team":"Marseille","away_team":"Reims","
[2026-08-16T06:02:47Z] Stored second_half statistics: 14 rows.
[2026-08-16T06:02:47Z] Merged section: statistics_second_half
[2026-08-16T06:02:47Z] Opening lineups...
[2026-08-16T06:02:48Z] Navigate: https://www.flashscore.com/match/football/marseille-SblU3Hee/reims-tItR6sEf/summary/lineups/?mid=KWXrXPdb
[2026-08-16T06:02:50Z] Page loaded. Waiting for statistics DOM...
[2026-08-16T06:02:52Z] Script [readiness] result prefix: {"body_text_length":4180,"ready":true,"row_count":114,"section":"lineups","title":"MAR 2-1 REI | Marseille v Reims 12/08/2023, Lineups - Flashscore.com | Match"}
[2026-08-16T06:02:52Z] Reading rendered DOM...
[2026-08-16T06:02:52Z] Executing extraction script for phase 4; length: 20701.
[2026-08-16T06:02:52Z] Script [extract] result prefix: {"schema_version":"1.3","section":"lineups","statistic_period":null,"source_url":"https://www.flashscore.com/match/football/marseille-SblU3Hee/reims-tItR6sEf/summary/lineups/?mid=KWXrXPdb","match_id":"KWXrXPdb","collected_at_utc":"2026-08-16T06:02:52.291Z","page_title":"MAR 2-1 REI | Marseille v Reims 12/08/2023, Lineups - Flashscore.com | Match","competition":"WORLD CUP","status":"FINISHED","date_time":"12.08.2023 19:00","home_team":"Marseille","away_team":"Reims","score":{"home":"2","away":"1"
[2026-08-16T06:02:52Z] Merged section: lineups
[2026-08-16T06:02:52Z] French Ligue 1 2023/2024: Player Stats are unavailable in the source profile.
[2026-08-16T06:02:52Z] Marked all Player Stats categories as not_available; collection continues.
[2026-08-16T06:02:52Z] Opening commentary...
[2026-08-16T06:02:52Z] Navigate: https://www.flashscore.com/match/football/marseille-SblU3Hee/reims-tItR6sEf/summary/live-commentary/?mid=KWXrXPdb
[2026-08-16T06:02:55Z] Page loaded. Waiting for statistics DOM...
[2026-08-16T06:02:56Z] Script [readiness] result prefix: {"body_text_length":10463,"ready":true,"row_count":242,"section":"commentary","title":"MAR 2-1 REI | Marseille v Reims 12/08/2023 | Football - Flashscore | Match"}
[2026-08-16T06:02:56Z] Reading rendered DOM...
[2026-08-16T06:02:56Z] Executing extraction script for phase 12; length: 11834.
[2026-08-16T06:02:56Z] Script [extract] result prefix: {"schema_version":"1.3","section":"commentary","statistic_period":null,"source_url":"https://www.flashscore.com/match/football/marseille-SblU3Hee/reims-tItR6sEf/summary/live-commentary/all-comments/?mid=KWXrXPdb","match_id":"KWXrXPdb","collected_at_utc":"2026-08-16T06:02:56.642Z","page_title":"MAR 2-1 REI | Marseille v Reims 12/08/2023 | Football - Flashscore | Match","competition":"WORLD CUP","status":"FINISHED","date_time":"12.08.2023 19:00","home_team":"Marseille","away_team":"Reims","score":
[2026-08-16T06:02:56Z] Merged section: commentary
[2026-08-16T06:02:57Z] Saving complete match JSON...
[2026-08-16T06:02:57Z] Player Stats category unavailable; status=not_available: top_stats
[2026-08-16T06:02:57Z] Player Stats category unavailable; status=not_available: shots
[2026-08-16T06:02:57Z] Player Stats category unavailable; status=not_available: attack
[2026-08-16T06:02:57Z] Player Stats category unavailable; status=not_available: passes
[2026-08-16T06:02:57Z] Player Stats category unavailable; status=not_available: defense
[2026-08-16T06:02:57Z] Player Stats category unavailable; status=not_available: goalkeeping
[2026-08-16T06:02:57Z] Player Stats category unavailable; status=not_available: general
[2026-08-16T06:02:57Z] Structured goals, cards and VAR events enriched.
[2026-08-16T06:02:57Z] Saved match JSON with 14 statistics: G:\Mirza\VSCode\FlashscoreFootballCollector_\Data\Matches\Ligue1\2023_2024\2023-08-12_Marseille_vs_Reims_KWXrXPdb.json
[2026-08-16T06:02:58Z] Finished: 2023-08-12_Marseille_vs_Reims_KWXrXPdb.json
[2026-08-16T06:02:58Z] Opening overall statistics...
[2026-08-16T06:02:58Z] Navigate: https://www.flashscore.com/match/football/lorient-jgNAYRGi/psg-CjhkPw0k/summary/stats/overall/?mid=2uZPG4CH
[2026-08-16T06:03:01Z] Page loaded. Waiting for statistics DOM...
[2026-08-16T06:03:02Z] Script [readiness] result prefix: {"body_text_length":3217,"ready":true,"row_count":18,"section":"statistics_overall","title":"PSG 0-0 LOR | PSG v Lorient 12/08/2023, Stats - Flashscore.com | Match"}
[2026-08-16T06:03:02Z] Reading rendered DOM...
[2026-08-16T06:03:02Z] Executing extraction script for phase 0; length: 5174.
[2026-08-16T06:03:02Z] Script [extract] result prefix: {"schema_version":"1.3","section":"statistics_overall","statistic_period":"overall","source_url":"https://www.flashscore.com/match/football/lorient-jgNAYRGi/psg-CjhkPw0k/summary/stats/overall/?mid=2uZPG4CH","match_id":"2uZPG4CH","collected_at_utc":"2026-08-16T06:03:02.913Z","page_title":"PSG 0-0 LOR | PSG v Lorient 12/08/2023, Stats - Flashscore.com | Match","competition":"WORLD CUP","status":"FINISHED","date_time":"12.08.2023 23:00","home_team":"PSG","away_team":"Lorient","score":{"home":"0","a
[2026-08-16T06:03:02Z] Stored overall statistics: 13 rows.
[2026-08-16T06:03:02Z] Merged section: statistics_overall
[2026-08-16T06:03:03Z] Opening 1st half statistics...
[2026-08-16T06:03:03Z] Navigate: https://www.flashscore.com/match/football/lorient-jgNAYRGi/psg-CjhkPw0k/summary/stats/1st-half/?mid=2uZPG4CH
[2026-08-16T06:03:04Z] Page loaded. Waiting for statistics DOM...
[2026-08-16T06:03:05Z] Script [readiness] result prefix: {"body_text_length":3212,"ready":true,"row_count":18,"section":"statistics_first_half","title":"PSG 0-0 LOR | PSG v Lorient 12/08/2023, Stats - Flashscore.com | Match"}
[2026-08-16T06:03:05Z] Reading rendered DOM...
[2026-08-16T06:03:05Z] Executing extraction script for phase 1; length: 5174.
[2026-08-16T06:03:06Z] Script [extract] result prefix: {"schema_version":"1.3","section":"statistics_first_half","statistic_period":"first_half","source_url":"https://www.flashscore.com/match/football/lorient-jgNAYRGi/psg-CjhkPw0k/summary/stats/1st-half/?mid=2uZPG4CH","match_id":"2uZPG4CH","collected_at_utc":"2026-08-16T06:03:06.032Z","page_title":"PSG 0-0 LOR | PSG v Lorient 12/08/2023, Stats - Flashscore.com | Match","competition":"WORLD CUP","status":"FINISHED","date_time":"12.08.2023 23:00","home_team":"PSG","away_team":"Lorient","score":{"home"
[2026-08-16T06:03:06Z] Stored first_half statistics: 13 rows.
[2026-08-16T06:03:06Z] Merged section: statistics_first_half
[2026-08-16T06:03:06Z] Opening 2nd half statistics...
[2026-08-16T06:03:06Z] Navigate: https://www.flashscore.com/match/football/lorient-jgNAYRGi/psg-CjhkPw0k/summary/stats/2nd-half/?mid=2uZPG4CH
[2026-08-16T06:03:07Z] Page loaded. Waiting for statistics DOM...
[2026-08-16T06:03:09Z] Script [readiness] result prefix: {"body_text_length":3213,"ready":true,"row_count":18,"section":"statistics_second_half","title":"PSG 0-0 LOR | PSG v Lorient 12/08/2023, Stats - Flashscore.com | Match"}
[2026-08-16T06:03:09Z] Reading rendered DOM...
[2026-08-16T06:03:09Z] Executing extraction script for phase 2; length: 5174.
[2026-08-16T06:03:09Z] Script [extract] result prefix: {"schema_version":"1.3","section":"statistics_second_half","statistic_period":"second_half","source_url":"https://www.flashscore.com/match/football/lorient-jgNAYRGi/psg-CjhkPw0k/summary/stats/2nd-half/?mid=2uZPG4CH","match_id":"2uZPG4CH","collected_at_utc":"2026-08-16T06:03:09.367Z","page_title":"PSG 0-0 LOR | PSG v Lorient 12/08/2023, Stats - Flashscore.com | Match","competition":"WORLD CUP","status":"FINISHED","date_time":"12.08.2023 23:00","home_team":"PSG","away_team":"Lorient","score":{"hom
[2026-08-16T06:03:09Z] Stored second_half statistics: 13 rows.
[2026-08-16T06:03:09Z] Merged section: statistics_second_half
[2026-08-16T06:03:09Z] Opening lineups...
[2026-08-16T06:03:09Z] Navigate: https://www.flashscore.com/match/football/lorient-jgNAYRGi/psg-CjhkPw0k/summary/lineups/?mid=2uZPG4CH
[2026-08-16T06:03:12Z] Page loaded. Waiting for statistics DOM...
[2026-08-16T06:03:13Z] Script [readiness] result prefix: {"body_text_length":4188,"ready":true,"row_count":113,"section":"lineups","title":"PSG 0-0 LOR | PSG v Lorient 12/08/2023, Lineups - Flashscore.com | Match"}
[2026-08-16T06:03:13Z] Reading rendered DOM...
[2026-08-16T06:03:13Z] Executing extraction script for phase 4; length: 20701.
[2026-08-16T06:03:13Z] Script [extract] result prefix: {"schema_version":"1.3","section":"lineups","statistic_period":null,"source_url":"https://www.flashscore.com/match/football/lorient-jgNAYRGi/psg-CjhkPw0k/summary/lineups/?mid=2uZPG4CH","match_id":"2uZPG4CH","collected_at_utc":"2026-08-16T06:03:13.946Z","page_title":"PSG 0-0 LOR | PSG v Lorient 12/08/2023, Lineups - Flashscore.com | Match","competition":"WORLD CUP","status":"FINISHED","date_time":"12.08.2023 23:00","home_team":"PSG","away_team":"Lorient","score":{"home":"0","away":"0","display":"
[2026-08-16T06:03:13Z] Merged section: lineups
[2026-08-16T06:03:13Z] French Ligue 1 2023/2024: Player Stats are unavailable in the source profile.
[2026-08-16T06:03:14Z] Marked all Player Stats categories as not_available; collection continues.
[2026-08-16T06:03:14Z] Opening commentary...
[2026-08-16T06:03:14Z] Navigate: https://www.flashscore.com/match/football/lorient-jgNAYRGi/psg-CjhkPw0k/summary/live-commentary/?mid=2uZPG4CH
[2026-08-16T06:03:15Z] Page loaded. Waiting for statistics DOM...
[2026-08-16T06:03:17Z] Script [readiness] result prefix: {"body_text_length":11656,"ready":true,"row_count":204,"section":"commentary","title":"PSG 0-0 LOR | PSG v Lorient 12/08/2023 | Football - Flashscore | Match"}
[2026-08-16T06:03:17Z] Reading rendered DOM...
[2026-08-16T06:03:17Z] Executing extraction script for phase 12; length: 11834.
[2026-08-16T06:03:17Z] Script [extract] result prefix: {"schema_version":"1.3","section":"commentary","statistic_period":null,"source_url":"https://www.flashscore.com/match/football/lorient-jgNAYRGi/psg-CjhkPw0k/summary/live-commentary/all-comments/?mid=2uZPG4CH","match_id":"2uZPG4CH","collected_at_utc":"2026-08-16T06:03:17.413Z","page_title":"PSG 0-0 LOR | PSG v Lorient 12/08/2023 | Football - Flashscore | Match","competition":"WORLD CUP","status":"FINISHED","date_time":"12.08.2023 23:00","home_team":"PSG","away_team":"Lorient","score":{"home":"0",
[2026-08-16T06:03:17Z] Merged section: commentary
[2026-08-16T06:03:17Z] Saving complete match JSON...
[2026-08-16T06:03:17Z] Player Stats category unavailable; status=not_available: top_stats
[2026-08-16T06:03:17Z] Player Stats category unavailable; status=not_available: shots
[2026-08-16T06:03:17Z] Player Stats category unavailable; status=not_available: attack
[2026-08-16T06:03:17Z] Player Stats category unavailable; status=not_available: passes
[2026-08-16T06:03:17Z] Player Stats category unavailable; status=not_available: defense
[2026-08-16T06:03:17Z] Player Stats category unavailable; status=not_available: goalkeeping
[2026-08-16T06:03:17Z] Player Stats category unavailable; status=not_available: general
[2026-08-16T06:03:17Z] Structured goals, cards and VAR events enriched.
[2026-08-16T06:03:17Z] Saved match JSON with 13 statistics: G:\Mirza\VSCode\FlashscoreFootballCollector_\Data\Matches\Ligue1\2023_2024\2023-08-12_PSG_vs_Lorient_2uZPG4CH.json
[2026-08-16T06:03:17Z] Finished: 2023-08-12_PSG_vs_Lorient_2uZPG4CH.json
[2026-08-16T06:03:17Z] Opening overall statistics...
[2026-08-16T06:03:17Z] Navigate: https://www.flashscore.com/match/football/brest-Cr4VGaUl/lens-IBmris38/summary/stats/overall/?mid=bNWnWqC4
[2026-08-16T06:03:19Z] Page loaded. Waiting for statistics DOM...
[2026-08-16T06:03:20Z] Script [readiness] result prefix: {"body_text_length":3240,"ready":true,"row_count":20,"section":"statistics_overall","title":"BRE 3-2 LEN | Brest v Lens 13/08/2023, Stats - Flashscore.com | Match"}
[2026-08-16T06:03:20Z] Reading rendered DOM...
[2026-08-16T06:03:20Z] Executing extraction script for phase 0; length: 5174.
[2026-08-16T06:03:20Z] Script [extract] result prefix: {"schema_version":"1.3","section":"statistics_overall","statistic_period":"overall","source_url":"https://www.flashscore.com/match/football/brest-Cr4VGaUl/lens-IBmris38/summary/stats/overall/?mid=bNWnWqC4","match_id":"bNWnWqC4","collected_at_utc":"2026-08-16T06:03:20.958Z","page_title":"BRE 3-2 LEN | Brest v Lens 13/08/2023, Stats - Flashscore.com | Match","competition":"WORLD CUP","status":"FINISHED","date_time":"13.08.2023 15:00","home_team":"Brest","away_team":"Lens","score":{"home":"3","away
[2026-08-16T06:03:20Z] Stored overall statistics: 15 rows.
[2026-08-16T06:03:21Z] Merged section: statistics_overall
[2026-08-16T06:03:21Z] Opening 1st half statistics...
[2026-08-16T06:03:21Z] Navigate: https://www.flashscore.com/match/football/brest-Cr4VGaUl/lens-IBmris38/summary/stats/1st-half/?mid=bNWnWqC4
[2026-08-16T06:03:22Z] Page loaded. Waiting for statistics DOM...
[2026-08-16T06:03:24Z] Script [readiness] result prefix: {"body_text_length":3220,"ready":true,"row_count":19,"section":"statistics_first_half","title":"BRE 3-2 LEN | Brest v Lens 13/08/2023, Stats - Flashscore.com | Match"}
[2026-08-16T06:03:24Z] Reading rendered DOM...
[2026-08-16T06:03:24Z] Executing extraction script for phase 1; length: 5174.
[2026-08-16T06:03:24Z] Script [extract] result prefix: {"schema_version":"1.3","section":"statistics_first_half","statistic_period":"first_half","source_url":"https://www.flashscore.com/match/football/brest-Cr4VGaUl/lens-IBmris38/summary/stats/1st-half/?mid=bNWnWqC4","match_id":"bNWnWqC4","collected_at_utc":"2026-08-16T06:03:24.272Z","page_title":"BRE 3-2 LEN | Brest v Lens 13/08/2023, Stats - Flashscore.com | Match","competition":"WORLD CUP","status":"FINISHED","date_time":"13.08.2023 15:00","home_team":"Brest","away_team":"Lens","score":{"home":"3
[2026-08-16T06:03:24Z] Stored first_half statistics: 14 rows.
[2026-08-16T06:03:24Z] Merged section: statistics_first_half
[2026-08-16T06:03:24Z] Opening 2nd half statistics...
[2026-08-16T06:03:24Z] Navigate: https://www.flashscore.com/match/football/brest-Cr4VGaUl/lens-IBmris38/summary/stats/2nd-half/?mid=bNWnWqC4
[2026-08-16T06:03:25Z] Page loaded. Waiting for statistics DOM...
[2026-08-16T06:03:27Z] Script [readiness] result prefix: {"body_text_length":3237,"ready":true,"row_count":20,"section":"statistics_second_half","title":"BRE 3-2 LEN | Brest v Lens 13/08/2023, Stats - Flashscore.com | Match"}
[2026-08-16T06:03:27Z] Reading rendered DOM...
[2026-08-16T06:03:27Z] Executing extraction script for phase 2; length: 5174.
[2026-08-16T06:03:27Z] Script [extract] result prefix: {"schema_version":"1.3","section":"statistics_second_half","statistic_period":"second_half","source_url":"https://www.flashscore.com/match/football/brest-Cr4VGaUl/lens-IBmris38/summary/stats/2nd-half/?mid=bNWnWqC4","match_id":"bNWnWqC4","collected_at_utc":"2026-08-16T06:03:27.441Z","page_title":"BRE 3-2 LEN | Brest v Lens 13/08/2023, Stats - Flashscore.com | Match","competition":"WORLD CUP","status":"FINISHED","date_time":"13.08.2023 15:00","home_team":"Brest","away_team":"Lens","score":{"home":
[2026-08-16T06:03:27Z] Stored second_half statistics: 15 rows.
[2026-08-16T06:03:27Z] Merged section: statistics_second_half
[2026-08-16T06:03:27Z] Opening lineups...
[2026-08-16T06:03:27Z] Navigate: https://www.flashscore.com/match/football/brest-Cr4VGaUl/lens-IBmris38/summary/lineups/?mid=bNWnWqC4
[2026-08-16T06:03:29Z] Page loaded. Waiting for statistics DOM...
[2026-08-16T06:03:30Z] Script [readiness] result prefix: {"body_text_length":4138,"ready":true,"row_count":109,"section":"lineups","title":"BRE 3-2 LEN | Brest v Lens 13/08/2023, Lineups - Flashscore.com | Match"}
[2026-08-16T06:03:30Z] Reading rendered DOM...
[2026-08-16T06:03:30Z] Executing extraction script for phase 4; length: 20701.
[2026-08-16T06:03:30Z] Script [extract] result prefix: {"schema_version":"1.3","section":"lineups","statistic_period":null,"source_url":"https://www.flashscore.com/match/football/brest-Cr4VGaUl/lens-IBmris38/summary/lineups/?mid=bNWnWqC4","match_id":"bNWnWqC4","collected_at_utc":"2026-08-16T06:03:30.797Z","page_title":"BRE 3-2 LEN | Brest v Lens 13/08/2023, Lineups - Flashscore.com | Match","competition":"WORLD CUP","status":"FINISHED","date_time":"13.08.2023 15:00","home_team":"Brest","away_team":"Lens","score":{"home":"3","away":"2","display":"3 -
[2026-08-16T06:03:30Z] Merged section: lineups
[2026-08-16T06:03:30Z] French Ligue 1 2023/2024: Player Stats are unavailable in the source profile.
[2026-08-16T06:03:30Z] Marked all Player Stats categories as not_available; collection continues.
[2026-08-16T06:03:30Z] Opening commentary...
[2026-08-16T06:03:30Z] Navigate: https://www.flashscore.com/match/football/brest-Cr4VGaUl/lens-IBmris38/summary/live-commentary/?mid=bNWnWqC4
[2026-08-16T06:03:32Z] Page loaded. Waiting for statistics DOM...
[2026-08-16T06:03:34Z] Script [readiness] result prefix: {"body_text_length":12813,"ready":true,"row_count":238,"section":"commentary","title":"BRE 3-2 LEN | Brest v Lens 13/08/2023 | Football - Flashscore | Match"}
[2026-08-16T06:03:34Z] Reading rendered DOM...
[2026-08-16T06:03:34Z] Executing extraction script for phase 12; length: 11834.
[2026-08-16T06:03:34Z] Script [extract] result prefix: {"schema_version":"1.3","section":"commentary","statistic_period":null,"source_url":"https://www.flashscore.com/match/football/brest-Cr4VGaUl/lens-IBmris38/summary/live-commentary/all-comments/?mid=bNWnWqC4","match_id":"bNWnWqC4","collected_at_utc":"2026-08-16T06:03:34.145Z","page_title":"BRE 3-2 LEN | Brest v Lens 13/08/2023 | Football - Flashscore | Match","competition":"WORLD CUP","status":"FINISHED","date_time":"13.08.2023 15:00","home_team":"Brest","away_team":"Lens","score":{"home":"3","aw
[2026-08-16T06:03:34Z] Merged section: commentary
[2026-08-16T06:03:34Z] Saving complete match JSON...
[2026-08-16T06:03:34Z] Player Stats category unavailable; status=not_available: top_stats
[2026-08-16T06:03:34Z] Player Stats category unavailable; status=not_available: shots
[2026-08-16T06:03:34Z] Player Stats category unavailable; status=not_available: attack
[2026-08-16T06:03:34Z] Player Stats category unavailable; status=not_available: passes
[2026-08-16T06:03:34Z] Player Stats category unavailable; status=not_available: defense
[2026-08-16T06:03:34Z] Player Stats category unavailable; status=not_available: goalkeeping
[2026-08-16T06:03:34Z] Player Stats category unavailable; status=not_available: general
[2026-08-16T06:03:34Z] Structured goals, cards and VAR events enriched.
[2026-08-16T06:03:34Z] Saved match JSON with 15 statistics: G:\Mirza\VSCode\FlashscoreFootballCollector_\Data\Matches\Ligue1\2023_2024\2023-08-13_Brest_vs_Lens_bNWnWqC4.json
[2026-08-16T06:03:34Z] Finished: 2023-08-13_Brest_vs_Lens_bNWnWqC4.json
[2026-08-16T06:03:34Z] Opening overall statistics...
[2026-08-16T06:03:34Z] Navigate: https://www.flashscore.com/match/football/nantes-veuetnGG/toulouse-MLmY2yB1/summary/stats/overall/?mid=A1jhA2ko
[2026-08-16T06:03:37Z] Page loaded. Waiting for statistics DOM...
[2026-08-16T06:03:38Z] Script [readiness] result prefix: {"body_text_length":3249,"ready":true,"row_count":19,"section":"statistics_overall","title":"NAN 1-2 TOU | Nantes v Toulouse 13/08/2023, Stats - Flashscore.com | Match"}
[2026-08-16T06:03:38Z] Reading rendered DOM...
[2026-08-16T06:03:38Z] Executing extraction script for phase 0; length: 5174.
[2026-08-16T06:03:38Z] Script [extract] result prefix: {"schema_version":"1.3","section":"statistics_overall","statistic_period":"overall","source_url":"https://www.flashscore.com/match/football/nantes-veuetnGG/toulouse-MLmY2yB1/summary/stats/overall/?mid=A1jhA2ko","match_id":"A1jhA2ko","collected_at_utc":"2026-08-16T06:03:38.813Z","page_title":"NAN 1-2 TOU | Nantes v Toulouse 13/08/2023, Stats - Flashscore.com | Match","competition":"WORLD CUP","status":"FINISHED","date_time":"13.08.2023 17:00","home_team":"Nantes","away_team":"Toulouse","score":{"
[2026-08-16T06:03:38Z] Stored overall statistics: 14 rows.
[2026-08-16T06:03:38Z] Merged section: statistics_overall
[2026-08-16T06:03:38Z] Opening 1st half statistics...
[2026-08-16T06:03:38Z] Navigate: https://www.flashscore.com/match/football/nantes-veuetnGG/toulouse-MLmY2yB1/summary/stats/1st-half/?mid=A1jhA2ko
[2026-08-16T06:03:40Z] Page loaded. Waiting for statistics DOM...
[2026-08-16T06:03:42Z] Script [readiness] result prefix: {"body_text_length":3245,"ready":true,"row_count":19,"section":"statistics_first_half","title":"NAN 1-2 TOU | Nantes v Toulouse 13/08/2023, Stats - Flashscore.com | Match"}
[2026-08-16T06:03:42Z] Reading rendered DOM...
[2026-08-16T06:03:42Z] Executing extraction script for phase 1; length: 5174.
[2026-08-16T06:03:42Z] Script [extract] result prefix: {"schema_version":"1.3","section":"statistics_first_half","statistic_period":"first_half","source_url":"https://www.flashscore.com/match/football/nantes-veuetnGG/toulouse-MLmY2yB1/summary/stats/1st-half/?mid=A1jhA2ko","match_id":"A1jhA2ko","collected_at_utc":"2026-08-16T06:03:42.087Z","page_title":"NAN 1-2 TOU | Nantes v Toulouse 13/08/2023, Stats - Flashscore.com | Match","competition":"WORLD CUP","status":"FINISHED","date_time":"13.08.2023 17:00","home_team":"Nantes","away_team":"Toulouse","sc
[2026-08-16T06:03:42Z] Stored first_half statistics: 14 rows.
[2026-08-16T06:03:42Z] Merged section: statistics_first_half
[2026-08-16T06:03:42Z] Opening 2nd half statistics...
[2026-08-16T06:03:42Z] Navigate: https://www.flashscore.com/match/football/nantes-veuetnGG/toulouse-MLmY2yB1/summary/stats/2nd-half/?mid=A1jhA2ko
[2026-08-16T06:03:43Z] Page loaded. Waiting for statistics DOM...
[2026-08-16T06:03:45Z] Script [readiness] result prefix: {"body_text_length":3243,"ready":true,"row_count":19,"section":"statistics_second_half","title":"NAN 1-2 TOU | Nantes v Toulouse 13/08/2023, Stats - Flashscore.com | Match"}
[2026-08-16T06:03:45Z] Reading rendered DOM...
[2026-08-16T06:03:45Z] Executing extraction script for phase 2; length: 5174.
[2026-08-16T06:03:45Z] Script [extract] result prefix: {"schema_version":"1.3","section":"statistics_second_half","statistic_period":"second_half","source_url":"https://www.flashscore.com/match/football/nantes-veuetnGG/toulouse-MLmY2yB1/summary/stats/2nd-half/?mid=A1jhA2ko","match_id":"A1jhA2ko","collected_at_utc":"2026-08-16T06:03:45.253Z","page_title":"NAN 1-2 TOU | Nantes v Toulouse 13/08/2023, Stats - Flashscore.com | Match","competition":"WORLD CUP","status":"FINISHED","date_time":"13.08.2023 17:00","home_team":"Nantes","away_team":"Toulouse","
[2026-08-16T06:03:45Z] Stored second_half statistics: 14 rows.
[2026-08-16T06:03:45Z] Merged section: statistics_second_half
[2026-08-16T06:03:45Z] Opening lineups...
[2026-08-16T06:03:45Z] Navigate: https://www.flashscore.com/match/football/nantes-veuetnGG/toulouse-MLmY2yB1/summary/lineups/?mid=A1jhA2ko
[2026-08-16T06:03:48Z] Page loaded. Waiting for statistics DOM...
[2026-08-16T06:03:50Z] Script [readiness] result prefix: {"body_text_length":4267,"ready":true,"row_count":117,"section":"lineups","title":"NAN 1-2 TOU | Nantes v Toulouse 13/08/2023, Lineups - Flashscore.com | Match"}
[2026-08-16T06:03:50Z] Reading rendered DOM...
[2026-08-16T06:03:50Z] Executing extraction script for phase 4; length: 20701.
[2026-08-16T06:03:50Z] Script [extract] result prefix: {"schema_version":"1.3","section":"lineups","statistic_period":null,"source_url":"https://www.flashscore.com/match/football/nantes-veuetnGG/toulouse-MLmY2yB1/summary/lineups/?mid=A1jhA2ko","match_id":"A1jhA2ko","collected_at_utc":"2026-08-16T06:03:50.641Z","page_title":"NAN 1-2 TOU | Nantes v Toulouse 13/08/2023, Lineups - Flashscore.com | Match","competition":"WORLD CUP","status":"FINISHED","date_time":"13.08.2023 17:00","home_team":"Nantes","away_team":"Toulouse","score":{"home":"1","away":"2"
[2026-08-16T06:03:50Z] Merged section: lineups
[2026-08-16T06:03:50Z] French Ligue 1 2023/2024: Player Stats are unavailable in the source profile.
[2026-08-16T06:03:50Z] Marked all Player Stats categories as not_available; collection continues.
[2026-08-16T06:03:50Z] Opening commentary...
[2026-08-16T06:03:50Z] Navigate: https://www.flashscore.com/match/football/nantes-veuetnGG/toulouse-MLmY2yB1/summary/live-commentary/?mid=A1jhA2ko
[2026-08-16T06:03:52Z] Page loaded. Waiting for statistics DOM...
[2026-08-16T06:03:53Z] Script [readiness] result prefix: {"body_text_length":9753,"ready":true,"row_count":217,"section":"commentary","title":"NAN 1-2 TOU | Nantes v Toulouse 13/08/2023 | Football - Flashscore | Match"}
[2026-08-16T06:03:53Z] Reading rendered DOM...
[2026-08-16T06:03:53Z] Executing extraction script for phase 12; length: 11834.
[2026-08-16T06:03:53Z] Script [extract] result prefix: {"schema_version":"1.3","section":"commentary","statistic_period":null,"source_url":"https://www.flashscore.com/match/football/nantes-veuetnGG/toulouse-MLmY2yB1/summary/live-commentary/all-comments/?mid=A1jhA2ko","match_id":"A1jhA2ko","collected_at_utc":"2026-08-16T06:03:53.606Z","page_title":"NAN 1-2 TOU | Nantes v Toulouse 13/08/2023 | Football - Flashscore | Match","competition":"WORLD CUP","status":"FINISHED","date_time":"13.08.2023 17:00","home_team":"Nantes","away_team":"Toulouse","score":
[2026-08-16T06:03:53Z] Merged section: commentary
[2026-08-16T06:03:53Z] Saving complete match JSON...
[2026-08-16T06:03:53Z] Player Stats category unavailable; status=not_available: top_stats
[2026-08-16T06:03:53Z] Player Stats category unavailable; status=not_available: shots
[2026-08-16T06:03:53Z] Player Stats category unavailable; status=not_available: attack
[2026-08-16T06:03:53Z] Player Stats category unavailable; status=not_available: passes
[2026-08-16T06:03:53Z] Player Stats category unavailable; status=not_available: defense
[2026-08-16T06:03:53Z] Player Stats category unavailable; status=not_available: goalkeeping
[2026-08-16T06:03:53Z] Player Stats category unavailable; status=not_available: general
[2026-08-16T06:03:53Z] Structured goals, cards and VAR events enriched.
[2026-08-16T06:03:53Z] Saved match JSON with 14 statistics: G:\Mirza\VSCode\FlashscoreFootballCollector_\Data\Matches\Ligue1\2023_2024\2023-08-13_Nantes_vs_Toulouse_A1jhA2ko.json
[2026-08-16T06:03:53Z] Finished: 2023-08-13_Nantes_vs_Toulouse_A1jhA2ko.json
[2026-08-16T06:03:54Z] Opening overall statistics...
[2026-08-16T06:03:54Z] Navigate: https://www.flashscore.com/match/football/le-havre-CIEe04GT/montpellier-Eyf00syR/summary/stats/overall/?mid=x8rvY5sh
[2026-08-16T06:03:56Z] Page loaded. Waiting for statistics DOM...
[2026-08-16T06:03:58Z] Script [readiness] result prefix: {"body_text_length":3277,"ready":true,"row_count":19,"section":"statistics_overall","title":"MNT 2-2 HAV | Montpellier v Le Havre 13/08/2023, Stats - Flashscore.com | Match"}
[2026-08-16T06:03:58Z] Reading rendered DOM...
[2026-08-16T06:03:58Z] Executing extraction script for phase 0; length: 5174.
[2026-08-16T06:03:58Z] Script [extract] result prefix: {"schema_version":"1.3","section":"statistics_overall","statistic_period":"overall","source_url":"https://www.flashscore.com/match/football/le-havre-CIEe04GT/montpellier-Eyf00syR/summary/stats/overall/?mid=x8rvY5sh","match_id":"x8rvY5sh","collected_at_utc":"2026-08-16T06:03:58.126Z","page_title":"MNT 2-2 HAV | Montpellier v Le Havre 13/08/2023, Stats - Flashscore.com | Match","competition":"WORLD CUP","status":"FINISHED","date_time":"13.08.2023 17:00","home_team":"Montpellier","away_team":"Le Ha
[2026-08-16T06:03:58Z] Stored overall statistics: 14 rows.
[2026-08-16T06:03:58Z] Merged section: statistics_overall
[2026-08-16T06:03:58Z] Opening 1st half statistics...
[2026-08-16T06:03:58Z] Navigate: https://www.flashscore.com/match/football/le-havre-CIEe04GT/montpellier-Eyf00syR/summary/stats/1st-half/?mid=x8rvY5sh
[2026-08-16T06:04:00Z] Page loaded. Waiting for statistics DOM...
[2026-08-16T06:04:01Z] Script [readiness] result prefix: {"body_text_length":3250,"ready":true,"row_count":18,"section":"statistics_first_half","title":"MNT 2-2 HAV | Montpellier v Le Havre 13/08/2023, Stats - Flashscore.com | Match"}
[2026-08-16T06:04:01Z] Reading rendered DOM...
[2026-08-16T06:04:01Z] Executing extraction script for phase 1; length: 5174.
[2026-08-16T06:04:01Z] Script [extract] result prefix: {"schema_version":"1.3","section":"statistics_first_half","statistic_period":"first_half","source_url":"https://www.flashscore.com/match/football/le-havre-CIEe04GT/montpellier-Eyf00syR/summary/stats/1st-half/?mid=x8rvY5sh","match_id":"x8rvY5sh","collected_at_utc":"2026-08-16T06:04:01.707Z","page_title":"MNT 2-2 HAV | Montpellier v Le Havre 13/08/2023, Stats - Flashscore.com | Match","competition":"WORLD CUP","status":"FINISHED","date_time":"13.08.2023 17:00","home_team":"Montpellier","away_team"
[2026-08-16T06:04:01Z] Stored first_half statistics: 13 rows.
[2026-08-16T06:04:01Z] Merged section: statistics_first_half
[2026-08-16T06:04:01Z] Opening 2nd half statistics...
[2026-08-16T06:04:01Z] Navigate: https://www.flashscore.com/match/football/le-havre-CIEe04GT/montpellier-Eyf00syR/summary/stats/2nd-half/?mid=x8rvY5sh
[2026-08-16T06:04:03Z] Page loaded. Waiting for statistics DOM...
[2026-08-16T06:04:04Z] Script [readiness] result prefix: {"body_text_length":3269,"ready":true,"row_count":19,"section":"statistics_second_half","title":"MNT 2-2 HAV | Montpellier v Le Havre 13/08/2023, Stats - Flashscore.com | Match"}
[2026-08-16T06:04:04Z] Reading rendered DOM...
[2026-08-16T06:04:04Z] Executing extraction script for phase 2; length: 5174.
[2026-08-16T06:04:05Z] Script [extract] result prefix: {"schema_version":"1.3","section":"statistics_second_half","statistic_period":"second_half","source_url":"https://www.flashscore.com/match/football/le-havre-CIEe04GT/montpellier-Eyf00syR/summary/stats/2nd-half/?mid=x8rvY5sh","match_id":"x8rvY5sh","collected_at_utc":"2026-08-16T06:04:05.013Z","page_title":"MNT 2-2 HAV | Montpellier v Le Havre 13/08/2023, Stats - Flashscore.com | Match","competition":"WORLD CUP","status":"FINISHED","date_time":"13.08.2023 17:00","home_team":"Montpellier","away_tea
[2026-08-16T06:04:05Z] Stored second_half statistics: 14 rows.
[2026-08-16T06:04:05Z] Merged section: statistics_second_half
[2026-08-16T06:04:05Z] Opening lineups...
[2026-08-16T06:04:05Z] Navigate: https://www.flashscore.com/match/football/le-havre-CIEe04GT/montpellier-Eyf00syR/summary/lineups/?mid=x8rvY5sh
[2026-08-16T06:04:06Z] Page loaded. Waiting for statistics DOM...
[2026-08-16T06:04:08Z] Script [readiness] result prefix: {"body_text_length":4098,"ready":true,"row_count":110,"section":"lineups","title":"MNT 2-2 HAV | Montpellier v Le Havre 13/08/2023, Lineups - Flashscore.com | Match"}
[2026-08-16T06:04:08Z] Reading rendered DOM...
[2026-08-16T06:04:08Z] Executing extraction script for phase 4; length: 20701.
[2026-08-16T06:04:08Z] Script [extract] result prefix: {"schema_version":"1.3","section":"lineups","statistic_period":null,"source_url":"https://www.flashscore.com/match/football/le-havre-CIEe04GT/montpellier-Eyf00syR/summary/lineups/?mid=x8rvY5sh","match_id":"x8rvY5sh","collected_at_utc":"2026-08-16T06:04:08.548Z","page_title":"MNT 2-2 HAV | Montpellier v Le Havre 13/08/2023, Lineups - Flashscore.com | Match","competition":"WORLD CUP","status":"FINISHED","date_time":"13.08.2023 17:00","home_team":"Montpellier","away_team":"Le Havre","score":{"home"
[2026-08-16T06:04:08Z] Merged section: lineups
[2026-08-16T06:04:08Z] French Ligue 1 2023/2024: Player Stats are unavailable in the source profile.
[2026-08-16T06:04:08Z] Marked all Player Stats categories as not_available; collection continues.
[2026-08-16T06:04:08Z] Opening commentary...
[2026-08-16T06:04:08Z] Navigate: https://www.flashscore.com/match/football/le-havre-CIEe04GT/montpellier-Eyf00syR/summary/live-commentary/?mid=x8rvY5sh
[2026-08-16T06:04:10Z] Page loaded. Waiting for statistics DOM...
[2026-08-16T06:04:12Z] Script [readiness] result prefix: {"body_text_length":10705,"ready":true,"row_count":196,"section":"commentary","title":"MNT 2-2 HAV | Montpellier v Le Havre 13/08/2023 | Football - Flashscore | Match"}
[2026-08-16T06:04:12Z] Reading rendered DOM...
[2026-08-16T06:04:12Z] Executing extraction script for phase 12; length: 11834.
[2026-08-16T06:04:12Z] Script [extract] result prefix: {"schema_version":"1.3","section":"commentary","statistic_period":null,"source_url":"https://www.flashscore.com/match/football/le-havre-CIEe04GT/montpellier-Eyf00syR/summary/live-commentary/all-comments/?mid=x8rvY5sh","match_id":"x8rvY5sh","collected_at_utc":"2026-08-16T06:04:12.216Z","page_title":"MNT 2-2 HAV | Montpellier v Le Havre 13/08/2023 | Football - Flashscore | Match","competition":"WORLD CUP","status":"FINISHED","date_time":"13.08.2023 17:00","home_team":"Montpellier","away_team":"Le 
[2026-08-16T06:04:12Z] Merged section: commentary
[2026-08-16T06:04:12Z] Saving complete match JSON...
[2026-08-16T06:04:12Z] Player Stats category unavailable; status=not_available: top_stats
[2026-08-16T06:04:12Z] Player Stats category unavailable; status=not_available: shots
[2026-08-16T06:04:12Z] Player Stats category unavailable; status=not_available: attack
[2026-08-16T06:04:12Z] Player Stats category unavailable; status=not_available: passes
[2026-08-16T06:04:12Z] Player Stats category unavailable; status=not_available: defense
[2026-08-16T06:04:12Z] Player Stats category unavailable; status=not_available: goalkeeping
[2026-08-16T06:04:12Z] Player Stats category unavailable; status=not_available: general
[2026-08-16T06:04:12Z] Structured goals, cards and VAR events enriched.
[2026-08-16T06:04:12Z] Saved match JSON with 14 statistics: G:\Mirza\VSCode\FlashscoreFootballCollector_\Data\Matches\Ligue1\2023_2024\2023-08-13_Montpellier_vs_Le_Havre_x8rvY5sh.json
[2026-08-16T06:04:12Z] Finished: 2023-08-13_Montpellier_vs_Le_Havre_x8rvY5sh.json
[2026-08-16T06:04:12Z] Opening overall statistics...
[2026-08-16T06:04:12Z] Navigate: https://www.flashscore.com/match/football/clermont-IRuMRua1/monaco-2PIvr8o4/summary/stats/overall/?mid=tWXTFORN
[2026-08-16T06:04:15Z] Page loaded. Waiting for statistics DOM...
[2026-08-16T06:04:16Z] Script [readiness] result prefix: {"body_text_length":3252,"ready":true,"row_count":19,"section":"statistics_overall","title":"CLE 2-4 MON | Clermont v Monaco 13/08/2023, Stats - Flashscore.com | Match"}
[2026-08-16T06:04:16Z] Reading rendered DOM...
[2026-08-16T06:04:16Z] Executing extraction script for phase 0; length: 5174.
[2026-08-16T06:04:16Z] Script [extract] result prefix: {"schema_version":"1.3","section":"statistics_overall","statistic_period":"overall","source_url":"https://www.flashscore.com/match/football/clermont-IRuMRua1/monaco-2PIvr8o4/summary/stats/overall/?mid=tWXTFORN","match_id":"tWXTFORN","collected_at_utc":"2026-08-16T06:04:16.958Z","page_title":"CLE 2-4 MON | Clermont v Monaco 13/08/2023, Stats - Flashscore.com | Match","competition":"WORLD CUP","status":"FINISHED","date_time":"13.08.2023 17:00","home_team":"Clermont","away_team":"Monaco","score":{"
[2026-08-16T06:04:16Z] Stored overall statistics: 14 rows.
[2026-08-16T06:04:17Z] Merged section: statistics_overall
[2026-08-16T06:04:17Z] Opening 1st half statistics...
[2026-08-16T06:04:17Z] Navigate: https://www.flashscore.com/match/football/clermont-IRuMRua1/monaco-2PIvr8o4/summary/stats/1st-half/?mid=tWXTFORN
[2026-08-16T06:04:19Z] Page loaded. Waiting for statistics DOM...
[2026-08-16T06:04:20Z] Script [readiness] result prefix: {"body_text_length":3246,"ready":true,"row_count":19,"section":"statistics_first_half","title":"CLE 2-4 MON | Clermont v Monaco 13/08/2023, Stats - Flashscore.com | Match"}
[2026-08-16T06:04:20Z] Reading rendered DOM...
[2026-08-16T06:04:20Z] Executing extraction script for phase 1; length: 5174.
[2026-08-16T06:04:20Z] Script [extract] result prefix: {"schema_version":"1.3","section":"statistics_first_half","statistic_period":"first_half","source_url":"https://www.flashscore.com/match/football/clermont-IRuMRua1/monaco-2PIvr8o4/summary/stats/1st-half/?mid=tWXTFORN","match_id":"tWXTFORN","collected_at_utc":"2026-08-16T06:04:20.873Z","page_title":"CLE 2-4 MON | Clermont v Monaco 13/08/2023, Stats - Flashscore.com | Match","competition":"WORLD CUP","status":"FINISHED","date_time":"13.08.2023 17:00","home_team":"Clermont","away_team":"Monaco","sc
[2026-08-16T06:04:20Z] Stored first_half statistics: 14 rows.
[2026-08-16T06:04:20Z] Merged section: statistics_first_half
[2026-08-16T06:04:20Z] Opening 2nd half statistics...
[2026-08-16T06:04:20Z] Navigate: https://www.flashscore.com/match/football/clermont-IRuMRua1/monaco-2PIvr8o4/summary/stats/2nd-half/?mid=tWXTFORN
[2026-08-16T06:04:22Z] Page loaded. Waiting for statistics DOM...
[2026-08-16T06:04:24Z] Script [readiness] result prefix: {"body_text_length":3245,"ready":true,"row_count":19,"section":"statistics_second_half","title":"CLE 2-4 MON | Clermont v Monaco 13/08/2023, Stats - Flashscore.com | Match"}
[2026-08-16T06:04:24Z] Reading rendered DOM...
[2026-08-16T06:04:24Z] Executing extraction script for phase 2; length: 5174.
[2026-08-16T06:04:24Z] Script [extract] result prefix: {"schema_version":"1.3","section":"statistics_second_half","statistic_period":"second_half","source_url":"https://www.flashscore.com/match/football/clermont-IRuMRua1/monaco-2PIvr8o4/summary/stats/2nd-half/?mid=tWXTFORN","match_id":"tWXTFORN","collected_at_utc":"2026-08-16T06:04:24.198Z","page_title":"CLE 2-4 MON | Clermont v Monaco 13/08/2023, Stats - Flashscore.com | Match","competition":"WORLD CUP","status":"FINISHED","date_time":"13.08.2023 17:00","home_team":"Clermont","away_team":"Monaco","
[2026-08-16T06:04:24Z] Stored second_half statistics: 14 rows.
[2026-08-16T06:04:24Z] Merged section: statistics_second_half
[2026-08-16T06:04:24Z] Opening lineups...
[2026-08-16T06:04:24Z] Navigate: https://www.flashscore.com/match/football/clermont-IRuMRua1/monaco-2PIvr8o4/summary/lineups/?mid=tWXTFORN
[2026-08-16T06:04:26Z] Page loaded. Waiting for statistics DOM...
[2026-08-16T06:04:27Z] Script [readiness] result prefix: {"body_text_length":4208,"ready":true,"row_count":115,"section":"lineups","title":"CLE 2-4 MON | Clermont v Monaco 13/08/2023, Lineups - Flashscore.com | Match"}
[2026-08-16T06:04:27Z] Reading rendered DOM...
[2026-08-16T06:04:27Z] Executing extraction script for phase 4; length: 20701.
[2026-08-16T06:04:27Z] Script [extract] result prefix: {"schema_version":"1.3","section":"lineups","statistic_period":null,"source_url":"https://www.flashscore.com/match/football/clermont-IRuMRua1/monaco-2PIvr8o4/summary/lineups/?mid=tWXTFORN","match_id":"tWXTFORN","collected_at_utc":"2026-08-16T06:04:27.949Z","page_title":"CLE 2-4 MON | Clermont v Monaco 13/08/2023, Lineups - Flashscore.com | Match","competition":"WORLD CUP","status":"FINISHED","date_time":"13.08.2023 17:00","home_team":"Clermont","away_team":"Monaco","score":{"home":"2","away":"4"
[2026-08-16T06:04:28Z] Merged section: lineups
[2026-08-16T06:04:28Z] French Ligue 1 2023/2024: Player Stats are unavailable in the source profile.
[2026-08-16T06:04:28Z] Marked all Player Stats categories as not_available; collection continues.
[2026-08-16T06:04:28Z] Opening commentary...
[2026-08-16T06:04:28Z] Navigate: https://www.flashscore.com/match/football/clermont-IRuMRua1/monaco-2PIvr8o4/summary/live-commentary/?mid=tWXTFORN
[2026-08-16T06:04:30Z] Page loaded. Waiting for statistics DOM...
[2026-08-16T06:04:31Z] Script [readiness] result prefix: {"body_text_length":11557,"ready":true,"row_count":241,"section":"commentary","title":"CLE 2-4 MON | Clermont v Monaco 13/08/2023 | Football - Flashscore | Match"}
[2026-08-16T06:04:31Z] Reading rendered DOM...
[2026-08-16T06:04:31Z] Executing extraction script for phase 12; length: 11834.
[2026-08-16T06:04:31Z] Script [extract] result prefix: {"schema_version":"1.3","section":"commentary","statistic_period":null,"source_url":"https://www.flashscore.com/match/football/clermont-IRuMRua1/monaco-2PIvr8o4/summary/live-commentary/all-comments/?mid=tWXTFORN","match_id":"tWXTFORN","collected_at_utc":"2026-08-16T06:04:31.860Z","page_title":"CLE 2-4 MON | Clermont v Monaco 13/08/2023 | Football - Flashscore | Match","competition":"WORLD CUP","status":"FINISHED","date_time":"13.08.2023 17:00","home_team":"Clermont","away_team":"Monaco","score":
[2026-08-16T06:04:31Z] Merged section: commentary
[2026-08-16T06:04:31Z] Saving complete match JSON...
[2026-08-16T06:04:31Z] Player Stats category unavailable; status=not_available: top_stats
[2026-08-16T06:04:31Z] Player Stats category unavailable; status=not_available: shots
[2026-08-16T06:04:31Z] Player Stats category unavailable; status=not_available: attack
[2026-08-16T06:04:32Z] Player Stats category unavailable; status=not_available: passes
[2026-08-16T06:04:32Z] Player Stats category unavailable; status=not_available: defense
[2026-08-16T06:04:32Z] Player Stats category unavailable; status=not_available: goalkeeping
[2026-08-16T06:04:32Z] Player Stats category unavailable; status=not_available: general
[2026-08-16T06:04:32Z] Structured goals, cards and VAR events enriched.
[2026-08-16T06:04:32Z] Saved match JSON with 14 statistics: G:\Mirza\VSCode\FlashscoreFootballCollector_\Data\Matches\Ligue1\2023_2024\2023-08-13_Clermont_vs_Monaco_tWXTFORN.json
[2026-08-16T06:04:32Z] Finished: 2023-08-13_Clermont_vs_Monaco_tWXTFORN.json
[2026-08-16T06:04:32Z] Opening overall statistics...
[2026-08-16T06:04:32Z] Navigate: https://www.flashscore.com/match/football/metz-4v0yqlWc/rennes-d2nnj1IE/summary/stats/overall/?mid=O4vzZoSo
[2026-08-16T06:04:35Z] Page loaded. Waiting for statistics DOM...
[2026-08-16T06:04:36Z] Script [readiness] result prefix: {"body_text_length":3231,"ready":true,"row_count":19,"section":"statistics_overall","title":"REN 5-1 MET | Rennes v Metz 13/08/2023, Stats - Flashscore.com | Match"}
[2026-08-16T06:04:36Z] Reading rendered DOM...
[2026-08-16T06:04:37Z] Executing extraction script for phase 0; length: 5174.
[2026-08-16T06:04:37Z] Script [extract] result prefix: {"schema_version":"1.3","section":"statistics_overall","statistic_period":"overall","source_url":"https://www.flashscore.com/match/football/metz-4v0yqlWc/rennes-d2nnj1IE/summary/stats/overall/?mid=O4vzZoSo","match_id":"O4vzZoSo","collected_at_utc":"2026-08-16T06:04:37.054Z","page_title":"REN 5-1 MET | Rennes v Metz 13/08/2023, Stats - Flashscore.com | Match","competition":"WORLD CUP","status":"FINISHED","date_time":"13.08.2023 19:05","home_team":"Rennes","away_team":"Metz","score":{"home":"5","a
[2026-08-16T06:04:37Z] Stored overall statistics: 14 rows.
[2026-08-16T06:04:37Z] Merged section: statistics_overall
[2026-08-16T06:04:37Z] Opening 1st half statistics...
[2026-08-16T06:04:37Z] Navigate: https://www.flashscore.com/match/football/metz-4v0yqlWc/rennes-d2nnj1IE/summary/stats/1st-half/?mid=O4vzZoSo
[2026-08-16T06:04:38Z] Page loaded. Waiting for statistics DOM...
[2026-08-16T06:04:40Z] Script [readiness] result prefix: {"body_text_length":3226,"ready":true,"row_count":19,"section":"statistics_first_half","title":"REN 5-1 MET | Rennes v Metz 13/08/2023, Stats - Flashscore.com | Match"}
[2026-08-16T06:04:40Z] Reading rendered DOM...
[2026-08-16T06:04:40Z] Executing extraction script for phase 1; length: 5174.
[2026-08-16T06:04:40Z] Script [extract] result prefix: {"schema_version":"1.3","section":"statistics_first_half","statistic_period":"first_half","source_url":"https://www.flashscore.com/match/football/metz-4v0yqlWc/rennes-d2nnj1IE/summary/stats/1st-half/?mid=O4vzZoSo","match_id":"O4vzZoSo","collected_at_utc":"2026-08-16T06:04:40.711Z","page_title":"REN 5-1 MET | Rennes v Metz 13/08/2023, Stats - Flashscore.com | Match","competition":"WORLD CUP","status":"FINISHED","date_time":"13.08.2023 19:05","home_team":"Rennes","away_team":"Metz","score":{"home"
[2026-08-16T06:04:40Z] Stored first_half statistics: 14 rows.
[2026-08-16T06:04:40Z] Merged section: statistics_first_half
[2026-08-16T06:04:40Z] Opening 2nd half statistics...
[2026-08-16T06:04:40Z] Navigate: https://www.flashscore.com/match/football/metz-4v0yqlWc/rennes-d2nnj1IE/summary/stats/2nd-half/?mid=O4vzZoSo
[2026-08-16T06:04:43Z] Page loaded. Waiting for statistics DOM...
[2026-08-16T06:04:44Z] Script [readiness] result prefix: {"body_text_length":3226,"ready":true,"row_count":19,"section":"statistics_second_half","title":"REN 5-1 MET | Rennes v Metz 13/08/2023, Stats - Flashscore.com | Match"}
[2026-08-16T06:04:44Z] Reading rendered DOM...
[2026-08-16T06:04:45Z] Executing extraction script for phase 2; length: 5174.
[2026-08-16T06:04:45Z] Script [extract] result prefix: {"schema_version":"1.3","section":"statistics_second_half","statistic_period":"second_half","source_url":"https://www.flashscore.com/match/football/metz-4v0yqlWc/rennes-d2nnj1IE/summary/stats/2nd-half/?mid=O4vzZoSo","match_id":"O4vzZoSo","collected_at_utc":"2026-08-16T06:04:45.027Z","page_title":"REN 5-1 MET | Rennes v Metz 13/08/2023, Stats - Flashscore.com | Match","competition":"WORLD CUP","status":"FINISHED","date_time":"13.08.2023 19:05","home_team":"Rennes","away_team":"Metz","score":{"hom
[2026-08-16T06:04:45Z] Stored second_half statistics: 14 rows.
[2026-08-16T06:04:45Z] Merged section: statistics_second_half
[2026-08-16T06:04:45Z] Opening lineups...
[2026-08-16T06:04:45Z] Navigate: https://www.flashscore.com/match/football/metz-4v0yqlWc/rennes-d2nnj1IE/summary/lineups/?mid=O4vzZoSo
[2026-08-16T06:04:47Z] Page loaded. Waiting for statistics DOM...
[2026-08-16T06:04:49Z] Script [readiness] result prefix: {"body_text_length":4046,"ready":true,"row_count":110,"section":"lineups","title":"REN 5-1 MET | Rennes v Metz 13/08/2023, Lineups - Flashscore.com | Match"}
[2026-08-16T06:04:49Z] Reading rendered DOM...
[2026-08-16T06:04:49Z] Executing extraction script for phase 4; length: 20701.
[2026-08-16T06:04:49Z] Script [extract] result prefix: {"schema_version":"1.3","section":"lineups","statistic_period":null,"source_url":"https://www.flashscore.com/match/football/metz-4v0yqlWc/rennes-d2nnj1IE/summary/lineups/?mid=O4vzZoSo","match_id":"O4vzZoSo","collected_at_utc":"2026-08-16T06:04:49.476Z","page_title":"REN 5-1 MET | Rennes v Metz 13/08/2023, Lineups - Flashscore.com | Match","competition":"WORLD CUP","status":"FINISHED","date_time":"13.08.2023 19:05","home_team":"Rennes","away_team":"Metz","score":{"home":"5","away":"1","display":"
[2026-08-16T06:04:49Z] Merged section: lineups
[2026-08-16T06:04:49Z] French Ligue 1 2023/2024: Player Stats are unavailable in the source profile.
[2026-08-16T06:04:49Z] Marked all Player Stats categories as not_available; collection continues.
[2026-08-16T06:04:49Z] Opening commentary...
[2026-08-16T06:04:49Z] Navigate: https://www.flashscore.com/match/football/metz-4v0yqlWc/rennes-d2nnj1IE/summary/live-commentary/?mid=O4vzZoSo
[2026-08-16T06:04:52Z] Page loaded. Waiting for statistics DOM...
[2026-08-16T06:04:53Z] Script [readiness] result prefix: {"body_text_length":11760,"ready":true,"row_count":233,"section":"commentary","title":"REN 5-1 MET | Rennes v Metz 13/08/2023 | Football - Flashscore | Match"}
[2026-08-16T06:04:53Z] Reading rendered DOM...
[2026-08-16T06:04:53Z] Executing extraction script for phase 12; length: 11834.
[2026-08-16T06:04:53Z] Script [extract] result prefix: {"schema_version":"1.3","section":"commentary","statistic_period":null,"source_url":"https://www.flashscore.com/match/football/metz-4v0yqlWc/rennes-d2nnj1IE/summary/live-commentary/all-comments/?mid=O4vzZoSo","match_id":"O4vzZoSo","collected_at_utc":"2026-08-16T06:04:53.789Z","page_title":"REN 5-1 MET | Rennes v Metz 13/08/2023 | Football - Flashscore | Match","competition":"WORLD CUP","status":"FINISHED","date_time":"13.08.2023 19:05","home_team":"Rennes","away_team":"Metz","score":{"home":"5",
[2026-08-16T06:04:53Z] Merged section: commentary
[2026-08-16T06:04:53Z] Saving complete match JSON...
[2026-08-16T06:04:53Z] Player Stats category unavailable; status=not_available: top_stats
[2026-08-16T06:04:53Z] Player Stats category unavailable; status=not_available: shots
[2026-08-16T06:04:53Z] Player Stats category unavailable; status=not_available: attack
[2026-08-16T06:04:53Z] Player Stats category unavailable; status=not_available: passes
[2026-08-16T06:04:54Z] Player Stats category unavailable; status=not_available: defense
[2026-08-16T06:04:54Z] Player Stats category unavailable; status=not_available: goalkeeping
[2026-08-16T06:04:54Z] Player Stats category unavailable; status=not_available: general
[2026-08-16T06:04:54Z] Structured goals, cards and VAR events enriched.
[2026-08-16T06:04:54Z] Saved match JSON with 14 statistics: G:\Mirza\VSCode\FlashscoreFootballCollector_\Data\Matches\Ligue1\2023_2024\2023-08-13_Rennes_vs_Metz_O4vzZoSo.json
[2026-08-16T06:04:54Z] Finished: 2023-08-13_Rennes_vs_Metz_O4vzZoSo.json
[2026-08-16T06:04:54Z] Opening overall statistics...
[2026-08-16T06:04:54Z] Navigate: https://www.flashscore.com/match/football/lyon-2akflumR/strasbourg-nP6UzIU1/summary/stats/overall/?mid=8h4QErsU
[2026-08-16T06:04:57Z] Page loaded. Waiting for statistics DOM...
[2026-08-16T06:04:58Z] Script [readiness] result prefix: {"body_text_length":3255,"ready":true,"row_count":19,"section":"statistics_overall","title":"STR 2-1 LYO | Strasbourg v Lyon 13/08/2023, Stats - Flashscore.com | Match"}
[2026-08-16T06:04:58Z] Reading rendered DOM...
[2026-08-16T06:04:58Z] Executing extraction script for phase 0; length: 5174.
[2026-08-16T06:04:58Z] Script [extract] result prefix: {"schema_version":"1.3","section":"statistics_overall","statistic_period":"overall","source_url":"https://www.flashscore.com/match/football/lyon-2akflumR/strasbourg-nP6UzIU1/summary/stats/overall/?mid=8h4QErsU","match_id":"8h4QErsU","collected_at_utc":"2026-08-16T06:04:58.823Z","page_title":"STR 2-1 LYO | Strasbourg v Lyon 13/08/2023, Stats - Flashscore.com | Match","competition":"WORLD CUP","status":"FINISHED","date_time":"13.08.2023 22:45","home_team":"Strasbourg","away_team":"Lyon","score":{"
[2026-08-16T06:04:58Z] Stored overall statistics: 14 rows.
[2026-08-16T06:04:58Z] Merged section: statistics_overall
[2026-08-16T06:04:59Z] Opening 1st half statistics...
[2026-08-16T06:04:59Z] Navigate: https://www.flashscore.com/match/football/lyon-2akflumR/strasbourg-nP6UzIU1/summary/stats/1st-half/?mid=8h4QErsU
[2026-08-16T06:05:00Z] Page loaded. Waiting for statistics DOM...
[2026-08-16T06:05:02Z] Script [readiness] result prefix: {"body_text_length":3249,"ready":true,"row_count":19,"section":"statistics_first_half","title":"STR 2-1 LYO | Strasbourg v Lyon 13/08/2023, Stats - Flashscore.com | Match"}
[2026-08-16T06:05:02Z] Reading rendered DOM...
[2026-08-16T06:05:02Z] Executing extraction script for phase 1; length: 5174.
[2026-08-16T06:05:02Z] Script [extract] result prefix: {"schema_version":"1.3","section":"statistics_first_half","statistic_period":"first_half","source_url":"https://www.flashscore.com/match/football/lyon-2akflumR/strasbourg-nP6UzIU1/summary/stats/1st-half/?mid=8h4QErsU","match_id":"8h4QErsU","collected_at_utc":"2026-08-16T06:05:02.291Z","page_title":"STR 2-1 LYO | Strasbourg v Lyon 13/08/2023, Stats - Flashscore.com | Match","competition":"WORLD CUP","status":"FINISHED","date_time":"13.08.2023 22:45","home_team":"Strasbourg","away_team":"Lyon","sc
[2026-08-16T06:05:02Z] Stored first_half statistics: 14 rows.
[2026-08-16T06:05:02Z] Merged section: statistics_first_half
[2026-08-16T06:05:02Z] Opening 2nd half statistics...
[2026-08-16T06:05:02Z] Navigate: https://www.flashscore.com/match/football/lyon-2akflumR/strasbourg-nP6UzIU1/summary/stats/2nd-half/?mid=8h4QErsU
[2026-08-16T06:05:04Z] Page loaded. Waiting for statistics DOM...
[2026-08-16T06:05:05Z] Script [readiness] result prefix: {"body_text_length":3251,"ready":true,"row_count":19,"section":"statistics_second_half","title":"STR 2-1 LYO | Strasbourg v Lyon 13/08/2023, Stats - Flashscore.com | Match"}
[2026-08-16T06:05:05Z] Reading rendered DOM...
[2026-08-16T06:05:05Z] Executing extraction script for phase 2; length: 5174.
[2026-08-16T06:05:05Z] Script [extract] result prefix: {"schema_version":"1.3","section":"statistics_second_half","statistic_period":"second_half","source_url":"https://www.flashscore.com/match/football/lyon-2akflumR/strasbourg-nP6UzIU1/summary/stats/2nd-half/?mid=8h4QErsU","match_id":"8h4QErsU","collected_at_utc":"2026-08-16T06:05:05.779Z","page_title":"STR 2-1 LYO | Strasbourg v Lyon 13/08/2023, Stats - Flashscore.com | Match","competition":"WORLD CUP","status":"FINISHED","date_time":"13.08.2023 22:45","home_team":"Strasbourg","away_team":"Lyon","
[2026-08-16T06:05:05Z] Stored second_half statistics: 14 rows.
[2026-08-16T06:05:05Z] Merged section: statistics_second_half
[2026-08-16T06:05:05Z] Opening lineups...
[2026-08-16T06:05:06Z] Navigate: https://www.flashscore.com/match/football/lyon-2akflumR/strasbourg-nP6UzIU1/summary/lineups/?mid=8h4QErsU
[2026-08-16T06:05:09Z] Page loaded. Waiting for statistics DOM...
[2026-08-16T06:05:10Z] Script [readiness] result prefix: {"body_text_length":4219,"ready":true,"row_count":114,"section":"lineups","title":"STR 2-1 LYO | Strasbourg v Lyon 13/08/2023, Lineups - Flashscore.com | Match"}
[2026-08-16T06:05:10Z] Reading rendered DOM...
[2026-08-16T06:05:10Z] Executing extraction script for phase 4; length: 20701.
[2026-08-16T06:05:10Z] Script [extract] result prefix: {"schema_version":"1.3","section":"lineups","statistic_period":null,"source_url":"https://www.flashscore.com/match/football/lyon-2akflumR/strasbourg-nP6UzIU1/summary/lineups/?mid=8h4QErsU","match_id":"8h4QErsU","collected_at_utc":"2026-08-16T06:05:10.733Z","page_title":"STR 2-1 LYO | Strasbourg v Lyon 13/08/2023, Lineups - Flashscore.com | Match","competition":"WORLD CUP","status":"FINISHED","date_time":"13.08.2023 22:45","home_team":"Strasbourg","away_team":"Lyon","score":{"home":"2","away":"1"
[2026-08-16T06:05:10Z] Merged section: lineups
[2026-08-16T06:05:11Z] French Ligue 1 2023/2024: Player Stats are unavailable in the source profile.
[2026-08-16T06:05:11Z] Marked all Player Stats categories as not_available; collection continues.
[2026-08-16T06:05:11Z] Opening commentary...
[2026-08-16T06:05:11Z] Navigate: https://www.flashscore.com/match/football/lyon-2akflumR/strasbourg-nP6UzIU1/summary/live-commentary/?mid=8h4QErsU
[2026-08-16T06:05:13Z] Page loaded. Waiting for statistics DOM...
[2026-08-16T06:05:15Z] Script [readiness] result prefix: {"body_text_length":9061,"ready":true,"row_count":197,"section":"commentary","title":"STR 2-1 LYO | Strasbourg v Lyon 13/08/2023 | Football - Flashscore | Match"}
[2026-08-16T06:05:15Z] Reading rendered DOM...
[2026-08-16T06:05:15Z] Executing extraction script for phase 12; length: 11834.
[2026-08-16T06:05:15Z] Script [extract] result prefix: {"schema_version":"1.3","section":"commentary","statistic_period":null,"source_url":"https://www.flashscore.com/match/football/lyon-2akflumR/strasbourg-nP6UzIU1/summary/live-commentary/all-comments/?mid=8h4QErsU","match_id":"8h4QErsU","collected_at_utc":"2026-08-16T06:05:15.146Z","page_title":"STR 2-1 LYO | Strasbourg v Lyon 13/08/2023 | Football - Flashscore | Match","competition":"WORLD CUP","status":"FINISHED","date_time":"13.08.2023 22:45","home_team":"Strasbourg","away_team":"Lyon","score":
[2026-08-16T06:05:15Z] Merged section: commentary
[2026-08-16T06:05:15Z] Saving complete match JSON...
[2026-08-16T06:05:15Z] Player Stats category unavailable; status=not_available: top_stats
[2026-08-16T06:05:15Z] Player Stats category unavailable; status=not_available: shots
[2026-08-16T06:05:15Z] Player Stats category unavailable; status=not_available: attack
[2026-08-16T06:05:15Z] Player Stats category unavailable; status=not_available: passes
[2026-08-16T06:05:15Z] Player Stats category unavailable; status=not_available: defense
[2026-08-16T06:05:15Z] Player Stats category unavailable; status=not_available: goalkeeping
[2026-08-16T06:05:15Z] Player Stats category unavailable; status=not_available: general
[2026-08-16T06:05:15Z] Structured goals, cards and VAR events enriched.
[2026-08-16T06:05:15Z] Saved match JSON with 14 statistics: G:\Mirza\VSCode\FlashscoreFootballCollector_\Data\Matches\Ligue1\2023_2024\2023-08-13_Strasbourg_vs_Lyon_8h4QErsU.json
[2026-08-16T06:05:15Z] Finished: 2023-08-13_Strasbourg_vs_Lyon_8h4QErsU.json
[2026-08-16T06:05:15Z] Opening overall statistics...
[2026-08-16T06:05:15Z] Navigate: https://www.flashscore.com/match/football/marseille-SblU3Hee/metz-4v0yqlWc/summary/stats/overall/?mid=UZpnZeLF
[2026-08-16T06:05:18Z] Page loaded. Waiting for statistics DOM...
[2026-08-16T06:05:19Z] Script [readiness] result prefix: {"body_text_length":3262,"ready":true,"row_count":20,"section":"statistics_overall","title":"MET 2-2 MAR | Metz v Marseille 18/08/2023, Stats - Flashscore.com | Match"}
[2026-08-16T06:05:19Z] Reading rendered DOM...
[2026-08-16T06:05:19Z] Executing extraction script for phase 0; length: 5174.
[2026-08-16T06:05:19Z] Script [extract] result prefix: {"schema_version":"1.3","section":"statistics_overall","statistic_period":"overall","source_url":"https://www.flashscore.com/match/football/marseille-SblU3Hee/metz-4v0yqlWc/summary/stats/overall/?mid=UZpnZeLF","match_id":"UZpnZeLF","collected_at_utc":"2026-08-16T06:05:19.985Z","page_title":"MET 2-2 MAR | Metz v Marseille 18/08/2023, Stats - Flashscore.com | Match","competition":"WORLD CUP","status":"FINISHED","date_time":"18.08.2023 23:00","home_team":"Metz","away_team":"Marseille","score":{"hom
[2026-08-16T06:05:20Z] Stored overall statistics: 15 rows.
[2026-08-16T06:05:20Z] Merged section: statistics_overall
[2026-08-16T06:05:20Z] Opening 1st half statistics...
[2026-08-16T06:05:20Z] Navigate: https://www.flashscore.com/match/football/marseille-SblU3Hee/metz-4v0yqlWc/summary/stats/1st-half/?mid=UZpnZeLF
[2026-08-16T06:05:21Z] Page loaded. Waiting for statistics DOM...
[2026-08-16T06:05:23Z] Script [readiness] result prefix: {"body_text_length":3240,"ready":true,"row_count":19,"section":"statistics_first_half","title":"MET 2-2 MAR | Metz v Marseille 18/08/2023, Stats - Flashscore.com | Match"}
[2026-08-16T06:05:23Z] Reading rendered DOM...
[2026-08-16T06:05:23Z] Executing extraction script for phase 1; length: 5174.
[2026-08-16T06:05:23Z] Script [extract] result prefix: {"schema_version":"1.3","section":"statistics_first_half","statistic_period":"first_half","source_url":"https://www.flashscore.com/match/football/marseille-SblU3Hee/metz-4v0yqlWc/summary/stats/1st-half/?mid=UZpnZeLF","match_id":"UZpnZeLF","collected_at_utc":"2026-08-16T06:05:23.476Z","page_title":"MET 2-2 MAR | Metz v Marseille 18/08/2023, Stats - Flashscore.com | Match","competition":"WORLD CUP","status":"FINISHED","date_time":"18.08.2023 23:00","home_team":"Metz","away_team":"Marseille","score
[2026-08-16T06:05:23Z] Stored first_half statistics: 14 rows.
[2026-08-16T06:05:23Z] Merged section: statistics_first_half
[2026-08-16T06:05:23Z] Opening 2nd half statistics...
[2026-08-16T06:05:23Z] Navigate: https://www.flashscore.com/match/football/marseille-SblU3Hee/metz-4v0yqlWc/summary/stats/2nd-half/?mid=UZpnZeLF
[2026-08-16T06:05:25Z] Page loaded. Waiting for statistics DOM...
[2026-08-16T06:05:26Z] Script [readiness] result prefix: {"body_text_length":3235,"ready":true,"row_count":20,"section":"statistics_second_half","title":"MET 2-2 MAR | Metz v Marseille 18/08/2023, Stats - Flashscore.com | Match"}
[2026-08-16T06:05:26Z] Reading rendered DOM...
[2026-08-16T06:05:26Z] Executing extraction script for phase 2; length: 5174.
[2026-08-16T06:05:27Z] Script [extract] result prefix: {"schema_version":"1.3","section":"statistics_second_half","statistic_period":"second_half","source_url":"https://www.flashscore.com/match/football/marseille-SblU3Hee/metz-4v0yqlWc/summary/stats/2nd-half/?mid=UZpnZeLF","match_id":"UZpnZeLF","collected_at_utc":"2026-08-16T06:05:27.011Z","page_title":"MET 2-2 MAR | Metz v Marseille 18/08/2023, Stats - Flashscore.com | Match","competition":"WORLD CUP","status":"FINISHED","date_time":"18.08.2023 23:00","home_team":"Metz","away_team":"Marseille","sco
[2026-08-16T06:05:27Z] Stored second_half statistics: 15 rows.
[2026-08-16T06:05:27Z] Merged section: statistics_second_half
[2026-08-16T06:05:27Z] Opening lineups...
[2026-08-16T06:05:27Z] Navigate: https://www.flashscore.com/match/football/marseille-SblU3Hee/metz-4v0yqlWc/summary/lineups/?mid=UZpnZeLF
[2026-08-16T06:05:28Z] Page loaded. Waiting for statistics DOM...
[2026-08-16T06:05:30Z] Script [readiness] result prefix: {"body_text_length":4015,"ready":true,"row_count":108,"section":"lineups","title":"MET 2-2 MAR | Metz v Marseille 18/08/2023, Lineups - Flashscore.com | Match"}
[2026-08-16T06:05:30Z] Reading rendered DOM...
[2026-08-16T06:05:30Z] Executing extraction script for phase 4; length: 20701.
[2026-08-16T06:05:30Z] Script [extract] result prefix: {"schema_version":"1.3","section":"lineups","statistic_period":null,"source_url":"https://www.flashscore.com/match/football/marseille-SblU3Hee/metz-4v0yqlWc/summary/lineups/?mid=UZpnZeLF","match_id":"UZpnZeLF","collected_at_utc":"2026-08-16T06:05:30.490Z","page_title":"MET 2-2 MAR | Metz v Marseille 18/08/2023, Lineups - Flashscore.com | Match","competition":"WORLD CUP","status":"FINISHED","date_time":"18.08.2023 23:00","home_team":"Metz","away_team":"Marseille","score":{"home":"2","away":"2","d
[2026-08-16T06:05:30Z] Merged section: lineups
[2026-08-16T06:05:30Z] French Ligue 1 2023/2024: Player Stats are unavailable in the source profile.
[2026-08-16T06:05:30Z] Marked all Player Stats categories as not_available; collection continues.
[2026-08-16T06:05:30Z] Opening commentary...
[2026-08-16T06:05:30Z] Navigate: https://www.flashscore.com/match/football/marseille-SblU3Hee/metz-4v0yqlWc/summary/live-commentary/?mid=UZpnZeLF
[2026-08-16T06:05:32Z] Page loaded. Waiting for statistics DOM...
[2026-08-16T06:05:33Z] Script [readiness] result prefix: {"body_text_length":13625,"ready":true,"row_count":275,"section":"commentary","title":"MET 2-2 MAR | Metz v Marseille 18/08/2023 | Football - Flashscore | Match"}
[2026-08-16T06:05:33Z] Reading rendered DOM...
[2026-08-16T06:05:33Z] Executing extraction script for phase 12; length: 11834.
[2026-08-16T06:05:33Z] Script [extract] result prefix: {"schema_version":"1.3","section":"commentary","statistic_period":null,"source_url":"https://www.flashscore.com/match/football/marseille-SblU3Hee/metz-4v0yqlWc/summary/live-commentary/all-comments/?mid=UZpnZeLF","match_id":"UZpnZeLF","collected_at_utc":"2026-08-16T06:05:33.759Z","page_title":"MET 2-2 MAR | Metz v Marseille 18/08/2023 | Football - Flashscore | Match","competition":"WORLD CUP","status":"FINISHED","date_time":"18.08.2023 23:00","home_team":"Metz","away_team":"Marseille","score":{"h
[2026-08-16T06:05:33Z] Merged section: commentary
[2026-08-16T06:05:33Z] Saving complete match JSON...
[2026-08-16T06:05:33Z] Player Stats category unavailable; status=not_available: top_stats
[2026-08-16T06:05:33Z] Player Stats category unavailable; status=not_available: shots
[2026-08-16T06:05:33Z] Player Stats category unavailable; status=not_available: attack
[2026-08-16T06:05:33Z] Player Stats category unavailable; status=not_available: passes
[2026-08-16T06:05:33Z] Player Stats category unavailable; status=not_available: defense
[2026-08-16T06:05:34Z] Player Stats category unavailable; status=not_available: goalkeeping
[2026-08-16T06:05:34Z] Player Stats category unavailable; status=not_available: general
[2026-08-16T06:05:34Z] Structured goals, cards and VAR events enriched.
[2026-08-16T06:05:34Z] Saved match JSON with 15 statistics: G:\Mirza\VSCode\FlashscoreFootballCollector_\Data\Matches\Ligue1\2023_2024\2023-08-18_Metz_vs_Marseille_UZpnZeLF.json
[2026-08-16T06:05:34Z] Finished: 2023-08-18_Metz_vs_Marseille_UZpnZeLF.json
[2026-08-16T06:05:34Z] Opening overall statistics...
[2026-08-16T06:05:34Z] Navigate: https://www.flashscore.com/match/football/lyon-2akflumR/montpellier-Eyf00syR/summary/stats/overall/?mid=jqnrzx69
[2026-08-16T06:05:37Z] Page loaded. Waiting for statistics DOM...
[2026-08-16T06:05:38Z] Script [readiness] result prefix: {"body_text_length":3274,"ready":true,"row_count":20,"section":"statistics_overall","title":"LYO 1-4 MNT | Lyon v Montpellier 19/08/2023, Stats - Flashscore.com | Match"}
[2026-08-16T06:05:38Z] Reading rendered DOM...
[2026-08-16T06:05:38Z] Executing extraction script for phase 0; length: 5174.
[2026-08-16T06:05:38Z] Script [extract] result prefix: {"schema_version":"1.3","section":"statistics_overall","statistic_period":"overall","source_url":"https://www.flashscore.com/match/football/lyon-2akflumR/montpellier-Eyf00syR/summary/stats/overall/?mid=jqnrzx69","match_id":"jqnrzx69","collected_at_utc":"2026-08-16T06:05:38.582Z","page_title":"LYO 1-4 MNT | Lyon v Montpellier 19/08/2023, Stats - Flashscore.com | Match","competition":"WORLD CUP","status":"FINISHED","date_time":"19.08.2023 21:00","home_team":"Lyon","away_team":"Montpellier","score"
[2026-08-16T06:05:38Z] Stored overall statistics: 15 rows.
[2026-08-16T06:05:38Z] Merged section: statistics_overall
[2026-08-16T06:05:38Z] Opening 1st half statistics...
[2026-08-16T06:05:38Z] Navigate: https://www.flashscore.com/match/football/lyon-2akflumR/montpellier-Eyf00syR/summary/stats/1st-half/?mid=jqnrzx69
[2026-08-16T06:05:41Z] Page loaded. Waiting for statistics DOM...
[2026-08-16T06:05:42Z] Script [readiness] result prefix: {"body_text_length":3255,"ready":true,"row_count":19,"section":"statistics_first_half","title":"LYO 1-4 MNT | Lyon v Montpellier 19/08/2023, Stats - Flashscore.com | Match"}
[2026-08-16T06:05:42Z] Reading rendered DOM...
[2026-08-16T06:05:42Z] Executing extraction script for phase 1; length: 5174.
[2026-08-16T06:05:42Z] Script [extract] result prefix: {"schema_version":"1.3","section":"statistics_first_half","statistic_period":"first_half","source_url":"https://www.flashscore.com/match/football/lyon-2akflumR/montpellier-Eyf00syR/summary/stats/1st-half/?mid=jqnrzx69","match_id":"jqnrzx69","collected_at_utc":"2026-08-16T06:05:42.698Z","page_title":"LYO 1-4 MNT | Lyon v Montpellier 19/08/2023, Stats - Flashscore.com | Match","competition":"WORLD CUP","status":"FINISHED","date_time":"19.08.2023 21:00","home_team":"Lyon","away_team":"Montpellier",
[2026-08-16T06:05:42Z] Stored first_half statistics: 14 rows.
[2026-08-16T06:05:42Z] Merged section: statistics_first_half
[2026-08-16T06:05:42Z] Opening 2nd half statistics...
[2026-08-16T06:05:42Z] Navigate: https://www.flashscore.com/match/football/lyon-2akflumR/montpellier-Eyf00syR/summary/stats/2nd-half/?mid=jqnrzx69
[2026-08-16T06:05:45Z] Page loaded. Waiting for statistics DOM...
[2026-08-16T06:05:46Z] Script [readiness] result prefix: {"body_text_length":3268,"ready":true,"row_count":20,"section":"statistics_second_half","title":"LYO 1-4 MNT | Lyon v Montpellier 19/08/2023, Stats - Flashscore.com | Match"}
[2026-08-16T06:05:46Z] Reading rendered DOM...
[2026-08-16T06:05:46Z] Executing extraction script for phase 2; length: 5174.
[2026-08-16T06:05:46Z] Script [extract] result prefix: {"schema_version":"1.3","section":"statistics_second_half","statistic_period":"second_half","source_url":"https://www.flashscore.com/match/football/lyon-2akflumR/montpellier-Eyf00syR/summary/stats/2nd-half/?mid=jqnrzx69","match_id":"jqnrzx69","collected_at_utc":"2026-08-16T06:05:46.771Z","page_title":"LYO 1-4 MNT | Lyon v Montpellier 19/08/2023, Stats - Flashscore.com | Match","competition":"WORLD CUP","status":"FINISHED","date_time":"19.08.2023 21:00","home_team":"Lyon","away_team":"Montpellier
[2026-08-16T06:05:46Z] Stored second_half statistics: 15 rows.
[2026-08-16T06:05:46Z] Merged section: statistics_second_half
[2026-08-16T06:05:46Z] Opening lineups...
[2026-08-16T06:05:46Z] Navigate: https://www.flashscore.com/match/football/lyon-2akflumR/montpellier-Eyf00syR/summary/lineups/?mid=jqnrzx69
[2026-08-16T06:05:49Z] Page loaded. Waiting for statistics DOM...
[2026-08-16T06:05:51Z] Script [readiness] result prefix: {"body_text_length":4065,"ready":true,"row_count":104,"section":"lineups","title":"LYO 1-4 MNT | Lyon v Montpellier 19/08/2023, Lineups - Flashscore.com | Match"}
[2026-08-16T06:05:51Z] Reading rendered DOM...
[2026-08-16T06:05:51Z] Executing extraction script for phase 4; length: 20701.
[2026-08-16T06:05:51Z] Script [extract] result prefix: {"schema_version":"1.3","section":"lineups","statistic_period":null,"source_url":"https://www.flashscore.com/match/football/lyon-2akflumR/montpellier-Eyf00syR/summary/lineups/?mid=jqnrzx69","match_id":"jqnrzx69","collected_at_utc":"2026-08-16T06:05:51.224Z","page_title":"LYO 1-4 MNT | Lyon v Montpellier 19/08/2023, Lineups - Flashscore.com | Match","competition":"WORLD CUP","status":"FINISHED","date_time":"19.08.2023 21:00","home_team":"Lyon","away_team":"Montpellier","score":{"home":"1","away":
[2026-08-16T06:05:51Z] Merged section: lineups
[2026-08-16T06:05:51Z] French Ligue 1 2023/2024: Player Stats are unavailable in the source profile.
[2026-08-16T06:05:51Z] Marked all Player Stats categories as not_available; collection continues.
[2026-08-16T06:05:51Z] Opening commentary...
[2026-08-16T06:05:51Z] Navigate: https://www.flashscore.com/match/football/lyon-2akflumR/montpellier-Eyf00syR/summary/live-commentary/?mid=jqnrzx69
[2026-08-16T06:05:53Z] Page loaded. Waiting for statistics DOM...
[2026-08-16T06:05:55Z] Script [readiness] result prefix: {"body_text_length":11467,"ready":true,"row_count":220,"section":"commentary","title":"LYO 1-4 MNT | Lyon v Montpellier 19/08/2023 | Football - Flashscore | Match"}
[2026-08-16T06:05:55Z] Reading rendered DOM...
[2026-08-16T06:05:55Z] Executing extraction script for phase 12; length: 11834.
[2026-08-16T06:05:55Z] Script [extract] result prefix: {"schema_version":"1.3","section":"commentary","statistic_period":null,"source_url":"https://www.flashscore.com/match/football/lyon-2akflumR/montpellier-Eyf00syR/summary/live-commentary/all-comments/?mid=jqnrzx69","match_id":"jqnrzx69","collected_at_utc":"2026-08-16T06:05:55.405Z","page_title":"LYO 1-4 MNT | Lyon v Montpellier 19/08/2023 | Football - Flashscore | Match","competition":"WORLD CUP","status":"FINISHED","date_time":"19.08.2023 21:00","home_team":"Lyon","away_team":"Montpellier","scor
[2026-08-16T06:05:55Z] Merged section: commentary
[2026-08-16T06:05:55Z] Saving complete match JSON...
[2026-08-16T06:05:55Z] Player Stats category unavailable; status=not_available: top_stats
[2026-08-16T06:05:55Z] Player Stats category unavailable; status=not_available: shots
[2026-08-16T06:05:55Z] Player Stats category unavailable; status=not_available: attack
[2026-08-16T06:05:55Z] Player Stats category unavailable; status=not_available: passes
[2026-08-16T06:05:55Z] Player Stats category unavailable; status=not_available: defense
[2026-08-16T06:05:55Z] Player Stats category unavailable; status=not_available: goalkeeping
[2026-08-16T06:05:55Z] Player Stats category unavailable; status=not_available: general
[2026-08-16T06:05:55Z] Structured goals, cards and VAR events enriched.
[2026-08-16T06:05:55Z] Saved match JSON with 15 statistics: G:\Mirza\VSCode\FlashscoreFootballCollector_\Data\Matches\Ligue1\2023_2024\2023-08-19_Lyon_vs_Montpellier_jqnrzx69.json
[2026-08-16T06:05:56Z] Finished: 2023-08-19_Lyon_vs_Montpellier_jqnrzx69.json
[2026-08-16T06:05:56Z] Opening overall statistics...
[2026-08-16T06:05:56Z] Navigate: https://www.flashscore.com/match/football/psg-CjhkPw0k/toulouse-MLmY2yB1/summary/stats/overall/?mid=zZCJGm5l
[2026-08-16T06:05:59Z] Page loaded. Waiting for statistics DOM...
[2026-08-16T06:06:00Z] Script [readiness] result prefix: {"body_text_length":3234,"ready":true,"row_count":19,"section":"statistics_overall","title":"TOU 1-1 PSG | Toulouse v PSG 19/08/2023, Stats - Flashscore.com | Match"}
[2026-08-16T06:06:00Z] Reading rendered DOM...
[2026-08-16T06:06:00Z] Executing extraction script for phase 0; length: 5174.
[2026-08-16T06:06:00Z] Script [extract] result prefix: {"schema_version":"1.3","section":"statistics_overall","statistic_period":"overall","source_url":"https://www.flashscore.com/match/football/psg-CjhkPw0k/toulouse-MLmY2yB1/summary/stats/overall/?mid=zZCJGm5l","match_id":"zZCJGm5l","collected_at_utc":"2026-08-16T06:06:00.936Z","page_title":"TOU 1-1 PSG | Toulouse v PSG 19/08/2023, Stats - Flashscore.com | Match","competition":"WORLD CUP","status":"FINISHED","date_time":"19.08.2023 23:00","home_team":"Toulouse","away_team":"PSG","score":{"home":"1"
[2026-08-16T06:06:00Z] Stored overall statistics: 14 rows.
[2026-08-16T06:06:01Z] Merged section: statistics_overall
[2026-08-16T06:06:01Z] Opening 1st half statistics...
[2026-08-16T06:06:01Z] Navigate: https://www.flashscore.com/match/football/psg-CjhkPw0k/toulouse-MLmY2yB1/summary/stats/1st-half/?mid=zZCJGm5l
[2026-08-16T06:06:03Z] Page loaded. Waiting for statistics DOM...
[2026-08-16T06:06:05Z] Script [readiness] result prefix: {"body_text_length":3226,"ready":true,"row_count":19,"section":"statistics_first_half","title":"TOU 1-1 PSG | Toulouse v PSG 19/08/2023, Stats - Flashscore.com | Match"}
[2026-08-16T06:06:05Z] Reading rendered DOM...
[2026-08-16T06:06:05Z] Executing extraction script for phase 1; length: 5174.
[2026-08-16T06:06:05Z] Script [extract] result prefix: {"schema_version":"1.3","section":"statistics_first_half","statistic_period":"first_half","source_url":"https://www.flashscore.com/match/football/psg-CjhkPw0k/toulouse-MLmY2yB1/summary/stats/1st-half/?mid=zZCJGm5l","match_id":"zZCJGm5l","collected_at_utc":"2026-08-16T06:06:05.271Z","page_title":"TOU 1-1 PSG | Toulouse v PSG 19/08/2023, Stats - Flashscore.com | Match","competition":"WORLD CUP","status":"FINISHED","date_time":"19.08.2023 23:00","home_team":"Toulouse","away_team":"PSG","score":{"ho
[2026-08-16T06:06:05Z] Stored first_half statistics: 14 rows.
[2026-08-16T06:06:05Z] Merged section: statistics_first_half
[2026-08-16T06:06:05Z] Opening 2nd half statistics...
[2026-08-16T06:06:05Z] Navigate: https://www.flashscore.com/match/football/psg-CjhkPw0k/toulouse-MLmY2yB1/summary/stats/2nd-half/?mid=zZCJGm5l
[2026-08-16T06:06:08Z] Page loaded. Waiting for statistics DOM...
[2026-08-16T06:06:09Z] Script [readiness] result prefix: {"body_text_length":3226,"ready":true,"row_count":19,"section":"statistics_second_half","title":"TOU 1-1 PSG | Toulouse v PSG 19/08/2023, Stats - Flashscore.com | Match"}
[2026-08-16T06:06:09Z] Reading rendered DOM...
[2026-08-16T06:06:09Z] Executing extraction script for phase 2; length: 5174.
[2026-08-16T06:06:09Z] Script [extract] result prefix: {"schema_version":"1.3","section":"statistics_second_half","statistic_period":"second_half","source_url":"https://www.flashscore.com/match/football/psg-CjhkPw0k/toulouse-MLmY2yB1/summary/stats/2nd-half/?mid=zZCJGm5l","match_id":"zZCJGm5l","collected_at_utc":"2026-08-16T06:06:09.620Z","page_title":"TOU 1-1 PSG | Toulouse v PSG 19/08/2023, Stats - Flashscore.com | Match","competition":"WORLD CUP","status":"FINISHED","date_time":"19.08.2023 23:00","home_team":"Toulouse","away_team":"PSG","score":{"
[2026-08-16T06:06:09Z] Stored second_half statistics: 14 rows.
[2026-08-16T06:06:09Z] Merged section: statistics_second_half
[2026-08-16T06:06:09Z] Opening lineups...
[2026-08-16T06:06:09Z] Navigate: https://www.flashscore.com/match/football/psg-CjhkPw0k/toulouse-MLmY2yB1/summary/lineups/?mid=zZCJGm5l
[2026-08-16T06:06:12Z] Page loaded. Waiting for statistics DOM...
[2026-08-16T06:06:14Z] Script [readiness] result prefix: {"body_text_length":4278,"ready":true,"row_count":118,"section":"lineups","title":"TOU 1-1 PSG | Toulouse v PSG 19/08/2023, Lineups - Flashscore.com | Match"}
[2026-08-16T06:06:14Z] Reading rendered DOM...
[2026-08-16T06:06:14Z] Executing extraction script for phase 4; length: 20701.
[2026-08-16T06:06:14Z] Script [extract] result prefix: {"schema_version":"1.3","section":"lineups","statistic_period":null,"source_url":"https://www.flashscore.com/match/football/psg-CjhkPw0k/toulouse-MLmY2yB1/summary/lineups/?mid=zZCJGm5l","match_id":"zZCJGm5l","collected_at_utc":"2026-08-16T06:06:14.282Z","page_title":"TOU 1-1 PSG | Toulouse v PSG 19/08/2023, Lineups - Flashscore.com | Match","competition":"WORLD CUP","status":"FINISHED","date_time":"19.08.2023 23:00","home_team":"Toulouse","away_team":"PSG","score":{"home":"1","away":"1","display
[2026-08-16T06:06:14Z] Merged section: lineups
[2026-08-16T06:06:14Z] French Ligue 1 2023/2024: Player Stats are unavailable in the source profile.
[2026-08-16T06:06:14Z] Marked all Player Stats categories as not_available; collection continues.
[2026-08-16T06:06:14Z] Opening commentary...
[2026-08-16T06:06:14Z] Navigate: https://www.flashscore.com/match/football/psg-CjhkPw0k/toulouse-MLmY2yB1/summary/live-commentary/?mid=zZCJGm5l
[2026-08-16T06:06:16Z] Page loaded. Waiting for statistics DOM...
[2026-08-16T06:06:17Z] Script [readiness] result prefix: {"body_text_length":11537,"ready":true,"row_count":223,"section":"commentary","title":"TOU 1-1 PSG | Toulouse v PSG 19/08/2023 | Football - Flashscore | Match"}
[2026-08-16T06:06:17Z] Reading rendered DOM...
[2026-08-16T06:06:17Z] Executing extraction script for phase 12; length: 11834.
[2026-08-16T06:06:17Z] Script [extract] result prefix: {"schema_version":"1.3","section":"commentary","statistic_period":null,"source_url":"https://www.flashscore.com/match/football/psg-CjhkPw0k/toulouse-MLmY2yB1/summary/live-commentary/all-comments/?mid=zZCJGm5l","match_id":"zZCJGm5l","collected_at_utc":"2026-08-16T06:06:17.847Z","page_title":"TOU 1-1 PSG | Toulouse v PSG 19/08/2023 | Football - Flashscore | Match","competition":"WORLD CUP","status":"FINISHED","date_time":"19.08.2023 23:00","home_team":"Toulouse","away_team":"PSG","score":{"home":"
[2026-08-16T06:06:17Z] Merged section: commentary
[2026-08-16T06:06:17Z] Saving complete match JSON...
[2026-08-16T06:06:17Z] Player Stats category unavailable; status=not_available: top_stats
[2026-08-16T06:06:18Z] Player Stats category unavailable; status=not_available: shots
[2026-08-16T06:06:18Z] Player Stats category unavailable; status=not_available: attack
[2026-08-16T06:06:18Z] Player Stats category unavailable; status=not_available: passes
[2026-08-16T06:06:18Z] Player Stats category unavailable; status=not_available: defense
[2026-08-16T06:06:18Z] Player Stats category unavailable; status=not_available: goalkeeping
[2026-08-16T06:06:18Z] Player Stats category unavailable; status=not_available: general
[2026-08-16T06:06:18Z] Structured goals, cards and VAR events enriched.
[2026-08-16T06:06:18Z] Saved match JSON with 14 statistics: G:\Mirza\VSCode\FlashscoreFootballCollector_\Data\Matches\Ligue1\2023_2024\2023-08-19_Toulouse_vs_PSG_zZCJGm5l.json
[2026-08-16T06:06:18Z] Finished: 2023-08-19_Toulouse_vs_PSG_zZCJGm5l.json
[2026-08-16T06:06:18Z] Opening overall statistics...
[2026-08-16T06:06:18Z] Navigate: https://www.flashscore.com/match/football/lille-pfDZL71o/nantes-veuetnGG/summary/stats/overall/?mid=fHhZybyc
[2026-08-16T06:06:20Z] Page loaded. Waiting for statistics DOM...
[2026-08-16T06:06:22Z] Script [readiness] result prefix: {"body_text_length":3251,"ready":true,"row_count":20,"section":"statistics_overall","title":"LIL 2-0 NAN | Lille v Nantes 20/08/2023, Stats - Flashscore.com | Match"}
[2026-08-16T06:06:22Z] Reading rendered DOM...
[2026-08-16T06:06:22Z] Executing extraction script for phase 0; length: 5174.
[2026-08-16T06:06:22Z] Script [extract] result prefix: {"schema_version":"1.3","section":"statistics_overall","statistic_period":"overall","source_url":"https://www.flashscore.com/match/football/lille-pfDZL71o/nantes-veuetnGG/summary/stats/overall/?mid=fHhZybyc","match_id":"fHhZybyc","collected_at_utc":"2026-08-16T06:06:22.586Z","page_title":"LIL 2-0 NAN | Lille v Nantes 20/08/2023, Stats - Flashscore.com | Match","competition":"WORLD CUP","status":"FINISHED","date_time":"20.08.2023 15:00","home_team":"Lille","away_team":"Nantes","score":{"home":"2"
[2026-08-16T06:06:22Z] Stored overall statistics: 15 rows.
[2026-08-16T06:06:22Z] Merged section: statistics_overall
[2026-08-16T06:06:22Z] Opening 1st half statistics...
[2026-08-16T06:06:22Z] Navigate: https://www.flashscore.com/match/football/lille-pfDZL71o/nantes-veuetnGG/summary/stats/1st-half/?mid=fHhZybyc
[2026-08-16T06:06:24Z] Page loaded. Waiting for statistics DOM...
[2026-08-16T06:06:26Z] Script [readiness] result prefix: {"body_text_length":3229,"ready":true,"row_count":19,"section":"statistics_first_half","title":"LIL 2-0 NAN | Lille v Nantes 20/08/2023, Stats - Flashscore.com | Match"}
[2026-08-16T06:06:26Z] Reading rendered DOM...
[2026-08-16T06:06:26Z] Executing extraction script for phase 1; length: 5174.
[2026-08-16T06:06:26Z] Script [extract] result prefix: {"schema_version":"1.3","section":"statistics_first_half","statistic_period":"first_half","source_url":"https://www.flashscore.com/match/football/lille-pfDZL71o/nantes-veuetnGG/summary/stats/1st-half/?mid=fHhZybyc","match_id":"fHhZybyc","collected_at_utc":"2026-08-16T06:06:26.133Z","page_title":"LIL 2-0 NAN | Lille v Nantes 20/08/2023, Stats - Flashscore.com | Match","competition":"WORLD CUP","status":"FINISHED","date_time":"20.08.2023 15:00","home_team":"Lille","away_team":"Nantes","score":{"ho
[2026-08-16T06:06:26Z] Stored first_half statistics: 14 rows.
[2026-08-16T06:06:26Z] Merged section: statistics_first_half
[2026-08-16T06:06:26Z] Opening 2nd half statistics...
[2026-08-16T06:06:26Z] Navigate: https://www.flashscore.com/match/football/lille-pfDZL71o/nantes-veuetnGG/summary/stats/2nd-half/?mid=fHhZybyc
[2026-08-16T06:06:27Z] Page loaded. Waiting for statistics DOM...
[2026-08-16T06:06:29Z] Script [readiness] result prefix: {"body_text_length":3246,"ready":true,"row_count":20,"section":"statistics_second_half","title":"LIL 2-0 NAN | Lille v Nantes 20/08/2023, Stats - Flashscore.com | Match"}
[2026-08-16T06:06:29Z] Reading rendered DOM...
[2026-08-16T06:06:29Z] Executing extraction script for phase 2; length: 5174.
[2026-08-16T06:06:29Z] Script [extract] result prefix: {"schema_version":"1.3","section":"statistics_second_half","statistic_period":"second_half","source_url":"https://www.flashscore.com/match/football/lille-pfDZL71o/nantes-veuetnGG/summary/stats/2nd-half/?mid=fHhZybyc","match_id":"fHhZybyc","collected_at_utc":"2026-08-16T06:06:29.509Z","page_title":"LIL 2-0 NAN | Lille v Nantes 20/08/2023, Stats - Flashscore.com | Match","competition":"WORLD CUP","status":"FINISHED","date_time":"20.08.2023 15:00","home_team":"Lille","away_team":"Nantes","score":{"
[2026-08-16T06:06:29Z] Stored second_half statistics: 15 rows.
[2026-08-16T06:06:29Z] Merged section: statistics_second_half
[2026-08-16T06:06:29Z] Opening lineups...
[2026-08-16T06:06:29Z] Navigate: https://www.flashscore.com/match/football/lille-pfDZL71o/nantes-veuetnGG/summary/lineups/?mid=fHhZybyc
[2026-08-16T06:06:31Z] Page loaded. Waiting for statistics DOM...
[2026-08-16T06:06:33Z] Script [readiness] result prefix: {"body_text_length":4142,"ready":true,"row_count":111,"section":"lineups","title":"LIL 2-0 NAN | Lille v Nantes 20/08/2023, Lineups - Flashscore.com | Match"}
[2026-08-16T06:06:33Z] Reading rendered DOM...
[2026-08-16T06:06:33Z] Executing extraction script for phase 4; length: 20701.
[2026-08-16T06:06:33Z] Script [extract] result prefix: {"schema_version":"1.3","section":"lineups","statistic_period":null,"source_url":"https://www.flashscore.com/match/football/lille-pfDZL71o/nantes-veuetnGG/summary/lineups/?mid=fHhZybyc","match_id":"fHhZybyc","collected_at_utc":"2026-08-16T06:06:33.235Z","page_title":"LIL 2-0 NAN | Lille v Nantes 20/08/2023, Lineups - Flashscore.com | Match","competition":"WORLD CUP","status":"FINISHED","date_time":"20.08.2023 15:00","home_team":"Lille","away_team":"Nantes","score":{"home":"2","away":"0","display
[2026-08-16T06:06:33Z] Merged section: lineups
[2026-08-16T06:06:33Z] French Ligue 1 2023/2024: Player Stats are unavailable in the source profile.
[2026-08-16T06:06:33Z] Marked all Player Stats categories as not_available; collection continues.
[2026-08-16T06:06:33Z] Opening commentary...
[2026-08-16T06:06:33Z] Navigate: https://www.flashscore.com/match/football/lille-pfDZL71o/nantes-veuetnGG/summary/live-commentary/?mid=fHhZybyc
[2026-08-16T06:06:34Z] Page loaded. Waiting for statistics DOM...
[2026-08-16T06:06:36Z] Script [readiness] result prefix: {"body_text_length":14597,"ready":true,"row_count":258,"section":"commentary","title":"LIL 2-0 NAN | Lille v Nantes 20/08/2023 | Football - Flashscore | Match"}
[2026-08-16T06:06:36Z] Reading rendered DOM...
[2026-08-16T06:06:36Z] Executing extraction script for phase 12; length: 11834.
[2026-08-16T06:06:36Z] Script [extract] result prefix: {"schema_version":"1.3","section":"commentary","statistic_period":null,"source_url":"https://www.flashscore.com/match/football/lille-pfDZL71o/nantes-veuetnGG/summary/live-commentary/all-comments/?mid=fHhZybyc","match_id":"fHhZybyc","collected_at_utc":"2026-08-16T06:06:36.481Z","page_title":"LIL 2-0 NAN | Lille v Nantes 20/08/2023 | Football - Flashscore | Match","competition":"WORLD CUP","status":"FINISHED","date_time":"20.08.2023 15:00","home_team":"Lille","away_team":"Nantes","score":{"home":"
[2026-08-16T06:06:36Z] Merged section: commentary
[2026-08-16T06:06:36Z] Saving complete match JSON...
[2026-08-16T06:06:36Z] Player Stats category unavailable; status=not_available: top_stats
[2026-08-16T06:06:36Z] Player Stats category unavailable; status=not_available: shots
[2026-08-16T06:06:36Z] Player Stats category unavailable; status=not_available: attack
[2026-08-16T06:06:36Z] Player Stats category unavailable; status=not_available: passes
[2026-08-16T06:06:36Z] Player Stats category unavailable; status=not_available: defense
[2026-08-16T06:06:36Z] Player Stats category unavailable; status=not_available: goalkeeping
[2026-08-16T06:06:36Z] Player Stats category unavailable; status=not_available: general
[2026-08-16T06:06:36Z] Structured goals, cards and VAR events enriched.
[2026-08-16T06:06:36Z] Saved match JSON with 15 statistics: G:\Mirza\VSCode\FlashscoreFootballCollector_\Data\Matches\Ligue1\2023_2024\2023-08-20_Lille_vs_Nantes_fHhZybyc.json
[2026-08-16T06:06:36Z] Finished: 2023-08-20_Lille_vs_Nantes_fHhZybyc.json
[2026-08-16T06:06:36Z] Opening overall statistics...
[2026-08-16T06:06:37Z] Navigate: https://www.flashscore.com/match/football/clermont-IRuMRua1/reims-tItR6sEf/summary/stats/overall/?mid=Uw1mEfqj
[2026-08-16T06:06:39Z] Page loaded. Waiting for statistics DOM...
[2026-08-16T06:06:40Z] Script [readiness] result prefix: {"body_text_length":3228,"ready":true,"row_count":18,"section":"statistics_overall","title":"REI 2-0 CLE | Reims v Clermont 20/08/2023, Stats - Flashscore.com | Match"}
[2026-08-16T06:06:40Z] Reading rendered DOM...
[2026-08-16T06:06:40Z] Executing extraction script for phase 0; length: 5174.
[2026-08-16T06:06:40Z] Script [extract] result prefix: {"schema_version":"1.3","section":"statistics_overall","statistic_period":"overall","source_url":"https://www.flashscore.com/match/football/clermont-IRuMRua1/reims-tItR6sEf/summary/stats/overall/?mid=Uw1mEfqj","match_id":"Uw1mEfqj","collected_at_utc":"2026-08-16T06:06:40.703Z","page_title":"REI 2-0 CLE | Reims v Clermont 20/08/2023, Stats - Flashscore.com | Match","competition":"WORLD CUP","status":"FINISHED","date_time":"20.08.2023 17:00","home_team":"Reims","away_team":"Clermont","score":{"hom
[2026-08-16T06:06:40Z] Stored overall statistics: 13 rows.
[2026-08-16T06:06:40Z] Merged section: statistics_overall
[2026-08-16T06:06:40Z] Opening 1st half statistics...
[2026-08-16T06:06:40Z] Navigate: https://www.flashscore.com/match/football/clermont-IRuMRua1/reims-tItR6sEf/summary/stats/1st-half/?mid=Uw1mEfqj
[2026-08-16T06:06:42Z] Page loaded. Waiting for statistics DOM...
[2026-08-16T06:06:44Z] Script [readiness] result prefix: {"body_text_length":3223,"ready":true,"row_count":18,"section":"statistics_first_half","title":"REI 2-0 CLE | Reims v Clermont 20/08/2023, Stats - Flashscore.com | Match"}
[2026-08-16T06:06:44Z] Reading rendered DOM...
[2026-08-16T06:06:44Z] Executing extraction script for phase 1; length: 5174.
[2026-08-16T06:06:44Z] Script [extract] result prefix: {"schema_version":"1.3","section":"statistics_first_half","statistic_period":"first_half","source_url":"https://www.flashscore.com/match/football/clermont-IRuMRua1/reims-tItR6sEf/summary/stats/1st-half/?mid=Uw1mEfqj","match_id":"Uw1mEfqj","collected_at_utc":"2026-08-16T06:06:44.325Z","page_title":"REI 2-0 CLE | Reims v Clermont 20/08/2023, Stats - Flashscore.com | Match","competition":"WORLD CUP","status":"FINISHED","date_time":"20.08.2023 17:00","home_team":"Reims","away_team":"Clermont","score
[2026-08-16T06:06:44Z] Stored first_half statistics: 13 rows.
[2026-08-16T06:06:44Z] Merged section: statistics_first_half
[2026-08-16T06:06:44Z] Opening 2nd half statistics...
[2026-08-16T06:06:44Z] Navigate: https://www.flashscore.com/match/football/clermont-IRuMRua1/reims-tItR6sEf/summary/stats/2nd-half/?mid=Uw1mEfqj
[2026-08-16T06:06:46Z] Page loaded. Waiting for statistics DOM...
[2026-08-16T06:06:47Z] Script [readiness] result prefix: {"body_text_length":3221,"ready":true,"row_count":18,"section":"statistics_second_half","title":"REI 2-0 CLE | Reims v Clermont 20/08/2023, Stats - Flashscore.com | Match"}
[2026-08-16T06:06:47Z] Reading rendered DOM...
[2026-08-16T06:06:47Z] Executing extraction script for phase 2; length: 5174.
[2026-08-16T06:06:47Z] Script [extract] result prefix: {"schema_version":"1.3","section":"statistics_second_half","statistic_period":"second_half","source_url":"https://www.flashscore.com/match/football/clermont-IRuMRua1/reims-tItR6sEf/summary/stats/2nd-half/?mid=Uw1mEfqj","match_id":"Uw1mEfqj","collected_at_utc":"2026-08-16T06:06:47.600Z","page_title":"REI 2-0 CLE | Reims v Clermont 20/08/2023, Stats - Flashscore.com | Match","competition":"WORLD CUP","status":"FINISHED","date_time":"20.08.2023 17:00","home_team":"Reims","away_team":"Clermont","sco
[2026-08-16T06:06:47Z] Stored second_half statistics: 13 rows.
[2026-08-16T06:06:47Z] Merged section: statistics_second_half
[2026-08-16T06:06:47Z] Opening lineups...
[2026-08-16T06:06:47Z] Navigate: https://www.flashscore.com/match/football/clermont-IRuMRua1/reims-tItR6sEf/summary/lineups/?mid=Uw1mEfqj
[2026-08-16T06:06:49Z] Page loaded. Waiting for statistics DOM...
[2026-08-16T06:06:51Z] Script [readiness] result prefix: {"body_text_length":4129,"ready":true,"row_count":111,"section":"lineups","title":"REI 2-0 CLE | Reims v Clermont 20/08/2023, Lineups - Flashscore.com | Match"}
[2026-08-16T06:06:51Z] Reading rendered DOM...
[2026-08-16T06:06:51Z] Executing extraction script for phase 4; length: 20701.
[2026-08-16T06:06:51Z] Script [extract] result prefix: {"schema_version":"1.3","section":"lineups","statistic_period":null,"source_url":"https://www.flashscore.com/match/football/clermont-IRuMRua1/reims-tItR6sEf/summary/lineups/?mid=Uw1mEfqj","match_id":"Uw1mEfqj","collected_at_utc":"2026-08-16T06:06:51.306Z","page_title":"REI 2-0 CLE | Reims v Clermont 20/08/2023, Lineups - Flashscore.com | Match","competition":"WORLD CUP","status":"FINISHED","date_time":"20.08.2023 17:00","home_team":"Reims","away_team":"Clermont","score":{"home":"2","away":"0","d
[2026-08-16T06:06:51Z] Merged section: lineups
[2026-08-16T06:06:51Z] French Ligue 1 2023/2024: Player Stats are unavailable in the source profile.
[2026-08-16T06:06:51Z] Marked all Player Stats categories as not_available; collection continues.
[2026-08-16T06:06:51Z] Opening commentary...
[2026-08-16T06:06:51Z] Navigate: https://www.flashscore.com/match/football/clermont-IRuMRua1/reims-tItR6sEf/summary/live-commentary/?mid=Uw1mEfqj
[2026-08-16T06:06:52Z] Page loaded. Waiting for statistics DOM...
[2026-08-16T06:06:54Z] Script [readiness] result prefix: {"body_text_length":13095,"ready":true,"row_count":240,"section":"commentary","title":"REI 2-0 CLE | Reims v Clermont 20/08/2023 | Football - Flashscore | Match"}
[2026-08-16T06:06:54Z] Reading rendered DOM...
[2026-08-16T06:06:54Z] Executing extraction script for phase 12; length: 11834.
[2026-08-16T06:06:54Z] Script [extract] result prefix: {"schema_version":"1.3","section":"commentary","statistic_period":null,"source_url":"https://www.flashscore.com/match/football/clermont-IRuMRua1/reims-tItR6sEf/summary/live-commentary/all-comments/?mid=Uw1mEfqj","match_id":"Uw1mEfqj","collected_at_utc":"2026-08-16T06:06:54.358Z","page_title":"REI 2-0 CLE | Reims v Clermont 20/08/2023 | Football - Flashscore | Match","competition":"WORLD CUP","status":"FINISHED","date_time":"20.08.2023 17:00","home_team":"Reims","away_team":"Clermont","score":{"h
[2026-08-16T06:06:54Z] Merged section: commentary
[2026-08-16T06:06:54Z] Saving complete match JSON...
[2026-08-16T06:06:54Z] Player Stats category unavailable; status=not_available: top_stats
[2026-08-16T06:06:54Z] Player Stats category unavailable; status=not_available: shots
[2026-08-16T06:06:54Z] Player Stats category unavailable; status=not_available: attack
[2026-08-16T06:06:54Z] Player Stats category unavailable; status=not_available: passes
[2026-08-16T06:06:54Z] Player Stats category unavailable; status=not_available: defense
[2026-08-16T06:06:54Z] Player Stats category unavailable; status=not_available: goalkeeping
[2026-08-16T06:06:54Z] Player Stats category unavailable; status=not_available: general
[2026-08-16T06:06:54Z] Structured goals, cards and VAR events enriched.
[2026-08-16T06:06:54Z] Saved match JSON with 13 statistics: G:\Mirza\VSCode\FlashscoreFootballCollector_\Data\Matches\Ligue1\2023_2024\2023-08-20_Reims_vs_Clermont_Uw1mEfqj.json
[2026-08-16T06:06:54Z] Finished: 2023-08-20_Reims_vs_Clermont_Uw1mEfqj.json
[2026-08-16T06:06:54Z] Opening overall statistics...
[2026-08-16T06:06:54Z] Navigate: https://www.flashscore.com/match/football/lorient-jgNAYRGi/nice-YagoQJpq/summary/stats/overall/?mid=Y7iwyIj3
[2026-08-16T06:06:57Z] Page loaded. Waiting for statistics DOM...
[2026-08-16T06:06:58Z] Script [readiness] result prefix: {"body_text_length":3234,"ready":true,"row_count":19,"section":"statistics_overall","title":"LOR 1-1 NIC | Lorient v Nice 20/08/2023, Stats - Flashscore.com | Match"}
[2026-08-16T06:06:58Z] Reading rendered DOM...
[2026-08-16T06:06:58Z] Executing extraction script for phase 0; length: 5174.
[2026-08-16T06:06:58Z] Script [extract] result prefix: {"schema_version":"1.3","section":"statistics_overall","statistic_period":"overall","source_url":"https://www.flashscore.com/match/football/lorient-jgNAYRGi/nice-YagoQJpq/summary/stats/overall/?mid=Y7iwyIj3","match_id":"Y7iwyIj3","collected_at_utc":"2026-08-16T06:06:58.654Z","page_title":"LOR 1-1 NIC | Lorient v Nice 20/08/2023, Stats - Flashscore.com | Match","competition":"WORLD CUP","status":"FINISHED","date_time":"20.08.2023 17:00","home_team":"Lorient","away_team":"Nice","score":{"home":"1"
[2026-08-16T06:06:58Z] Stored overall statistics: 14 rows.
[2026-08-16T06:06:58Z] Merged section: statistics_overall
[2026-08-16T06:06:59Z] Opening 1st half statistics...
[2026-08-16T06:06:59Z] Navigate: https://www.flashscore.com/match/football/lorient-jgNAYRGi/nice-YagoQJpq/summary/stats/1st-half/?mid=Y7iwyIj3
[2026-08-16T06:07:01Z] Page loaded. Waiting for statistics DOM...
[2026-08-16T06:07:02Z] Script [readiness] result prefix: {"body_text_length":3211,"ready":true,"row_count":18,"section":"statistics_first_half","title":"LOR 1-1 NIC | Lorient v Nice 20/08/2023, Stats - Flashscore.com | Match"}
[2026-08-16T06:07:02Z] Reading rendered DOM...
[2026-08-16T06:07:02Z] Executing extraction script for phase 1; length: 5174.
[2026-08-16T06:07:02Z] Script [extract] result prefix: {"schema_version":"1.3","section":"statistics_first_half","statistic_period":"first_half","source_url":"https://www.flashscore.com/match/football/lorient-jgNAYRGi/nice-YagoQJpq/summary/stats/1st-half/?mid=Y7iwyIj3","match_id":"Y7iwyIj3","collected_at_utc":"2026-08-16T06:07:02.893Z","page_title":"LOR 1-1 NIC | Lorient v Nice 20/08/2023, Stats - Flashscore.com | Match","competition":"WORLD CUP","status":"FINISHED","date_time":"20.08.2023 17:00","home_team":"Lorient","away_team":"Nice","score":{"ho
[2026-08-16T06:07:02Z] Stored first_half statistics: 13 rows.
[2026-08-16T06:07:02Z] Merged section: statistics_first_half
[2026-08-16T06:07:03Z] Opening 2nd half statistics...
[2026-08-16T06:07:03Z] Navigate: https://www.flashscore.com/match/football/lorient-jgNAYRGi/nice-YagoQJpq/summary/stats/2nd-half/?mid=Y7iwyIj3
[2026-08-16T06:07:04Z] Page loaded. Waiting for statistics DOM...
[2026-08-16T06:07:06Z] Script [readiness] result prefix: {"body_text_length":3230,"ready":true,"row_count":19,"section":"statistics_second_half","title":"LOR 1-1 NIC | Lorient v Nice 20/08/2023, Stats - Flashscore.com | Match"}
[2026-08-16T06:07:06Z] Reading rendered DOM...
[2026-08-16T06:07:06Z] Executing extraction script for phase 2; length: 5174.
[2026-08-16T06:07:06Z] Script [extract] result prefix: {"schema_version":"1.3","section":"statistics_second_half","statistic_period":"second_half","source_url":"https://www.flashscore.com/match/football/lorient-jgNAYRGi/nice-YagoQJpq/summary/stats/2nd-half/?mid=Y7iwyIj3","match_id":"Y7iwyIj3","collected_at_utc":"2026-08-16T06:07:06.302Z","page_title":"LOR 1-1 NIC | Lorient v Nice 20/08/2023, Stats - Flashscore.com | Match","competition":"WORLD CUP","status":"FINISHED","date_time":"20.08.2023 17:00","home_team":"Lorient","away_team":"Nice","score":{"
[2026-08-16T06:07:06Z] Stored second_half statistics: 14 rows.
[2026-08-16T06:07:06Z] Merged section: statistics_second_half
[2026-08-16T06:07:06Z] Opening lineups...
[2026-08-16T06:07:06Z] Navigate: https://www.flashscore.com/match/football/lorient-jgNAYRGi/nice-YagoQJpq/summary/lineups/?mid=Y7iwyIj3
[2026-08-16T06:07:08Z] Page loaded. Waiting for statistics DOM...
[2026-08-16T06:07:10Z] Script [readiness] result prefix: {"body_text_length":4147,"ready":true,"row_count":114,"section":"lineups","title":"LOR 1-1 NIC | Lorient v Nice 20/08/2023, Lineups - Flashscore.com | Match"}
[2026-08-16T06:07:10Z] Reading rendered DOM...
[2026-08-16T06:07:10Z] Executing extraction script for phase 4; length: 20701.
[2026-08-16T06:07:10Z] Script [extract] result prefix: {"schema_version":"1.3","section":"lineups","statistic_period":null,"source_url":"https://www.flashscore.com/match/football/lorient-jgNAYRGi/nice-YagoQJpq/summary/lineups/?mid=Y7iwyIj3","match_id":"Y7iwyIj3","collected_at_utc":"2026-08-16T06:07:10.085Z","page_title":"LOR 1-1 NIC | Lorient v Nice 20/08/2023, Lineups - Flashscore.com | Match","competition":"WORLD CUP","status":"FINISHED","date_time":"20.08.2023 17:00","home_team":"Lorient","away_team":"Nice","score":{"home":"1","away":"1","display
[2026-08-16T06:07:10Z] Merged section: lineups
[2026-08-16T06:07:10Z] French Ligue 1 2023/2024: Player Stats are unavailable in the source profile.
[2026-08-16T06:07:10Z] Marked all Player Stats categories as not_available; collection continues.
[2026-08-16T06:07:10Z] Opening commentary...
[2026-08-16T06:07:10Z] Navigate: https://www.flashscore.com/match/football/lorient-jgNAYRGi/nice-YagoQJpq/summary/live-commentary/?mid=Y7iwyIj3
[2026-08-16T06:07:12Z] Page loaded. Waiting for statistics DOM...
[2026-08-16T06:07:13Z] Script [readiness] result prefix: {"body_text_length":12155,"ready":true,"row_count":226,"section":"commentary","title":"LOR 1-1 NIC | Lorient v Nice 20/08/2023 | Football - Flashscore | Match"}
[2026-08-16T06:07:13Z] Reading rendered DOM...
[2026-08-16T06:07:13Z] Executing extraction script for phase 12; length: 11834.
[2026-08-16T06:07:13Z] Script [extract] result prefix: {"schema_version":"1.3","section":"commentary","statistic_period":null,"source_url":"https://www.flashscore.com/match/football/lorient-jgNAYRGi/nice-YagoQJpq/summary/live-commentary/all-comments/?mid=Y7iwyIj3","match_id":"Y7iwyIj3","collected_at_utc":"2026-08-16T06:07:13.715Z","page_title":"LOR 1-1 NIC | Lorient v Nice 20/08/2023 | Football - Flashscore | Match","competition":"WORLD CUP","status":"FINISHED","date_time":"20.08.2023 17:00","home_team":"Lorient","away_team":"Nice","score":{"home":"
[2026-08-16T06:07:13Z] Merged section: commentary
[2026-08-16T06:07:13Z] Saving complete match JSON...
[2026-08-16T06:07:13Z] Player Stats category unavailable; status=not_available: top_stats
[2026-08-16T06:07:13Z] Player Stats category unavailable; status=not_available: shots
[2026-08-16T06:07:13Z] Player Stats category unavailable; status=not_available: attack
[2026-08-16T06:07:13Z] Player Stats category unavailable; status=not_available: passes
[2026-08-16T06:07:14Z] Player Stats category unavailable; status=not_available: defense
[2026-08-16T06:07:14Z] Player Stats category unavailable; status=not_available: goalkeeping
[2026-08-16T06:07:14Z] Player Stats category unavailable; status=not_available: general
[2026-08-16T06:07:14Z] Structured goals, cards and VAR events enriched.
[2026-08-16T06:07:14Z] Saved match JSON with 14 statistics: G:\Mirza\VSCode\FlashscoreFootballCollector_\Data\Matches\Ligue1\2023_2024\2023-08-20_Lorient_vs_Nice_Y7iwyIj3.json
[2026-08-16T06:07:14Z] Finished: 2023-08-20_Lorient_vs_Nice_Y7iwyIj3.json
[2026-08-16T06:07:14Z] Opening overall statistics...
[2026-08-16T06:07:14Z] Navigate: https://www.flashscore.com/match/football/brest-Cr4VGaUl/le-havre-CIEe04GT/summary/stats/overall/?mid=nFBrFzUq
[2026-08-16T06:07:17Z] Page loaded. Waiting for statistics DOM...
[2026-08-16T06:07:18Z] Script [readiness] result prefix: {"body_text_length":3248,"ready":true,"row_count":19,"section":"statistics_overall","title":"HAV 1-2 BRE | Le Havre v Brest 20/08/2023, Stats - Flashscore.com | Match"}
[2026-08-16T06:07:18Z] Reading rendered DOM...
[2026-08-16T06:07:18Z] Executing extraction script for phase 0; length: 5174.
[2026-08-16T06:07:18Z] Script [extract] result prefix: {"schema_version":"1.3","section":"statistics_overall","statistic_period":"overall","source_url":"https://www.flashscore.com/match/football/brest-Cr4VGaUl/le-havre-CIEe04GT/summary/stats/overall/?mid=nFBrFzUq","match_id":"nFBrFzUq","collected_at_utc":"2026-08-16T06:07:18.983Z","page_title":"HAV 1-2 BRE | Le Havre v Brest 20/08/2023, Stats - Flashscore.com | Match","competition":"WORLD CUP","status":"FINISHED","date_time":"20.08.2023 17:00","home_team":"Le Havre","away_team":"Brest","score":{"hom
[2026-08-16T06:07:19Z] Stored overall statistics: 14 rows.
[2026-08-16T06:07:19Z] Merged section: statistics_overall
[2026-08-16T06:07:19Z] Opening 1st half statistics...
[2026-08-16T06:07:19Z] Navigate: https://www.flashscore.com/match/football/brest-Cr4VGaUl/le-havre-CIEe04GT/summary/stats/1st-half/?mid=nFBrFzUq
[2026-08-16T06:07:20Z] Page loaded. Waiting for statistics DOM...
[2026-08-16T06:07:22Z] Script [readiness] result prefix: {"body_text_length":3224,"ready":true,"row_count":18,"section":"statistics_first_half","title":"HAV 1-2 BRE | Le Havre v Brest 20/08/2023, Stats - Flashscore.com | Match"}
[2026-08-16T06:07:22Z] Reading rendered DOM...
[2026-08-16T06:07:22Z] Executing extraction script for phase 1; length: 5174.
[2026-08-16T06:07:22Z] Script [extract] result prefix: {"schema_version":"1.3","section":"statistics_first_half","statistic_period":"first_half","source_url":"https://www.flashscore.com/match/football/brest-Cr4VGaUl/le-havre-CIEe04GT/summary/stats/1st-half/?mid=nFBrFzUq","match_id":"nFBrFzUq","collected_at_utc":"2026-08-16T06:07:22.076Z","page_title":"HAV 1-2 BRE | Le Havre v Brest 20/08/2023, Stats - Flashscore.com | Match","competition":"WORLD CUP","status":"FINISHED","date_time":"20.08.2023 17:00","home_team":"Le Havre","away_team":"Brest","score
[2026-08-16T06:07:22Z] Stored first_half statistics: 13 rows.
[2026-08-16T06:07:22Z] Merged section: statistics_first_half
[2026-08-16T06:07:22Z] Opening 2nd half statistics...
[2026-08-16T06:07:22Z] Navigate: https://www.flashscore.com/match/football/brest-Cr4VGaUl/le-havre-CIEe04GT/summary/stats/2nd-half/?mid=nFBrFzUq
[2026-08-16T06:07:23Z] Page loaded. Waiting for statistics DOM...
[2026-08-16T06:07:25Z] Script [readiness] result prefix: {"body_text_length":3242,"ready":true,"row_count":19,"section":"statistics_second_half","title":"HAV 1-2 BRE | Le Havre v Brest 20/08/2023, Stats - Flashscore.com | Match"}
[2026-08-16T06:07:25Z] Reading rendered DOM...
[2026-08-16T06:07:25Z] Executing extraction script for phase 2; length: 5174.
[2026-08-16T06:07:25Z] Script [extract] result prefix: {"schema_version":"1.3","section":"statistics_second_half","statistic_period":"second_half","source_url":"https://www.flashscore.com/match/football/brest-Cr4VGaUl/le-havre-CIEe04GT/summary/stats/2nd-half/?mid=nFBrFzUq","match_id":"nFBrFzUq","collected_at_utc":"2026-08-16T06:07:25.319Z","page_title":"HAV 1-2 BRE | Le Havre v Brest 20/08/2023, Stats - Flashscore.com | Match","competition":"WORLD CUP","status":"FINISHED","date_time":"20.08.2023 17:00","home_team":"Le Havre","away_team":"Brest","sco
[2026-08-16T06:07:25Z] Stored second_half statistics: 14 rows.
[2026-08-16T06:07:25Z] Merged section: statistics_second_half
[2026-08-16T06:07:25Z] Opening lineups...
[2026-08-16T06:07:25Z] Navigate: https://www.flashscore.com/match/football/brest-Cr4VGaUl/le-havre-CIEe04GT/summary/lineups/?mid=nFBrFzUq
[2026-08-16T06:07:27Z] Page loaded. Waiting for statistics DOM...
[2026-08-16T06:07:29Z] Script [readiness] result prefix: {"body_text_length":4092,"ready":true,"row_count":109,"section":"lineups","title":"HAV 1-2 BRE | Le Havre v Brest 20/08/2023, Lineups - Flashscore.com | Match"}
[2026-08-16T06:07:29Z] Reading rendered DOM...
[2026-08-16T06:07:29Z] Executing extraction script for phase 4; length: 20701.
[2026-08-16T06:07:29Z] Script [extract] result prefix: {"schema_version":"1.3","section":"lineups","statistic_period":null,"source_url":"https://www.flashscore.com/match/football/brest-Cr4VGaUl/le-havre-CIEe04GT/summary/lineups/?mid=nFBrFzUq","match_id":"nFBrFzUq","collected_at_utc":"2026-08-16T06:07:29.297Z","page_title":"HAV 1-2 BRE | Le Havre v Brest 20/08/2023, Lineups - Flashscore.com | Match","competition":"WORLD CUP","status":"FINISHED","date_time":"20.08.2023 17:00","home_team":"Le Havre","away_team":"Brest","score":{"home":"1","away":"2","d
[2026-08-16T06:07:29Z] Merged section: lineups
[2026-08-16T06:07:29Z] French Ligue 1 2023/2024: Player Stats are unavailable in the source profile.
[2026-08-16T06:07:29Z] Marked all Player Stats categories as not_available; collection continues.
[2026-08-16T06:07:29Z] Opening commentary...
[2026-08-16T06:07:29Z] Navigate: https://www.flashscore.com/match/football/brest-Cr4VGaUl/le-havre-CIEe04GT/summary/live-commentary/?mid=nFBrFzUq
[2026-08-16T06:07:31Z] Page loaded. Waiting for statistics DOM...
[2026-08-16T06:07:33Z] Script [readiness] result prefix: {"body_text_length":10234,"ready":true,"row_count":198,"section":"commentary","title":"HAV 1-2 BRE | Le Havre v Brest 20/08/2023 | Football - Flashscore | Match"}
[2026-08-16T06:07:33Z] Reading rendered DOM...
[2026-08-16T06:07:33Z] Executing extraction script for phase 12; length: 11834.
[2026-08-16T06:07:33Z] Script [extract] result prefix: {"schema_version":"1.3","section":"commentary","statistic_period":null,"source_url":"https://www.flashscore.com/match/football/brest-Cr4VGaUl/le-havre-CIEe04GT/summary/live-commentary/all-comments/?mid=nFBrFzUq","match_id":"nFBrFzUq","collected_at_utc":"2026-08-16T06:07:33.530Z","page_title":"HAV 1-2 BRE | Le Havre v Brest 20/08/2023 | Football - Flashscore | Match","competition":"WORLD CUP","status":"FINISHED","date_time":"20.08.2023 17:00","home_team":"Le Havre","away_team":"Brest","score":{"h
[2026-08-16T06:07:33Z] Merged section: commentary
[2026-08-16T06:07:33Z] Saving complete match JSON...
[2026-08-16T06:07:33Z] Player Stats category unavailable; status=not_available: top_stats
[2026-08-16T06:07:33Z] Player Stats category unavailable; status=not_available: shots
[2026-08-16T06:07:33Z] Player Stats category unavailable; status=not_available: attack
[2026-08-16T06:07:33Z] Player Stats category unavailable; status=not_available: passes
[2026-08-16T06:07:33Z] Player Stats category unavailable; status=not_available: defense
[2026-08-16T06:07:33Z] Player Stats category unavailable; status=not_available: goalkeeping
[2026-08-16T06:07:33Z] Player Stats category unavailable; status=not_available: general
[2026-08-16T06:07:33Z] Structured goals, cards and VAR events enriched.
[2026-08-16T06:07:33Z] Saved match JSON with 14 statistics: G:\Mirza\VSCode\FlashscoreFootballCollector_\Data\Matches\Ligue1\2023_2024\2023-08-20_Le_Havre_vs_Brest_nFBrFzUq.json
[2026-08-16T06:07:33Z] Finished: 2023-08-20_Le_Havre_vs_Brest_nFBrFzUq.json
[2026-08-16T06:07:33Z] Opening overall statistics...
[2026-08-16T06:07:33Z] Navigate: https://www.flashscore.com/match/football/monaco-2PIvr8o4/strasbourg-nP6UzIU1/summary/stats/overall/?mid=MV8FHTkr
[2026-08-16T06:07:36Z] Page loaded. Waiting for statistics DOM...
[2026-08-16T06:07:37Z] Script [readiness] result prefix: {"body_text_length":3259,"ready":true,"row_count":19,"section":"statistics_overall","title":"MON 3-0 STR | Monaco v Strasbourg 20/08/2023, Stats - Flashscore.com | Match"}
[2026-08-16T06:07:37Z] Reading rendered DOM...
[2026-08-16T06:07:37Z] Executing extraction script for phase 0; length: 5174.
[2026-08-16T06:07:37Z] Script [extract] result prefix: {"schema_version":"1.3","section":"statistics_overall","statistic_period":"overall","source_url":"https://www.flashscore.com/match/football/monaco-2PIvr8o4/strasbourg-nP6UzIU1/summary/stats/overall/?mid=MV8FHTkr","match_id":"MV8FHTkr","collected_at_utc":"2026-08-16T06:07:37.780Z","page_title":"MON 3-0 STR | Monaco v Strasbourg 20/08/2023, Stats - Flashscore.com | Match","competition":"WORLD CUP","status":"FINISHED","date_time":"20.08.2023 21:00","home_team":"Monaco","away_team":"Strasbourg","sco
[2026-08-16T06:07:37Z] Stored overall statistics: 14 rows.
[2026-08-16T06:07:37Z] Merged section: statistics_overall
[2026-08-16T06:07:37Z] Opening 1st half statistics...
[2026-08-16T06:07:37Z] Navigate: https://www.flashscore.com/match/football/monaco-2PIvr8o4/strasbourg-nP6UzIU1/summary/stats/1st-half/?mid=MV8FHTkr
[2026-08-16T06:07:39Z] Page loaded. Waiting for statistics DOM...
[2026-08-16T06:07:41Z] Script [readiness] result prefix: {"body_text_length":3254,"ready":true,"row_count":19,"section":"statistics_first_half","title":"MON 3-0 STR | Monaco v Strasbourg 20/08/2023, Stats - Flashscore.com | Match"}
[2026-08-16T06:07:41Z] Reading rendered DOM...
[2026-08-16T06:07:41Z] Executing extraction script for phase 1; length: 5174.
[2026-08-16T06:07:41Z] Script [extract] result prefix: {"schema_version":"1.3","section":"statistics_first_half","statistic_period":"first_half","source_url":"https://www.flashscore.com/match/football/monaco-2PIvr8o4/strasbourg-nP6UzIU1/summary/stats/1st-half/?mid=MV8FHTkr","match_id":"MV8FHTkr","collected_at_utc":"2026-08-16T06:07:41.086Z","page_title":"MON 3-0 STR | Monaco v Strasbourg 20/08/2023, Stats - Flashscore.com | Match","competition":"WORLD CUP","status":"FINISHED","date_time":"20.08.2023 21:00","home_team":"Monaco","away_team":"Strasbour
[2026-08-16T06:07:41Z] Stored first_half statistics: 14 rows.
[2026-08-16T06:07:41Z] Merged section: statistics_first_half
[2026-08-16T06:07:41Z] Opening 2nd half statistics...
[2026-08-16T06:07:41Z] Navigate: https://www.flashscore.com/match/football/monaco-2PIvr8o4/strasbourg-nP6UzIU1/summary/stats/2nd-half/?mid=MV8FHTkr
[2026-08-16T06:07:43Z] Page loaded. Waiting for statistics DOM...
[2026-08-16T06:07:45Z] Script [readiness] result prefix: {"body_text_length":3256,"ready":true,"row_count":19,"section":"statistics_second_half","title":"MON 3-0 STR | Monaco v Strasbourg 20/08/2023, Stats - Flashscore.com | Match"}
[2026-08-16T06:07:45Z] Reading rendered DOM...
[2026-08-16T06:07:45Z] Executing extraction script for phase 2; length: 5174.
[2026-08-16T06:07:45Z] Script [extract] result prefix: {"schema_version":"1.3","section":"statistics_second_half","statistic_period":"second_half","source_url":"https://www.flashscore.com/match/football/monaco-2PIvr8o4/strasbourg-nP6UzIU1/summary/stats/2nd-half/?mid=MV8FHTkr","match_id":"MV8FHTkr","collected_at_utc":"2026-08-16T06:07:45.232Z","page_title":"MON 3-0 STR | Monaco v Strasbourg 20/08/2023, Stats - Flashscore.com | Match","competition":"WORLD CUP","status":"FINISHED","date_time":"20.08.2023 21:00","home_team":"Monaco","away_team":"Strasbo
[2026-08-16T06:07:45Z] Stored second_half statistics: 14 rows.
[2026-08-16T06:07:45Z] Merged section: statistics_second_half
[2026-08-16T06:07:45Z] Opening lineups...
[2026-08-16T06:07:45Z] Navigate: https://www.flashscore.com/match/football/monaco-2PIvr8o4/strasbourg-nP6UzIU1/summary/lineups/?mid=MV8FHTkr
[2026-08-16T06:07:46Z] Page loaded. Waiting for statistics DOM...
[2026-08-16T06:07:48Z] Script [readiness] result prefix: {"body_text_length":4216,"ready":true,"row_count":113,"section":"lineups","title":"MON 3-0 STR | Monaco v Strasbourg 20/08/2023, Lineups - Flashscore.com | Match"}
[2026-08-16T06:07:48Z] Reading rendered DOM...
[2026-08-16T06:07:48Z] Executing extraction script for phase 4; length: 20701.
[2026-08-16T06:07:48Z] Script [extract] result prefix: {"schema_version":"1.3","section":"lineups","statistic_period":null,"source_url":"https://www.flashscore.com/match/football/monaco-2PIvr8o4/strasbourg-nP6UzIU1/summary/lineups/?mid=MV8FHTkr","match_id":"MV8FHTkr","collected_at_utc":"2026-08-16T06:07:48.573Z","page_title":"MON 3-0 STR | Monaco v Strasbourg 20/08/2023, Lineups - Flashscore.com | Match","competition":"WORLD CUP","status":"FINISHED","date_time":"20.08.2023 21:00","home_team":"Monaco","away_team":"Strasbourg","score":{"home":"3","awa
[2026-08-16T06:07:48Z] Merged section: lineups
[2026-08-16T06:07:48Z] French Ligue 1 2023/2024: Player Stats are unavailable in the source profile.
[2026-08-16T06:07:48Z] Marked all Player Stats categories as not_available; collection continues.
[2026-08-16T06:07:48Z] Opening commentary...
[2026-08-16T06:07:48Z] Navigate: https://www.flashscore.com/match/football/monaco-2PIvr8o4/strasbourg-nP6UzIU1/summary/live-commentary/?mid=MV8FHTkr
[2026-08-16T06:07:51Z] Page loaded. Waiting for statistics DOM...
[2026-08-16T06:07:52Z] Script [readiness] result prefix: {"body_text_length":10235,"ready":true,"row_count":186,"section":"commentary","title":"MON 3-0 STR | Monaco v Strasbourg 20/08/2023 | Football - Flashscore | Match"}
[2026-08-16T06:07:52Z] Reading rendered DOM...
[2026-08-16T06:07:52Z] Executing extraction script for phase 12; length: 11834.
[2026-08-16T06:07:52Z] Script [extract] result prefix: {"schema_version":"1.3","section":"commentary","statistic_period":null,"source_url":"https://www.flashscore.com/match/football/monaco-2PIvr8o4/strasbourg-nP6UzIU1/summary/live-commentary/all-comments/?mid=MV8FHTkr","match_id":"MV8FHTkr","collected_at_utc":"2026-08-16T06:07:52.839Z","page_title":"MON 3-0 STR | Monaco v Strasbourg 20/08/2023 | Football - Flashscore | Match","competition":"WORLD CUP","status":"FINISHED","date_time":"20.08.2023 21:00","home_team":"Monaco","away_team":"Strasbourg","s
[2026-08-16T06:07:52Z] Merged section: commentary
[2026-08-16T06:07:52Z] Saving complete match JSON...
[2026-08-16T06:07:52Z] Player Stats category unavailable; status=not_available: top_stats
[2026-08-16T06:07:52Z] Player Stats category unavailable; status=not_available: shots
[2026-08-16T06:07:52Z] Player Stats category unavailable; status=not_available: attack
[2026-08-16T06:07:53Z] Player Stats category unavailable; status=not_available: passes
[2026-08-16T06:07:53Z] Player Stats category unavailable; status=not_available: defense
[2026-08-16T06:07:53Z] Player Stats category unavailable; status=not_available: goalkeeping
[2026-08-16T06:07:53Z] Player Stats category unavailable; status=not_available: general
[2026-08-16T06:07:53Z] Structured goals, cards and VAR events enriched.
[2026-08-16T06:07:53Z] Saved match JSON with 14 statistics: G:\Mirza\VSCode\FlashscoreFootballCollector_\Data\Matches\Ligue1\2023_2024\2023-08-20_Monaco_vs_Strasbourg_MV8FHTkr.json
[2026-08-16T06:07:53Z] Finished: 2023-08-20_Monaco_vs_Strasbourg_MV8FHTkr.json
[2026-08-16T06:07:53Z] Opening overall statistics...
[2026-08-16T06:07:53Z] Navigate: https://www.flashscore.com/match/football/lens-IBmris38/rennes-d2nnj1IE/summary/stats/overall/?mid=tE4iDEbd
[2026-08-16T06:07:55Z] Page loaded. Waiting for statistics DOM...
[2026-08-16T06:07:57Z] Script [readiness] result prefix: {"body_text_length":3239,"ready":true,"row_count":19,"section":"statistics_overall","title":"LEN 1-1 REN | Lens v Rennes 20/08/2023, Stats - Flashscore.com | Match"}
[2026-08-16T06:07:57Z] Reading rendered DOM...
[2026-08-16T06:07:57Z] Executing extraction script for phase 0; length: 5174.
[2026-08-16T06:07:57Z] Script [extract] result prefix: {"schema_version":"1.3","section":"statistics_overall","statistic_period":"overall","source_url":"https://www.flashscore.com/match/football/lens-IBmris38/rennes-d2nnj1IE/summary/stats/overall/?mid=tE4iDEbd","match_id":"tE4iDEbd","collected_at_utc":"2026-08-16T06:07:57.565Z","page_title":"LEN 1-1 REN | Lens v Rennes 20/08/2023, Stats - Flashscore.com | Match","competition":"WORLD CUP","status":"FINISHED","date_time":"20.08.2023 22:45","home_team":"Lens","away_team":"Rennes","score":{"home":"1","a
[2026-08-16T06:07:57Z] Stored overall statistics: 14 rows.
[2026-08-16T06:07:57Z] Merged section: statistics_overall
[2026-08-16T06:07:57Z] Opening 1st half statistics...
[2026-08-16T06:07:57Z] Navigate: https://www.flashscore.com/match/football/lens-IBmris38/rennes-d2nnj1IE/summary/stats/1st-half/?mid=tE4iDEbd
[2026-08-16T06:07:59Z] Page loaded. Waiting for statistics DOM...
[2026-08-16T06:08:00Z] Script [readiness] result prefix: {"body_text_length":3213,"ready":true,"row_count":18,"section":"statistics_first_half","title":"LEN 1-1 REN | Lens v Rennes 20/08/2023, Stats - Flashscore.com | Match"}
[2026-08-16T06:08:00Z] Reading rendered DOM...
[2026-08-16T06:08:00Z] Executing extraction script for phase 1; length: 5174.
[2026-08-16T06:08:00Z] Script [extract] result prefix: {"schema_version":"1.3","section":"statistics_first_half","statistic_period":"first_half","source_url":"https://www.flashscore.com/match/football/lens-IBmris38/rennes-d2nnj1IE/summary/stats/1st-half/?mid=tE4iDEbd","match_id":"tE4iDEbd","collected_at_utc":"2026-08-16T06:08:00.888Z","page_title":"LEN 1-1 REN | Lens v Rennes 20/08/2023, Stats - Flashscore.com | Match","competition":"WORLD CUP","status":"FINISHED","date_time":"20.08.2023 22:45","home_team":"Lens","away_team":"Rennes","score":{"home"
[2026-08-16T06:08:00Z] Stored first_half statistics: 13 rows.
[2026-08-16T06:08:00Z] Merged section: statistics_first_half
[2026-08-16T06:08:00Z] Opening 2nd half statistics...
[2026-08-16T06:08:00Z] Navigate: https://www.flashscore.com/match/football/lens-IBmris38/rennes-d2nnj1IE/summary/stats/2nd-half/?mid=tE4iDEbd
[2026-08-16T06:08:03Z] Page loaded. Waiting for statistics DOM...
[2026-08-16T06:08:04Z] Script [readiness] result prefix: {"body_text_length":3231,"ready":true,"row_count":19,"section":"statistics_second_half","title":"LEN 1-1 REN | Lens v Rennes 20/08/2023, Stats - Flashscore.com | Match"}
[2026-08-16T06:08:04Z] Reading rendered DOM...
[2026-08-16T06:08:04Z] Executing extraction script for phase 2; length: 5174.
[2026-08-16T06:08:04Z] Script [extract] result prefix: {"schema_version":"1.3","section":"statistics_second_half","statistic_period":"second_half","source_url":"https://www.flashscore.com/match/football/lens-IBmris38/rennes-d2nnj1IE/summary/stats/2nd-half/?mid=tE4iDEbd","match_id":"tE4iDEbd","collected_at_utc":"2026-08-16T06:08:04.727Z","page_title":"LEN 1-1 REN | Lens v Rennes 20/08/2023, Stats - Flashscore.com | Match","competition":"WORLD CUP","status":"FINISHED","date_time":"20.08.2023 22:45","home_team":"Lens","away_team":"Rennes","score":{"hom
[2026-08-16T06:08:04Z] Stored second_half statistics: 14 rows.
[2026-08-16T06:08:04Z] Merged section: statistics_second_half
[2026-08-16T06:08:04Z] Opening lineups...
[2026-08-16T06:08:04Z] Navigate: https://www.flashscore.com/match/football/lens-IBmris38/rennes-d2nnj1IE/summary/lineups/?mid=tE4iDEbd
[2026-08-16T06:08:07Z] Page loaded. Waiting for statistics DOM...
[2026-08-16T06:08:09Z] Script [readiness] result prefix: {"body_text_length":4154,"ready":true,"row_count":113,"section":"lineups","title":"LEN 1-1 REN | Lens v Rennes 20/08/2023, Lineups - Flashscore.com | Match"}
[2026-08-16T06:08:09Z] Reading rendered DOM...
[2026-08-16T06:08:09Z] Executing extraction script for phase 4; length: 20701.
[2026-08-16T06:08:09Z] Script [extract] result prefix: {"schema_version":"1.3","section":"lineups","statistic_period":null,"source_url":"https://www.flashscore.com/match/football/lens-IBmris38/rennes-d2nnj1IE/summary/lineups/?mid=tE4iDEbd","match_id":"tE4iDEbd","collected_at_utc":"2026-08-16T06:08:09.259Z","page_title":"LEN 1-1 REN | Lens v Rennes 20/08/2023, Lineups - Flashscore.com | Match","competition":"WORLD CUP","status":"FINISHED","date_time":"20.08.2023 22:45","home_team":"Lens","away_team":"Rennes","score":{"home":"1","away":"1","display":"
[2026-08-16T06:08:09Z] Merged section: lineups
[2026-08-16T06:08:09Z] French Ligue 1 2023/2024: Player Stats are unavailable in the source profile.
[2026-08-16T06:08:09Z] Marked all Player Stats categories as not_available; collection continues.
[2026-08-16T06:08:09Z] Opening commentary...
[2026-08-16T06:08:09Z] Navigate: https://www.flashscore.com/match/football/lens-IBmris38/rennes-d2nnj1IE/summary/live-commentary/?mid=tE4iDEbd
[2026-08-16T06:08:11Z] Page loaded. Waiting for statistics DOM...
[2026-08-16T06:08:12Z] Script [readiness] result prefix: {"body_text_length":13388,"ready":true,"row_count":251,"section":"commentary","title":"LEN 1-1 REN | Lens v Rennes 20/08/2023 | Football - Flashscore | Match"}
[2026-08-16T06:08:12Z] Reading rendered DOM...
[2026-08-16T06:08:12Z] Executing extraction script for phase 12; length: 11834.
[2026-08-16T06:08:12Z] Script [extract] result prefix: {"schema_version":"1.3","section":"commentary","statistic_period":null,"source_url":"https://www.flashscore.com/match/football/lens-IBmris38/rennes-d2nnj1IE/summary/live-commentary/all-comments/?mid=tE4iDEbd","match_id":"tE4iDEbd","collected_at_utc":"2026-08-16T06:08:12.706Z","page_title":"LEN 1-1 REN | Lens v Rennes 20/08/2023 | Football - Flashscore | Match","competition":"WORLD CUP","status":"FINISHED","date_time":"20.08.2023 22:45","home_team":"Lens","away_team":"Rennes","score":{"home":"1",
[2026-08-16T06:08:12Z] Merged section: commentary
[2026-08-16T06:08:12Z] Saving complete match JSON...
[2026-08-16T06:08:12Z] Player Stats category unavailable; status=not_available: top_stats
[2026-08-16T06:08:12Z] Player Stats category unavailable; status=not_available: shots
[2026-08-16T06:08:13Z] Player Stats category unavailable; status=not_available: attack
[2026-08-16T06:08:13Z] Player Stats category unavailable; status=not_available: passes
[2026-08-16T06:08:13Z] Player Stats category unavailable; status=not_available: defense
[2026-08-16T06:08:13Z] Player Stats category unavailable; status=not_available: goalkeeping
[2026-08-16T06:08:13Z] Player Stats category unavailable; status=not_available: general
[2026-08-16T06:08:13Z] Structured goals, cards and VAR events enriched.
[2026-08-16T06:08:13Z] Saved match JSON with 14 statistics: G:\Mirza\VSCode\FlashscoreFootballCollector_\Data\Matches\Ligue1\2023_2024\2023-08-20_Lens_vs_Rennes_tE4iDEbd.json
[2026-08-16T06:08:13Z] Finished: 2023-08-20_Lens_vs_Rennes_tE4iDEbd.json
[2026-08-16T06:08:13Z] Opening overall statistics...
[2026-08-16T06:08:13Z] Navigate: https://www.flashscore.com/match/football/monaco-2PIvr8o4/nantes-veuetnGG/summary/stats/overall/?mid=vodQZSBQ
[2026-08-16T06:08:16Z] Page loaded. Waiting for statistics DOM...
[2026-08-16T06:08:17Z] Script [readiness] result prefix: {"body_text_length":3242,"ready":true,"row_count":19,"section":"statistics_overall","title":"NAN 3-3 MON | Nantes v Monaco 25/08/2023, Stats - Flashscore.com | Match"}
[2026-08-16T06:08:17Z] Reading rendered DOM...
[2026-08-16T06:08:17Z] Executing extraction script for phase 0; length: 5174.
[2026-08-16T06:08:17Z] Script [extract] result prefix: {"schema_version":"1.3","section":"statistics_overall","statistic_period":"overall","source_url":"https://www.flashscore.com/match/football/monaco-2PIvr8o4/nantes-veuetnGG/summary/stats/overall/?mid=vodQZSBQ","match_id":"vodQZSBQ","collected_at_utc":"2026-08-16T06:08:17.795Z","page_title":"NAN 3-3 MON | Nantes v Monaco 25/08/2023, Stats - Flashscore.com | Match","competition":"WORLD CUP","status":"FINISHED","date_time":"25.08.2023 23:00","home_team":"Nantes","away_team":"Monaco","score":{"home":
[2026-08-16T06:08:17Z] Stored overall statistics: 14 rows.
[2026-08-16T06:08:17Z] Merged section: statistics_overall
[2026-08-16T06:08:17Z] Opening 1st half statistics...
[2026-08-16T06:08:17Z] Navigate: https://www.flashscore.com/match/football/monaco-2PIvr8o4/nantes-veuetnGG/summary/stats/1st-half/?mid=vodQZSBQ
[2026-08-16T06:08:19Z] Page loaded. Waiting for statistics DOM...
[2026-08-16T06:08:20Z] Script [readiness] result prefix: {"body_text_length":3235,"ready":true,"row_count":19,"section":"statistics_first_half","title":"NAN 3-3 MON | Nantes v Monaco 25/08/2023, Stats - Flashscore.com | Match"}
[2026-08-16T06:08:20Z] Reading rendered DOM...
[2026-08-16T06:08:20Z] Executing extraction script for phase 1; length: 5174.
[2026-08-16T06:08:21Z] Script [extract] result prefix: {"schema_version":"1.3","section":"statistics_first_half","statistic_period":"first_half","source_url":"https://www.flashscore.com/match/football/monaco-2PIvr8o4/nantes-veuetnGG/summary/stats/1st-half/?mid=vodQZSBQ","match_id":"vodQZSBQ","collected_at_utc":"2026-08-16T06:08:21.000Z","page_title":"NAN 3-3 MON | Nantes v Monaco 25/08/2023, Stats - Flashscore.com | Match","competition":"WORLD CUP","status":"FINISHED","date_time":"25.08.2023 23:00","home_team":"Nantes","away_team":"Monaco","score":{
[2026-08-16T06:08:21Z] Stored first_half statistics: 14 rows.
[2026-08-16T06:08:21Z] Merged section: statistics_first_half
[2026-08-16T06:08:21Z] Opening 2nd half statistics...
[2026-08-16T06:08:21Z] Navigate: https://www.flashscore.com/match/football/monaco-2PIvr8o4/nantes-veuetnGG/summary/stats/2nd-half/?mid=vodQZSBQ
[2026-08-16T06:08:23Z] Page loaded. Waiting for statistics DOM...
[2026-08-16T06:08:25Z] Script [readiness] result prefix: {"body_text_length":3236,"ready":true,"row_count":19,"section":"statistics_second_half","title":"NAN 3-3 MON | Nantes v Monaco 25/08/2023, Stats - Flashscore.com | Match"}
[2026-08-16T06:08:25Z] Reading rendered DOM...
[2026-08-16T06:08:25Z] Executing extraction script for phase 2; length: 5174.
[2026-08-16T06:08:25Z] Script [extract] result prefix: {"schema_version":"1.3","section":"statistics_second_half","statistic_period":"second_half","source_url":"https://www.flashscore.com/match/football/monaco-2PIvr8o4/nantes-veuetnGG/summary/stats/2nd-half/?mid=vodQZSBQ","match_id":"vodQZSBQ","collected_at_utc":"2026-08-16T06:08:25.104Z","page_title":"NAN 3-3 MON | Nantes v Monaco 25/08/2023, Stats - Flashscore.com | Match","competition":"WORLD CUP","status":"FINISHED","date_time":"25.08.2023 23:00","home_team":"Nantes","away_team":"Monaco","score"
[2026-08-16T06:08:25Z] Stored second_half statistics: 14 rows.
[2026-08-16T06:08:25Z] Merged section: statistics_second_half
[2026-08-16T06:08:25Z] Opening lineups...
[2026-08-16T06:08:25Z] Navigate: https://www.flashscore.com/match/football/monaco-2PIvr8o4/nantes-veuetnGG/summary/lineups/?mid=vodQZSBQ
[2026-08-16T06:08:27Z] Page loaded. Waiting for statistics DOM...
[2026-08-16T06:08:28Z] Script [readiness] result prefix: {"body_text_length":4206,"ready":true,"row_count":111,"section":"lineups","title":"NAN 3-3 MON | Nantes v Monaco 25/08/2023, Lineups - Flashscore.com | Match"}
[2026-08-16T06:08:28Z] Reading rendered DOM...
[2026-08-16T06:08:28Z] Executing extraction script for phase 4; length: 20701.
[2026-08-16T06:08:28Z] Script [extract] result prefix: {"schema_version":"1.3","section":"lineups","statistic_period":null,"source_url":"https://www.flashscore.com/match/football/monaco-2PIvr8o4/nantes-veuetnGG/summary/lineups/?mid=vodQZSBQ","match_id":"vodQZSBQ","collected_at_utc":"2026-08-16T06:08:28.640Z","page_title":"NAN 3-3 MON | Nantes v Monaco 25/08/2023, Lineups - Flashscore.com | Match","competition":"WORLD CUP","status":"FINISHED","date_time":"25.08.2023 23:00","home_team":"Nantes","away_team":"Monaco","score":{"home":"3","away":"3","disp
[2026-08-16T06:08:28Z] Merged section: lineups
[2026-08-16T06:08:28Z] French Ligue 1 2023/2024: Player Stats are unavailable in the source profile.
[2026-08-16T06:08:28Z] Marked all Player Stats categories as not_available; collection continues.
[2026-08-16T06:08:29Z] Opening commentary...
[2026-08-16T06:08:29Z] Navigate: https://www.flashscore.com/match/football/monaco-2PIvr8o4/nantes-veuetnGG/summary/live-commentary/?mid=vodQZSBQ
[2026-08-16T06:08:30Z] Page loaded. Waiting for statistics DOM...
[2026-08-16T06:08:32Z] Script [readiness] result prefix: {"body_text_length":14691,"ready":true,"row_count":263,"section":"commentary","title":"NAN 3-3 MON | Nantes v Monaco 25/08/2023 | Football - Flashscore | Match"}
[2026-08-16T06:08:32Z] Reading rendered DOM...
[2026-08-16T06:08:32Z] Executing extraction script for phase 12; length: 11834.
[2026-08-16T06:08:32Z] Script [extract] result prefix: {"schema_version":"1.3","section":"commentary","statistic_period":null,"source_url":"https://www.flashscore.com/match/football/monaco-2PIvr8o4/nantes-veuetnGG/summary/live-commentary/all-comments/?mid=vodQZSBQ","match_id":"vodQZSBQ","collected_at_utc":"2026-08-16T06:08:32.505Z","page_title":"NAN 3-3 MON | Nantes v Monaco 25/08/2023 | Football - Flashscore | Match","competition":"WORLD CUP","status":"FINISHED","date_time":"25.08.2023 23:00","home_team":"Nantes","away_team":"Monaco","score":{"home
[2026-08-16T06:08:32Z] Merged section: commentary
[2026-08-16T06:08:32Z] Saving complete match JSON...
[2026-08-16T06:08:32Z] Player Stats category unavailable; status=not_available: top_stats
[2026-08-16T06:08:32Z] Player Stats category unavailable; status=not_available: shots
[2026-08-16T06:08:33Z] Player Stats category unavailable; status=not_available: attack
[2026-08-16T06:08:33Z] Player Stats category unavailable; status=not_available: passes
[2026-08-16T06:08:33Z] Player Stats category unavailable; status=not_available: defense
[2026-08-16T06:08:33Z] Player Stats category unavailable; status=not_available: goalkeeping
[2026-08-16T06:08:33Z] Player Stats category unavailable; status=not_available: general
[2026-08-16T06:08:33Z] Structured goals, cards and VAR events enriched.
[2026-08-16T06:08:33Z] Saved match JSON with 14 statistics: G:\Mirza\VSCode\FlashscoreFootballCollector_\Data\Matches\Ligue1\2023_2024\2023-08-25_Nantes_vs_Monaco_vodQZSBQ.json
[2026-08-16T06:08:33Z] Finished: 2023-08-25_Nantes_vs_Monaco_vodQZSBQ.json
[2026-08-16T06:08:33Z] Opening overall statistics...
[2026-08-16T06:08:33Z] Navigate: https://www.flashscore.com/match/football/brest-Cr4VGaUl/marseille-SblU3Hee/summary/stats/overall/?mid=Ic2OF7Kf
[2026-08-16T06:08:36Z] Page loaded. Waiting for statistics DOM...
[2026-08-16T06:08:38Z] Script [readiness] result prefix: {"body_text_length":3256,"ready":true,"row_count":19,"section":"statistics_overall","title":"MAR 2-0 BRE | Marseille v Brest 26/08/2023, Stats - Flashscore.com | Match"}
[2026-08-16T06:08:38Z] Reading rendered DOM...
[2026-08-16T06:08:38Z] Executing extraction script for phase 0; length: 5174.
[2026-08-16T06:08:38Z] Script [extract] result prefix: {"schema_version":"1.3","section":"statistics_overall","statistic_period":"overall","source_url":"https://www.flashscore.com/match/football/brest-Cr4VGaUl/marseille-SblU3Hee/summary/stats/overall/?mid=Ic2OF7Kf","match_id":"Ic2OF7Kf","collected_at_utc":"2026-08-16T06:08:38.367Z","page_title":"MAR 2-0 BRE | Marseille v Brest 26/08/2023, Stats - Flashscore.com | Match","competition":"WORLD CUP","status":"FINISHED","date_time":"26.08.2023 21:00","home_team":"Marseille","away_team":"Brest","score":{"
[2026-08-16T06:08:38Z] Stored overall statistics: 14 rows.
[2026-08-16T06:08:38Z] Merged section: statistics_overall
[2026-08-16T06:08:38Z] Opening 1st half statistics...
[2026-08-16T06:08:38Z] Navigate: https://www.flashscore.com/match/football/brest-Cr4VGaUl/marseille-SblU3Hee/summary/stats/1st-half/?mid=Ic2OF7Kf
[2026-08-16T06:08:40Z] Page loaded. Waiting for statistics DOM...
[2026-08-16T06:08:42Z] Script [readiness] result prefix: {"body_text_length":3231,"ready":true,"row_count":18,"section":"statistics_first_half","title":"MAR 2-0 BRE | Marseille v Brest 26/08/2023, Stats - Flashscore.com | Match"}
[2026-08-16T06:08:42Z] Reading rendered DOM...
[2026-08-16T06:08:42Z] Executing extraction script for phase 1; length: 5174.
[2026-08-16T06:08:42Z] Script [extract] result prefix: {"schema_version":"1.3","section":"statistics_first_half","statistic_period":"first_half","source_url":"https://www.flashscore.com/match/football/brest-Cr4VGaUl/marseille-SblU3Hee/summary/stats/1st-half/?mid=Ic2OF7Kf","match_id":"Ic2OF7Kf","collected_at_utc":"2026-08-16T06:08:42.554Z","page_title":"MAR 2-0 BRE | Marseille v Brest 26/08/2023, Stats - Flashscore.com | Match","competition":"WORLD CUP","status":"FINISHED","date_time":"26.08.2023 21:00","home_team":"Marseille","away_team":"Brest","sc
[2026-08-16T06:08:42Z] Stored first_half statistics: 13 rows.
[2026-08-16T06:08:42Z] Merged section: statistics_first_half
[2026-08-16T06:08:42Z] Opening 2nd half statistics...
[2026-08-16T06:08:42Z] Navigate: https://www.flashscore.com/match/football/brest-Cr4VGaUl/marseille-SblU3Hee/summary/stats/2nd-half/?mid=Ic2OF7Kf
[2026-08-16T06:08:44Z] Page loaded. Waiting for statistics DOM...
[2026-08-16T06:08:45Z] Script [readiness] result prefix: {"body_text_length":3251,"ready":true,"row_count":19,"section":"statistics_second_half","title":"MAR 2-0 BRE | Marseille v Brest 26/08/2023, Stats - Flashscore.com | Match"}
[2026-08-16T06:08:45Z] Reading rendered DOM...
[2026-08-16T06:08:45Z] Executing extraction script for phase 2; length: 5174.
[2026-08-16T06:08:45Z] Script [extract] result prefix: {"schema_version":"1.3","section":"statistics_second_half","statistic_period":"second_half","source_url":"https://www.flashscore.com/match/football/brest-Cr4VGaUl/marseille-SblU3Hee/summary/stats/2nd-half/?mid=Ic2OF7Kf","match_id":"Ic2OF7Kf","collected_at_utc":"2026-08-16T06:08:45.944Z","page_title":"MAR 2-0 BRE | Marseille v Brest 26/08/2023, Stats - Flashscore.com | Match","competition":"WORLD CUP","status":"FINISHED","date_time":"26.08.2023 21:00","home_team":"Marseille","away_team":"Brest","
[2026-08-16T06:08:46Z] Stored second_half statistics: 14 rows.
[2026-08-16T06:08:46Z] Merged section: statistics_second_half
[2026-08-16T06:08:46Z] Opening lineups...
[2026-08-16T06:08:46Z] Navigate: https://www.flashscore.com/match/football/brest-Cr4VGaUl/marseille-SblU3Hee/summary/lineups/?mid=Ic2OF7Kf
[2026-08-16T06:08:47Z] Page loaded. Waiting for statistics DOM...
[2026-08-16T06:08:49Z] Script [readiness] result prefix: {"body_text_length":4084,"ready":true,"row_count":108,"section":"lineups","title":"MAR 2-0 BRE | Marseille v Brest 26/08/2023, Lineups - Flashscore.com | Match"}
[2026-08-16T06:08:49Z] Reading rendered DOM...
[2026-08-16T06:08:49Z] Executing extraction script for phase 4; length: 20701.
[2026-08-16T06:08:49Z] Script [extract] result prefix: {"schema_version":"1.3","section":"lineups","statistic_period":null,"source_url":"https://www.flashscore.com/match/football/brest-Cr4VGaUl/marseille-SblU3Hee/summary/lineups/?mid=Ic2OF7Kf","match_id":"Ic2OF7Kf","collected_at_utc":"2026-08-16T06:08:49.512Z","page_title":"MAR 2-0 BRE | Marseille v Brest 26/08/2023, Lineups - Flashscore.com | Match","competition":"WORLD CUP","status":"FINISHED","date_time":"26.08.2023 21:00","home_team":"Marseille","away_team":"Brest","score":{"home":"2","away":"0"
[2026-08-16T06:08:49Z] Merged section: lineups
[2026-08-16T06:08:49Z] French Ligue 1 2023/2024: Player Stats are unavailable in the source profile.
[2026-08-16T06:08:49Z] Marked all Player Stats categories as not_available; collection continues.
[2026-08-16T06:08:49Z] Opening commentary...
[2026-08-16T06:08:49Z] Navigate: https://www.flashscore.com/match/football/brest-Cr4VGaUl/marseille-SblU3Hee/summary/live-commentary/?mid=Ic2OF7Kf
[2026-08-16T06:08:51Z] Page loaded. Waiting for statistics DOM...
[2026-08-16T06:08:53Z] Script [readiness] result prefix: {"body_text_length":13721,"ready":true,"row_count":248,"section":"commentary","title":"MAR 2-0 BRE | Marseille v Brest 26/08/2023 | Football - Flashscore | Match"}
[2026-08-16T06:08:53Z] Reading rendered DOM...
[2026-08-16T06:08:53Z] Executing extraction script for phase 12; length: 11834.
[2026-08-16T06:08:53Z] Script [extract] result prefix: {"schema_version":"1.3","section":"commentary","statistic_period":null,"source_url":"https://www.flashscore.com/match/football/brest-Cr4VGaUl/marseille-SblU3Hee/summary/live-commentary/all-comments/?mid=Ic2OF7Kf","match_id":"Ic2OF7Kf","collected_at_utc":"2026-08-16T06:08:53.505Z","page_title":"MAR 2-0 BRE | Marseille v Brest 26/08/2023 | Football - Flashscore | Match","competition":"WORLD CUP","status":"FINISHED","date_time":"26.08.2023 21:00","home_team":"Marseille","away_team":"Brest","score":
[2026-08-16T06:08:53Z] Merged section: commentary
[2026-08-16T06:08:53Z] Saving complete match JSON...
[2026-08-16T06:08:53Z] Player Stats category unavailable; status=not_available: top_stats
[2026-08-16T06:08:53Z] Player Stats category unavailable; status=not_available: shots
[2026-08-16T06:08:53Z] Player Stats category unavailable; status=not_available: attack
[2026-08-16T06:08:53Z] Player Stats category unavailable; status=not_available: passes
[2026-08-16T06:08:53Z] Player Stats category unavailable; status=not_available: defense
[2026-08-16T06:08:53Z] Player Stats category unavailable; status=not_available: goalkeeping
[2026-08-16T06:08:53Z] Player Stats category unavailable; status=not_available: general
[2026-08-16T06:08:53Z] Structured goals, cards and VAR events enriched.
[2026-08-16T06:08:53Z] Saved match JSON with 14 statistics: G:\Mirza\VSCode\FlashscoreFootballCollector_\Data\Matches\Ligue1\2023_2024\2023-08-26_Marseille_vs_Brest_Ic2OF7Kf.json
[2026-08-16T06:08:54Z] Finished: 2023-08-26_Marseille_vs_Brest_Ic2OF7Kf.json
[2026-08-16T06:08:54Z] Opening overall statistics...
[2026-08-16T06:08:54Z] Navigate: https://www.flashscore.com/match/football/lens-IBmris38/psg-CjhkPw0k/summary/stats/overall/?mid=UFEZC54D
[2026-08-16T06:08:56Z] Page loaded. Waiting for statistics DOM...
[2026-08-16T06:08:57Z] Script [readiness] result prefix: {"body_text_length":3221,"ready":true,"row_count":19,"section":"statistics_overall","title":"PSG 3-1 LEN | PSG v Lens 26/08/2023, Stats - Flashscore.com | Match"}
[2026-08-16T06:08:57Z] Reading rendered DOM...
[2026-08-16T06:08:57Z] Executing extraction script for phase 0; length: 5174.
[2026-08-16T06:08:57Z] Script [extract] result prefix: {"schema_version":"1.3","section":"statistics_overall","statistic_period":"overall","source_url":"https://www.flashscore.com/match/football/lens-IBmris38/psg-CjhkPw0k/summary/stats/overall/?mid=UFEZC54D","match_id":"UFEZC54D","collected_at_utc":"2026-08-16T06:08:57.753Z","page_title":"PSG 3-1 LEN | PSG v Lens 26/08/2023, Stats - Flashscore.com | Match","competition":"WORLD CUP","status":"FINISHED","date_time":"26.08.2023 23:00","home_team":"PSG","away_team":"Lens","score":{"home":"3","away":"1",
[2026-08-16T06:08:57Z] Stored overall statistics: 14 rows.
[2026-08-16T06:08:57Z] Merged section: statistics_overall
[2026-08-16T06:08:57Z] Opening 1st half statistics...
[2026-08-16T06:08:57Z] Navigate: https://www.flashscore.com/match/football/lens-IBmris38/psg-CjhkPw0k/summary/stats/1st-half/?mid=UFEZC54D
[2026-08-16T06:08:59Z] Page loaded. Waiting for statistics DOM...
[2026-08-16T06:09:01Z] Script [readiness] result prefix: {"body_text_length":3213,"ready":true,"row_count":19,"section":"statistics_first_half","title":"PSG 3-1 LEN | PSG v Lens 26/08/2023, Stats - Flashscore.com | Match"}
[2026-08-16T06:09:01Z] Reading rendered DOM...
[2026-08-16T06:09:01Z] Executing extraction script for phase 1; length: 5174.
[2026-08-16T06:09:01Z] Script [extract] result prefix: {"schema_version":"1.3","section":"statistics_first_half","statistic_period":"first_half","source_url":"https://www.flashscore.com/match/football/lens-IBmris38/psg-CjhkPw0k/summary/stats/1st-half/?mid=UFEZC54D","match_id":"UFEZC54D","collected_at_utc":"2026-08-16T06:09:01.464Z","page_title":"PSG 3-1 LEN | PSG v Lens 26/08/2023, Stats - Flashscore.com | Match","competition":"WORLD CUP","status":"FINISHED","date_time":"26.08.2023 23:00","home_team":"PSG","away_team":"Lens","score":{"home":"3","awa
[2026-08-16T06:09:01Z] Stored first_half statistics: 14 rows.
[2026-08-16T06:09:01Z] Merged section: statistics_first_half
[2026-08-16T06:09:01Z] Opening 2nd half statistics...
[2026-08-16T06:09:01Z] Navigate: https://www.flashscore.com/match/football/lens-IBmris38/psg-CjhkPw0k/summary/stats/2nd-half/?mid=UFEZC54D
[2026-08-16T06:09:03Z] Page loaded. Waiting for statistics DOM...
[2026-08-16T06:09:05Z] Script [readiness] result prefix: {"body_text_length":3217,"ready":true,"row_count":19,"section":"statistics_second_half","title":"PSG 3-1 LEN | PSG v Lens 26/08/2023, Stats - Flashscore.com | Match"}
[2026-08-16T06:09:05Z] Reading rendered DOM...
[2026-08-16T06:09:05Z] Executing extraction script for phase 2; length: 5174.
[2026-08-16T06:09:05Z] Script [extract] result prefix: {"schema_version":"1.3","section":"statistics_second_half","statistic_period":"second_half","source_url":"https://www.flashscore.com/match/football/lens-IBmris38/psg-CjhkPw0k/summary/stats/2nd-half/?mid=UFEZC54D","match_id":"UFEZC54D","collected_at_utc":"2026-08-16T06:09:05.431Z","page_title":"PSG 3-1 LEN | PSG v Lens 26/08/2023, Stats - Flashscore.com | Match","competition":"WORLD CUP","status":"FINISHED","date_time":"26.08.2023 23:00","home_team":"PSG","away_team":"Lens","score":{"home":"3","a
[2026-08-16T06:09:05Z] Stored second_half statistics: 14 rows.
[2026-08-16T06:09:05Z] Merged section: statistics_second_half
[2026-08-16T06:09:05Z] Opening lineups...
[2026-08-16T06:09:05Z] Navigate: https://www.flashscore.com/match/football/lens-IBmris38/psg-CjhkPw0k/summary/lineups/?mid=UFEZC54D
[2026-08-16T06:09:07Z] Page loaded. Waiting for statistics DOM...
[2026-08-16T06:09:08Z] Script [readiness] result prefix: {"body_text_length":4287,"ready":true,"row_count":116,"section":"lineups","title":"PSG 3-1 LEN | PSG v Lens 26/08/2023, Lineups - Flashscore.com | Match"}
[2026-08-16T06:09:08Z] Reading rendered DOM...
[2026-08-16T06:09:08Z] Executing extraction script for phase 4; length: 20701.
[2026-08-16T06:09:09Z] Script [extract] result prefix: {"schema_version":"1.3","section":"lineups","statistic_period":null,"source_url":"https://www.flashscore.com/match/football/lens-IBmris38/psg-CjhkPw0k/summary/lineups/?mid=UFEZC54D","match_id":"UFEZC54D","collected_at_utc":"2026-08-16T06:09:09.040Z","page_title":"PSG 3-1 LEN | PSG v Lens 26/08/2023, Lineups - Flashscore.com | Match","competition":"WORLD CUP","status":"FINISHED","date_time":"26.08.2023 23:00","home_team":"PSG","away_team":"Lens","score":{"home":"3","away":"1","display":"3 - 1"},"
[2026-08-16T06:09:09Z] Merged section: lineups
[2026-08-16T06:09:09Z] French Ligue 1 2023/2024: Player Stats are unavailable in the source profile.
[2026-08-16T06:09:09Z] Marked all Player Stats categories as not_available; collection continues.
[2026-08-16T06:09:09Z] Opening commentary...
[2026-08-16T06:09:09Z] Navigate: https://www.flashscore.com/match/football/lens-IBmris38/psg-CjhkPw0k/summary/live-commentary/?mid=UFEZC54D
[2026-08-16T06:09:12Z] Page loaded. Waiting for statistics DOM...
[2026-08-16T06:09:13Z] Script [readiness] result prefix: {"body_text_length":12955,"ready":true,"row_count":232,"section":"commentary","title":"PSG 3-1 LEN | PSG v Lens 26/08/2023 | Football - Flashscore | Match"}
[2026-08-16T06:09:13Z] Reading rendered DOM...
[2026-08-16T06:09:13Z] Executing extraction script for phase 12; length: 11834.
[2026-08-16T06:09:13Z] Script [extract] result prefix: {"schema_version":"1.3","section":"commentary","statistic_period":null,"source_url":"https://www.flashscore.com/match/football/lens-IBmris38/psg-CjhkPw0k/summary/live-commentary/all-comments/?mid=UFEZC54D","match_id":"UFEZC54D","collected_at_utc":"2026-08-16T06:09:13.748Z","page_title":"PSG 3-1 LEN | PSG v Lens 26/08/2023 | Football - Flashscore | Match","competition":"WORLD CUP","status":"FINISHED","date_time":"26.08.2023 23:00","home_team":"PSG","away_team":"Lens","score":{"home":"3","away":"1
[2026-08-16T06:09:13Z] Merged section: commentary
[2026-08-16T06:09:13Z] Saving complete match JSON...
[2026-08-16T06:09:13Z] Player Stats category unavailable; status=not_available: top_stats
[2026-08-16T06:09:13Z] Player Stats category unavailable; status=not_available: shots
[2026-08-16T06:09:13Z] Player Stats category unavailable; status=not_available: attack
[2026-08-16T06:09:13Z] Player Stats category unavailable; status=not_available: passes
[2026-08-16T06:09:13Z] Player Stats category unavailable; status=not_available: defense
[2026-08-16T06:09:13Z] Player Stats category unavailable; status=not_available: goalkeeping
[2026-08-16T06:09:14Z] Player Stats category unavailable; status=not_available: general
[2026-08-16T06:09:14Z] Structured goals, cards and VAR events enriched.
[2026-08-16T06:09:14Z] Saved match JSON with 14 statistics: G:\Mirza\VSCode\FlashscoreFootballCollector_\Data\Matches\Ligue1\2023_2024\2023-08-26_PSG_vs_Lens_UFEZC54D.json
[2026-08-16T06:09:14Z] Finished: 2023-08-26_PSG_vs_Lens_UFEZC54D.json
[2026-08-16T06:09:14Z] Opening overall statistics...
[2026-08-16T06:09:14Z] Navigate: https://www.flashscore.com/match/football/le-havre-CIEe04GT/rennes-d2nnj1IE/summary/stats/overall/?mid=jPFVDok7
[2026-08-16T06:09:16Z] Page loaded. Waiting for statistics DOM...
[2026-08-16T06:09:17Z] Script [readiness] result prefix: {"body_text_length":3262,"ready":true,"row_count":20,"section":"statistics_overall","title":"REN 2-2 HAV | Rennes v Le Havre 27/08/2023, Stats - Flashscore.com | Match"}
[2026-08-16T06:09:17Z] Reading rendered DOM...
[2026-08-16T06:09:17Z] Executing extraction script for phase 0; length: 5174.
[2026-08-16T06:09:17Z] Script [extract] result prefix: {"schema_version":"1.3","section":"statistics_overall","statistic_period":"overall","source_url":"https://www.flashscore.com/match/football/le-havre-CIEe04GT/rennes-d2nnj1IE/summary/stats/overall/?mid=jPFVDok7","match_id":"jPFVDok7","collected_at_utc":"2026-08-16T06:09:17.756Z","page_title":"REN 2-2 HAV | Rennes v Le Havre 27/08/2023, Stats - Flashscore.com | Match","competition":"WORLD CUP","status":"FINISHED","date_time":"27.08.2023 15:00","home_team":"Rennes","away_team":"Le Havre","score":{"
[2026-08-16T06:09:17Z] Stored overall statistics: 15 rows.
[2026-08-16T06:09:17Z] Merged section: statistics_overall
[2026-08-16T06:09:17Z] Opening 1st half statistics...
[2026-08-16T06:09:17Z] Navigate: https://www.flashscore.com/match/football/le-havre-CIEe04GT/rennes-d2nnj1IE/summary/stats/1st-half/?mid=jPFVDok7
[2026-08-16T06:09:19Z] Page loaded. Waiting for statistics DOM...
[2026-08-16T06:09:21Z] Script [readiness] result prefix: {"body_text_length":3243,"ready":true,"row_count":19,"section":"statistics_first_half","title":"REN 2-2 HAV | Rennes v Le Havre 27/08/2023, Stats - Flashscore.com | Match"}
[2026-08-16T06:09:21Z] Reading rendered DOM...
[2026-08-16T06:09:21Z] Executing extraction script for phase 1; length: 5174.
[2026-08-16T06:09:21Z] Script [extract] result prefix: {"schema_version":"1.3","section":"statistics_first_half","statistic_period":"first_half","source_url":"https://www.flashscore.com/match/football/le-havre-CIEe04GT/rennes-d2nnj1IE/summary/stats/1st-half/?mid=jPFVDok7","match_id":"jPFVDok7","collected_at_utc":"2026-08-16T06:09:21.159Z","page_title":"REN 2-2 HAV | Rennes v Le Havre 27/08/2023, Stats - Flashscore.com | Match","competition":"WORLD CUP","status":"FINISHED","date_time":"27.08.2023 15:00","home_team":"Rennes","away_team":"Le Havre","sc
[2026-08-16T06:09:21Z] Stored first_half statistics: 14 rows.
[2026-08-16T06:09:21Z] Merged section: statistics_first_half
[2026-08-16T06:09:21Z] Opening 2nd half statistics...
[2026-08-16T06:09:21Z] Navigate: https://www.flashscore.com/match/football/le-havre-CIEe04GT/rennes-d2nnj1IE/summary/stats/2nd-half/?mid=jPFVDok7
[2026-08-16T06:09:23Z] Page loaded. Waiting for statistics DOM...
[2026-08-16T06:09:25Z] Script [readiness] result prefix: {"body_text_length":3260,"ready":true,"row_count":20,"section":"statistics_second_half","title":"REN 2-2 HAV | Rennes v Le Havre 27/08/2023, Stats - Flashscore.com | Match"}
[2026-08-16T06:09:25Z] Reading rendered DOM...
[2026-08-16T06:09:25Z] Executing extraction script for phase 2; length: 5174.
[2026-08-16T06:09:25Z] Script [extract] result prefix: {"schema_version":"1.3","section":"statistics_second_half","statistic_period":"second_half","source_url":"https://www.flashscore.com/match/football/le-havre-CIEe04GT/rennes-d2nnj1IE/summary/stats/2nd-half/?mid=jPFVDok7","match_id":"jPFVDok7","collected_at_utc":"2026-08-16T06:09:25.252Z","page_title":"REN 2-2 HAV | Rennes v Le Havre 27/08/2023, Stats - Flashscore.com | Match","competition":"WORLD CUP","status":"FINISHED","date_time":"27.08.2023 15:00","home_team":"Rennes","away_team":"Le Havre","
[2026-08-16T06:09:25Z] Stored second_half statistics: 15 rows.
[2026-08-16T06:09:25Z] Merged section: statistics_second_half
[2026-08-16T06:09:25Z] Opening lineups...
[2026-08-16T06:09:25Z] Navigate: https://www.flashscore.com/match/football/le-havre-CIEe04GT/rennes-d2nnj1IE/summary/lineups/?mid=jPFVDok7
[2026-08-16T06:09:27Z] Page loaded. Waiting for statistics DOM...
[2026-08-16T06:09:28Z] Script [readiness] result prefix: {"body_text_length":4079,"ready":true,"row_count":108,"section":"lineups","title":"REN 2-2 HAV | Rennes v Le Havre 27/08/2023, Lineups - Flashscore.com | Match"}
[2026-08-16T06:09:28Z] Reading rendered DOM...
[2026-08-16T06:09:28Z] Executing extraction script for phase 4; length: 20701.
[2026-08-16T06:09:28Z] Script [extract] result prefix: {"schema_version":"1.3","section":"lineups","statistic_period":null,"source_url":"https://www.flashscore.com/match/football/le-havre-CIEe04GT/rennes-d2nnj1IE/summary/lineups/?mid=jPFVDok7","match_id":"jPFVDok7","collected_at_utc":"2026-08-16T06:09:28.678Z","page_title":"REN 2-2 HAV | Rennes v Le Havre 27/08/2023, Lineups - Flashscore.com | Match","competition":"WORLD CUP","status":"FINISHED","date_time":"27.08.2023 15:00","home_team":"Rennes","away_team":"Le Havre","score":{"home":"2","away":"2"
[2026-08-16T06:09:28Z] Merged section: lineups
[2026-08-16T06:09:28Z] French Ligue 1 2023/2024: Player Stats are unavailable in the source profile.
[2026-08-16T06:09:28Z] Marked all Player Stats categories as not_available; collection continues.
[2026-08-16T06:09:28Z] Opening commentary...
[2026-08-16T06:09:29Z] Navigate: https://www.flashscore.com/match/football/le-havre-CIEe04GT/rennes-d2nnj1IE/summary/live-commentary/?mid=jPFVDok7
[2026-08-16T06:09:30Z] Page loaded. Waiting for statistics DOM...
[2026-08-16T06:09:32Z] Script [readiness] result prefix: {"body_text_length":12991,"ready":true,"row_count":231,"section":"commentary","title":"REN 2-2 HAV | Rennes v Le Havre 27/08/2023 | Football - Flashscore | Match"}
[2026-08-16T06:09:32Z] Reading rendered DOM...
[2026-08-16T06:09:32Z] Executing extraction script for phase 12; length: 11834.
[2026-08-16T06:09:32Z] Script [extract] result prefix: {"schema_version":"1.3","section":"commentary","statistic_period":null,"source_url":"https://www.flashscore.com/match/football/le-havre-CIEe04GT/rennes-d2nnj1IE/summary/live-commentary/all-comments/?mid=jPFVDok7","match_id":"jPFVDok7","collected_at_utc":"2026-08-16T06:09:32.344Z","page_title":"REN 2-2 HAV | Rennes v Le Havre 27/08/2023 | Football - Flashscore | Match","competition":"WORLD CUP","status":"FINISHED","date_time":"27.08.2023 15:00","home_team":"Rennes","away_team":"Le Havre","score":
[2026-08-16T06:09:32Z] Merged section: commentary
[2026-08-16T06:09:32Z] Saving complete match JSON...
[2026-08-16T06:09:32Z] Player Stats category unavailable; status=not_available: top_stats
[2026-08-16T06:09:32Z] Player Stats category unavailable; status=not_available: shots
[2026-08-16T06:09:32Z] Player Stats category unavailable; status=not_available: attack
[2026-08-16T06:09:32Z] Player Stats category unavailable; status=not_available: passes
[2026-08-16T06:09:32Z] Player Stats category unavailable; status=not_available: defense
[2026-08-16T06:09:32Z] Player Stats category unavailable; status=not_available: goalkeeping
[2026-08-16T06:09:32Z] Player Stats category unavailable; status=not_available: general
[2026-08-16T06:09:32Z] Structured goals, cards and VAR events enriched.
[2026-08-16T06:09:32Z] Saved match JSON with 15 statistics: G:\Mirza\VSCode\FlashscoreFootballCollector_\Data\Matches\Ligue1\2023_2024\2023-08-27_Rennes_vs_Le_Havre_jPFVDok7.json
[2026-08-16T06:09:32Z] Finished: 2023-08-27_Rennes_vs_Le_Havre_jPFVDok7.json
[2026-08-16T06:09:33Z] Opening overall statistics...
[2026-08-16T06:09:33Z] Navigate: https://www.flashscore.com/match/football/strasbourg-nP6UzIU1/toulouse-MLmY2yB1/summary/stats/overall/?mid=bVxcU6Zm
[2026-08-16T06:09:35Z] Page loaded. Waiting for statistics DOM...
[2026-08-16T06:09:37Z] Script [readiness] result prefix: {"body_text_length":3271,"ready":true,"row_count":19,"section":"statistics_overall","title":"STR 2-0 TOU | Strasbourg v Toulouse 27/08/2023, Stats - Flashscore.com | Match"}
[2026-08-16T06:09:37Z] Reading rendered DOM...
[2026-08-16T06:09:37Z] Executing extraction script for phase 0; length: 5174.
[2026-08-16T06:09:37Z] Script [extract] result prefix: {"schema_version":"1.3","section":"statistics_overall","statistic_period":"overall","source_url":"https://www.flashscore.com/match/football/strasbourg-nP6UzIU1/toulouse-MLmY2yB1/summary/stats/overall/?mid=bVxcU6Zm","match_id":"bVxcU6Zm","collected_at_utc":"2026-08-16T06:09:37.190Z","page_title":"STR 2-0 TOU | Strasbourg v Toulouse 27/08/2023, Stats - Flashscore.com | Match","competition":"WORLD CUP","status":"FINISHED","date_time":"27.08.2023 17:00","home_team":"Strasbourg","away_team":"Toulouse
[2026-08-16T06:09:37Z] Stored overall statistics: 14 rows.
[2026-08-16T06:09:37Z] Merged section: statistics_overall
[2026-08-16T06:09:37Z] Opening 1st half statistics...
[2026-08-16T06:09:37Z] Navigate: https://www.flashscore.com/match/football/strasbourg-nP6UzIU1/toulouse-MLmY2yB1/summary/stats/1st-half/?mid=bVxcU6Zm
[2026-08-16T06:09:39Z] Page loaded. Waiting for statistics DOM...
[2026-08-16T06:09:41Z] Script [readiness] result prefix: {"body_text_length":3266,"ready":true,"row_count":19,"section":"statistics_first_half","title":"STR 2-0 TOU | Strasbourg v Toulouse 27/08/2023, Stats - Flashscore.com | Match"}
[2026-08-16T06:09:41Z] Reading rendered DOM...
[2026-08-16T06:09:41Z] Executing extraction script for phase 1; length: 5174.
[2026-08-16T06:09:41Z] Script [extract] result prefix: {"schema_version":"1.3","section":"statistics_first_half","statistic_period":"first_half","source_url":"https://www.flashscore.com/match/football/strasbourg-nP6UzIU1/toulouse-MLmY2yB1/summary/stats/1st-half/?mid=bVxcU6Zm","match_id":"bVxcU6Zm","collected_at_utc":"2026-08-16T06:09:41.132Z","page_title":"STR 2-0 TOU | Strasbourg v Toulouse 27/08/2023, Stats - Flashscore.com | Match","competition":"WORLD CUP","status":"FINISHED","date_time":"27.08.2023 17:00","home_team":"Strasbourg","away_team":"T
[2026-08-16T06:09:41Z] Stored first_half statistics: 14 rows.
[2026-08-16T06:09:41Z] Merged section: statistics_first_half
[2026-08-16T06:09:41Z] Opening 2nd half statistics...
[2026-08-16T06:09:41Z] Navigate: https://www.flashscore.com/match/football/strasbourg-nP6UzIU1/toulouse-MLmY2yB1/summary/stats/2nd-half/?mid=bVxcU6Zm
[2026-08-16T06:09:42Z] Page loaded. Waiting for statistics DOM...
[2026-08-16T06:09:44Z] Script [readiness] result prefix: {"body_text_length":3265,"ready":true,"row_count":19,"section":"statistics_second_half","title":"STR 2-0 TOU | Strasbourg v Toulouse 27/08/2023, Stats - Flashscore.com | Match"}
[2026-08-16T06:09:44Z] Reading rendered DOM...
[2026-08-16T06:09:44Z] Executing extraction script for phase 2; length: 5174.
[2026-08-16T06:09:44Z] Script [extract] result prefix: {"schema_version":"1.3","section":"statistics_second_half","statistic_period":"second_half","source_url":"https://www.flashscore.com/match/football/strasbourg-nP6UzIU1/toulouse-MLmY2yB1/summary/stats/2nd-half/?mid=bVxcU6Zm","match_id":"bVxcU6Zm","collected_at_utc":"2026-08-16T06:09:44.226Z","page_title":"STR 2-0 TOU | Strasbourg v Toulouse 27/08/2023, Stats - Flashscore.com | Match","competition":"WORLD CUP","status":"FINISHED","date_time":"27.08.2023 17:00","home_team":"Strasbourg","away_team":
[2026-08-16T06:09:44Z] Stored second_half statistics: 14 rows.
[2026-08-16T06:09:44Z] Merged section: statistics_second_half
[2026-08-16T06:09:44Z] Opening lineups...
[2026-08-16T06:09:44Z] Navigate: https://www.flashscore.com/match/football/strasbourg-nP6UzIU1/toulouse-MLmY2yB1/summary/lineups/?mid=bVxcU6Zm
[2026-08-16T06:09:47Z] Page loaded. Waiting for statistics DOM...
[2026-08-16T06:09:48Z] Script [readiness] result prefix: {"body_text_length":4302,"ready":true,"row_count":119,"section":"lineups","title":"STR 2-0 TOU | Strasbourg v Toulouse 27/08/2023, Lineups - Flashscore.com | Match"}
[2026-08-16T06:09:48Z] Reading rendered DOM...
[2026-08-16T06:09:48Z] Executing extraction script for phase 4; length: 20701.
[2026-08-16T06:09:49Z] Script [extract] result prefix: {"schema_version":"1.3","section":"lineups","statistic_period":null,"source_url":"https://www.flashscore.com/match/football/strasbourg-nP6UzIU1/toulouse-MLmY2yB1/summary/lineups/?mid=bVxcU6Zm","match_id":"bVxcU6Zm","collected_at_utc":"2026-08-16T06:09:48.973Z","page_title":"STR 2-0 TOU | Strasbourg v Toulouse 27/08/2023, Lineups - Flashscore.com | Match","competition":"WORLD CUP","status":"FINISHED","date_time":"27.08.2023 17:00","home_team":"Strasbourg","away_team":"Toulouse","score":{"home":"2
[2026-08-16T06:09:49Z] Merged section: lineups
[2026-08-16T06:09:49Z] French Ligue 1 2023/2024: Player Stats are unavailable in the source profile.
[2026-08-16T06:09:49Z] Marked all Player Stats categories as not_available; collection continues.
[2026-08-16T06:09:49Z] Opening commentary...
[2026-08-16T06:09:49Z] Navigate: https://www.flashscore.com/match/football/strasbourg-nP6UzIU1/toulouse-MLmY2yB1/summary/live-commentary/?mid=bVxcU6Zm
[2026-08-16T06:09:50Z] Page loaded. Waiting for statistics DOM...
[2026-08-16T06:09:52Z] Script [readiness] result prefix: {"body_text_length":15473,"ready":true,"row_count":268,"section":"commentary","title":"STR 2-0 TOU | Strasbourg v Toulouse 27/08/2023 | Football - Flashscore | Match"}
[2026-08-16T06:09:52Z] Reading rendered DOM...
[2026-08-16T06:09:52Z] Executing extraction script for phase 12; length: 11834.
[2026-08-16T06:09:52Z] Script [extract] result prefix: {"schema_version":"1.3","section":"commentary","statistic_period":null,"source_url":"https://www.flashscore.com/match/football/strasbourg-nP6UzIU1/toulouse-MLmY2yB1/summary/live-commentary/all-comments/?mid=bVxcU6Zm","match_id":"bVxcU6Zm","collected_at_utc":"2026-08-16T06:09:52.536Z","page_title":"STR 2-0 TOU | Strasbourg v Toulouse 27/08/2023 | Football - Flashscore | Match","competition":"WORLD CUP","status":"FINISHED","date_time":"27.08.2023 17:00","home_team":"Strasbourg","away_team":"Toulou
[2026-08-16T06:09:52Z] Merged section: commentary
[2026-08-16T06:09:52Z] Saving complete match JSON...
[2026-08-16T06:09:52Z] Player Stats category unavailable; status=not_available: top_stats
[2026-08-16T06:09:52Z] Player Stats category unavailable; status=not_available: shots
[2026-08-16T06:09:52Z] Player Stats category unavailable; status=not_available: attack
[2026-08-16T06:09:52Z] Player Stats category unavailable; status=not_available: passes
[2026-08-16T06:09:53Z] Player Stats category unavailable; status=not_available: defense
[2026-08-16T06:09:53Z] Player Stats category unavailable; status=not_available: goalkeeping
[2026-08-16T06:09:53Z] Player Stats category unavailable; status=not_available: general
[2026-08-16T06:09:53Z] Structured goals, cards and VAR events enriched.
[2026-08-16T06:09:53Z] Saved match JSON with 14 statistics: G:\Mirza\VSCode\FlashscoreFootballCollector_\Data\Matches\Ligue1\2023_2024\2023-08-27_Strasbourg_vs_Toulouse_bVxcU6Zm.json
[2026-08-16T06:09:53Z] Finished: 2023-08-27_Strasbourg_vs_Toulouse_bVxcU6Zm.json
[2026-08-16T06:09:53Z] Opening overall statistics...
[2026-08-16T06:09:53Z] Navigate: https://www.flashscore.com/match/football/montpellier-Eyf00syR/reims-tItR6sEf/summary/stats/overall/?mid=tfrhVnKs
[2026-08-16T06:09:55Z] Page loaded. Waiting for statistics DOM...
[2026-08-16T06:09:57Z] Script [readiness] result prefix: {"body_text_length":3262,"ready":true,"row_count":19,"section":"statistics_overall","title":"MNT 1-3 REI | Montpellier v Reims 27/08/2023, Stats - Flashscore.com | Match"}
[2026-08-16T06:09:57Z] Reading rendered DOM...
[2026-08-16T06:09:57Z] Executing extraction script for phase 0; length: 5174.
[2026-08-16T06:09:57Z] Script [extract] result prefix: {"schema_version":"1.3","section":"statistics_overall","statistic_period":"overall","source_url":"https://www.flashscore.com/match/football/montpellier-Eyf00syR/reims-tItR6sEf/summary/stats/overall/?mid=tfrhVnKs","match_id":"tfrhVnKs","collected_at_utc":"2026-08-16T06:09:57.283Z","page_title":"MNT 1-3 REI | Montpellier v Reims 27/08/2023, Stats - Flashscore.com | Match","competition":"WORLD CUP","status":"FINISHED","date_time":"27.08.2023 17:00","home_team":"Montpellier","away_team":"Reims","sco
[2026-08-16T06:09:57Z] Stored overall statistics: 14 rows.
[2026-08-16T06:09:57Z] Merged section: statistics_overall
[2026-08-16T06:09:57Z] Opening 1st half statistics...
[2026-08-16T06:09:57Z] Navigate: https://www.flashscore.com/match/football/montpellier-Eyf00syR/reims-tItR6sEf/summary/stats/1st-half/?mid=tfrhVnKs
[2026-08-16T06:09:59Z] Page loaded. Waiting for statistics DOM...
[2026-08-16T06:10:00Z] Script [readiness] result prefix: {"body_text_length":3242,"ready":true,"row_count":18,"section":"statistics_first_half","title":"MNT 1-3 REI | Montpellier v Reims 27/08/2023, Stats - Flashscore.com | Match"}
[2026-08-16T06:10:00Z] Reading rendered DOM...
[2026-08-16T06:10:00Z] Executing extraction script for phase 1; length: 5174.
[2026-08-16T06:10:00Z] Script [extract] result prefix: {"schema_version":"1.3","section":"statistics_first_half","statistic_period":"first_half","source_url":"https://www.flashscore.com/match/football/montpellier-Eyf00syR/reims-tItR6sEf/summary/stats/1st-half/?mid=tfrhVnKs","match_id":"tfrhVnKs","collected_at_utc":"2026-08-16T06:10:00.651Z","page_title":"MNT 1-3 REI | Montpellier v Reims 27/08/2023, Stats - Flashscore.com | Match","competition":"WORLD CUP","status":"FINISHED","date_time":"27.08.2023 17:00","home_team":"Montpellier","away_team":"Reim
[2026-08-16T06:10:00Z] Stored first_half statistics: 13 rows.
[2026-08-16T06:10:00Z] Merged section: statistics_first_half
[2026-08-16T06:10:00Z] Opening 2nd half statistics...
[2026-08-16T06:10:00Z] Navigate: https://www.flashscore.com/match/football/montpellier-Eyf00syR/reims-tItR6sEf/summary/stats/2nd-half/?mid=tfrhVnKs
[2026-08-16T06:10:02Z] Page loaded. Waiting for statistics DOM...
[2026-08-16T06:10:04Z] Script [readiness] result prefix: {"body_text_length":3254,"ready":true,"row_count":19,"section":"statistics_second_half","title":"MNT 1-3 REI | Montpellier v Reims 27/08/2023, Stats - Flashscore.com | Match"}
[2026-08-16T06:10:04Z] Reading rendered DOM...
[2026-08-16T06:10:04Z] Executing extraction script for phase 2; length: 5174.
[2026-08-16T06:10:04Z] Script [extract] result prefix: {"schema_version":"1.3","section":"statistics_second_half","statistic_period":"second_half","source_url":"https://www.flashscore.com/match/football/montpellier-Eyf00syR/reims-tItR6sEf/summary/stats/2nd-half/?mid=tfrhVnKs","match_id":"tfrhVnKs","collected_at_utc":"2026-08-16T06:10:04.382Z","page_title":"MNT 1-3 REI | Montpellier v Reims 27/08/2023, Stats - Flashscore.com | Match","competition":"WORLD CUP","status":"FINISHED","date_time":"27.08.2023 17:00","home_team":"Montpellier","away_team":"Re
[2026-08-16T06:10:04Z] Stored second_half statistics: 14 rows.
[2026-08-16T06:10:04Z] Merged section: statistics_second_half
[2026-08-16T06:10:04Z] Opening lineups...
[2026-08-16T06:10:04Z] Navigate: https://www.flashscore.com/match/football/montpellier-Eyf00syR/reims-tItR6sEf/summary/lineups/?mid=tfrhVnKs
[2026-08-16T06:10:07Z] Page loaded. Waiting for statistics DOM...
[2026-08-16T06:10:08Z] Script [readiness] result prefix: {"body_text_length":4060,"ready":true,"row_count":106,"section":"lineups","title":"MNT 1-3 REI | Montpellier v Reims 27/08/2023, Lineups - Flashscore.com | Match"}
[2026-08-16T06:10:08Z] Reading rendered DOM...
[2026-08-16T06:10:08Z] Executing extraction script for phase 4; length: 20701.
[2026-08-16T06:10:08Z] Script [extract] result prefix: {"schema_version":"1.3","section":"lineups","statistic_period":null,"source_url":"https://www.flashscore.com/match/football/montpellier-Eyf00syR/reims-tItR6sEf/summary/lineups/?mid=tfrhVnKs","match_id":"tfrhVnKs","collected_at_utc":"2026-08-16T06:10:08.818Z","page_title":"MNT 1-3 REI | Montpellier v Reims 27/08/2023, Lineups - Flashscore.com | Match","competition":"WORLD CUP","status":"FINISHED","date_time":"27.08.2023 17:00","home_team":"Montpellier","away_team":"Reims","score":{"home":"1","awa
[2026-08-16T06:10:08Z] Merged section: lineups
[2026-08-16T06:10:08Z] French Ligue 1 2023/2024: Player Stats are unavailable in the source profile.
[2026-08-16T06:10:08Z] Marked all Player Stats categories as not_available; collection continues.
[2026-08-16T06:10:08Z] Opening commentary...
[2026-08-16T06:10:08Z] Navigate: https://www.flashscore.com/match/football/montpellier-Eyf00syR/reims-tItR6sEf/summary/live-commentary/?mid=tfrhVnKs
[2026-08-16T06:10:10Z] Page loaded. Waiting for statistics DOM...
[2026-08-16T06:10:12Z] Script [readiness] result prefix: {"body_text_length":10735,"ready":true,"row_count":204,"section":"commentary","title":"MNT 1-3 REI | Montpellier v Reims 27/08/2023 | Football - Flashscore | Match"}
[2026-08-16T06:10:12Z] Reading rendered DOM...
[2026-08-16T06:10:12Z] Executing extraction script for phase 12; length: 11834.
[2026-08-16T06:10:12Z] Script [extract] result prefix: {"schema_version":"1.3","section":"commentary","statistic_period":null,"source_url":"https://www.flashscore.com/match/football/montpellier-Eyf00syR/reims-tItR6sEf/summary/live-commentary/all-comments/?mid=tfrhVnKs","match_id":"tfrhVnKs","collected_at_utc":"2026-08-16T06:10:12.464Z","page_title":"MNT 1-3 REI | Montpellier v Reims 27/08/2023 | Football - Flashscore | Match","competition":"WORLD CUP","status":"FINISHED","date_time":"27.08.2023 17:00","home_team":"Montpellier","away_team":"Reims","s
[2026-08-16T06:10:12Z] Merged section: commentary
[2026-08-16T06:10:12Z] Saving complete match JSON...
[2026-08-16T06:10:12Z] Player Stats category unavailable; status=not_available: top_stats
[2026-08-16T06:10:12Z] Player Stats category unavailable; status=not_available: shots
[2026-08-16T06:10:12Z] Player Stats category unavailable; status=not_available: attack
[2026-08-16T06:10:12Z] Player Stats category unavailable; status=not_available: passes
[2026-08-16T06:10:12Z] Player Stats category unavailable; status=not_available: defense
[2026-08-16T06:10:12Z] Player Stats category unavailable; status=not_available: goalkeeping
[2026-08-16T06:10:12Z] Player Stats category unavailable; status=not_available: general
[2026-08-16T06:10:12Z] Structured goals, cards and VAR events enriched.
[2026-08-16T06:10:12Z] Saved match JSON with 14 statistics: G:\Mirza\VSCode\FlashscoreFootballCollector_\Data\Matches\Ligue1\2023_2024\2023-08-27_Montpellier_vs_Reims_tfrhVnKs.json
[2026-08-16T06:10:13Z] Finished: 2023-08-27_Montpellier_vs_Reims_tfrhVnKs.json
[2026-08-16T06:10:13Z] Opening overall statistics...
[2026-08-16T06:10:13Z] Navigate: https://www.flashscore.com/match/football/clermont-IRuMRua1/metz-4v0yqlWc/summary/stats/overall/?mid=dl1SERZ0
[2026-08-16T06:10:15Z] Page loaded. Waiting for statistics DOM...
[2026-08-16T06:10:16Z] Script [readiness] result prefix: {"body_text_length":3244,"ready":true,"row_count":19,"section":"statistics_overall","title":"CLE 0-1 MET | Clermont v Metz 27/08/2023, Stats - Flashscore.com | Match"}
[2026-08-16T06:10:16Z] Reading rendered DOM...
[2026-08-16T06:10:16Z] Executing extraction script for phase 0; length: 5174.
[2026-08-16T06:10:16Z] Script [extract] result prefix: {"schema_version":"1.3","section":"statistics_overall","statistic_period":"overall","source_url":"https://www.flashscore.com/match/football/clermont-IRuMRua1/metz-4v0yqlWc/summary/stats/overall/?mid=dl1SERZ0","match_id":"dl1SERZ0","collected_at_utc":"2026-08-16T06:10:16.921Z","page_title":"CLE 0-1 MET | Clermont v Metz 27/08/2023, Stats - Flashscore.com | Match","competition":"WORLD CUP","status":"FINISHED","date_time":"27.08.2023 17:00","home_team":"Clermont","away_team":"Metz","score":{"home":
[2026-08-16T06:10:17Z] Stored overall statistics: 14 rows.
[2026-08-16T06:10:17Z] Merged section: statistics_overall
[2026-08-16T06:10:17Z] Opening 1st half statistics...
[2026-08-16T06:10:17Z] Navigate: https://www.flashscore.com/match/football/clermont-IRuMRua1/metz-4v0yqlWc/summary/stats/1st-half/?mid=dl1SERZ0
[2026-08-16T06:10:18Z] Page loaded. Waiting for statistics DOM...
[2026-08-16T06:10:20Z] Script [readiness] result prefix: {"body_text_length":3219,"ready":true,"row_count":18,"section":"statistics_first_half","title":"CLE 0-1 MET | Clermont v Metz 27/08/2023, Stats - Flashscore.com | Match"}
[2026-08-16T06:10:20Z] Reading rendered DOM...
[2026-08-16T06:10:20Z] Executing extraction script for phase 1; length: 5174.
[2026-08-16T06:10:20Z] Script [extract] result prefix: {"schema_version":"1.3","section":"statistics_first_half","statistic_period":"first_half","source_url":"https://www.flashscore.com/match/football/clermont-IRuMRua1/metz-4v0yqlWc/summary/stats/1st-half/?mid=dl1SERZ0","match_id":"dl1SERZ0","collected_at_utc":"2026-08-16T06:10:20.487Z","page_title":"CLE 0-1 MET | Clermont v Metz 27/08/2023, Stats - Flashscore.com | Match","competition":"WORLD CUP","status":"FINISHED","date_time":"27.08.2023 17:00","home_team":"Clermont","away_team":"Metz","score":{
[2026-08-16T06:10:20Z] Stored first_half statistics: 13 rows.
[2026-08-16T06:10:20Z] Merged section: statistics_first_half
[2026-08-16T06:10:20Z] Opening 2nd half statistics...
[2026-08-16T06:10:20Z] Navigate: https://www.flashscore.com/match/football/clermont-IRuMRua1/metz-4v0yqlWc/summary/stats/2nd-half/?mid=dl1SERZ0
[2026-08-16T06:10:23Z] Page loaded. Waiting for statistics DOM...
[2026-08-16T06:10:24Z] Script [readiness] result prefix: {"body_text_length":3234,"ready":true,"row_count":19,"section":"statistics_second_half","title":"CLE 0-1 MET | Clermont v Metz 27/08/2023, Stats - Flashscore.com | Match"}
[2026-08-16T06:10:24Z] Reading rendered DOM...
[2026-08-16T06:10:24Z] Executing extraction script for phase 2; length: 5174.
[2026-08-16T06:10:24Z] Script [extract] result prefix: {"schema_version":"1.3","section":"statistics_second_half","statistic_period":"second_half","source_url":"https://www.flashscore.com/match/football/clermont-IRuMRua1/metz-4v0yqlWc/summary/stats/2nd-half/?mid=dl1SERZ0","match_id":"dl1SERZ0","collected_at_utc":"2026-08-16T06:10:24.665Z","page_title":"CLE 0-1 MET | Clermont v Metz 27/08/2023, Stats - Flashscore.com | Match","competition":"WORLD CUP","status":"FINISHED","date_time":"27.08.2023 17:00","home_team":"Clermont","away_team":"Metz","score"
[2026-08-16T06:10:24Z] Stored second_half statistics: 14 rows.
[2026-08-16T06:10:24Z] Merged section: statistics_second_half
[2026-08-16T06:10:24Z] Opening lineups...
[2026-08-16T06:10:24Z] Navigate: https://www.flashscore.com/match/football/clermont-IRuMRua1/metz-4v0yqlWc/summary/lineups/?mid=dl1SERZ0
[2026-08-16T06:10:26Z] Page loaded. Waiting for statistics DOM...
[2026-08-16T06:10:28Z] Script [readiness] result prefix: {"body_text_length":4055,"ready":true,"row_count":110,"section":"lineups","title":"CLE 0-1 MET | Clermont v Metz 27/08/2023, Lineups - Flashscore.com | Match"}
[2026-08-16T06:10:28Z] Reading rendered DOM...
[2026-08-16T06:10:28Z] Executing extraction script for phase 4; length: 20701.
[2026-08-16T06:10:28Z] Script [extract] result prefix: {"schema_version":"1.3","section":"lineups","statistic_period":null,"source_url":"https://www.flashscore.com/match/football/clermont-IRuMRua1/metz-4v0yqlWc/summary/lineups/?mid=dl1SERZ0","match_id":"dl1SERZ0","collected_at_utc":"2026-08-16T06:10:28.353Z","page_title":"CLE 0-1 MET | Clermont v Metz 27/08/2023, Lineups - Flashscore.com | Match","competition":"WORLD CUP","status":"FINISHED","date_time":"27.08.2023 17:00","home_team":"Clermont","away_team":"Metz","score":{"home":"0","away":"1","disp
[2026-08-16T06:10:28Z] Merged section: lineups
[2026-08-16T06:10:28Z] French Ligue 1 2023/2024: Player Stats are unavailable in the source profile.
[2026-08-16T06:10:28Z] Marked all Player Stats categories as not_available; collection continues.
[2026-08-16T06:10:28Z] Opening commentary...
[2026-08-16T06:10:28Z] Navigate: https://www.flashscore.com/match/football/clermont-IRuMRua1/metz-4v0yqlWc/summary/live-commentary/?mid=dl1SERZ0
[2026-08-16T06:10:30Z] Page loaded. Waiting for statistics DOM...
[2026-08-16T06:10:32Z] Script [readiness] result prefix: {"body_text_length":10676,"ready":true,"row_count":213,"section":"commentary","title":"CLE 0-1 MET | Clermont v Metz 27/08/2023 | Football - Flashscore | Match"}
[2026-08-16T06:10:32Z] Reading rendered DOM...
[2026-08-16T06:10:32Z] Executing extraction script for phase 12; length: 11834.
[2026-08-16T06:10:33Z] Script [extract] result prefix: {"schema_version":"1.3","section":"commentary","statistic_period":null,"source_url":"https://www.flashscore.com/match/football/clermont-IRuMRua1/metz-4v0yqlWc/summary/live-commentary/all-comments/?mid=dl1SERZ0","match_id":"dl1SERZ0","collected_at_utc":"2026-08-16T06:10:33.014Z","page_title":"CLE 0-1 MET | Clermont v Metz 27/08/2023 | Football - Flashscore | Match","competition":"WORLD CUP","status":"FINISHED","date_time":"27.08.2023 17:00","home_team":"Clermont","away_team":"Metz","score":{"home
[2026-08-16T06:10:33Z] Merged section: commentary
[2026-08-16T06:10:33Z] Saving complete match JSON...
[2026-08-16T06:10:33Z] Player Stats category unavailable; status=not_available: top_stats
[2026-08-16T06:10:34Z] Player Stats category unavailable; status=not_available: shots
[2026-08-16T06:10:34Z] Player Stats category unavailable; status=not_available: attack
[2026-08-16T06:10:34Z] Player Stats category unavailable; status=not_available: passes
[2026-08-16T06:10:34Z] Player Stats category unavailable; status=not_available: defense
[2026-08-16T06:10:34Z] Player Stats category unavailable; status=not_available: goalkeeping
[2026-08-16T06:10:35Z] Player Stats category unavailable; status=not_available: general
[2026-08-16T06:10:35Z] Structured goals, cards and VAR events enriched.
[2026-08-16T06:10:35Z] Saved match JSON with 14 statistics: G:\Mirza\VSCode\FlashscoreFootballCollector_\Data\Matches\Ligue1\2023_2024\2023-08-27_Clermont_vs_Metz_dl1SERZ0.json
[2026-08-16T06:10:36Z] Finished: 2023-08-27_Clermont_vs_Metz_dl1SERZ0.json
[2026-08-16T06:10:36Z] Opening overall statistics...
[2026-08-16T06:10:36Z] Navigate: https://www.flashscore.com/match/football/lille-pfDZL71o/lorient-jgNAYRGi/summary/stats/overall/?mid=WKhIyksE
[2026-08-16T06:10:40Z] Page loaded. Waiting for statistics DOM...
[2026-08-16T06:10:42Z] Script [readiness] result prefix: {"body_text_length":3160,"ready":true,"row_count":17,"section":"statistics_overall","title":"LOR 4-1 LIL | Lorient v Lille 27/08/2023, Stats - Flashscore.com | Match"}
[2026-08-16T06:10:42Z] Reading rendered DOM...
[2026-08-16T06:10:42Z] Executing extraction script for phase 0; length: 5174.
[2026-08-16T06:10:42Z] Script [extract] result prefix: {"schema_version":"1.3","section":"statistics_overall","statistic_period":"overall","source_url":"https://www.flashscore.com/match/football/lille-pfDZL71o/lorient-jgNAYRGi/summary/stats/overall/?mid=WKhIyksE","match_id":"WKhIyksE","collected_at_utc":"2026-08-16T06:10:42.784Z","page_title":"LOR 4-1 LIL | Lorient v Lille 27/08/2023, Stats - Flashscore.com | Match","competition":"WORLD CUP","status":"FINISHED","date_time":"27.08.2023 19:05","home_team":"Lorient","away_team":"Lille","score":{"home":
[2026-08-16T06:10:42Z] Stored overall statistics: 13 rows.
[2026-08-16T06:10:43Z] Merged section: statistics_overall
[2026-08-16T06:10:43Z] Opening 1st half statistics...
[2026-08-16T06:10:43Z] Navigate: https://www.flashscore.com/match/football/lille-pfDZL71o/lorient-jgNAYRGi/summary/stats/1st-half/?mid=WKhIyksE
[2026-08-16T06:10:46Z] Page loaded. Waiting for statistics DOM...
[2026-08-16T06:10:48Z] Script [readiness] result prefix: {"body_text_length":2749,"ready":false,"row_count":0,"section":"statistics_first_half","title":"LOR 4-1 LIL | Lorient v Lille 27/08/2023, Stats - Flashscore.com | Match"}
[2026-08-16T06:10:48Z] DOM not ready; statistic rows: 0
[2026-08-16T06:10:49Z] Script [readiness] result prefix: {"body_text_length":3176,"ready":true,"row_count":17,"section":"statistics_first_half","title":"LOR 4-1 LIL | Lorient v Lille 27/08/2023, Stats - Flashscore.com | Match"}
[2026-08-16T06:10:49Z] Reading rendered DOM...
[2026-08-16T06:10:49Z] Executing extraction script for phase 1; length: 5174.
[2026-08-16T06:10:49Z] Script [extract] result prefix: {"schema_version":"1.3","section":"statistics_first_half","statistic_period":"first_half","source_url":"https://www.flashscore.com/match/football/lille-pfDZL71o/lorient-jgNAYRGi/summary/stats/1st-half/?mid=WKhIyksE","match_id":"WKhIyksE","collected_at_utc":"2026-08-16T06:10:49.981Z","page_title":"LOR 4-1 LIL | Lorient v Lille 27/08/2023, Stats - Flashscore.com | Match","competition":"WORLD CUP","status":"FINISHED","date_time":"27.08.2023 19:05","home_team":"Lorient","away_team":"Lille","score":{
[2026-08-16T06:10:50Z] Stored first_half statistics: 13 rows.
[2026-08-16T06:10:50Z] Merged section: statistics_first_half
[2026-08-16T06:10:50Z] Opening 2nd half statistics...
[2026-08-16T06:10:50Z] Navigate: https://www.flashscore.com/match/football/lille-pfDZL71o/lorient-jgNAYRGi/summary/stats/2nd-half/?mid=WKhIyksE
[2026-08-16T06:10:51Z] Page loaded. Waiting for statistics DOM...
[2026-08-16T06:10:53Z] Script [readiness] result prefix: {"body_text_length":3176,"ready":true,"row_count":17,"section":"statistics_second_half","title":"LOR 4-1 LIL | Lorient v Lille 27/08/2023, Stats - Flashscore.com | Match"}
[2026-08-16T06:10:53Z] Reading rendered DOM...
[2026-08-16T06:10:53Z] Executing extraction script for phase 2; length: 5174.
[2026-08-16T06:10:53Z] Script [extract] result prefix: {"schema_version":"1.3","section":"statistics_second_half","statistic_period":"second_half","source_url":"https://www.flashscore.com/match/football/lille-pfDZL71o/lorient-jgNAYRGi/summary/stats/2nd-half/?mid=WKhIyksE","match_id":"WKhIyksE","collected_at_utc":"2026-08-16T06:10:53.409Z","page_title":"LOR 4-1 LIL | Lorient v Lille 27/08/2023, Stats - Flashscore.com | Match","competition":"WORLD CUP","status":"FINISHED","date_time":"27.08.2023 19:05","home_team":"Lorient","away_team":"Lille","score"
[2026-08-16T06:10:53Z] Stored second_half statistics: 13 rows.
[2026-08-16T06:10:53Z] Merged section: statistics_second_half
[2026-08-16T06:10:53Z] Opening lineups...
[2026-08-16T06:10:53Z] Navigate: https://www.flashscore.com/match/football/lille-pfDZL71o/lorient-jgNAYRGi/summary/lineups/?mid=WKhIyksE
[2026-08-16T06:10:55Z] Page loaded. Waiting for statistics DOM...
[2026-08-16T06:10:56Z] Script [readiness] result prefix: {"body_text_length":4174,"ready":true,"row_count":112,"section":"lineups","title":"LOR 4-1 LIL | Lorient v Lille 27/08/2023, Lineups - Flashscore.com | Match"}
[2026-08-16T06:10:56Z] Reading rendered DOM...
[2026-08-16T06:10:56Z] Executing extraction script for phase 4; length: 20701.
[2026-08-16T06:10:56Z] Script [extract] result prefix: {"schema_version":"1.3","section":"lineups","statistic_period":null,"source_url":"https://www.flashscore.com/match/football/lille-pfDZL71o/lorient-jgNAYRGi/summary/lineups/?mid=WKhIyksE","match_id":"WKhIyksE","collected_at_utc":"2026-08-16T06:10:56.906Z","page_title":"LOR 4-1 LIL | Lorient v Lille 27/08/2023, Lineups - Flashscore.com | Match","competition":"WORLD CUP","status":"FINISHED","date_time":"27.08.2023 19:05","home_team":"Lorient","away_team":"Lille","score":{"home":"4","away":"1","disp
[2026-08-16T06:10:56Z] Merged section: lineups
[2026-08-16T06:10:56Z] French Ligue 1 2023/2024: Player Stats are unavailable in the source profile.
[2026-08-16T06:10:57Z] Marked all Player Stats categories as not_available; collection continues.
[2026-08-16T06:10:57Z] Opening commentary...
[2026-08-16T06:10:57Z] Navigate: https://www.flashscore.com/match/football/lille-pfDZL71o/lorient-jgNAYRGi/summary/live-commentary/?mid=WKhIyksE
[2026-08-16T06:10:59Z] Page loaded. Waiting for statistics DOM...
[2026-08-16T06:11:01Z] Script [readiness] result prefix: {"body_text_length":11090,"ready":true,"row_count":227,"section":"commentary","title":"LOR 4-1 LIL | Lorient v Lille 27/08/2023 | Football - Flashscore | Match"}
[2026-08-16T06:11:01Z] Reading rendered DOM...
[2026-08-16T06:11:01Z] Executing extraction script for phase 12; length: 11834.
[2026-08-16T06:11:01Z] Script [extract] result prefix: {"schema_version":"1.3","section":"commentary","statistic_period":null,"source_url":"https://www.flashscore.com/match/football/lille-pfDZL71o/lorient-jgNAYRGi/summary/live-commentary/all-comments/?mid=WKhIyksE","match_id":"WKhIyksE","collected_at_utc":"2026-08-16T06:11:01.400Z","page_title":"LOR 4-1 LIL | Lorient v Lille 27/08/2023 | Football - Flashscore | Match","competition":"WORLD CUP","status":"FINISHED","date_time":"27.08.2023 19:05","home_team":"Lorient","away_team":"Lille","score":{"home
[2026-08-16T06:11:01Z] Merged section: commentary
[2026-08-16T06:11:01Z] Saving complete match JSON...
[2026-08-16T06:11:01Z] Player Stats category unavailable; status=not_available: top_stats
[2026-08-16T06:11:01Z] Player Stats category unavailable; status=not_available: shots
[2026-08-16T06:11:01Z] Player Stats category unavailable; status=not_available: attack
[2026-08-16T06:11:01Z] Player Stats category unavailable; status=not_available: passes
[2026-08-16T06:11:01Z] Player Stats category unavailable; status=not_available: defense
[2026-08-16T06:11:01Z] Player Stats category unavailable; status=not_available: goalkeeping
[2026-08-16T06:11:01Z] Player Stats category unavailable; status=not_available: general
[2026-08-16T06:11:01Z] Structured goals, cards and VAR events enriched.
[2026-08-16T06:11:01Z] Saved match JSON with 13 statistics: G:\Mirza\VSCode\FlashscoreFootballCollector_\Data\Matches\Ligue1\2023_2024\2023-08-27_Lorient_vs_Lille_WKhIyksE.json
[2026-08-16T06:11:01Z] Finished: 2023-08-27_Lorient_vs_Lille_WKhIyksE.json
[2026-08-16T06:11:01Z] Opening overall statistics...
[2026-08-16T06:11:01Z] Navigate: https://www.flashscore.com/match/football/lyon-2akflumR/nice-YagoQJpq/summary/stats/overall/?mid=pOdMz9dK
[2026-08-16T06:11:04Z] Page loaded. Waiting for statistics DOM...
[2026-08-16T06:11:05Z] Script [readiness] result prefix: {"body_text_length":3226,"ready":true,"row_count":19,"section":"statistics_overall","title":"NIC 0-0 LYO | Nice v Lyon 27/08/2023, Stats - Flashscore.com | Match"}
[2026-08-16T06:11:05Z] Reading rendered DOM...
[2026-08-16T06:11:05Z] Executing extraction script for phase 0; length: 5174.
[2026-08-16T06:11:06Z] Script [extract] result prefix: {"schema_version":"1.3","section":"statistics_overall","statistic_period":"overall","source_url":"https://www.flashscore.com/match/football/lyon-2akflumR/nice-YagoQJpq/summary/stats/overall/?mid=pOdMz9dK","match_id":"pOdMz9dK","collected_at_utc":"2026-08-16T06:11:06.066Z","page_title":"NIC 0-0 LYO | Nice v Lyon 27/08/2023, Stats - Flashscore.com | Match","competition":"WORLD CUP","status":"FINISHED","date_time":"27.08.2023 22:45","home_team":"Nice","away_team":"Lyon","score":{"home":"0","away":"
[2026-08-16T06:11:06Z] Stored overall statistics: 14 rows.
[2026-08-16T06:11:06Z] Merged section: statistics_overall
[2026-08-16T06:11:06Z] Opening 1st half statistics...
[2026-08-16T06:11:06Z] Navigate: https://www.flashscore.com/match/football/lyon-2akflumR/nice-YagoQJpq/summary/stats/1st-half/?mid=pOdMz9dK
[2026-08-16T06:11:07Z] Page loaded. Waiting for statistics DOM...
[2026-08-16T06:11:09Z] Script [readiness] result prefix: {"body_text_length":3218,"ready":true,"row_count":19,"section":"statistics_first_half","title":"NIC 0-0 LYO | Nice v Lyon 27/08/2023, Stats - Flashscore.com | Match"}
[2026-08-16T06:11:09Z] Reading rendered DOM...
[2026-08-16T06:11:09Z] Executing extraction script for phase 1; length: 5174.
[2026-08-16T06:11:09Z] Script [extract] result prefix: {"schema_version":"1.3","section":"statistics_first_half","statistic_period":"first_half","source_url":"https://www.flashscore.com/match/football/lyon-2akflumR/nice-YagoQJpq/summary/stats/1st-half/?mid=pOdMz9dK","match_id":"pOdMz9dK","collected_at_utc":"2026-08-16T06:11:09.440Z","page_title":"NIC 0-0 LYO | Nice v Lyon 27/08/2023, Stats - Flashscore.com | Match","competition":"WORLD CUP","status":"FINISHED","date_time":"27.08.2023 22:45","home_team":"Nice","away_team":"Lyon","score":{"home":"0","
[2026-08-16T06:11:09Z] Stored first_half statistics: 14 rows.
[2026-08-16T06:11:09Z] Merged section: statistics_first_half
[2026-08-16T06:11:09Z] Opening 2nd half statistics...
[2026-08-16T06:11:09Z] Navigate: https://www.flashscore.com/match/football/lyon-2akflumR/nice-YagoQJpq/summary/stats/2nd-half/?mid=pOdMz9dK
[2026-08-16T06:11:11Z] Page loaded. Waiting for statistics DOM...
[2026-08-16T06:11:13Z] Script [readiness] result prefix: {"body_text_length":3220,"ready":true,"row_count":19,"section":"statistics_second_half","title":"NIC 0-0 LYO | Nice v Lyon 27/08/2023, Stats - Flashscore.com | Match"}
[2026-08-16T06:11:13Z] Reading rendered DOM...
[2026-08-16T06:11:13Z] Executing extraction script for phase 2; length: 5174.
[2026-08-16T06:11:13Z] Script [extract] result prefix: {"schema_version":"1.3","section":"statistics_second_half","statistic_period":"second_half","source_url":"https://www.flashscore.com/match/football/lyon-2akflumR/nice-YagoQJpq/summary/stats/2nd-half/?mid=pOdMz9dK","match_id":"pOdMz9dK","collected_at_utc":"2026-08-16T06:11:13.421Z","page_title":"NIC 0-0 LYO | Nice v Lyon 27/08/2023, Stats - Flashscore.com | Match","competition":"WORLD CUP","status":"FINISHED","date_time":"27.08.2023 22:45","home_team":"Nice","away_team":"Lyon","score":{"home":"0"
[2026-08-16T06:11:13Z] Stored second_half statistics: 14 rows.
[2026-08-16T06:11:13Z] Merged section: statistics_second_half
[2026-08-16T06:11:13Z] Opening lineups...
[2026-08-16T06:11:13Z] Navigate: https://www.flashscore.com/match/football/lyon-2akflumR/nice-YagoQJpq/summary/lineups/?mid=pOdMz9dK
[2026-08-16T06:11:16Z] Page loaded. Waiting for statistics DOM...
[2026-08-16T06:11:17Z] Script [readiness] result prefix: {"body_text_length":4091,"ready":true,"row_count":110,"section":"lineups","title":"NIC 0-0 LYO | Nice v Lyon 27/08/2023, Lineups - Flashscore.com | Match"}
[2026-08-16T06:11:17Z] Reading rendered DOM...
[2026-08-16T06:11:17Z] Executing extraction script for phase 4; length: 20701.
[2026-08-16T06:11:17Z] Script [extract] result prefix: {"schema_version":"1.3","section":"lineups","statistic_period":null,"source_url":"https://www.flashscore.com/match/football/lyon-2akflumR/nice-YagoQJpq/summary/lineups/?mid=pOdMz9dK","match_id":"pOdMz9dK","collected_at_utc":"2026-08-16T06:11:17.712Z","page_title":"NIC 0-0 LYO | Nice v Lyon 27/08/2023, Lineups - Flashscore.com | Match","competition":"WORLD CUP","status":"FINISHED","date_time":"27.08.2023 22:45","home_team":"Nice","away_team":"Lyon","score":{"home":"0","away":"0","display":"0 - 0"
[2026-08-16T06:11:17Z] Merged section: lineups
[2026-08-16T06:11:17Z] French Ligue 1 2023/2024: Player Stats are unavailable in the source profile.
[2026-08-16T06:11:17Z] Marked all Player Stats categories as not_available; collection continues.
[2026-08-16T06:11:17Z] Opening commentary...
[2026-08-16T06:11:17Z] Navigate: https://www.flashscore.com/match/football/lyon-2akflumR/nice-YagoQJpq/summary/live-commentary/?mid=pOdMz9dK
[2026-08-16T06:11:19Z] Page loaded. Waiting for statistics DOM...
[2026-08-16T06:11:20Z] Script [readiness] result prefix: {"body_text_length":13077,"ready":true,"row_count":230,"section":"commentary","title":"NIC 0-0 LYO | Nice v Lyon 27/08/2023 | Football - Flashscore | Match"}
[2026-08-16T06:11:20Z] Reading rendered DOM...
[2026-08-16T06:11:20Z] Executing extraction script for phase 12; length: 11834.
[2026-08-16T06:11:20Z] Script [extract] result prefix: {"schema_version":"1.3","section":"commentary","statistic_period":null,"source_url":"https://www.flashscore.com/match/football/lyon-2akflumR/nice-YagoQJpq/summary/live-commentary/all-comments/?mid=pOdMz9dK","match_id":"pOdMz9dK","collected_at_utc":"2026-08-16T06:11:20.940Z","page_title":"NIC 0-0 LYO | Nice v Lyon 27/08/2023 | Football - Flashscore | Match","competition":"WORLD CUP","status":"FINISHED","date_time":"27.08.2023 22:45","home_team":"Nice","away_team":"Lyon","score":{"home":"0","away"
[2026-08-16T06:11:21Z] Merged section: commentary
[2026-08-16T06:11:21Z] Saving complete match JSON...
[2026-08-16T06:11:21Z] Player Stats category unavailable; status=not_available: top_stats
[2026-08-16T06:11:21Z] Player Stats category unavailable; status=not_available: shots
[2026-08-16T06:11:21Z] Player Stats category unavailable; status=not_available: attack
[2026-08-16T06:11:21Z] Player Stats category unavailable; status=not_available: passes
[2026-08-16T06:11:21Z] Player Stats category unavailable; status=not_available: defense
[2026-08-16T06:11:21Z] Player Stats category unavailable; status=not_available: goalkeeping
[2026-08-16T06:11:22Z] Player Stats category unavailable; status=not_available: general
[2026-08-16T06:11:22Z] Structured goals, cards and VAR events enriched.
[2026-08-16T06:11:22Z] Saved match JSON with 14 statistics: G:\Mirza\VSCode\FlashscoreFootballCollector_\Data\Matches\Ligue1\2023_2024\2023-08-27_Nice_vs_Lyon_pOdMz9dK.json
[2026-08-16T06:11:22Z] Finished: 2023-08-27_Nice_vs_Lyon_pOdMz9dK.json
[2026-08-16T06:11:22Z] Opening overall statistics...
[2026-08-16T06:11:22Z] Navigate: https://www.flashscore.com/match/football/marseille-SblU3Hee/nantes-veuetnGG/summary/stats/overall/?mid=WvL3mntQ
[2026-08-16T06:11:24Z] Page loaded. Waiting for statistics DOM...
[2026-08-16T06:11:25Z] Script [readiness] result prefix: {"body_text_length":3272,"ready":true,"row_count":20,"section":"statistics_overall","title":"NAN 1-1 MAR | Nantes v Marseille 01/09/2023, Stats - Flashscore.com | Match"}
[2026-08-16T06:11:25Z] Reading rendered DOM...
[2026-08-16T06:11:25Z] Executing extraction script for phase 0; length: 5174.
[2026-08-16T06:11:25Z] Script [extract] result prefix: {"schema_version":"1.3","section":"statistics_overall","statistic_period":"overall","source_url":"https://www.flashscore.com/match/football/marseille-SblU3Hee/nantes-veuetnGG/summary/stats/overall/?mid=WvL3mntQ","match_id":"WvL3mntQ","collected_at_utc":"2026-08-16T06:11:25.910Z","page_title":"NAN 1-1 MAR | Nantes v Marseille 01/09/2023, Stats - Flashscore.com | Match","competition":"WORLD CUP","status":"FINISHED","date_time":"01.09.2023 23:00","home_team":"Nantes","away_team":"Marseille","score"
[2026-08-16T06:11:25Z] Stored overall statistics: 15 rows.
[2026-08-16T06:11:25Z] Merged section: statistics_overall
[2026-08-16T06:11:25Z] Opening 1st half statistics...
[2026-08-16T06:11:26Z] Navigate: https://www.flashscore.com/match/football/marseille-SblU3Hee/nantes-veuetnGG/summary/stats/1st-half/?mid=WvL3mntQ
[2026-08-16T06:11:27Z] Page loaded. Waiting for statistics DOM...
[2026-08-16T06:11:29Z] Script [readiness] result prefix: {"body_text_length":3244,"ready":true,"row_count":20,"section":"statistics_first_half","title":"NAN 1-1 MAR | Nantes v Marseille 01/09/2023, Stats - Flashscore.com | Match"}
[2026-08-16T06:11:29Z] Reading rendered DOM...
[2026-08-16T06:11:29Z] Executing extraction script for phase 1; length: 5174.
[2026-08-16T06:11:29Z] Script [extract] result prefix: {"schema_version":"1.3","section":"statistics_first_half","statistic_period":"first_half","source_url":"https://www.flashscore.com/match/football/marseille-SblU3Hee/nantes-veuetnGG/summary/stats/1st-half/?mid=WvL3mntQ","match_id":"WvL3mntQ","collected_at_utc":"2026-08-16T06:11:29.454Z","page_title":"NAN 1-1 MAR | Nantes v Marseille 01/09/2023, Stats - Flashscore.com | Match","competition":"WORLD CUP","status":"FINISHED","date_time":"01.09.2023 23:00","home_team":"Nantes","away_team":"Marseille",
[2026-08-16T06:11:29Z] Stored first_half statistics: 15 rows.
[2026-08-16T06:11:29Z] Merged section: statistics_first_half
[2026-08-16T06:11:29Z] Opening 2nd half statistics...
[2026-08-16T06:11:29Z] Navigate: https://www.flashscore.com/match/football/marseille-SblU3Hee/nantes-veuetnGG/summary/stats/2nd-half/?mid=WvL3mntQ
[2026-08-16T06:11:31Z] Page loaded. Waiting for statistics DOM...
[2026-08-16T06:11:33Z] Script [readiness] result prefix: {"body_text_length":3230,"ready":true,"row_count":19,"section":"statistics_second_half","title":"NAN 1-1 MAR | Nantes v Marseille 01/09/2023, Stats - Flashscore.com | Match"}
[2026-08-16T06:11:33Z] Reading rendered DOM...
[2026-08-16T06:11:33Z] Executing extraction script for phase 2; length: 5174.
[2026-08-16T06:11:33Z] Script [extract] result prefix: {"schema_version":"1.3","section":"statistics_second_half","statistic_period":"second_half","source_url":"https://www.flashscore.com/match/football/marseille-SblU3Hee/nantes-veuetnGG/summary/stats/2nd-half/?mid=WvL3mntQ","match_id":"WvL3mntQ","collected_at_utc":"2026-08-16T06:11:33.902Z","page_title":"NAN 1-1 MAR | Nantes v Marseille 01/09/2023, Stats - Flashscore.com | Match","competition":"WORLD CUP","status":"FINISHED","date_time":"01.09.2023 23:00","home_team":"Nantes","away_team":"Marseille
[2026-08-16T06:11:33Z] Stored second_half statistics: 14 rows.
[2026-08-16T06:11:34Z] Merged section: statistics_second_half
[2026-08-16T06:11:34Z] Opening lineups...
[2026-08-16T06:11:34Z] Navigate: https://www.flashscore.com/match/football/marseille-SblU3Hee/nantes-veuetnGG/summary/lineups/?mid=WvL3mntQ
[2026-08-16T06:11:36Z] Page loaded. Waiting for statistics DOM...
[2026-08-16T06:11:37Z] Script [readiness] result prefix: {"body_text_length":4150,"ready":true,"row_count":109,"section":"lineups","title":"NAN 1-1 MAR | Nantes v Marseille 01/09/2023, Lineups - Flashscore.com | Match"}
[2026-08-16T06:11:37Z] Reading rendered DOM...
[2026-08-16T06:11:37Z] Executing extraction script for phase 4; length: 20701.
[2026-08-16T06:11:38Z] Script [extract] result prefix: {"schema_version":"1.3","section":"lineups","statistic_period":null,"source_url":"https://www.flashscore.com/match/football/marseille-SblU3Hee/nantes-veuetnGG/summary/lineups/?mid=WvL3mntQ","match_id":"WvL3mntQ","collected_at_utc":"2026-08-16T06:11:38.812Z","page_title":"NAN 1-1 MAR | Nantes v Marseille 01/09/2023, Lineups - Flashscore.com | Match","competition":"WORLD CUP","status":"FINISHED","date_time":"01.09.2023 23:00","home_team":"Nantes","away_team":"Marseille","score":{"home":"1","away":
[2026-08-16T06:11:39Z] Merged section: lineups
[2026-08-16T06:11:39Z] French Ligue 1 2023/2024: Player Stats are unavailable in the source profile.
[2026-08-16T06:11:39Z] Marked all Player Stats categories as not_available; collection continues.
[2026-08-16T06:11:39Z] Opening commentary...
[2026-08-16T06:11:39Z] Navigate: https://www.flashscore.com/match/football/marseille-SblU3Hee/nantes-veuetnGG/summary/live-commentary/?mid=WvL3mntQ
[2026-08-16T06:11:42Z] Page loaded. Waiting for statistics DOM...
[2026-08-16T06:11:44Z] Script [readiness] result prefix: {"body_text_length":11875,"ready":true,"row_count":210,"section":"commentary","title":"NAN 1-1 MAR | Nantes v Marseille 01/09/2023 | Football - Flashscore | Match"}
[2026-08-16T06:11:44Z] Reading rendered DOM...
[2026-08-16T06:11:44Z] Executing extraction script for phase 12; length: 11834.
[2026-08-16T06:11:44Z] Script [extract] result prefix: {"schema_version":"1.3","section":"commentary","statistic_period":null,"source_url":"https://www.flashscore.com/match/football/marseille-SblU3Hee/nantes-veuetnGG/summary/live-commentary/all-comments/?mid=WvL3mntQ","match_id":"WvL3mntQ","collected_at_utc":"2026-08-16T06:11:44.435Z","page_title":"NAN 1-1 MAR | Nantes v Marseille 01/09/2023 | Football - Flashscore | Match","competition":"WORLD CUP","status":"FINISHED","date_time":"01.09.2023 23:00","home_team":"Nantes","away_team":"Marseille","scor
[2026-08-16T06:11:44Z] Merged section: commentary
[2026-08-16T06:11:44Z] Saving complete match JSON...
[2026-08-16T06:11:44Z] Player Stats category unavailable; status=not_available: top_stats
[2026-08-16T06:11:44Z] Player Stats category unavailable; status=not_available: shots
[2026-08-16T06:11:45Z] Player Stats category unavailable; status=not_available: attack
[2026-08-16T06:11:45Z] Player Stats category unavailable; status=not_available: passes
[2026-08-16T06:11:45Z] Player Stats category unavailable; status=not_available: defense
[2026-08-16T06:11:45Z] Player Stats category unavailable; status=not_available: goalkeeping
[2026-08-16T06:11:45Z] Player Stats category unavailable; status=not_available: general
[2026-08-16T06:11:45Z] Structured goals, cards and VAR events enriched.
[2026-08-16T06:11:45Z] Saved match JSON with 15 statistics: G:\Mirza\VSCode\FlashscoreFootballCollector_\Data\Matches\Ligue1\2023_2024\2023-09-01_Nantes_vs_Marseille_WvL3mntQ.json
[2026-08-16T06:11:45Z] Finished: 2023-09-01_Nantes_vs_Marseille_WvL3mntQ.json
[2026-08-16T06:11:45Z] Opening overall statistics...
[2026-08-16T06:11:45Z] Navigate: https://www.flashscore.com/match/football/brest-Cr4VGaUl/rennes-d2nnj1IE/summary/stats/overall/?mid=xMy1TQlf
[2026-08-16T06:11:48Z] Page loaded. Waiting for statistics DOM...
[2026-08-16T06:11:49Z] Script [readiness] result prefix: {"body_text_length":3233,"ready":true,"row_count":19,"section":"statistics_overall","title":"BRE 0-0 REN | Brest v Rennes 02/09/2023, Stats - Flashscore.com | Match"}
[2026-08-16T06:11:49Z] Reading rendered DOM...
[2026-08-16T06:11:49Z] Executing extraction script for phase 0; length: 5174.
[2026-08-16T06:11:50Z] Script [extract] result prefix: {"schema_version":"1.3","section":"statistics_overall","statistic_period":"overall","source_url":"https://www.flashscore.com/match/football/brest-Cr4VGaUl/rennes-d2nnj1IE/summary/stats/overall/?mid=xMy1TQlf","match_id":"xMy1TQlf","collected_at_utc":"2026-08-16T06:11:49.996Z","page_title":"BRE 0-0 REN | Brest v Rennes 02/09/2023, Stats - Flashscore.com | Match","competition":"WORLD CUP","status":"FINISHED","date_time":"02.09.2023 19:00","home_team":"Brest","away_team":"Rennes","score":{"home":"0"
[2026-08-16T06:11:51Z] Stored overall statistics: 14 rows.
[2026-08-16T06:11:51Z] Merged section: statistics_overall
[2026-08-16T06:11:51Z] Opening 1st half statistics...
[2026-08-16T06:11:51Z] Navigate: https://www.flashscore.com/match/football/brest-Cr4VGaUl/rennes-d2nnj1IE/summary/stats/1st-half/?mid=xMy1TQlf
[2026-08-16T06:11:53Z] Page loaded. Waiting for statistics DOM...
[2026-08-16T06:11:55Z] Script [readiness] result prefix: {"body_text_length":3209,"ready":true,"row_count":19,"section":"statistics_first_half","title":"BRE 0-0 REN | Brest v Rennes 02/09/2023, Stats - Flashscore.com | Match"}
[2026-08-16T06:11:55Z] Reading rendered DOM...
[2026-08-16T06:11:55Z] Executing extraction script for phase 1; length: 5174.
[2026-08-16T06:11:55Z] Script [extract] result prefix: {"schema_version":"1.3","section":"statistics_first_half","statistic_period":"first_half","source_url":"https://www.flashscore.com/match/football/brest-Cr4VGaUl/rennes-d2nnj1IE/summary/stats/1st-half/?mid=xMy1TQlf","match_id":"xMy1TQlf","collected_at_utc":"2026-08-16T06:11:55.249Z","page_title":"BRE 0-0 REN | Brest v Rennes 02/09/2023, Stats - Flashscore.com | Match","competition":"WORLD CUP","status":"FINISHED","date_time":"02.09.2023 19:00","home_team":"Brest","away_team":"Rennes","score":{"ho
[2026-08-16T06:11:55Z] Stored first_half statistics: 14 rows.
[2026-08-16T06:11:55Z] Merged section: statistics_first_half
[2026-08-16T06:11:55Z] Opening 2nd half statistics...
[2026-08-16T06:11:55Z] Navigate: https://www.flashscore.com/match/football/brest-Cr4VGaUl/rennes-d2nnj1IE/summary/stats/2nd-half/?mid=xMy1TQlf
[2026-08-16T06:11:57Z] Page loaded. Waiting for statistics DOM...
[2026-08-16T06:11:58Z] Script [readiness] result prefix: {"body_text_length":3229,"ready":true,"row_count":19,"section":"statistics_second_half","title":"BRE 0-0 REN | Brest v Rennes 02/09/2023, Stats - Flashscore.com | Match"}
[2026-08-16T06:11:58Z] Reading rendered DOM...
[2026-08-16T06:11:58Z] Executing extraction script for phase 2; length: 5174.
[2026-08-16T06:11:58Z] Script [extract] result prefix: {"schema_version":"1.3","section":"statistics_second_half","statistic_period":"second_half","source_url":"https://www.flashscore.com/match/football/brest-Cr4VGaUl/rennes-d2nnj1IE/summary/stats/2nd-half/?mid=xMy1TQlf","match_id":"xMy1TQlf","collected_at_utc":"2026-08-16T06:11:58.659Z","page_title":"BRE 0-0 REN | Brest v Rennes 02/09/2023, Stats - Flashscore.com | Match","competition":"WORLD CUP","status":"FINISHED","date_time":"02.09.2023 19:00","home_team":"Brest","away_team":"Rennes","score":{"
[2026-08-16T06:11:58Z] Stored second_half statistics: 14 rows.
[2026-08-16T06:11:58Z] Merged section: statistics_second_half
[2026-08-16T06:11:58Z] Opening lineups...
[2026-08-16T06:11:59Z] Navigate: https://www.flashscore.com/match/football/brest-Cr4VGaUl/rennes-d2nnj1IE/summary/lineups/?mid=xMy1TQlf
[2026-08-16T06:12:00Z] Page loaded. Waiting for statistics DOM...
[2026-08-16T06:12:02Z] Script [readiness] result prefix: {"body_text_length":4099,"ready":true,"row_count":109,"section":"lineups","title":"BRE 0-0 REN | Brest v Rennes 02/09/2023, Lineups - Flashscore.com | Match"}
[2026-08-16T06:12:02Z] Reading rendered DOM...
[2026-08-16T06:12:02Z] Executing extraction script for phase 4; length: 20701.
[2026-08-16T06:12:02Z] Script [extract] result prefix: {"schema_version":"1.3","section":"lineups","statistic_period":null,"source_url":"https://www.flashscore.com/match/football/brest-Cr4VGaUl/rennes-d2nnj1IE/summary/lineups/?mid=xMy1TQlf","match_id":"xMy1TQlf","collected_at_utc":"2026-08-16T06:12:02.523Z","page_title":"BRE 0-0 REN | Brest v Rennes 02/09/2023, Lineups - Flashscore.com | Match","competition":"WORLD CUP","status":"FINISHED","date_time":"02.09.2023 19:00","home_team":"Brest","away_team":"Rennes","score":{"home":"0","away":"0","display
[2026-08-16T06:12:02Z] Merged section: lineups
[2026-08-16T06:12:02Z] French Ligue 1 2023/2024: Player Stats are unavailable in the source profile.
[2026-08-16T06:12:02Z] Marked all Player Stats categories as not_available; collection continues.
[2026-08-16T06:12:02Z] Opening commentary...
[2026-08-16T06:12:03Z] Navigate: https://www.flashscore.com/match/football/brest-Cr4VGaUl/rennes-d2nnj1IE/summary/live-commentary/?mid=xMy1TQlf
[2026-08-16T06:12:05Z] Page loaded. Waiting for statistics DOM...
[2026-08-16T06:12:07Z] Script [readiness] result prefix: {"body_text_length":9946,"ready":true,"row_count":206,"section":"commentary","title":"BRE 0-0 REN | Brest v Rennes 02/09/2023 | Football - Flashscore | Match"}
[2026-08-16T06:12:07Z] Reading rendered DOM...
[2026-08-16T06:12:07Z] Executing extraction script for phase 12; length: 11834.
[2026-08-16T06:12:07Z] Script [extract] result prefix: {"schema_version":"1.3","section":"commentary","statistic_period":null,"source_url":"https://www.flashscore.com/match/football/brest-Cr4VGaUl/rennes-d2nnj1IE/summary/live-commentary/all-comments/?mid=xMy1TQlf","match_id":"xMy1TQlf","collected_at_utc":"2026-08-16T06:12:07.311Z","page_title":"BRE 0-0 REN | Brest v Rennes 02/09/2023 | Football - Flashscore | Match","competition":"WORLD CUP","status":"FINISHED","date_time":"02.09.2023 19:00","home_team":"Brest","away_team":"Rennes","score":{"home":"
[2026-08-16T06:12:07Z] Merged section: commentary
[2026-08-16T06:12:07Z] Saving complete match JSON...
[2026-08-16T06:12:07Z] Player Stats category unavailable; status=not_available: top_stats
[2026-08-16T06:12:07Z] Player Stats category unavailable; status=not_available: shots
[2026-08-16T06:12:07Z] Player Stats category unavailable; status=not_available: attack
[2026-08-16T06:12:07Z] Player Stats category unavailable; status=not_available: passes
[2026-08-16T06:12:07Z] Player Stats category unavailable; status=not_available: defense
[2026-08-16T06:12:07Z] Player Stats category unavailable; status=not_available: goalkeeping
[2026-08-16T06:12:07Z] Player Stats category unavailable; status=not_available: general
[2026-08-16T06:12:07Z] Structured goals, cards and VAR events enriched.
[2026-08-16T06:12:07Z] Saved match JSON with 14 statistics: G:\Mirza\VSCode\FlashscoreFootballCollector_\Data\Matches\Ligue1\2023_2024\2023-09-02_Brest_vs_Rennes_xMy1TQlf.json
[2026-08-16T06:12:07Z] Finished: 2023-09-02_Brest_vs_Rennes_xMy1TQlf.json
[2026-08-16T06:12:08Z] Opening overall statistics...
[2026-08-16T06:12:08Z] Navigate: https://www.flashscore.com/match/football/lens-IBmris38/monaco-2PIvr8o4/summary/stats/overall/?mid=QsUDQOYC
[2026-08-16T06:12:10Z] Page loaded. Waiting for statistics DOM...
[2026-08-16T06:12:11Z] Script [readiness] result prefix: {"body_text_length":3233,"ready":true,"row_count":19,"section":"statistics_overall","title":"MON 3-0 LEN | Monaco v Lens 02/09/2023, Stats - Flashscore.com | Match"}
[2026-08-16T06:12:11Z] Reading rendered DOM...
[2026-08-16T06:12:11Z] Executing extraction script for phase 0; length: 5174.
[2026-08-16T06:12:11Z] Script [extract] result prefix: {"schema_version":"1.3","section":"statistics_overall","statistic_period":"overall","source_url":"https://www.flashscore.com/match/football/lens-IBmris38/monaco-2PIvr8o4/summary/stats/overall/?mid=QsUDQOYC","match_id":"QsUDQOYC","collected_at_utc":"2026-08-16T06:12:11.878Z","page_title":"MON 3-0 LEN | Monaco v Lens 02/09/2023, Stats - Flashscore.com | Match","competition":"WORLD CUP","status":"FINISHED","date_time":"02.09.2023 23:00","home_team":"Monaco","away_team":"Lens","score":{"home":"3","a
[2026-08-16T06:12:11Z] Stored overall statistics: 14 rows.
[2026-08-16T06:12:11Z] Merged section: statistics_overall
[2026-08-16T06:12:11Z] Opening 1st half statistics...
[2026-08-16T06:12:11Z] Navigate: https://www.flashscore.com/match/football/lens-IBmris38/monaco-2PIvr8o4/summary/stats/1st-half/?mid=QsUDQOYC
[2026-08-16T06:12:13Z] Page loaded. Waiting for statistics DOM...
[2026-08-16T06:12:15Z] Script [readiness] result prefix: {"body_text_length":3224,"ready":true,"row_count":19,"section":"statistics_first_half","title":"MON 3-0 LEN | Monaco v Lens 02/09/2023, Stats - Flashscore.com | Match"}
[2026-08-16T06:12:15Z] Reading rendered DOM...
[2026-08-16T06:12:15Z] Executing extraction script for phase 1; length: 5174.
[2026-08-16T06:12:15Z] Script [extract] result prefix: {"schema_version":"1.3","section":"statistics_first_half","statistic_period":"first_half","source_url":"https://www.flashscore.com/match/football/lens-IBmris38/monaco-2PIvr8o4/summary/stats/1st-half/?mid=QsUDQOYC","match_id":"QsUDQOYC","collected_at_utc":"2026-08-16T06:12:15.396Z","page_title":"MON 3-0 LEN | Monaco v Lens 02/09/2023, Stats - Flashscore.com | Match","competition":"WORLD CUP","status":"FINISHED","date_time":"02.09.2023 23:00","home_team":"Monaco","away_team":"Lens","score":{"home"
[2026-08-16T06:12:15Z] Stored first_half statistics: 14 rows.
[2026-08-16T06:12:15Z] Merged section: statistics_first_half
[2026-08-16T06:12:15Z] Opening 2nd half statistics...
[2026-08-16T06:12:15Z] Navigate: https://www.flashscore.com/match/football/lens-IBmris38/monaco-2PIvr8o4/summary/stats/2nd-half/?mid=QsUDQOYC
[2026-08-16T06:12:17Z] Page loaded. Waiting for statistics DOM...
[2026-08-16T06:12:18Z] Script [readiness] result prefix: {"body_text_length":3207,"ready":true,"row_count":19,"section":"statistics_second_half","title":"MON 3-0 LEN | Monaco v Lens 02/09/2023, Stats - Flashscore.com | Match"}
[2026-08-16T06:12:18Z] Reading rendered DOM...
[2026-08-16T06:12:18Z] Executing extraction script for phase 2; length: 5174.
[2026-08-16T06:12:19Z] Script [extract] result prefix: {"schema_version":"1.3","section":"statistics_second_half","statistic_period":"second_half","source_url":"https://www.flashscore.com/match/football/lens-IBmris38/monaco-2PIvr8o4/summary/stats/2nd-half/?mid=QsUDQOYC","match_id":"QsUDQOYC","collected_at_utc":"2026-08-16T06:12:19.107Z","page_title":"MON 3-0 LEN | Monaco v Lens 02/09/2023, Stats - Flashscore.com | Match","competition":"WORLD CUP","status":"FINISHED","date_time":"02.09.2023 23:00","home_team":"Monaco","away_team":"Lens","score":{"hom
[2026-08-16T06:12:19Z] Stored second_half statistics: 14 rows.
[2026-08-16T06:12:20Z] Merged section: statistics_second_half
[2026-08-16T06:12:20Z] Opening lineups...
[2026-08-16T06:12:20Z] Navigate: https://www.flashscore.com/match/football/lens-IBmris38/monaco-2PIvr8o4/summary/lineups/?mid=QsUDQOYC
[2026-08-16T06:12:22Z] Page loaded. Waiting for statistics DOM...
[2026-08-16T06:12:23Z] Script [readiness] result prefix: {"body_text_length":4249,"ready":true,"row_count":117,"section":"lineups","title":"MON 3-0 LEN | Monaco v Lens 02/09/2023, Lineups - Flashscore.com | Match"}
[2026-08-16T06:12:23Z] Reading rendered DOM...
[2026-08-16T06:12:23Z] Executing extraction script for phase 4; length: 20701.
[2026-08-16T06:12:23Z] Script [extract] result prefix: {"schema_version":"1.3","section":"lineups","statistic_period":null,"source_url":"https://www.flashscore.com/match/football/lens-IBmris38/monaco-2PIvr8o4/summary/lineups/?mid=QsUDQOYC","match_id":"QsUDQOYC","collected_at_utc":"2026-08-16T06:12:23.825Z","page_title":"MON 3-0 LEN | Monaco v Lens 02/09/2023, Lineups - Flashscore.com | Match","competition":"WORLD CUP","status":"FINISHED","date_time":"02.09.2023 23:00","home_team":"Monaco","away_team":"Lens","score":{"home":"3","away":"0","display":"
[2026-08-16T06:12:23Z] Merged section: lineups
[2026-08-16T06:12:23Z] French Ligue 1 2023/2024: Player Stats are unavailable in the source profile.
[2026-08-16T06:12:23Z] Marked all Player Stats categories as not_available; collection continues.
[2026-08-16T06:12:23Z] Opening commentary...
[2026-08-16T06:12:24Z] Navigate: https://www.flashscore.com/match/football/lens-IBmris38/monaco-2PIvr8o4/summary/live-commentary/?mid=QsUDQOYC
[2026-08-16T06:12:26Z] Page loaded. Waiting for statistics DOM...
[2026-08-16T06:12:28Z] Script [readiness] result prefix: {"body_text_length":9713,"ready":true,"row_count":207,"section":"commentary","title":"MON 3-0 LEN | Monaco v Lens 02/09/2023 | Football - Flashscore | Match"}
[2026-08-16T06:12:28Z] Reading rendered DOM...
[2026-08-16T06:12:28Z] Executing extraction script for phase 12; length: 11834.
[2026-08-16T06:12:28Z] Script [extract] result prefix: {"schema_version":"1.3","section":"commentary","statistic_period":null,"source_url":"https://www.flashscore.com/match/football/lens-IBmris38/monaco-2PIvr8o4/summary/live-commentary/all-comments/?mid=QsUDQOYC","match_id":"QsUDQOYC","collected_at_utc":"2026-08-16T06:12:28.334Z","page_title":"MON 3-0 LEN | Monaco v Lens 02/09/2023 | Football - Flashscore | Match","competition":"WORLD CUP","status":"FINISHED","date_time":"02.09.2023 23:00","home_team":"Monaco","away_team":"Lens","score":{"home":"3",
[2026-08-16T06:12:28Z] Merged section: commentary
[2026-08-16T06:12:28Z] Saving complete match JSON...
[2026-08-16T06:12:28Z] Player Stats category unavailable; status=not_available: top_stats
[2026-08-16T06:12:28Z] Player Stats category unavailable; status=not_available: shots
[2026-08-16T06:12:28Z] Player Stats category unavailable; status=not_available: attack
[2026-08-16T06:12:28Z] Player Stats category unavailable; status=not_available: passes
[2026-08-16T06:12:28Z] Player Stats category unavailable; status=not_available: defense
[2026-08-16T06:12:28Z] Player Stats category unavailable; status=not_available: goalkeeping
[2026-08-16T06:12:28Z] Player Stats category unavailable; status=not_available: general
[2026-08-16T06:12:28Z] Structured goals, cards and VAR events enriched.
[2026-08-16T06:12:28Z] Saved match JSON with 14 statistics: G:\Mirza\VSCode\FlashscoreFootballCollector_\Data\Matches\Ligue1\2023_2024\2023-09-02_Monaco_vs_Lens_QsUDQOYC.json
[2026-08-16T06:12:29Z] Finished: 2023-09-02_Monaco_vs_Lens_QsUDQOYC.json
[2026-08-16T06:12:29Z] Opening overall statistics...
[2026-08-16T06:12:29Z] Navigate: https://www.flashscore.com/match/football/clermont-IRuMRua1/toulouse-MLmY2yB1/summary/stats/overall/?mid=Wry5Sp40
[2026-08-16T06:12:31Z] Page loaded. Waiting for statistics DOM...
[2026-08-16T06:12:32Z] Script [readiness] result prefix: {"body_text_length":3261,"ready":true,"row_count":19,"section":"statistics_overall","title":"TOU 2-2 CLE | Toulouse v Clermont 03/09/2023, Stats - Flashscore.com | Match"}
[2026-08-16T06:12:32Z] Reading rendered DOM...
[2026-08-16T06:12:32Z] Executing extraction script for phase 0; length: 5174.
[2026-08-16T06:12:32Z] Script [extract] result prefix: {"schema_version":"1.3","section":"statistics_overall","statistic_period":"overall","source_url":"https://www.flashscore.com/match/football/clermont-IRuMRua1/toulouse-MLmY2yB1/summary/stats/overall/?mid=Wry5Sp40","match_id":"Wry5Sp40","collected_at_utc":"2026-08-16T06:12:32.731Z","page_title":"TOU 2-2 CLE | Toulouse v Clermont 03/09/2023, Stats - Flashscore.com | Match","competition":"WORLD CUP","status":"FINISHED","date_time":"03.09.2023 15:00","home_team":"Toulouse","away_team":"Clermont","sco
[2026-08-16T06:12:32Z] Stored overall statistics: 14 rows.
[2026-08-16T06:12:32Z] Merged section: statistics_overall
[2026-08-16T06:12:32Z] Opening 1st half statistics...
[2026-08-16T06:12:32Z] Navigate: https://www.flashscore.com/match/football/clermont-IRuMRua1/toulouse-MLmY2yB1/summary/stats/1st-half/?mid=Wry5Sp40
[2026-08-16T06:12:34Z] Page loaded. Waiting for statistics DOM...
[2026-08-16T06:12:36Z] Script [readiness] result prefix: {"body_text_length":3235,"ready":true,"row_count":19,"section":"statistics_first_half","title":"TOU 2-2 CLE | Toulouse v Clermont 03/09/2023, Stats - Flashscore.com | Match"}
[2026-08-16T06:12:36Z] Reading rendered DOM...
[2026-08-16T06:12:36Z] Executing extraction script for phase 1; length: 5174.
[2026-08-16T06:12:36Z] Script [extract] result prefix: {"schema_version":"1.3","section":"statistics_first_half","statistic_period":"first_half","source_url":"https://www.flashscore.com/match/football/clermont-IRuMRua1/toulouse-MLmY2yB1/summary/stats/1st-half/?mid=Wry5Sp40","match_id":"Wry5Sp40","collected_at_utc":"2026-08-16T06:12:36.654Z","page_title":"TOU 2-2 CLE | Toulouse v Clermont 03/09/2023, Stats - Flashscore.com | Match","competition":"WORLD CUP","status":"FINISHED","date_time":"03.09.2023 15:00","home_team":"Toulouse","away_team":"Clermon
[2026-08-16T06:12:36Z] Stored first_half statistics: 14 rows.
[2026-08-16T06:12:36Z] Merged section: statistics_first_half
[2026-08-16T06:12:36Z] Opening 2nd half statistics...
[2026-08-16T06:12:36Z] Navigate: https://www.flashscore.com/match/football/clermont-IRuMRua1/toulouse-MLmY2yB1/summary/stats/2nd-half/?mid=Wry5Sp40
[2026-08-16T06:12:38Z] Page loaded. Waiting for statistics DOM...
[2026-08-16T06:12:39Z] Script [readiness] result prefix: {"body_text_length":3255,"ready":true,"row_count":19,"section":"statistics_second_half","title":"TOU 2-2 CLE | Toulouse v Clermont 03/09/2023, Stats - Flashscore.com | Match"}
[2026-08-16T06:12:39Z] Reading rendered DOM...
[2026-08-16T06:12:39Z] Executing extraction script for phase 2; length: 5174.
[2026-08-16T06:12:39Z] Script [extract] result prefix: {"schema_version":"1.3","section":"statistics_second_half","statistic_period":"second_half","source_url":"https://www.flashscore.com/match/football/clermont-IRuMRua1/toulouse-MLmY2yB1/summary/stats/2nd-half/?mid=Wry5Sp40","match_id":"Wry5Sp40","collected_at_utc":"2026-08-16T06:12:39.944Z","page_title":"TOU 2-2 CLE | Toulouse v Clermont 03/09/2023, Stats - Flashscore.com | Match","competition":"WORLD CUP","status":"FINISHED","date_time":"03.09.2023 15:00","home_team":"Toulouse","away_team":"Clerm
[2026-08-16T06:12:39Z] Stored second_half statistics: 14 rows.
[2026-08-16T06:12:40Z] Merged section: statistics_second_half
[2026-08-16T06:12:40Z] Opening lineups...
[2026-08-16T06:12:40Z] Navigate: https://www.flashscore.com/match/football/clermont-IRuMRua1/toulouse-MLmY2yB1/summary/lineups/?mid=Wry5Sp40
[2026-08-16T06:12:43Z] Page loaded. Waiting for statistics DOM...
[2026-08-16T06:12:44Z] Script [readiness] result prefix: {"body_text_length":4129,"ready":true,"row_count":109,"section":"lineups","title":"TOU 2-2 CLE | Toulouse v Clermont 03/09/2023, Lineups - Flashscore.com | Match"}
[2026-08-16T06:12:44Z] Reading rendered DOM...
[2026-08-16T06:12:44Z] Executing extraction script for phase 4; length: 20701.
[2026-08-16T06:12:44Z] Script [extract] result prefix: {"schema_version":"1.3","section":"lineups","statistic_period":null,"source_url":"https://www.flashscore.com/match/football/clermont-IRuMRua1/toulouse-MLmY2yB1/summary/lineups/?mid=Wry5Sp40","match_id":"Wry5Sp40","collected_at_utc":"2026-08-16T06:12:44.661Z","page_title":"TOU 2-2 CLE | Toulouse v Clermont 03/09/2023, Lineups - Flashscore.com | Match","competition":"WORLD CUP","status":"FINISHED","date_time":"03.09.2023 15:00","home_team":"Toulouse","away_team":"Clermont","score":{"home":"2","awa
[2026-08-16T06:12:44Z] Merged section: lineups
[2026-08-16T06:12:44Z] French Ligue 1 2023/2024: Player Stats are unavailable in the source profile.
[2026-08-16T06:12:44Z] Marked all Player Stats categories as not_available; collection continues.
[2026-08-16T06:12:44Z] Opening commentary...
[2026-08-16T06:12:44Z] Navigate: https://www.flashscore.com/match/football/clermont-IRuMRua1/toulouse-MLmY2yB1/summary/live-commentary/?mid=Wry5Sp40
[2026-08-16T06:12:46Z] Page loaded. Waiting for statistics DOM...
[2026-08-16T06:12:48Z] Script [readiness] result prefix: {"body_text_length":13424,"ready":true,"row_count":243,"section":"commentary","title":"TOU 2-2 CLE | Toulouse v Clermont 03/09/2023 | Football - Flashscore | Match"}
[2026-08-16T06:12:48Z] Reading rendered DOM...
[2026-08-16T06:12:48Z] Executing extraction script for phase 12; length: 11834.
[2026-08-16T06:12:48Z] Script [extract] result prefix: {"schema_version":"1.3","section":"commentary","statistic_period":null,"source_url":"https://www.flashscore.com/match/football/clermont-IRuMRua1/toulouse-MLmY2yB1/summary/live-commentary/all-comments/?mid=Wry5Sp40","match_id":"Wry5Sp40","collected_at_utc":"2026-08-16T06:12:48.338Z","page_title":"TOU 2-2 CLE | Toulouse v Clermont 03/09/2023 | Football - Flashscore | Match","competition":"WORLD CUP","status":"FINISHED","date_time":"03.09.2023 15:00","home_team":"Toulouse","away_team":"Clermont","s
[2026-08-16T06:12:48Z] Merged section: commentary
[2026-08-16T06:12:48Z] Saving complete match JSON...
[2026-08-16T06:12:48Z] Player Stats category unavailable; status=not_available: top_stats
[2026-08-16T06:12:48Z] Player Stats category unavailable; status=not_available: shots
[2026-08-16T06:12:48Z] Player Stats category unavailable; status=not_available: attack
[2026-08-16T06:12:48Z] Player Stats category unavailable; status=not_available: passes
[2026-08-16T06:12:48Z] Player Stats category unavailable; status=not_available: defense
[2026-08-16T06:12:48Z] Player Stats category unavailable; status=not_available: goalkeeping
[2026-08-16T06:12:48Z] Player Stats category unavailable; status=not_available: general
[2026-08-16T06:12:48Z] Structured goals, cards and VAR events enriched.
[2026-08-16T06:12:48Z] Saved match JSON with 14 statistics: G:\Mirza\VSCode\FlashscoreFootballCollector_\Data\Matches\Ligue1\2023_2024\2023-09-03_Toulouse_vs_Clermont_Wry5Sp40.json
[2026-08-16T06:12:48Z] Finished: 2023-09-03_Toulouse_vs_Clermont_Wry5Sp40.json
[2026-08-16T06:12:49Z] Opening overall statistics...
[2026-08-16T06:12:49Z] Navigate: https://www.flashscore.com/match/football/metz-4v0yqlWc/reims-tItR6sEf/summary/stats/overall/?mid=xMcWr6ls
[2026-08-16T06:12:51Z] Page loaded. Waiting for statistics DOM...
[2026-08-16T06:12:52Z] Script [readiness] result prefix: {"body_text_length":3228,"ready":true,"row_count":19,"section":"statistics_overall","title":"MET 2-2 REI | Metz v Reims 03/09/2023, Stats - Flashscore.com | Match"}
[2026-08-16T06:12:52Z] Reading rendered DOM...
[2026-08-16T06:12:52Z] Executing extraction script for phase 0; length: 5174.
[2026-08-16T06:12:52Z] Script [extract] result prefix: {"schema_version":"1.3","section":"statistics_overall","statistic_period":"overall","source_url":"https://www.flashscore.com/match/football/metz-4v0yqlWc/reims-tItR6sEf/summary/stats/overall/?mid=xMcWr6ls","match_id":"xMcWr6ls","collected_at_utc":"2026-08-16T06:12:52.649Z","page_title":"MET 2-2 REI | Metz v Reims 03/09/2023, Stats - Flashscore.com | Match","competition":"WORLD CUP","status":"FINISHED","date_time":"03.09.2023 17:00","home_team":"Metz","away_team":"Reims","score":{"home":"2","away
[2026-08-16T06:12:52Z] Stored overall statistics: 14 rows.
[2026-08-16T06:12:52Z] Merged section: statistics_overall
[2026-08-16T06:12:52Z] Opening 1st half statistics...
[2026-08-16T06:12:52Z] Navigate: https://www.flashscore.com/match/football/metz-4v0yqlWc/reims-tItR6sEf/summary/stats/1st-half/?mid=xMcWr6ls
[2026-08-16T06:12:55Z] Page loaded. Waiting for statistics DOM...
[2026-08-16T06:12:57Z] Script [readiness] result prefix: {"body_text_length":3221,"ready":true,"row_count":19,"section":"statistics_first_half","title":"MET 2-2 REI | Metz v Reims 03/09/2023, Stats - Flashscore.com | Match"}
[2026-08-16T06:12:57Z] Reading rendered DOM...
[2026-08-16T06:12:57Z] Executing extraction script for phase 1; length: 5174.
[2026-08-16T06:12:57Z] Script [extract] result prefix: {"schema_version":"1.3","section":"statistics_first_half","statistic_period":"first_half","source_url":"https://www.flashscore.com/match/football/metz-4v0yqlWc/reims-tItR6sEf/summary/stats/1st-half/?mid=xMcWr6ls","match_id":"xMcWr6ls","collected_at_utc":"2026-08-16T06:12:57.103Z","page_title":"MET 2-2 REI | Metz v Reims 03/09/2023, Stats - Flashscore.com | Match","competition":"WORLD CUP","status":"FINISHED","date_time":"03.09.2023 17:00","home_team":"Metz","away_team":"Reims","score":{"home":"2
[2026-08-16T06:12:57Z] Stored first_half statistics: 14 rows.
[2026-08-16T06:12:57Z] Merged section: statistics_first_half
[2026-08-16T06:12:57Z] Opening 2nd half statistics...
[2026-08-16T06:12:57Z] Navigate: https://www.flashscore.com/match/football/metz-4v0yqlWc/reims-tItR6sEf/summary/stats/2nd-half/?mid=xMcWr6ls
[2026-08-16T06:12:59Z] Page loaded. Waiting for statistics DOM...
[2026-08-16T06:13:00Z] Script [readiness] result prefix: {"body_text_length":3222,"ready":true,"row_count":19,"section":"statistics_second_half","title":"MET 2-2 REI | Metz v Reims 03/09/2023, Stats - Flashscore.com | Match"}
[2026-08-16T06:13:00Z] Reading rendered DOM...
[2026-08-16T06:13:00Z] Executing extraction script for phase 2; length: 5174.
[2026-08-16T06:13:00Z] Script [extract] result prefix: {"schema_version":"1.3","section":"statistics_second_half","statistic_period":"second_half","source_url":"https://www.flashscore.com/match/football/metz-4v0yqlWc/reims-tItR6sEf/summary/stats/2nd-half/?mid=xMcWr6ls","match_id":"xMcWr6ls","collected_at_utc":"2026-08-16T06:13:00.810Z","page_title":"MET 2-2 REI | Metz v Reims 03/09/2023, Stats - Flashscore.com | Match","competition":"WORLD CUP","status":"FINISHED","date_time":"03.09.2023 17:00","home_team":"Metz","away_team":"Reims","score":{"home":
[2026-08-16T06:13:00Z] Stored second_half statistics: 14 rows.
[2026-08-16T06:13:00Z] Merged section: statistics_second_half
[2026-08-16T06:13:00Z] Opening lineups...
[2026-08-16T06:13:00Z] Navigate: https://www.flashscore.com/match/football/metz-4v0yqlWc/reims-tItR6sEf/summary/lineups/?mid=xMcWr6ls
[2026-08-16T06:13:02Z] Page loaded. Waiting for statistics DOM...
[2026-08-16T06:13:04Z] Script [readiness] result prefix: {"body_text_length":4040,"ready":true,"row_count":109,"section":"lineups","title":"MET 2-2 REI | Metz v Reims 03/09/2023, Lineups - Flashscore.com | Match"}
[2026-08-16T06:13:04Z] Reading rendered DOM...
[2026-08-16T06:13:04Z] Executing extraction script for phase 4; length: 20701.
[2026-08-16T06:13:04Z] Script [extract] result prefix: {"schema_version":"1.3","section":"lineups","statistic_period":null,"source_url":"https://www.flashscore.com/match/football/metz-4v0yqlWc/reims-tItR6sEf/summary/lineups/?mid=xMcWr6ls","match_id":"xMcWr6ls","collected_at_utc":"2026-08-16T06:13:04.228Z","page_title":"MET 2-2 REI | Metz v Reims 03/09/2023, Lineups - Flashscore.com | Match","competition":"WORLD CUP","status":"FINISHED","date_time":"03.09.2023 17:00","home_team":"Metz","away_team":"Reims","score":{"home":"2","away":"2","display":"2 -
[2026-08-16T06:13:04Z] Merged section: lineups
[2026-08-16T06:13:04Z] French Ligue 1 2023/2024: Player Stats are unavailable in the source profile.
[2026-08-16T06:13:04Z] Marked all Player Stats categories as not_available; collection continues.
[2026-08-16T06:13:04Z] Opening commentary...
[2026-08-16T06:13:04Z] Navigate: https://www.flashscore.com/match/football/metz-4v0yqlWc/reims-tItR6sEf/summary/live-commentary/?mid=xMcWr6ls
[2026-08-16T06:13:06Z] Page loaded. Waiting for statistics DOM...
[2026-08-16T06:13:08Z] Script [readiness] result prefix: {"body_text_length":9819,"ready":true,"row_count":192,"section":"commentary","title":"MET 2-2 REI | Metz v Reims 03/09/2023 | Football - Flashscore | Match"}
[2026-08-16T06:13:08Z] Reading rendered DOM...
[2026-08-16T06:13:08Z] Executing extraction script for phase 12; length: 11834.
[2026-08-16T06:13:08Z] Script [extract] result prefix: {"schema_version":"1.3","section":"commentary","statistic_period":null,"source_url":"https://www.flashscore.com/match/football/metz-4v0yqlWc/reims-tItR6sEf/summary/live-commentary/all-comments/?mid=xMcWr6ls","match_id":"xMcWr6ls","collected_at_utc":"2026-08-16T06:13:08.136Z","page_title":"MET 2-2 REI | Metz v Reims 03/09/2023 | Football - Flashscore | Match","competition":"WORLD CUP","status":"FINISHED","date_time":"03.09.2023 17:00","home_team":"Metz","away_team":"Reims","score":{"home":"2","aw
[2026-08-16T06:13:08Z] Merged section: commentary
[2026-08-16T06:13:08Z] Saving complete match JSON...
[2026-08-16T06:13:08Z] Player Stats category unavailable; status=not_available: top_stats
[2026-08-16T06:13:08Z] Player Stats category unavailable; status=not_available: shots
[2026-08-16T06:13:08Z] Player Stats category unavailable; status=not_available: attack
[2026-08-16T06:13:08Z] Player Stats category unavailable; status=not_available: passes
[2026-08-16T06:13:08Z] Player Stats category unavailable; status=not_available: defense
[2026-08-16T06:13:08Z] Player Stats category unavailable; status=not_available: goalkeeping
[2026-08-16T06:13:08Z] Player Stats category unavailable; status=not_available: general
[2026-08-16T06:13:08Z] Structured goals, cards and VAR events enriched.
[2026-08-16T06:13:08Z] Saved match JSON with 14 statistics: G:\Mirza\VSCode\FlashscoreFootballCollector_\Data\Matches\Ligue1\2023_2024\2023-09-03_Metz_vs_Reims_xMcWr6ls.json
[2026-08-16T06:13:08Z] Finished: 2023-09-03_Metz_vs_Reims_xMcWr6ls.json
[2026-08-16T06:13:08Z] Opening overall statistics...
[2026-08-16T06:13:08Z] Navigate: https://www.flashscore.com/match/football/lille-pfDZL71o/montpellier-Eyf00syR/summary/stats/overall/?mid=4YSHPrlJ
[2026-08-16T06:13:11Z] Page loaded. Waiting for statistics DOM...
[2026-08-16T06:13:12Z] Script [readiness] result prefix: {"body_text_length":3261,"ready":true,"row_count":19,"section":"statistics_overall","title":"LIL 1-0 MNT | Lille v Montpellier 03/09/2023, Stats - Flashscore.com | Match"}
[2026-08-16T06:13:12Z] Reading rendered DOM...
[2026-08-16T06:13:13Z] Executing extraction script for phase 0; length: 5174.
[2026-08-16T06:13:13Z] Script [extract] result prefix: {"schema_version":"1.3","section":"statistics_overall","statistic_period":"overall","source_url":"https://www.flashscore.com/match/football/lille-pfDZL71o/montpellier-Eyf00syR/summary/stats/overall/?mid=4YSHPrlJ","match_id":"4YSHPrlJ","collected_at_utc":"2026-08-16T06:13:13.022Z","page_title":"LIL 1-0 MNT | Lille v Montpellier 03/09/2023, Stats - Flashscore.com | Match","competition":"WORLD CUP","status":"FINISHED","date_time":"03.09.2023 17:00","home_team":"Lille","away_team":"Montpellier","sco
[2026-08-16T06:13:13Z] Stored overall statistics: 14 rows.
[2026-08-16T06:13:13Z] Merged section: statistics_overall
[2026-08-16T06:13:13Z] Opening 1st half statistics...
[2026-08-16T06:13:13Z] Navigate: https://www.flashscore.com/match/football/lille-pfDZL71o/montpellier-Eyf00syR/summary/stats/1st-half/?mid=4YSHPrlJ
[2026-08-16T06:13:15Z] Page loaded. Waiting for statistics DOM...
[2026-08-16T06:13:16Z] Script [readiness] result prefix: {"body_text_length":3238,"ready":true,"row_count":18,"section":"statistics_first_half","title":"LIL 1-0 MNT | Lille v Montpellier 03/09/2023, Stats - Flashscore.com | Match"}
[2026-08-16T06:13:16Z] Reading rendered DOM...
[2026-08-16T06:13:16Z] Executing extraction script for phase 1; length: 5174.
[2026-08-16T06:13:16Z] Script [extract] result prefix: {"schema_version":"1.3","section":"statistics_first_half","statistic_period":"first_half","source_url":"https://www.flashscore.com/match/football/lille-pfDZL71o/montpellier-Eyf00syR/summary/stats/1st-half/?mid=4YSHPrlJ","match_id":"4YSHPrlJ","collected_at_utc":"2026-08-16T06:13:16.873Z","page_title":"LIL 1-0 MNT | Lille v Montpellier 03/09/2023, Stats - Flashscore.com | Match","competition":"WORLD CUP","status":"FINISHED","date_time":"03.09.2023 17:00","home_team":"Lille","away_team":"Montpellie
[2026-08-16T06:13:16Z] Stored first_half statistics: 13 rows.
[2026-08-16T06:13:16Z] Merged section: statistics_first_half
[2026-08-16T06:13:16Z] Opening 2nd half statistics...
[2026-08-16T06:13:16Z] Navigate: https://www.flashscore.com/match/football/lille-pfDZL71o/montpellier-Eyf00syR/summary/stats/2nd-half/?mid=4YSHPrlJ
[2026-08-16T06:13:21Z] Page loaded. Waiting for statistics DOM...
[2026-08-16T06:13:23Z] Script [readiness] result prefix: {"body_text_length":3255,"ready":true,"row_count":19,"section":"statistics_second_half","title":"LIL 1-0 MNT | Lille v Montpellier 03/09/2023, Stats - Flashscore.com | Match"}
[2026-08-16T06:13:23Z] Reading rendered DOM...
[2026-08-16T06:13:23Z] Executing extraction script for phase 2; length: 5174.
[2026-08-16T06:13:23Z] Script [extract] result prefix: {"schema_version":"1.3","section":"statistics_second_half","statistic_period":"second_half","source_url":"https://www.flashscore.com/match/football/lille-pfDZL71o/montpellier-Eyf00syR/summary/stats/2nd-half/?mid=4YSHPrlJ","match_id":"4YSHPrlJ","collected_at_utc":"2026-08-16T06:13:23.419Z","page_title":"LIL 1-0 MNT | Lille v Montpellier 03/09/2023, Stats - Flashscore.com | Match","competition":"WORLD CUP","status":"FINISHED","date_time":"03.09.2023 17:00","home_team":"Lille","away_team":"Montpell
[2026-08-16T06:13:23Z] Stored second_half statistics: 14 rows.
[2026-08-16T06:13:23Z] Merged section: statistics_second_half
[2026-08-16T06:13:23Z] Opening lineups...
[2026-08-16T06:13:23Z] Navigate: https://www.flashscore.com/match/football/lille-pfDZL71o/montpellier-Eyf00syR/summary/lineups/?mid=4YSHPrlJ
[2026-08-16T06:13:25Z] Page loaded. Waiting for statistics DOM...
[2026-08-16T06:13:26Z] Script [readiness] result prefix: {"body_text_length":3963,"ready":true,"row_count":104,"section":"lineups","title":"LIL 1-0 MNT | Lille v Montpellier 03/09/2023, Lineups - Flashscore.com | Match"}
[2026-08-16T06:13:26Z] Reading rendered DOM...
[2026-08-16T06:13:26Z] Executing extraction script for phase 4; length: 20701.
[2026-08-16T06:13:26Z] Script [extract] result prefix: {"schema_version":"1.3","section":"lineups","statistic_period":null,"source_url":"https://www.flashscore.com/match/football/lille-pfDZL71o/montpellier-Eyf00syR/summary/lineups/?mid=4YSHPrlJ","match_id":"4YSHPrlJ","collected_at_utc":"2026-08-16T06:13:26.904Z","page_title":"LIL 1-0 MNT | Lille v Montpellier 03/09/2023, Lineups - Flashscore.com | Match","competition":"WORLD CUP","status":"FINISHED","date_time":"03.09.2023 17:00","home_team":"Lille","away_team":"Montpellier","score":{"home":"1","awa
[2026-08-16T06:13:26Z] Merged section: lineups
[2026-08-16T06:13:26Z] French Ligue 1 2023/2024: Player Stats are unavailable in the source profile.
[2026-08-16T06:13:26Z] Marked all Player Stats categories as not_available; collection continues.
[2026-08-16T06:13:27Z] Opening commentary...
[2026-08-16T06:13:27Z] Navigate: https://www.flashscore.com/match/football/lille-pfDZL71o/montpellier-Eyf00syR/summary/live-commentary/?mid=4YSHPrlJ
[2026-08-16T06:13:29Z] Page loaded. Waiting for statistics DOM...
[2026-08-16T06:13:30Z] Script [readiness] result prefix: {"body_text_length":17229,"ready":true,"row_count":302,"section":"commentary","title":"LIL 1-0 MNT | Lille v Montpellier 03/09/2023 | Football - Flashscore | Match"}
[2026-08-16T06:13:30Z] Reading rendered DOM...
[2026-08-16T06:13:30Z] Executing extraction script for phase 12; length: 11834.
[2026-08-16T06:13:30Z] Script [extract] result prefix: {"schema_version":"1.3","section":"commentary","statistic_period":null,"source_url":"https://www.flashscore.com/match/football/lille-pfDZL71o/montpellier-Eyf00syR/summary/live-commentary/all-comments/?mid=4YSHPrlJ","match_id":"4YSHPrlJ","collected_at_utc":"2026-08-16T06:13:30.643Z","page_title":"LIL 1-0 MNT | Lille v Montpellier 03/09/2023 | Football - Flashscore | Match","competition":"WORLD CUP","status":"FINISHED","date_time":"03.09.2023 17:00","home_team":"Lille","away_team":"Montpellier","s
[2026-08-16T06:13:30Z] Merged section: commentary
[2026-08-16T06:13:30Z] Saving complete match JSON...
[2026-08-16T06:13:30Z] Player Stats category unavailable; status=not_available: top_stats
[2026-08-16T06:13:30Z] Player Stats category unavailable; status=not_available: shots
[2026-08-16T06:13:30Z] Player Stats category unavailable; status=not_available: attack
[2026-08-16T06:13:30Z] Player Stats category unavailable; status=not_available: passes
[2026-08-16T06:13:30Z] Player Stats category unavailable; status=not_available: defense
[2026-08-16T06:13:30Z] Player Stats category unavailable; status=not_available: goalkeeping
[2026-08-16T06:13:30Z] Player Stats category unavailable; status=not_available: general
[2026-08-16T06:13:31Z] Structured goals, cards and VAR events enriched.
[2026-08-16T06:13:31Z] Saved match JSON with 14 statistics: G:\Mirza\VSCode\FlashscoreFootballCollector_\Data\Matches\Ligue1\2023_2024\2023-09-03_Lille_vs_Montpellier_4YSHPrlJ.json
[2026-08-16T06:13:31Z] Finished: 2023-09-03_Lille_vs_Montpellier_4YSHPrlJ.json
[2026-08-16T06:13:31Z] Opening overall statistics...
[2026-08-16T06:13:31Z] Navigate: https://www.flashscore.com/match/football/le-havre-CIEe04GT/lorient-jgNAYRGi/summary/stats/overall/?mid=rJv9R4J6
[2026-08-16T06:13:33Z] Page loaded. Waiting for statistics DOM...
[2026-08-16T06:13:34Z] Script [readiness] result prefix: {"body_text_length":3237,"ready":true,"row_count":18,"section":"statistics_overall","title":"HAV 3-0 LOR | Le Havre v Lorient 03/09/2023, Stats - Flashscore.com | Match"}
[2026-08-16T06:13:34Z] Reading rendered DOM...
[2026-08-16T06:13:34Z] Executing extraction script for phase 0; length: 5174.
[2026-08-16T06:13:34Z] Script [extract] result prefix: {"schema_version":"1.3","section":"statistics_overall","statistic_period":"overall","source_url":"https://www.flashscore.com/match/football/le-havre-CIEe04GT/lorient-jgNAYRGi/summary/stats/overall/?mid=rJv9R4J6","match_id":"rJv9R4J6","collected_at_utc":"2026-08-16T06:13:34.585Z","page_title":"HAV 3-0 LOR | Le Havre v Lorient 03/09/2023, Stats - Flashscore.com | Match","competition":"WORLD CUP","status":"FINISHED","date_time":"03.09.2023 17:00","home_team":"Le Havre","away_team":"Lorient","score"
[2026-08-16T06:13:34Z] Stored overall statistics: 13 rows.
[2026-08-16T06:13:34Z] Merged section: statistics_overall
[2026-08-16T06:13:34Z] Opening 1st half statistics...
[2026-08-16T06:13:34Z] Navigate: https://www.flashscore.com/match/football/le-havre-CIEe04GT/lorient-jgNAYRGi/summary/stats/1st-half/?mid=rJv9R4J6
[2026-08-16T06:13:36Z] Page loaded. Waiting for statistics DOM...
[2026-08-16T06:13:37Z] Script [readiness] result prefix: {"body_text_length":3231,"ready":true,"row_count":18,"section":"statistics_first_half","title":"HAV 3-0 LOR | Le Havre v Lorient 03/09/2023, Stats - Flashscore.com | Match"}
[2026-08-16T06:13:37Z] Reading rendered DOM...
[2026-08-16T06:13:37Z] Executing extraction script for phase 1; length: 5174.
[2026-08-16T06:13:37Z] Script [extract] result prefix: {"schema_version":"1.3","section":"statistics_first_half","statistic_period":"first_half","source_url":"https://www.flashscore.com/match/football/le-havre-CIEe04GT/lorient-jgNAYRGi/summary/stats/1st-half/?mid=rJv9R4J6","match_id":"rJv9R4J6","collected_at_utc":"2026-08-16T06:13:37.618Z","page_title":"HAV 3-0 LOR | Le Havre v Lorient 03/09/2023, Stats - Flashscore.com | Match","competition":"WORLD CUP","status":"FINISHED","date_time":"03.09.2023 17:00","home_team":"Le Havre","away_team":"Lorient",
[2026-08-16T06:13:37Z] Stored first_half statistics: 13 rows.
[2026-08-16T06:13:37Z] Merged section: statistics_first_half
[2026-08-16T06:13:37Z] Opening 2nd half statistics...
[2026-08-16T06:13:37Z] Navigate: https://www.flashscore.com/match/football/le-havre-CIEe04GT/lorient-jgNAYRGi/summary/stats/2nd-half/?mid=rJv9R4J6
[2026-08-16T06:13:39Z] Page loaded. Waiting for statistics DOM...
[2026-08-16T06:13:40Z] Script [readiness] result prefix: {"body_text_length":3233,"ready":true,"row_count":18,"section":"statistics_second_half","title":"HAV 3-0 LOR | Le Havre v Lorient 03/09/2023, Stats - Flashscore.com | Match"}
[2026-08-16T06:13:40Z] Reading rendered DOM...
[2026-08-16T06:13:40Z] Executing extraction script for phase 2; length: 5174.
[2026-08-16T06:13:41Z] Script [extract] result prefix: {"schema_version":"1.3","section":"statistics_second_half","statistic_period":"second_half","source_url":"https://www.flashscore.com/match/football/le-havre-CIEe04GT/lorient-jgNAYRGi/summary/stats/2nd-half/?mid=rJv9R4J6","match_id":"rJv9R4J6","collected_at_utc":"2026-08-16T06:13:41.011Z","page_title":"HAV 3-0 LOR | Le Havre v Lorient 03/09/2023, Stats - Flashscore.com | Match","competition":"WORLD CUP","status":"FINISHED","date_time":"03.09.2023 17:00","home_team":"Le Havre","away_team":"Lorient
[2026-08-16T06:13:41Z] Stored second_half statistics: 13 rows.
[2026-08-16T06:13:41Z] Merged section: statistics_second_half
[2026-08-16T06:13:41Z] Opening lineups...
[2026-08-16T06:13:41Z] Navigate: https://www.flashscore.com/match/football/le-havre-CIEe04GT/lorient-jgNAYRGi/summary/lineups/?mid=rJv9R4J6
[2026-08-16T06:13:42Z] Page loaded. Waiting for statistics DOM...
[2026-08-16T06:13:44Z] Script [readiness] result prefix: {"body_text_length":4204,"ready":true,"row_count":116,"section":"lineups","title":"HAV 3-0 LOR | Le Havre v Lorient 03/09/2023, Lineups - Flashscore.com | Match"}
[2026-08-16T06:13:44Z] Reading rendered DOM...
[2026-08-16T06:13:44Z] Executing extraction script for phase 4; length: 20701.
[2026-08-16T06:13:44Z] Script [extract] result prefix: {"schema_version":"1.3","section":"lineups","statistic_period":null,"source_url":"https://www.flashscore.com/match/football/le-havre-CIEe04GT/lorient-jgNAYRGi/summary/lineups/?mid=rJv9R4J6","match_id":"rJv9R4J6","collected_at_utc":"2026-08-16T06:13:44.347Z","page_title":"HAV 3-0 LOR | Le Havre v Lorient 03/09/2023, Lineups - Flashscore.com | Match","competition":"WORLD CUP","status":"FINISHED","date_time":"03.09.2023 17:00","home_team":"Le Havre","away_team":"Lorient","score":{"home":"3","away":
[2026-08-16T06:13:44Z] Merged section: lineups
[2026-08-16T06:13:44Z] French Ligue 1 2023/2024: Player Stats are unavailable in the source profile.
[2026-08-16T06:13:44Z] Marked all Player Stats categories as not_available; collection continues.
[2026-08-16T06:13:44Z] Opening commentary...
[2026-08-16T06:13:44Z] Navigate: https://www.flashscore.com/match/football/le-havre-CIEe04GT/lorient-jgNAYRGi/summary/live-commentary/?mid=rJv9R4J6
[2026-08-16T06:13:47Z] Page loaded. Waiting for statistics DOM...
[2026-08-16T06:13:48Z] Script [readiness] result prefix: {"body_text_length":9640,"ready":true,"row_count":197,"section":"commentary","title":"HAV 3-0 LOR | Le Havre v Lorient 03/09/2023 | Football - Flashscore | Match"}
[2026-08-16T06:13:48Z] Reading rendered DOM...
[2026-08-16T06:13:48Z] Executing extraction script for phase 12; length: 11834.
[2026-08-16T06:13:48Z] Script [extract] result prefix: {"schema_version":"1.3","section":"commentary","statistic_period":null,"source_url":"https://www.flashscore.com/match/football/le-havre-CIEe04GT/lorient-jgNAYRGi/summary/live-commentary/all-comments/?mid=rJv9R4J6","match_id":"rJv9R4J6","collected_at_utc":"2026-08-16T06:13:48.706Z","page_title":"HAV 3-0 LOR | Le Havre v Lorient 03/09/2023 | Football - Flashscore | Match","competition":"WORLD CUP","status":"FINISHED","date_time":"03.09.2023 17:00","home_team":"Le Havre","away_team":"Lorient","scor
[2026-08-16T06:13:48Z] Merged section: commentary
[2026-08-16T06:13:48Z] Saving complete match JSON...
[2026-08-16T06:13:48Z] Player Stats category unavailable; status=not_available: top_stats
[2026-08-16T06:13:48Z] Player Stats category unavailable; status=not_available: shots
[2026-08-16T06:13:48Z] Player Stats category unavailable; status=not_available: attack
[2026-08-16T06:13:48Z] Player Stats category unavailable; status=not_available: passes
[2026-08-16T06:13:48Z] Player Stats category unavailable; status=not_available: defense
[2026-08-16T06:13:48Z] Player Stats category unavailable; status=not_available: goalkeeping
[2026-08-16T06:13:48Z] Player Stats category unavailable; status=not_available: general
[2026-08-16T06:13:48Z] Structured goals, cards and VAR events enriched.
[2026-08-16T06:13:49Z] Saved match JSON with 13 statistics: G:\Mirza\VSCode\FlashscoreFootballCollector_\Data\Matches\Ligue1\2023_2024\2023-09-03_Le_Havre_vs_Lorient_rJv9R4J6.json
[2026-08-16T06:13:49Z] Finished: 2023-09-03_Le_Havre_vs_Lorient_rJv9R4J6.json
[2026-08-16T06:13:49Z] Opening overall statistics...
[2026-08-16T06:13:49Z] Navigate: https://www.flashscore.com/match/football/nice-YagoQJpq/strasbourg-nP6UzIU1/summary/stats/overall/?mid=jP1zrQ3m
[2026-08-16T06:13:52Z] Page loaded. Waiting for statistics DOM...
[2026-08-16T06:13:54Z] Script [readiness] result prefix: {"body_text_length":3250,"ready":true,"row_count":19,"section":"statistics_overall","title":"NIC 2-0 STR | Nice v Strasbourg 03/09/2023, Stats - Flashscore.com | Match"}
[2026-08-16T06:13:54Z] Reading rendered DOM...
[2026-08-16T06:13:54Z] Executing extraction script for phase 0; length: 5174.
[2026-08-16T06:13:54Z] Script [extract] result prefix: {"schema_version":"1.3","section":"statistics_overall","statistic_period":"overall","source_url":"https://www.flashscore.com/match/football/nice-YagoQJpq/strasbourg-nP6UzIU1/summary/stats/overall/?mid=jP1zrQ3m","match_id":"jP1zrQ3m","collected_at_utc":"2026-08-16T06:13:54.276Z","page_title":"NIC 2-0 STR | Nice v Strasbourg 03/09/2023, Stats - Flashscore.com | Match","competition":"WORLD CUP","status":"FINISHED","date_time":"03.09.2023 19:05","home_team":"Nice","away_team":"Strasbourg","score":{"
[2026-08-16T06:13:54Z] Stored overall statistics: 14 rows.
[2026-08-16T06:13:54Z] Merged section: statistics_overall
[2026-08-16T06:13:54Z] Opening 1st half statistics...
[2026-08-16T06:13:54Z] Navigate: https://www.flashscore.com/match/football/nice-YagoQJpq/strasbourg-nP6UzIU1/summary/stats/1st-half/?mid=jP1zrQ3m
[2026-08-16T06:13:56Z] Page loaded. Waiting for statistics DOM...
[2026-08-16T06:13:58Z] Script [readiness] result prefix: {"body_text_length":3244,"ready":true,"row_count":19,"section":"statistics_first_half","title":"NIC 2-0 STR | Nice v Strasbourg 03/09/2023, Stats - Flashscore.com | Match"}
[2026-08-16T06:13:58Z] Reading rendered DOM...
[2026-08-16T06:13:58Z] Executing extraction script for phase 1; length: 5174.
[2026-08-16T06:13:58Z] Script [extract] result prefix: {"schema_version":"1.3","section":"statistics_first_half","statistic_period":"first_half","source_url":"https://www.flashscore.com/match/football/nice-YagoQJpq/strasbourg-nP6UzIU1/summary/stats/1st-half/?mid=jP1zrQ3m","match_id":"jP1zrQ3m","collected_at_utc":"2026-08-16T06:13:58.190Z","page_title":"NIC 2-0 STR | Nice v Strasbourg 03/09/2023, Stats - Flashscore.com | Match","competition":"WORLD CUP","status":"FINISHED","date_time":"03.09.2023 19:05","home_team":"Nice","away_team":"Strasbourg","sc
[2026-08-16T06:13:58Z] Stored first_half statistics: 14 rows.
[2026-08-16T06:13:58Z] Merged section: statistics_first_half
[2026-08-16T06:13:58Z] Opening 2nd half statistics...
[2026-08-16T06:13:58Z] Navigate: https://www.flashscore.com/match/football/nice-YagoQJpq/strasbourg-nP6UzIU1/summary/stats/2nd-half/?mid=jP1zrQ3m
[2026-08-16T06:14:00Z] Page loaded. Waiting for statistics DOM...
[2026-08-16T06:14:02Z] Script [readiness] result prefix: {"body_text_length":3244,"ready":true,"row_count":19,"section":"statistics_second_half","title":"NIC 2-0 STR | Nice v Strasbourg 03/09/2023, Stats - Flashscore.com | Match"}
[2026-08-16T06:14:02Z] Reading rendered DOM...
[2026-08-16T06:14:02Z] Executing extraction script for phase 2; length: 5174.
[2026-08-16T06:14:02Z] Script [extract] result prefix: {"schema_version":"1.3","section":"statistics_second_half","statistic_period":"second_half","source_url":"https://www.flashscore.com/match/football/nice-YagoQJpq/strasbourg-nP6UzIU1/summary/stats/2nd-half/?mid=jP1zrQ3m","match_id":"jP1zrQ3m","collected_at_utc":"2026-08-16T06:14:02.257Z","page_title":"NIC 2-0 STR | Nice v Strasbourg 03/09/2023, Stats - Flashscore.com | Match","competition":"WORLD CUP","status":"FINISHED","date_time":"03.09.2023 19:05","home_team":"Nice","away_team":"Strasbourg","
[2026-08-16T06:14:02Z] Stored second_half statistics: 14 rows.
[2026-08-16T06:14:02Z] Merged section: statistics_second_half
[2026-08-16T06:14:02Z] Opening lineups...
[2026-08-16T06:14:02Z] Navigate: https://www.flashscore.com/match/football/nice-YagoQJpq/strasbourg-nP6UzIU1/summary/lineups/?mid=jP1zrQ3m
[2026-08-16T06:14:05Z] Page loaded. Waiting for statistics DOM...
[2026-08-16T06:14:06Z] Script [readiness] result prefix: {"body_text_length":4121,"ready":true,"row_count":114,"section":"lineups","title":"NIC 2-0 STR | Nice v Strasbourg 03/09/2023, Lineups - Flashscore.com | Match"}
[2026-08-16T06:14:06Z] Reading rendered DOM...
[2026-08-16T06:14:06Z] Executing extraction script for phase 4; length: 20701.
[2026-08-16T06:14:07Z] Script [extract] result prefix: {"schema_version":"1.3","section":"lineups","statistic_period":null,"source_url":"https://www.flashscore.com/match/football/nice-YagoQJpq/strasbourg-nP6UzIU1/summary/lineups/?mid=jP1zrQ3m","match_id":"jP1zrQ3m","collected_at_utc":"2026-08-16T06:14:06.965Z","page_title":"NIC 2-0 STR | Nice v Strasbourg 03/09/2023, Lineups - Flashscore.com | Match","competition":"WORLD CUP","status":"FINISHED","date_time":"03.09.2023 19:05","home_team":"Nice","away_team":"Strasbourg","score":{"home":"2","away":"0"
[2026-08-16T06:14:07Z] Merged section: lineups
[2026-08-16T06:14:07Z] French Ligue 1 2023/2024: Player Stats are unavailable in the source profile.
[2026-08-16T06:14:07Z] Marked all Player Stats categories as not_available; collection continues.
[2026-08-16T06:14:07Z] Opening commentary...
[2026-08-16T06:14:07Z] Navigate: https://www.flashscore.com/match/football/nice-YagoQJpq/strasbourg-nP6UzIU1/summary/live-commentary/?mid=jP1zrQ3m
[2026-08-16T06:14:09Z] Page loaded. Waiting for statistics DOM...
[2026-08-16T06:14:10Z] Script [readiness] result prefix: {"body_text_length":17126,"ready":true,"row_count":319,"section":"commentary","title":"NIC 2-0 STR | Nice v Strasbourg 03/09/2023 | Football - Flashscore | Match"}
[2026-08-16T06:14:10Z] Reading rendered DOM...
[2026-08-16T06:14:10Z] Executing extraction script for phase 12; length: 11834.
[2026-08-16T06:14:10Z] Script [extract] result prefix: {"schema_version":"1.3","section":"commentary","statistic_period":null,"source_url":"https://www.flashscore.com/match/football/nice-YagoQJpq/strasbourg-nP6UzIU1/summary/live-commentary/all-comments/?mid=jP1zrQ3m","match_id":"jP1zrQ3m","collected_at_utc":"2026-08-16T06:14:10.722Z","page_title":"NIC 2-0 STR | Nice v Strasbourg 03/09/2023 | Football - Flashscore | Match","competition":"WORLD CUP","status":"FINISHED","date_time":"03.09.2023 19:05","home_team":"Nice","away_team":"Strasbourg","score":
[2026-08-16T06:14:10Z] Merged section: commentary
[2026-08-16T06:14:10Z] Saving complete match JSON...
[2026-08-16T06:14:10Z] Player Stats category unavailable; status=not_available: top_stats
[2026-08-16T06:14:10Z] Player Stats category unavailable; status=not_available: shots
[2026-08-16T06:14:10Z] Player Stats category unavailable; status=not_available: attack
[2026-08-16T06:14:11Z] Player Stats category unavailable; status=not_available: passes
[2026-08-16T06:14:11Z] Player Stats category unavailable; status=not_available: defense
[2026-08-16T06:14:11Z] Player Stats category unavailable; status=not_available: goalkeeping
[2026-08-16T06:14:11Z] Player Stats category unavailable; status=not_available: general
[2026-08-16T06:14:11Z] Structured goals, cards and VAR events enriched.
[2026-08-16T06:14:11Z] Saved match JSON with 14 statistics: G:\Mirza\VSCode\FlashscoreFootballCollector_\Data\Matches\Ligue1\2023_2024\2023-09-03_Nice_vs_Strasbourg_jP1zrQ3m.json
[2026-08-16T06:14:11Z] Finished: 2023-09-03_Nice_vs_Strasbourg_jP1zrQ3m.json
[2026-08-16T06:14:11Z] Opening overall statistics...
[2026-08-16T06:14:11Z] Navigate: https://www.flashscore.com/match/football/lyon-2akflumR/psg-CjhkPw0k/summary/stats/overall/?mid=hlMalSQJ
[2026-08-16T06:14:14Z] Page loaded. Waiting for statistics DOM...
[2026-08-16T06:14:16Z] Script [readiness] result prefix: {"body_text_length":3218,"ready":true,"row_count":19,"section":"statistics_overall","title":"LYO 1-4 PSG | Lyon v PSG 03/09/2023, Stats - Flashscore.com | Match"}
[2026-08-16T06:14:16Z] Reading rendered DOM...
[2026-08-16T06:14:16Z] Executing extraction script for phase 0; length: 5174.
[2026-08-16T06:14:16Z] Script [extract] result prefix: {"schema_version":"1.3","section":"statistics_overall","statistic_period":"overall","source_url":"https://www.flashscore.com/match/football/lyon-2akflumR/psg-CjhkPw0k/summary/stats/overall/?mid=hlMalSQJ","match_id":"hlMalSQJ","collected_at_utc":"2026-08-16T06:14:16.154Z","page_title":"LYO 1-4 PSG | Lyon v PSG 03/09/2023, Stats - Flashscore.com | Match","competition":"WORLD CUP","status":"FINISHED","date_time":"03.09.2023 22:45","home_team":"Lyon","away_team":"PSG","score":{"home":"1","away":"4",
[2026-08-16T06:14:16Z] Stored overall statistics: 14 rows.
[2026-08-16T06:14:16Z] Merged section: statistics_overall
[2026-08-16T06:14:16Z] Opening 1st half statistics...
[2026-08-16T06:14:16Z] Navigate: https://www.flashscore.com/match/football/lyon-2akflumR/psg-CjhkPw0k/summary/stats/1st-half/?mid=hlMalSQJ
[2026-08-16T06:14:18Z] Page loaded. Waiting for statistics DOM...
[2026-08-16T06:14:19Z] Script [readiness] result prefix: {"body_text_length":3217,"ready":true,"row_count":19,"section":"statistics_first_half","title":"LYO 1-4 PSG | Lyon v PSG 03/09/2023, Stats - Flashscore.com | Match"}
[2026-08-16T06:14:19Z] Reading rendered DOM...
[2026-08-16T06:14:19Z] Executing extraction script for phase 1; length: 5174.
[2026-08-16T06:14:19Z] Script [extract] result prefix: {"schema_version":"1.3","section":"statistics_first_half","statistic_period":"first_half","source_url":"https://www.flashscore.com/match/football/lyon-2akflumR/psg-CjhkPw0k/summary/stats/1st-half/?mid=hlMalSQJ","match_id":"hlMalSQJ","collected_at_utc":"2026-08-16T06:14:19.873Z","page_title":"LYO 1-4 PSG | Lyon v PSG 03/09/2023, Stats - Flashscore.com | Match","competition":"WORLD CUP","status":"FINISHED","date_time":"03.09.2023 22:45","home_team":"Lyon","away_team":"PSG","score":{"home":"1","awa
[2026-08-16T06:14:19Z] Stored first_half statistics: 14 rows.
[2026-08-16T06:14:20Z] Merged section: statistics_first_half
[2026-08-16T06:14:20Z] Opening 2nd half statistics...
[2026-08-16T06:14:20Z] Navigate: https://www.flashscore.com/match/football/lyon-2akflumR/psg-CjhkPw0k/summary/stats/2nd-half/?mid=hlMalSQJ
[2026-08-16T06:14:22Z] Page loaded. Waiting for statistics DOM...
[2026-08-16T06:14:23Z] Script [readiness] result prefix: {"body_text_length":3215,"ready":true,"row_count":19,"section":"statistics_second_half","title":"LYO 1-4 PSG | Lyon v PSG 03/09/2023, Stats - Flashscore.com | Match"}
[2026-08-16T06:14:23Z] Reading rendered DOM...
[2026-08-16T06:14:23Z] Executing extraction script for phase 2; length: 5174.
[2026-08-16T06:14:23Z] Script [extract] result prefix: {"schema_version":"1.3","section":"statistics_second_half","statistic_period":"second_half","source_url":"https://www.flashscore.com/match/football/lyon-2akflumR/psg-CjhkPw0k/summary/stats/2nd-half/?mid=hlMalSQJ","match_id":"hlMalSQJ","collected_at_utc":"2026-08-16T06:14:23.851Z","page_title":"LYO 1-4 PSG | Lyon v PSG 03/09/2023, Stats - Flashscore.com | Match","competition":"WORLD CUP","status":"FINISHED","date_time":"03.09.2023 22:45","home_team":"Lyon","away_team":"PSG","score":{"home":"1","a
[2026-08-16T06:14:23Z] Stored second_half statistics: 14 rows.
[2026-08-16T06:14:24Z] Merged section: statistics_second_half
[2026-08-16T06:14:24Z] Opening lineups...
[2026-08-16T06:14:24Z] Navigate: https://www.flashscore.com/match/football/lyon-2akflumR/psg-CjhkPw0k/summary/lineups/?mid=hlMalSQJ
[2026-08-16T06:14:26Z] Page loaded. Waiting for statistics DOM...
[2026-08-16T06:14:27Z] Script [readiness] result prefix: {"body_text_length":4208,"ready":true,"row_count":113,"section":"lineups","title":"LYO 1-4 PSG | Lyon v PSG 03/09/2023, Lineups - Flashscore.com | Match"}
[2026-08-16T06:14:27Z] Reading rendered DOM...
[2026-08-16T06:14:27Z] Executing extraction script for phase 4; length: 20701.
[2026-08-16T06:14:27Z] Script [extract] result prefix: {"schema_version":"1.3","section":"lineups","statistic_period":null,"source_url":"https://www.flashscore.com/match/football/lyon-2akflumR/psg-CjhkPw0k/summary/lineups/?mid=hlMalSQJ","match_id":"hlMalSQJ","collected_at_utc":"2026-08-16T06:14:27.802Z","page_title":"LYO 1-4 PSG | Lyon v PSG 03/09/2023, Lineups - Flashscore.com | Match","competition":"WORLD CUP","status":"FINISHED","date_time":"03.09.2023 22:45","home_team":"Lyon","away_team":"PSG","score":{"home":"1","away":"4","display":"1 - 4"},"
[2026-08-16T06:14:27Z] Merged section: lineups
[2026-08-16T06:14:27Z] French Ligue 1 2023/2024: Player Stats are unavailable in the source profile.
[2026-08-16T06:14:27Z] Marked all Player Stats categories as not_available; collection continues.
[2026-08-16T06:14:28Z] Opening commentary...
[2026-08-16T06:14:28Z] Navigate: https://www.flashscore.com/match/football/lyon-2akflumR/psg-CjhkPw0k/summary/live-commentary/?mid=hlMalSQJ
[2026-08-16T06:14:30Z] Page loaded. Waiting for statistics DOM...
[2026-08-16T06:14:32Z] Script [readiness] result prefix: {"body_text_length":12949,"ready":true,"row_count":228,"section":"commentary","title":"LYO 1-4 PSG | Lyon v PSG 03/09/2023 | Football - Flashscore | Match"}
[2026-08-16T06:14:32Z] Reading rendered DOM...
[2026-08-16T06:14:32Z] Executing extraction script for phase 12; length: 11834.
[2026-08-16T06:14:32Z] Script [extract] result prefix: {"schema_version":"1.3","section":"commentary","statistic_period":null,"source_url":"https://www.flashscore.com/match/football/lyon-2akflumR/psg-CjhkPw0k/summary/live-commentary/all-comments/?mid=hlMalSQJ","match_id":"hlMalSQJ","collected_at_utc":"2026-08-16T06:14:32.334Z","page_title":"LYO 1-4 PSG | Lyon v PSG 03/09/2023 | Football - Flashscore | Match","competition":"WORLD CUP","status":"FINISHED","date_time":"03.09.2023 22:45","home_team":"Lyon","away_team":"PSG","score":{"home":"1","away":"4
[2026-08-16T06:14:32Z] Merged section: commentary
[2026-08-16T06:14:32Z] Saving complete match JSON...
[2026-08-16T06:14:32Z] Player Stats category unavailable; status=not_available: top_stats
[2026-08-16T06:14:32Z] Player Stats category unavailable; status=not_available: shots
[2026-08-16T06:14:32Z] Player Stats category unavailable; status=not_available: attack
[2026-08-16T06:14:32Z] Player Stats category unavailable; status=not_available: passes
[2026-08-16T06:14:32Z] Player Stats category unavailable; status=not_available: defense
[2026-08-16T06:14:32Z] Player Stats category unavailable; status=not_available: goalkeeping
[2026-08-16T06:14:32Z] Player Stats category unavailable; status=not_available: general
[2026-08-16T06:14:32Z] Structured goals, cards and VAR events enriched.
[2026-08-16T06:14:32Z] Saved match JSON with 14 statistics: G:\Mirza\VSCode\FlashscoreFootballCollector_\Data\Matches\Ligue1\2023_2024\2023-09-03_Lyon_vs_PSG_hlMalSQJ.json
[2026-08-16T06:14:32Z] Finished: 2023-09-03_Lyon_vs_PSG_hlMalSQJ.json
[2026-08-16T06:14:32Z] Opening overall statistics...
[2026-08-16T06:14:32Z] Navigate: https://www.flashscore.com/match/football/nice-YagoQJpq/psg-CjhkPw0k/summary/stats/overall/?mid=Ohl6eqYn
[2026-08-16T06:14:35Z] Page loaded. Waiting for statistics DOM...
[2026-08-16T06:14:37Z] Script [readiness] result prefix: {"body_text_length":3222,"ready":true,"row_count":19,"section":"statistics_overall","title":"PSG 2-3 NIC | PSG v Nice 15/09/2023, Stats - Flashscore.com | Match"}
[2026-08-16T06:14:37Z] Reading rendered DOM...
[2026-08-16T06:14:37Z] Executing extraction script for phase 0; length: 5174.
[2026-08-16T06:14:37Z] Script [extract] result prefix: {"schema_version":"1.3","section":"statistics_overall","statistic_period":"overall","source_url":"https://www.flashscore.com/match/football/nice-YagoQJpq/psg-CjhkPw0k/summary/stats/overall/?mid=Ohl6eqYn","match_id":"Ohl6eqYn","collected_at_utc":"2026-08-16T06:14:37.121Z","page_title":"PSG 2-3 NIC | PSG v Nice 15/09/2023, Stats - Flashscore.com | Match","competition":"WORLD CUP","status":"FINISHED","date_time":"15.09.2023 23:00","home_team":"PSG","away_team":"Nice","score":{"home":"2","away":"3",
[2026-08-16T06:14:37Z] Stored overall statistics: 14 rows.
[2026-08-16T06:14:37Z] Merged section: statistics_overall
[2026-08-16T06:14:37Z] Opening 1st half statistics...
[2026-08-16T06:14:37Z] Navigate: https://www.flashscore.com/match/football/nice-YagoQJpq/psg-CjhkPw0k/summary/stats/1st-half/?mid=Ohl6eqYn
[2026-08-16T06:14:40Z] Page loaded. Waiting for statistics DOM...
[2026-08-16T06:14:41Z] Script [readiness] result prefix: {"body_text_length":3214,"ready":true,"row_count":19,"section":"statistics_first_half","title":"PSG 2-3 NIC | PSG v Nice 15/09/2023, Stats - Flashscore.com | Match"}
[2026-08-16T06:14:41Z] Reading rendered DOM...
[2026-08-16T06:14:41Z] Executing extraction script for phase 1; length: 5174.
[2026-08-16T06:14:41Z] Script [extract] result prefix: {"schema_version":"1.3","section":"statistics_first_half","statistic_period":"first_half","source_url":"https://www.flashscore.com/match/football/nice-YagoQJpq/psg-CjhkPw0k/summary/stats/1st-half/?mid=Ohl6eqYn","match_id":"Ohl6eqYn","collected_at_utc":"2026-08-16T06:14:41.775Z","page_title":"PSG 2-3 NIC | PSG v Nice 15/09/2023, Stats - Flashscore.com | Match","competition":"WORLD CUP","status":"FINISHED","date_time":"15.09.2023 23:00","home_team":"PSG","away_team":"Nice","score":{"home":"2","awa
[2026-08-16T06:14:41Z] Stored first_half statistics: 14 rows.
[2026-08-16T06:14:41Z] Merged section: statistics_first_half
[2026-08-16T06:14:42Z] Opening 2nd half statistics...
[2026-08-16T06:14:42Z] Navigate: https://www.flashscore.com/match/football/nice-YagoQJpq/psg-CjhkPw0k/summary/stats/2nd-half/?mid=Ohl6eqYn
[2026-08-16T06:14:43Z] Page loaded. Waiting for statistics DOM...
[2026-08-16T06:14:45Z] Script [readiness] result prefix: {"body_text_length":3213,"ready":true,"row_count":19,"section":"statistics_second_half","title":"PSG 2-3 NIC | PSG v Nice 15/09/2023, Stats - Flashscore.com | Match"}
[2026-08-16T06:14:45Z] Reading rendered DOM...
[2026-08-16T06:14:45Z] Executing extraction script for phase 2; length: 5174.
[2026-08-16T06:14:45Z] Script [extract] result prefix: {"schema_version":"1.3","section":"statistics_second_half","statistic_period":"second_half","source_url":"https://www.flashscore.com/match/football/nice-YagoQJpq/psg-CjhkPw0k/summary/stats/2nd-half/?mid=Ohl6eqYn","match_id":"Ohl6eqYn","collected_at_utc":"2026-08-16T06:14:45.346Z","page_title":"PSG 2-3 NIC | PSG v Nice 15/09/2023, Stats - Flashscore.com | Match","competition":"WORLD CUP","status":"FINISHED","date_time":"15.09.2023 23:00","home_team":"PSG","away_team":"Nice","score":{"home":"2","a
[2026-08-16T06:14:45Z] Stored second_half statistics: 14 rows.
[2026-08-16T06:14:45Z] Merged section: statistics_second_half
[2026-08-16T06:14:45Z] Opening lineups...
[2026-08-16T06:14:45Z] Navigate: https://www.flashscore.com/match/football/nice-YagoQJpq/psg-CjhkPw0k/summary/lineups/?mid=Ohl6eqYn
[2026-08-16T06:14:49Z] Page loaded. Waiting for statistics DOM...
[2026-08-16T06:14:51Z] Script [readiness] result prefix: {"body_text_length":4180,"ready":true,"row_count":114,"section":"lineups","title":"PSG 2-3 NIC | PSG v Nice 15/09/2023, Lineups - Flashscore.com | Match"}
[2026-08-16T06:14:51Z] Reading rendered DOM...
[2026-08-16T06:14:51Z] Executing extraction script for phase 4; length: 20701.
[2026-08-16T06:14:51Z] Script [extract] result prefix: {"schema_version":"1.3","section":"lineups","statistic_period":null,"source_url":"https://www.flashscore.com/match/football/nice-YagoQJpq/psg-CjhkPw0k/summary/lineups/?mid=Ohl6eqYn","match_id":"Ohl6eqYn","collected_at_utc":"2026-08-16T06:14:51.222Z","page_title":"PSG 2-3 NIC | PSG v Nice 15/09/2023, Lineups - Flashscore.com | Match","competition":"WORLD CUP","status":"FINISHED","date_time":"15.09.2023 23:00","home_team":"PSG","away_team":"Nice","score":{"home":"2","away":"3","display":"2 - 3"},"
[2026-08-16T06:14:51Z] Merged section: lineups
[2026-08-16T06:14:51Z] French Ligue 1 2023/2024: Player Stats are unavailable in the source profile.
[2026-08-16T06:14:51Z] Marked all Player Stats categories as not_available; collection continues.
[2026-08-16T06:14:51Z] Opening commentary...
[2026-08-16T06:14:51Z] Navigate: https://www.flashscore.com/match/football/nice-YagoQJpq/psg-CjhkPw0k/summary/live-commentary/?mid=Ohl6eqYn
[2026-08-16T06:14:53Z] Page loaded. Waiting for statistics DOM...
[2026-08-16T06:14:55Z] Script [readiness] result prefix: {"body_text_length":11528,"ready":true,"row_count":226,"section":"commentary","title":"PSG 2-3 NIC | PSG v Nice 15/09/2023 | Football - Flashscore | Match"}
[2026-08-16T06:14:55Z] Reading rendered DOM...
[2026-08-16T06:14:55Z] Executing extraction script for phase 12; length: 11834.
[2026-08-16T06:14:55Z] Script [extract] result prefix: {"schema_version":"1.3","section":"commentary","statistic_period":null,"source_url":"https://www.flashscore.com/match/football/nice-YagoQJpq/psg-CjhkPw0k/summary/live-commentary/all-comments/?mid=Ohl6eqYn","match_id":"Ohl6eqYn","collected_at_utc":"2026-08-16T06:14:55.175Z","page_title":"PSG 2-3 NIC | PSG v Nice 15/09/2023 | Football - Flashscore | Match","competition":"WORLD CUP","status":"FINISHED","date_time":"15.09.2023 23:00","home_team":"PSG","away_team":"Nice","score":{"home":"2","away":"3
[2026-08-16T06:14:55Z] Merged section: commentary
[2026-08-16T06:14:55Z] Saving complete match JSON...
[2026-08-16T06:14:55Z] Player Stats category unavailable; status=not_available: top_stats
[2026-08-16T06:14:55Z] Player Stats category unavailable; status=not_available: shots
[2026-08-16T06:14:55Z] Player Stats category unavailable; status=not_available: attack
[2026-08-16T06:14:55Z] Player Stats category unavailable; status=not_available: passes
[2026-08-16T06:14:55Z] Player Stats category unavailable; status=not_available: defense
[2026-08-16T06:14:55Z] Player Stats category unavailable; status=not_available: goalkeeping
[2026-08-16T06:14:55Z] Player Stats category unavailable; status=not_available: general
[2026-08-16T06:14:55Z] Structured goals, cards and VAR events enriched.
[2026-08-16T06:14:56Z] Saved match JSON with 14 statistics: G:\Mirza\VSCode\FlashscoreFootballCollector_\Data\Matches\Ligue1\2023_2024\2023-09-15_PSG_vs_Nice_Ohl6eqYn.json
[2026-08-16T06:14:56Z] Finished: 2023-09-15_PSG_vs_Nice_Ohl6eqYn.json
[2026-08-16T06:14:56Z] Opening overall statistics...
[2026-08-16T06:14:56Z] Navigate: https://www.flashscore.com/match/football/lille-pfDZL71o/rennes-d2nnj1IE/summary/stats/overall/?mid=x2Fmw2II
[2026-08-16T06:14:58Z] Page loaded. Waiting for statistics DOM...
[2026-08-16T06:14:59Z] Script [readiness] result prefix: {"body_text_length":3241,"ready":true,"row_count":19,"section":"statistics_overall","title":"REN 2-2 LIL | Rennes v Lille 16/09/2023, Stats - Flashscore.com | Match"}
[2026-08-16T06:14:59Z] Reading rendered DOM...
[2026-08-16T06:14:59Z] Executing extraction script for phase 0; length: 5174.
[2026-08-16T06:14:59Z] Script [extract] result prefix: {"schema_version":"1.3","section":"statistics_overall","statistic_period":"overall","source_url":"https://www.flashscore.com/match/football/lille-pfDZL71o/rennes-d2nnj1IE/summary/stats/overall/?mid=x2Fmw2II","match_id":"x2Fmw2II","collected_at_utc":"2026-08-16T06:14:59.808Z","page_title":"REN 2-2 LIL | Rennes v Lille 16/09/2023, Stats - Flashscore.com | Match","competition":"WORLD CUP","status":"FINISHED","date_time":"16.09.2023 19:00","home_team":"Rennes","away_team":"Lille","score":{"home":"2"
[2026-08-16T06:15:00Z] Stored overall statistics: 14 rows.
[2026-08-16T06:15:00Z] Merged section: statistics_overall
[2026-08-16T06:15:00Z] Opening 1st half statistics...
[2026-08-16T06:15:00Z] Navigate: https://www.flashscore.com/match/football/lille-pfDZL71o/rennes-d2nnj1IE/summary/stats/1st-half/?mid=x2Fmw2II
[2026-08-16T06:15:03Z] Page loaded. Waiting for statistics DOM...
[2026-08-16T06:15:04Z] Script [readiness] result prefix: {"body_text_length":3146,"ready":true,"row_count":16,"section":"statistics_first_half","title":"REN 2-2 LIL | Rennes v Lille 16/09/2023, Stats - Flashscore.com | Match"}
[2026-08-16T06:15:04Z] Reading rendered DOM...
[2026-08-16T06:15:05Z] Executing extraction script for phase 1; length: 5174.
[2026-08-16T06:15:05Z] Script [extract] result prefix: {"schema_version":"1.3","section":"statistics_first_half","statistic_period":"first_half","source_url":"https://www.flashscore.com/match/football/lille-pfDZL71o/rennes-d2nnj1IE/summary/stats/1st-half/?mid=x2Fmw2II","match_id":"x2Fmw2II","collected_at_utc":"2026-08-16T06:15:05.270Z","page_title":"REN 2-2 LIL | Rennes v Lille 16/09/2023, Stats - Flashscore.com | Match","competition":"WORLD CUP","status":"FINISHED","date_time":"16.09.2023 19:00","home_team":"Rennes","away_team":"Lille","score":{"ho
[2026-08-16T06:15:05Z] Stored first_half statistics: 12 rows.
[2026-08-16T06:15:05Z] Merged section: statistics_first_half
[2026-08-16T06:15:05Z] Opening 2nd half statistics...
[2026-08-16T06:15:05Z] Navigate: https://www.flashscore.com/match/football/lille-pfDZL71o/rennes-d2nnj1IE/summary/stats/2nd-half/?mid=x2Fmw2II
[2026-08-16T06:15:07Z] Page loaded. Waiting for statistics DOM...
[2026-08-16T06:15:08Z] Script [readiness] result prefix: {"body_text_length":3236,"ready":true,"row_count":19,"section":"statistics_second_half","title":"REN 2-2 LIL | Rennes v Lille 16/09/2023, Stats - Flashscore.com | Match"}
[2026-08-16T06:15:08Z] Reading rendered DOM...
[2026-08-16T06:15:08Z] Executing extraction script for phase 2; length: 5174.
[2026-08-16T06:15:08Z] Script [extract] result prefix: {"schema_version":"1.3","section":"statistics_second_half","statistic_period":"second_half","source_url":"https://www.flashscore.com/match/football/lille-pfDZL71o/rennes-d2nnj1IE/summary/stats/2nd-half/?mid=x2Fmw2II","match_id":"x2Fmw2II","collected_at_utc":"2026-08-16T06:15:08.718Z","page_title":"REN 2-2 LIL | Rennes v Lille 16/09/2023, Stats - Flashscore.com | Match","competition":"WORLD CUP","status":"FINISHED","date_time":"16.09.2023 19:00","home_team":"Rennes","away_team":"Lille","score":{"
[2026-08-16T06:15:08Z] Stored second_half statistics: 14 rows.
[2026-08-16T06:15:08Z] Merged section: statistics_second_half
[2026-08-16T06:15:08Z] Opening lineups...
[2026-08-16T06:15:08Z] Navigate: https://www.flashscore.com/match/football/lille-pfDZL71o/rennes-d2nnj1IE/summary/lineups/?mid=x2Fmw2II
[2026-08-16T06:15:10Z] Page loaded. Waiting for statistics DOM...
[2026-08-16T06:15:12Z] Script [readiness] result prefix: {"body_text_length":4130,"ready":true,"row_count":110,"section":"lineups","title":"REN 2-2 LIL | Rennes v Lille 16/09/2023, Lineups - Flashscore.com | Match"}
[2026-08-16T06:15:12Z] Reading rendered DOM...
[2026-08-16T06:15:12Z] Executing extraction script for phase 4; length: 20701.
[2026-08-16T06:15:12Z] Script [extract] result prefix: {"schema_version":"1.3","section":"lineups","statistic_period":null,"source_url":"https://www.flashscore.com/match/football/lille-pfDZL71o/rennes-d2nnj1IE/summary/lineups/?mid=x2Fmw2II","match_id":"x2Fmw2II","collected_at_utc":"2026-08-16T06:15:12.353Z","page_title":"REN 2-2 LIL | Rennes v Lille 16/09/2023, Lineups - Flashscore.com | Match","competition":"WORLD CUP","status":"FINISHED","date_time":"16.09.2023 19:00","home_team":"Rennes","away_team":"Lille","score":{"home":"2","away":"2","display
[2026-08-16T06:15:12Z] Merged section: lineups
[2026-08-16T06:15:12Z] French Ligue 1 2023/2024: Player Stats are unavailable in the source profile.
[2026-08-16T06:15:12Z] Marked all Player Stats categories as not_available; collection continues.
[2026-08-16T06:15:12Z] Opening commentary...
[2026-08-16T06:15:13Z] Navigate: https://www.flashscore.com/match/football/lille-pfDZL71o/rennes-d2nnj1IE/summary/live-commentary/?mid=x2Fmw2II
[2026-08-16T06:15:15Z] Page loaded. Waiting for statistics DOM...
[2026-08-16T06:15:16Z] Script [readiness] result prefix: {"body_text_length":9531,"ready":true,"row_count":178,"section":"commentary","title":"REN 2-2 LIL | Rennes v Lille 16/09/2023 | Football - Flashscore | Match"}
[2026-08-16T06:15:16Z] Reading rendered DOM...
[2026-08-16T06:15:17Z] Executing extraction script for phase 12; length: 11834.
[2026-08-16T06:15:17Z] Script [extract] result prefix: {"schema_version":"1.3","section":"commentary","statistic_period":null,"source_url":"https://www.flashscore.com/match/football/lille-pfDZL71o/rennes-d2nnj1IE/summary/live-commentary/all-comments/?mid=x2Fmw2II","match_id":"x2Fmw2II","collected_at_utc":"2026-08-16T06:15:17.278Z","page_title":"REN 2-2 LIL | Rennes v Lille 16/09/2023 | Football - Flashscore | Match","competition":"WORLD CUP","status":"FINISHED","date_time":"16.09.2023 19:00","home_team":"Rennes","away_team":"Lille","score":{"home":"
[2026-08-16T06:15:17Z] Merged section: commentary
[2026-08-16T06:15:17Z] Saving complete match JSON...
[2026-08-16T06:15:17Z] Player Stats category unavailable; status=not_available: top_stats
[2026-08-16T06:15:17Z] Player Stats category unavailable; status=not_available: shots
[2026-08-16T06:15:17Z] Player Stats category unavailable; status=not_available: attack
[2026-08-16T06:15:17Z] Player Stats category unavailable; status=not_available: passes
[2026-08-16T06:15:18Z] Player Stats category unavailable; status=not_available: defense
[2026-08-16T06:15:18Z] Player Stats category unavailable; status=not_available: goalkeeping
[2026-08-16T06:15:18Z] Player Stats category unavailable; status=not_available: general
[2026-08-16T06:15:18Z] Structured goals, cards and VAR events enriched.
[2026-08-16T06:15:18Z] Saved match JSON with 14 statistics: G:\Mirza\VSCode\FlashscoreFootballCollector_\Data\Matches\Ligue1\2023_2024\2023-09-16_Rennes_vs_Lille_x2Fmw2II.json
[2026-08-16T06:15:18Z] Finished: 2023-09-16_Rennes_vs_Lille_x2Fmw2II.json
[2026-08-16T06:15:18Z] Opening overall statistics...
[2026-08-16T06:15:18Z] Navigate: https://www.flashscore.com/match/football/lens-IBmris38/metz-4v0yqlWc/summary/stats/overall/?mid=ruGqvr3C
[2026-08-16T06:15:21Z] Page loaded. Waiting for statistics DOM...
[2026-08-16T06:15:23Z] Script [readiness] result prefix: {"body_text_length":3226,"ready":true,"row_count":19,"section":"statistics_overall","title":"LEN 0-1 MET | Lens v Metz 16/09/2023, Stats - Flashscore.com | Match"}
[2026-08-16T06:15:23Z] Reading rendered DOM...
[2026-08-16T06:15:23Z] Executing extraction script for phase 0; length: 5174.
[2026-08-16T06:15:23Z] Script [extract] result prefix: {"schema_version":"1.3","section":"statistics_overall","statistic_period":"overall","source_url":"https://www.flashscore.com/match/football/lens-IBmris38/metz-4v0yqlWc/summary/stats/overall/?mid=ruGqvr3C","match_id":"ruGqvr3C","collected_at_utc":"2026-08-16T06:15:23.491Z","page_title":"LEN 0-1 MET | Lens v Metz 16/09/2023, Stats - Flashscore.com | Match","competition":"WORLD CUP","status":"FINISHED","date_time":"16.09.2023 23:00","home_team":"Lens","away_team":"Metz","score":{"home":"0","away":"
[2026-08-16T06:15:23Z] Stored overall statistics: 14 rows.
[2026-08-16T06:15:23Z] Merged section: statistics_overall
[2026-08-16T06:15:23Z] Opening 1st half statistics...
[2026-08-16T06:15:23Z] Navigate: https://www.flashscore.com/match/football/lens-IBmris38/metz-4v0yqlWc/summary/stats/1st-half/?mid=ruGqvr3C
[2026-08-16T06:15:26Z] Page loaded. Waiting for statistics DOM...
[2026-08-16T06:15:28Z] Script [readiness] result prefix: {"body_text_length":3216,"ready":true,"row_count":19,"section":"statistics_first_half","title":"LEN 0-1 MET | Lens v Metz 16/09/2023, Stats - Flashscore.com | Match"}
[2026-08-16T06:15:28Z] Reading rendered DOM...
[2026-08-16T06:15:28Z] Executing extraction script for phase 1; length: 5174.
[2026-08-16T06:15:28Z] Script [extract] result prefix: {"schema_version":"1.3","section":"statistics_first_half","statistic_period":"first_half","source_url":"https://www.flashscore.com/match/football/lens-IBmris38/metz-4v0yqlWc/summary/stats/1st-half/?mid=ruGqvr3C","match_id":"ruGqvr3C","collected_at_utc":"2026-08-16T06:15:28.312Z","page_title":"LEN 0-1 MET | Lens v Metz 16/09/2023, Stats - Flashscore.com | Match","competition":"WORLD CUP","status":"FINISHED","date_time":"16.09.2023 23:00","home_team":"Lens","away_team":"Metz","score":{"home":"0","
[2026-08-16T06:15:28Z] Stored first_half statistics: 14 rows.
[2026-08-16T06:15:28Z] Merged section: statistics_first_half
[2026-08-16T06:15:28Z] Opening 2nd half statistics...
[2026-08-16T06:15:28Z] Navigate: https://www.flashscore.com/match/football/lens-IBmris38/metz-4v0yqlWc/summary/stats/2nd-half/?mid=ruGqvr3C
[2026-08-16T06:15:31Z] Page loaded. Waiting for statistics DOM...
[2026-08-16T06:15:32Z] Script [readiness] result prefix: {"body_text_length":3215,"ready":true,"row_count":19,"section":"statistics_second_half","title":"LEN 0-1 MET | Lens v Metz 16/09/2023, Stats - Flashscore.com | Match"}
[2026-08-16T06:15:32Z] Reading rendered DOM...
[2026-08-16T06:15:32Z] Executing extraction script for phase 2; length: 5174.
[2026-08-16T06:15:33Z] Script [extract] result prefix: {"schema_version":"1.3","section":"statistics_second_half","statistic_period":"second_half","source_url":"https://www.flashscore.com/match/football/lens-IBmris38/metz-4v0yqlWc/summary/stats/2nd-half/?mid=ruGqvr3C","match_id":"ruGqvr3C","collected_at_utc":"2026-08-16T06:15:33.011Z","page_title":"LEN 0-1 MET | Lens v Metz 16/09/2023, Stats - Flashscore.com | Match","competition":"WORLD CUP","status":"FINISHED","date_time":"16.09.2023 23:00","home_team":"Lens","away_team":"Metz","score":{"home":"0"
[2026-08-16T06:15:33Z] Stored second_half statistics: 14 rows.
[2026-08-16T06:15:33Z] Merged section: statistics_second_half
[2026-08-16T06:15:33Z] Opening lineups...
[2026-08-16T06:15:33Z] Navigate: https://www.flashscore.com/match/football/lens-IBmris38/metz-4v0yqlWc/summary/lineups/?mid=ruGqvr3C
[2026-08-16T06:15:35Z] Page loaded. Waiting for statistics DOM...
[2026-08-16T06:15:36Z] Script [readiness] result prefix: {"body_text_length":4190,"ready":true,"row_count":115,"section":"lineups","title":"LEN 0-1 MET | Lens v Metz 16/09/2023, Lineups - Flashscore.com | Match"}
[2026-08-16T06:15:36Z] Reading rendered DOM...
[2026-08-16T06:15:36Z] Executing extraction script for phase 4; length: 20701.
[2026-08-16T06:15:36Z] Script [extract] result prefix: {"schema_version":"1.3","section":"lineups","statistic_period":null,"source_url":"https://www.flashscore.com/match/football/lens-IBmris38/metz-4v0yqlWc/summary/lineups/?mid=ruGqvr3C","match_id":"ruGqvr3C","collected_at_utc":"2026-08-16T06:15:36.674Z","page_title":"LEN 0-1 MET | Lens v Metz 16/09/2023, Lineups - Flashscore.com | Match","competition":"WORLD CUP","status":"FINISHED","date_time":"16.09.2023 23:00","home_team":"Lens","away_team":"Metz","score":{"home":"0","away":"1","display":"0 - 1"
[2026-08-16T06:15:36Z] Merged section: lineups
[2026-08-16T06:15:36Z] French Ligue 1 2023/2024: Player Stats are unavailable in the source profile.
[2026-08-16T06:15:36Z] Marked all Player Stats categories as not_available; collection continues.
[2026-08-16T06:15:36Z] Opening commentary...
[2026-08-16T06:15:36Z] Navigate: https://www.flashscore.com/match/football/lens-IBmris38/metz-4v0yqlWc/summary/live-commentary/?mid=ruGqvr3C
[2026-08-16T06:15:38Z] Page loaded. Waiting for statistics DOM...
[2026-08-16T06:15:40Z] Script [readiness] result prefix: {"body_text_length":12861,"ready":true,"row_count":235,"section":"commentary","title":"LEN 0-1 MET | Lens v Metz 16/09/2023 | Football - Flashscore | Match"}
[2026-08-16T06:15:40Z] Reading rendered DOM...
[2026-08-16T06:15:40Z] Executing extraction script for phase 12; length: 11834.
[2026-08-16T06:15:40Z] Script [extract] result prefix: {"schema_version":"1.3","section":"commentary","statistic_period":null,"source_url":"https://www.flashscore.com/match/football/lens-IBmris38/metz-4v0yqlWc/summary/live-commentary/all-comments/?mid=ruGqvr3C","match_id":"ruGqvr3C","collected_at_utc":"2026-08-16T06:15:40.252Z","page_title":"LEN 0-1 MET | Lens v Metz 16/09/2023 | Football - Flashscore | Match","competition":"WORLD CUP","status":"FINISHED","date_time":"16.09.2023 23:00","home_team":"Lens","away_team":"Metz","score":{"home":"0","away"
[2026-08-16T06:15:40Z] Merged section: commentary
[2026-08-16T06:15:40Z] Saving complete match JSON...
[2026-08-16T06:15:40Z] Player Stats category unavailable; status=not_available: top_stats
[2026-08-16T06:15:40Z] Player Stats category unavailable; status=not_available: shots
[2026-08-16T06:15:40Z] Player Stats category unavailable; status=not_available: attack
[2026-08-16T06:15:40Z] Player Stats category unavailable; status=not_available: passes
[2026-08-16T06:15:41Z] Player Stats category unavailable; status=not_available: defense
[2026-08-16T06:15:41Z] Player Stats category unavailable; status=not_available: goalkeeping
[2026-08-16T06:15:41Z] Player Stats category unavailable; status=not_available: general
[2026-08-16T06:15:41Z] Structured goals, cards and VAR events enriched.
[2026-08-16T06:15:41Z] Saved match JSON with 14 statistics: G:\Mirza\VSCode\FlashscoreFootballCollector_\Data\Matches\Ligue1\2023_2024\2023-09-16_Lens_vs_Metz_ruGqvr3C.json
[2026-08-16T06:15:41Z] Finished: 2023-09-16_Lens_vs_Metz_ruGqvr3C.json
[2026-08-16T06:15:41Z] Opening overall statistics...
[2026-08-16T06:15:41Z] Navigate: https://www.flashscore.com/match/football/lorient-jgNAYRGi/monaco-2PIvr8o4/summary/stats/overall/?mid=j5JixMXO
[2026-08-16T06:15:44Z] Page loaded. Waiting for statistics DOM...
[2026-08-16T06:15:45Z] Script [readiness] result prefix: {"body_text_length":3247,"ready":true,"row_count":19,"section":"statistics_overall","title":"LOR 2-2 MON | Lorient v Monaco 17/09/2023, Stats - Flashscore.com | Match"}
[2026-08-16T06:15:45Z] Reading rendered DOM...
[2026-08-16T06:15:45Z] Executing extraction script for phase 0; length: 5174.
[2026-08-16T06:15:45Z] Script [extract] result prefix: {"schema_version":"1.3","section":"statistics_overall","statistic_period":"overall","source_url":"https://www.flashscore.com/match/football/lorient-jgNAYRGi/monaco-2PIvr8o4/summary/stats/overall/?mid=j5JixMXO","match_id":"j5JixMXO","collected_at_utc":"2026-08-16T06:15:45.599Z","page_title":"LOR 2-2 MON | Lorient v Monaco 17/09/2023, Stats - Flashscore.com | Match","competition":"WORLD CUP","status":"FINISHED","date_time":"17.09.2023 15:00","home_team":"Lorient","away_team":"Monaco","score":{"hom
[2026-08-16T06:15:45Z] Stored overall statistics: 14 rows.
[2026-08-16T06:15:45Z] Merged section: statistics_overall
[2026-08-16T06:15:45Z] Opening 1st half statistics...
[2026-08-16T06:15:45Z] Navigate: https://www.flashscore.com/match/football/lorient-jgNAYRGi/monaco-2PIvr8o4/summary/stats/1st-half/?mid=j5JixMXO
[2026-08-16T06:15:47Z] Page loaded. Waiting for statistics DOM...
[2026-08-16T06:15:49Z] Script [readiness] result prefix: {"body_text_length":3221,"ready":true,"row_count":18,"section":"statistics_first_half","title":"LOR 2-2 MON | Lorient v Monaco 17/09/2023, Stats - Flashscore.com | Match"}
[2026-08-16T06:15:49Z] Reading rendered DOM...
[2026-08-16T06:15:49Z] Executing extraction script for phase 1; length: 5174.
[2026-08-16T06:15:49Z] Script [extract] result prefix: {"schema_version":"1.3","section":"statistics_first_half","statistic_period":"first_half","source_url":"https://www.flashscore.com/match/football/lorient-jgNAYRGi/monaco-2PIvr8o4/summary/stats/1st-half/?mid=j5JixMXO","match_id":"j5JixMXO","collected_at_utc":"2026-08-16T06:15:49.408Z","page_title":"LOR 2-2 MON | Lorient v Monaco 17/09/2023, Stats - Flashscore.com | Match","competition":"WORLD CUP","status":"FINISHED","date_time":"17.09.2023 15:00","home_team":"Lorient","away_team":"Monaco","score
[2026-08-16T06:15:49Z] Stored first_half statistics: 13 rows.
[2026-08-16T06:15:49Z] Merged section: statistics_first_half
[2026-08-16T06:15:49Z] Opening 2nd half statistics...
[2026-08-16T06:15:49Z] Navigate: https://www.flashscore.com/match/football/lorient-jgNAYRGi/monaco-2PIvr8o4/summary/stats/2nd-half/?mid=j5JixMXO
[2026-08-16T06:15:51Z] Page loaded. Waiting for statistics DOM...
[2026-08-16T06:15:52Z] Script [readiness] result prefix: {"body_text_length":3240,"ready":true,"row_count":19,"section":"statistics_second_half","title":"LOR 2-2 MON | Lorient v Monaco 17/09/2023, Stats - Flashscore.com | Match"}
[2026-08-16T06:15:52Z] Reading rendered DOM...
[2026-08-16T06:15:52Z] Executing extraction script for phase 2; length: 5174.
[2026-08-16T06:15:53Z] Script [extract] result prefix: {"schema_version":"1.3","section":"statistics_second_half","statistic_period":"second_half","source_url":"https://www.flashscore.com/match/football/lorient-jgNAYRGi/monaco-2PIvr8o4/summary/stats/2nd-half/?mid=j5JixMXO","match_id":"j5JixMXO","collected_at_utc":"2026-08-16T06:15:53.004Z","page_title":"LOR 2-2 MON | Lorient v Monaco 17/09/2023, Stats - Flashscore.com | Match","competition":"WORLD CUP","status":"FINISHED","date_time":"17.09.2023 15:00","home_team":"Lorient","away_team":"Monaco","sco
[2026-08-16T06:15:53Z] Stored second_half statistics: 14 rows.
[2026-08-16T06:15:53Z] Merged section: statistics_second_half
[2026-08-16T06:15:53Z] Opening lineups...
[2026-08-16T06:15:53Z] Navigate: https://www.flashscore.com/match/football/lorient-jgNAYRGi/monaco-2PIvr8o4/summary/lineups/?mid=j5JixMXO
[2026-08-16T06:15:55Z] Page loaded. Waiting for statistics DOM...
[2026-08-16T06:15:57Z] Script [readiness] result prefix: {"body_text_length":4312,"ready":true,"row_count":120,"section":"lineups","title":"LOR 2-2 MON | Lorient v Monaco 17/09/2023, Lineups - Flashscore.com | Match"}
[2026-08-16T06:15:57Z] Reading rendered DOM...
[2026-08-16T06:15:57Z] Executing extraction script for phase 4; length: 20701.
[2026-08-16T06:15:57Z] Script [extract] result prefix: {"schema_version":"1.3","section":"lineups","statistic_period":null,"source_url":"https://www.flashscore.com/match/football/lorient-jgNAYRGi/monaco-2PIvr8o4/summary/lineups/?mid=j5JixMXO","match_id":"j5JixMXO","collected_at_utc":"2026-08-16T06:15:57.208Z","page_title":"LOR 2-2 MON | Lorient v Monaco 17/09/2023, Lineups - Flashscore.com | Match","competition":"WORLD CUP","status":"FINISHED","date_time":"17.09.2023 15:00","home_team":"Lorient","away_team":"Monaco","score":{"home":"2","away":"2","d
[2026-08-16T06:15:57Z] Merged section: lineups
[2026-08-16T06:15:57Z] French Ligue 1 2023/2024: Player Stats are unavailable in the source profile.
[2026-08-16T06:15:57Z] Marked all Player Stats categories as not_available; collection continues.
[2026-08-16T06:15:57Z] Opening commentary...
[2026-08-16T06:15:58Z] Navigate: https://www.flashscore.com/match/football/lorient-jgNAYRGi/monaco-2PIvr8o4/summary/live-commentary/?mid=j5JixMXO
[2026-08-16T06:15:59Z] Page loaded. Waiting for statistics DOM...
[2026-08-16T06:16:01Z] Script [readiness] result prefix: {"body_text_length":16616,"ready":true,"row_count":286,"section":"commentary","title":"LOR 2-2 MON | Lorient v Monaco 17/09/2023 | Football - Flashscore | Match"}
[2026-08-16T06:16:01Z] Reading rendered DOM...
[2026-08-16T06:16:01Z] Executing extraction script for phase 12; length: 11834.
[2026-08-16T06:16:01Z] Script [extract] result prefix: {"schema_version":"1.3","section":"commentary","statistic_period":null,"source_url":"https://www.flashscore.com/match/football/lorient-jgNAYRGi/monaco-2PIvr8o4/summary/live-commentary/all-comments/?mid=j5JixMXO","match_id":"j5JixMXO","collected_at_utc":"2026-08-16T06:16:01.343Z","page_title":"LOR 2-2 MON | Lorient v Monaco 17/09/2023 | Football - Flashscore | Match","competition":"WORLD CUP","status":"FINISHED","date_time":"17.09.2023 15:00","home_team":"Lorient","away_team":"Monaco","score":{"h
[2026-08-16T06:16:01Z] Merged section: commentary
[2026-08-16T06:16:01Z] Saving complete match JSON...
[2026-08-16T06:16:01Z] Player Stats category unavailable; status=not_available: top_stats
[2026-08-16T06:16:01Z] Player Stats category unavailable; status=not_available: shots
[2026-08-16T06:16:01Z] Player Stats category unavailable; status=not_available: attack
[2026-08-16T06:16:01Z] Player Stats category unavailable; status=not_available: passes
[2026-08-16T06:16:01Z] Player Stats category unavailable; status=not_available: defense
[2026-08-16T06:16:01Z] Player Stats category unavailable; status=not_available: goalkeeping
[2026-08-16T06:16:01Z] Player Stats category unavailable; status=not_available: general
[2026-08-16T06:16:02Z] Structured goals, cards and VAR events enriched.
[2026-08-16T06:16:02Z] Saved match JSON with 14 statistics: G:\Mirza\VSCode\FlashscoreFootballCollector_\Data\Matches\Ligue1\2023_2024\2023-09-17_Lorient_vs_Monaco_j5JixMXO.json
[2026-08-16T06:16:02Z] Finished: 2023-09-17_Lorient_vs_Monaco_j5JixMXO.json
[2026-08-16T06:16:02Z] Opening overall statistics...
[2026-08-16T06:16:02Z] Navigate: https://www.flashscore.com/match/football/montpellier-Eyf00syR/strasbourg-nP6UzIU1/summary/stats/overall/?mid=fJq2dPIt
[2026-08-16T06:16:04Z] Page loaded. Waiting for statistics DOM...
[2026-08-16T06:16:06Z] Script [readiness] result prefix: {"body_text_length":3288,"ready":true,"row_count":19,"section":"statistics_overall","title":"STR 2-2 MNT | Strasbourg v Montpellier 17/09/2023, Stats - Flashscore.com | Match"}
[2026-08-16T06:16:06Z] Reading rendered DOM...
[2026-08-16T06:16:06Z] Executing extraction script for phase 0; length: 5174.
[2026-08-16T06:16:06Z] Script [extract] result prefix: {"schema_version":"1.3","section":"statistics_overall","statistic_period":"overall","source_url":"https://www.flashscore.com/match/football/montpellier-Eyf00syR/strasbourg-nP6UzIU1/summary/stats/overall/?mid=fJq2dPIt","match_id":"fJq2dPIt","collected_at_utc":"2026-08-16T06:16:06.284Z","page_title":"STR 2-2 MNT | Strasbourg v Montpellier 17/09/2023, Stats - Flashscore.com | Match","competition":"WORLD CUP","status":"FINISHED","date_time":"17.09.2023 17:00","home_team":"Strasbourg","away_team":"Mo
[2026-08-16T06:16:06Z] Stored overall statistics: 14 rows.
[2026-08-16T06:16:06Z] Merged section: statistics_overall
[2026-08-16T06:16:06Z] Opening 1st half statistics...
[2026-08-16T06:16:06Z] Navigate: https://www.flashscore.com/match/football/montpellier-Eyf00syR/strasbourg-nP6UzIU1/summary/stats/1st-half/?mid=fJq2dPIt
[2026-08-16T06:16:08Z] Page loaded. Waiting for statistics DOM...
[2026-08-16T06:16:10Z] Script [readiness] result prefix: {"body_text_length":3281,"ready":true,"row_count":19,"section":"statistics_first_half","title":"STR 2-2 MNT | Strasbourg v Montpellier 17/09/2023, Stats - Flashscore.com | Match"}
[2026-08-16T06:16:10Z] Reading rendered DOM...
[2026-08-16T06:16:10Z] Executing extraction script for phase 1; length: 5174.
[2026-08-16T06:16:10Z] Script [extract] result prefix: {"schema_version":"1.3","section":"statistics_first_half","statistic_period":"first_half","source_url":"https://www.flashscore.com/match/football/montpellier-Eyf00syR/strasbourg-nP6UzIU1/summary/stats/1st-half/?mid=fJq2dPIt","match_id":"fJq2dPIt","collected_at_utc":"2026-08-16T06:16:10.093Z","page_title":"STR 2-2 MNT | Strasbourg v Montpellier 17/09/2023, Stats - Flashscore.com | Match","competition":"WORLD CUP","status":"FINISHED","date_time":"17.09.2023 17:00","home_team":"Strasbourg","away_te
[2026-08-16T06:16:10Z] Stored first_half statistics: 14 rows.
[2026-08-16T06:16:10Z] Merged section: statistics_first_half
[2026-08-16T06:16:10Z] Opening 2nd half statistics...
[2026-08-16T06:16:10Z] Navigate: https://www.flashscore.com/match/football/montpellier-Eyf00syR/strasbourg-nP6UzIU1/summary/stats/2nd-half/?mid=fJq2dPIt
[2026-08-16T06:16:12Z] Page loaded. Waiting for statistics DOM...
[2026-08-16T06:16:14Z] Script [readiness] result prefix: {"body_text_length":3282,"ready":true,"row_count":19,"section":"statistics_second_half","title":"STR 2-2 MNT | Strasbourg v Montpellier 17/09/2023, Stats - Flashscore.com | Match"}
[2026-08-16T06:16:14Z] Reading rendered DOM...
[2026-08-16T06:16:14Z] Executing extraction script for phase 2; length: 5174.
[2026-08-16T06:16:14Z] Script [extract] result prefix: {"schema_version":"1.3","section":"statistics_second_half","statistic_period":"second_half","source_url":"https://www.flashscore.com/match/football/montpellier-Eyf00syR/strasbourg-nP6UzIU1/summary/stats/2nd-half/?mid=fJq2dPIt","match_id":"fJq2dPIt","collected_at_utc":"2026-08-16T06:16:14.792Z","page_title":"STR 2-2 MNT | Strasbourg v Montpellier 17/09/2023, Stats - Flashscore.com | Match","competition":"WORLD CUP","status":"FINISHED","date_time":"17.09.2023 17:00","home_team":"Strasbourg","away_
[2026-08-16T06:16:14Z] Stored second_half statistics: 14 rows.
[2026-08-16T06:16:14Z] Merged section: statistics_second_half
[2026-08-16T06:16:14Z] Opening lineups...
[2026-08-16T06:16:15Z] Navigate: https://www.flashscore.com/match/football/montpellier-Eyf00syR/strasbourg-nP6UzIU1/summary/lineups/?mid=fJq2dPIt
[2026-08-16T06:16:16Z] Page loaded. Waiting for statistics DOM...
[2026-08-16T06:16:18Z] Script [readiness] result prefix: {"body_text_length":4122,"ready":true,"row_count":110,"section":"lineups","title":"STR 2-2 MNT | Strasbourg v Montpellier 17/09/2023, Lineups - Flashscore.com | Match"}
[2026-08-16T06:16:18Z] Reading rendered DOM...
[2026-08-16T06:16:18Z] Executing extraction script for phase 4; length: 20701.
[2026-08-16T06:16:18Z] Script [extract] result prefix: {"schema_version":"1.3","section":"lineups","statistic_period":null,"source_url":"https://www.flashscore.com/match/football/montpellier-Eyf00syR/strasbourg-nP6UzIU1/summary/lineups/?mid=fJq2dPIt","match_id":"fJq2dPIt","collected_at_utc":"2026-08-16T06:16:18.530Z","page_title":"STR 2-2 MNT | Strasbourg v Montpellier 17/09/2023, Lineups - Flashscore.com | Match","competition":"WORLD CUP","status":"FINISHED","date_time":"17.09.2023 17:00","home_team":"Strasbourg","away_team":"Montpellier","score":{
[2026-08-16T06:16:18Z] Merged section: lineups
[2026-08-16T06:16:18Z] French Ligue 1 2023/2024: Player Stats are unavailable in the source profile.
[2026-08-16T06:16:18Z] Marked all Player Stats categories as not_available; collection continues.
[2026-08-16T06:16:18Z] Opening commentary...
[2026-08-16T06:16:18Z] Navigate: https://www.flashscore.com/match/football/montpellier-Eyf00syR/strasbourg-nP6UzIU1/summary/live-commentary/?mid=fJq2dPIt
[2026-08-16T06:16:21Z] Page loaded. Waiting for statistics DOM...
[2026-08-16T06:16:22Z] Script [readiness] result prefix: {"body_text_length":11929,"ready":true,"row_count":242,"section":"commentary","title":"STR 2-2 MNT | Strasbourg v Montpellier 17/09/2023 | Football - Flashscore | Match"}
[2026-08-16T06:16:22Z] Reading rendered DOM...
[2026-08-16T06:16:22Z] Executing extraction script for phase 12; length: 11834.
[2026-08-16T06:16:23Z] Script [extract] result prefix: {"schema_version":"1.3","section":"commentary","statistic_period":null,"source_url":"https://www.flashscore.com/match/football/montpellier-Eyf00syR/strasbourg-nP6UzIU1/summary/live-commentary/all-comments/?mid=fJq2dPIt","match_id":"fJq2dPIt","collected_at_utc":"2026-08-16T06:16:23.204Z","page_title":"STR 2-2 MNT | Strasbourg v Montpellier 17/09/2023 | Football - Flashscore | Match","competition":"WORLD CUP","status":"FINISHED","date_time":"17.09.2023 17:00","home_team":"Strasbourg","away_team":"
[2026-08-16T06:16:23Z] Merged section: commentary
[2026-08-16T06:16:23Z] Saving complete match JSON...
[2026-08-16T06:16:23Z] Player Stats category unavailable; status=not_available: top_stats
[2026-08-16T06:16:23Z] Player Stats category unavailable; status=not_available: shots
[2026-08-16T06:16:23Z] Player Stats category unavailable; status=not_available: attack
[2026-08-16T06:16:23Z] Player Stats category unavailable; status=not_available: passes
[2026-08-16T06:16:23Z] Player Stats category unavailable; status=not_available: defense
[2026-08-16T06:16:23Z] Player Stats category unavailable; status=not_available: goalkeeping
[2026-08-16T06:16:23Z] Player Stats category unavailable; status=not_available: general
[2026-08-16T06:16:23Z] Structured goals, cards and VAR events enriched.
[2026-08-16T06:16:23Z] Saved match JSON with 14 statistics: G:\Mirza\VSCode\FlashscoreFootballCollector_\Data\Matches\Ligue1\2023_2024\2023-09-17_Strasbourg_vs_Montpellier_fJq2dPIt.json
[2026-08-16T06:16:23Z] Finished: 2023-09-17_Strasbourg_vs_Montpellier_fJq2dPIt.json
[2026-08-16T06:16:24Z] Opening overall statistics...
[2026-08-16T06:16:24Z] Navigate: https://www.flashscore.com/match/football/brest-Cr4VGaUl/reims-tItR6sEf/summary/stats/overall/?mid=pn1vspJg
[2026-08-16T06:16:27Z] Page loaded. Waiting for statistics DOM...
[2026-08-16T06:16:28Z] Script [readiness] result prefix: {"body_text_length":3231,"ready":true,"row_count":19,"section":"statistics_overall","title":"REI 1-2 BRE | Reims v Brest 17/09/2023, Stats - Flashscore.com | Match"}
[2026-08-16T06:16:28Z] Reading rendered DOM...
[2026-08-16T06:16:28Z] Executing extraction script for phase 0; length: 5174.
[2026-08-16T06:16:28Z] Script [extract] result prefix: {"schema_version":"1.3","section":"statistics_overall","statistic_period":"overall","source_url":"https://www.flashscore.com/match/football/brest-Cr4VGaUl/reims-tItR6sEf/summary/stats/overall/?mid=pn1vspJg","match_id":"pn1vspJg","collected_at_utc":"2026-08-16T06:16:28.899Z","page_title":"REI 1-2 BRE | Reims v Brest 17/09/2023, Stats - Flashscore.com | Match","competition":"WORLD CUP","status":"FINISHED","date_time":"17.09.2023 17:00","home_team":"Reims","away_team":"Brest","score":{"home":"1","a
[2026-08-16T06:16:28Z] Stored overall statistics: 14 rows.
[2026-08-16T06:16:28Z] Merged section: statistics_overall
[2026-08-16T06:16:29Z] Opening 1st half statistics...
[2026-08-16T06:16:29Z] Navigate: https://www.flashscore.com/match/football/brest-Cr4VGaUl/reims-tItR6sEf/summary/stats/1st-half/?mid=pn1vspJg
[2026-08-16T06:16:30Z] Page loaded. Waiting for statistics DOM...
[2026-08-16T06:16:32Z] Script [readiness] result prefix: {"body_text_length":3225,"ready":true,"row_count":19,"section":"statistics_first_half","title":"REI 1-2 BRE | Reims v Brest 17/09/2023, Stats - Flashscore.com | Match"}
[2026-08-16T06:16:32Z] Reading rendered DOM...
[2026-08-16T06:16:32Z] Executing extraction script for phase 1; length: 5174.
[2026-08-16T06:16:32Z] Script [extract] result prefix: {"schema_version":"1.3","section":"statistics_first_half","statistic_period":"first_half","source_url":"https://www.flashscore.com/match/football/brest-Cr4VGaUl/reims-tItR6sEf/summary/stats/1st-half/?mid=pn1vspJg","match_id":"pn1vspJg","collected_at_utc":"2026-08-16T06:16:32.637Z","page_title":"REI 1-2 BRE | Reims v Brest 17/09/2023, Stats - Flashscore.com | Match","competition":"WORLD CUP","status":"FINISHED","date_time":"17.09.2023 17:00","home_team":"Reims","away_team":"Brest","score":{"home"
[2026-08-16T06:16:32Z] Stored first_half statistics: 14 rows.
[2026-08-16T06:16:32Z] Merged section: statistics_first_half
[2026-08-16T06:16:32Z] Opening 2nd half statistics...
[2026-08-16T06:16:33Z] Navigate: https://www.flashscore.com/match/football/brest-Cr4VGaUl/reims-tItR6sEf/summary/stats/2nd-half/?mid=pn1vspJg
[2026-08-16T06:16:35Z] Page loaded. Waiting for statistics DOM...
[2026-08-16T06:16:36Z] Script [readiness] result prefix: {"body_text_length":3227,"ready":true,"row_count":19,"section":"statistics_second_half","title":"REI 1-2 BRE | Reims v Brest 17/09/2023, Stats - Flashscore.com | Match"}
[2026-08-16T06:16:36Z] Reading rendered DOM...
[2026-08-16T06:16:36Z] Executing extraction script for phase 2; length: 5174.
[2026-08-16T06:16:36Z] Script [extract] result prefix: {"schema_version":"1.3","section":"statistics_second_half","statistic_period":"second_half","source_url":"https://www.flashscore.com/match/football/brest-Cr4VGaUl/reims-tItR6sEf/summary/stats/2nd-half/?mid=pn1vspJg","match_id":"pn1vspJg","collected_at_utc":"2026-08-16T06:16:36.892Z","page_title":"REI 1-2 BRE | Reims v Brest 17/09/2023, Stats - Flashscore.com | Match","competition":"WORLD CUP","status":"FINISHED","date_time":"17.09.2023 17:00","home_team":"Reims","away_team":"Brest","score":{"hom
[2026-08-16T06:16:36Z] Stored second_half statistics: 14 rows.
[2026-08-16T06:16:37Z] Merged section: statistics_second_half
[2026-08-16T06:16:37Z] Opening lineups...
[2026-08-16T06:16:37Z] Navigate: https://www.flashscore.com/match/football/brest-Cr4VGaUl/reims-tItR6sEf/summary/lineups/?mid=pn1vspJg
[2026-08-16T06:16:39Z] Page loaded. Waiting for statistics DOM...
[2026-08-16T06:16:41Z] Script [readiness] result prefix: {"body_text_length":4101,"ready":true,"row_count":109,"section":"lineups","title":"REI 1-2 BRE | Reims v Brest 17/09/2023, Lineups - Flashscore.com | Match"}
[2026-08-16T06:16:41Z] Reading rendered DOM...
[2026-08-16T06:16:41Z] Executing extraction script for phase 4; length: 20701.
[2026-08-16T06:16:41Z] Script [extract] result prefix: {"schema_version":"1.3","section":"lineups","statistic_period":null,"source_url":"https://www.flashscore.com/match/football/brest-Cr4VGaUl/reims-tItR6sEf/summary/lineups/?mid=pn1vspJg","match_id":"pn1vspJg","collected_at_utc":"2026-08-16T06:16:41.636Z","page_title":"REI 1-2 BRE | Reims v Brest 17/09/2023, Lineups - Flashscore.com | Match","competition":"WORLD CUP","status":"FINISHED","date_time":"17.09.2023 17:00","home_team":"Reims","away_team":"Brest","score":{"home":"1","away":"2","display":"
[2026-08-16T06:16:41Z] Merged section: lineups
[2026-08-16T06:16:41Z] French Ligue 1 2023/2024: Player Stats are unavailable in the source profile.
[2026-08-16T06:16:41Z] Marked all Player Stats categories as not_available; collection continues.
[2026-08-16T06:16:42Z] Opening commentary...
[2026-08-16T06:16:42Z] Navigate: https://www.flashscore.com/match/football/brest-Cr4VGaUl/reims-tItR6sEf/summary/live-commentary/?mid=pn1vspJg
[2026-08-16T06:16:45Z] Page loaded. Waiting for statistics DOM...
[2026-08-16T06:16:46Z] Script [readiness] result prefix: {"body_text_length":13044,"ready":true,"row_count":255,"section":"commentary","title":"REI 1-2 BRE | Reims v Brest 17/09/2023 | Football - Flashscore | Match"}
[2026-08-16T06:16:46Z] Reading rendered DOM...
[2026-08-16T06:16:46Z] Executing extraction script for phase 12; length: 11834.
[2026-08-16T06:16:47Z] Script [extract] result prefix: {"schema_version":"1.3","section":"commentary","statistic_period":null,"source_url":"https://www.flashscore.com/match/football/brest-Cr4VGaUl/reims-tItR6sEf/summary/live-commentary/all-comments/?mid=pn1vspJg","match_id":"pn1vspJg","collected_at_utc":"2026-08-16T06:16:47.012Z","page_title":"REI 1-2 BRE | Reims v Brest 17/09/2023 | Football - Flashscore | Match","competition":"WORLD CUP","status":"FINISHED","date_time":"17.09.2023 17:00","home_team":"Reims","away_team":"Brest","score":{"home":"1",
[2026-08-16T06:16:47Z] Merged section: commentary
[2026-08-16T06:16:47Z] Saving complete match JSON...
[2026-08-16T06:16:47Z] Player Stats category unavailable; status=not_available: top_stats
[2026-08-16T06:16:47Z] Player Stats category unavailable; status=not_available: shots
[2026-08-16T06:16:47Z] Player Stats category unavailable; status=not_available: attack
[2026-08-16T06:16:47Z] Player Stats category unavailable; status=not_available: passes
[2026-08-16T06:16:47Z] Player Stats category unavailable; status=not_available: defense
[2026-08-16T06:16:47Z] Player Stats category unavailable; status=not_available: goalkeeping
[2026-08-16T06:16:47Z] Player Stats category unavailable; status=not_available: general
[2026-08-16T06:16:47Z] Structured goals, cards and VAR events enriched.
[2026-08-16T06:16:47Z] Saved match JSON with 14 statistics: G:\Mirza\VSCode\FlashscoreFootballCollector_\Data\Matches\Ligue1\2023_2024\2023-09-17_Reims_vs_Brest_pn1vspJg.json
[2026-08-16T06:16:47Z] Finished: 2023-09-17_Reims_vs_Brest_pn1vspJg.json
[2026-08-16T06:16:47Z] Opening overall statistics...
[2026-08-16T06:16:47Z] Navigate: https://www.flashscore.com/match/football/clermont-IRuMRua1/nantes-veuetnGG/summary/stats/overall/?mid=Ox0rt4Ya
[2026-08-16T06:16:49Z] Page loaded. Waiting for statistics DOM...
[2026-08-16T06:16:51Z] Script [readiness] result prefix: {"body_text_length":3251,"ready":true,"row_count":19,"section":"statistics_overall","title":"CLE 0-1 NAN | Clermont v Nantes 17/09/2023, Stats - Flashscore.com | Match"}
[2026-08-16T06:16:51Z] Reading rendered DOM...
[2026-08-16T06:16:51Z] Executing extraction script for phase 0; length: 5174.
[2026-08-16T06:16:51Z] Script [extract] result prefix: {"schema_version":"1.3","section":"statistics_overall","statistic_period":"overall","source_url":"https://www.flashscore.com/match/football/clermont-IRuMRua1/nantes-veuetnGG/summary/stats/overall/?mid=Ox0rt4Ya","match_id":"Ox0rt4Ya","collected_at_utc":"2026-08-16T06:16:51.098Z","page_title":"CLE 0-1 NAN | Clermont v Nantes 17/09/2023, Stats - Flashscore.com | Match","competition":"WORLD CUP","status":"FINISHED","date_time":"17.09.2023 17:00","home_team":"Clermont","away_team":"Nantes","score":{"
[2026-08-16T06:16:51Z] Stored overall statistics: 14 rows.
[2026-08-16T06:16:51Z] Merged section: statistics_overall
[2026-08-16T06:16:51Z] Opening 1st half statistics...
[2026-08-16T06:16:51Z] Navigate: https://www.flashscore.com/match/football/clermont-IRuMRua1/nantes-veuetnGG/summary/stats/1st-half/?mid=Ox0rt4Ya
[2026-08-16T06:16:56Z] Page loaded. Waiting for statistics DOM...
[2026-08-16T06:16:57Z] Script [readiness] result prefix: {"body_text_length":3227,"ready":true,"row_count":18,"section":"statistics_first_half","title":"CLE 0-1 NAN | Clermont v Nantes 17/09/2023, Stats - Flashscore.com | Match"}
[2026-08-16T06:16:57Z] Reading rendered DOM...
[2026-08-16T06:16:57Z] Executing extraction script for phase 1; length: 5174.
[2026-08-16T06:16:57Z] Script [extract] result prefix: {"schema_version":"1.3","section":"statistics_first_half","statistic_period":"first_half","source_url":"https://www.flashscore.com/match/football/clermont-IRuMRua1/nantes-veuetnGG/summary/stats/1st-half/?mid=Ox0rt4Ya","match_id":"Ox0rt4Ya","collected_at_utc":"2026-08-16T06:16:57.863Z","page_title":"CLE 0-1 NAN | Clermont v Nantes 17/09/2023, Stats - Flashscore.com | Match","competition":"WORLD CUP","status":"FINISHED","date_time":"17.09.2023 17:00","home_team":"Clermont","away_team":"Nantes","sc
[2026-08-16T06:16:58Z] Stored first_half statistics: 13 rows.
[2026-08-16T06:16:58Z] Merged section: statistics_first_half
[2026-08-16T06:16:58Z] Opening 2nd half statistics...
[2026-08-16T06:16:58Z] Navigate: https://www.flashscore.com/match/football/clermont-IRuMRua1/nantes-veuetnGG/summary/stats/2nd-half/?mid=Ox0rt4Ya
[2026-08-16T06:16:59Z] Page loaded. Waiting for statistics DOM...
[2026-08-16T06:17:01Z] Script [readiness] result prefix: {"body_text_length":3247,"ready":true,"row_count":19,"section":"statistics_second_half","title":"CLE 0-1 NAN | Clermont v Nantes 17/09/2023, Stats - Flashscore.com | Match"}
[2026-08-16T06:17:01Z] Reading rendered DOM...
[2026-08-16T06:17:01Z] Executing extraction script for phase 2; length: 5174.
[2026-08-16T06:17:01Z] Script [extract] result prefix: {"schema_version":"1.3","section":"statistics_second_half","statistic_period":"second_half","source_url":"https://www.flashscore.com/match/football/clermont-IRuMRua1/nantes-veuetnGG/summary/stats/2nd-half/?mid=Ox0rt4Ya","match_id":"Ox0rt4Ya","collected_at_utc":"2026-08-16T06:17:01.489Z","page_title":"CLE 0-1 NAN | Clermont v Nantes 17/09/2023, Stats - Flashscore.com | Match","competition":"WORLD CUP","status":"FINISHED","date_time":"17.09.2023 17:00","home_team":"Clermont","away_team":"Nantes","
[2026-08-16T06:17:01Z] Stored second_half statistics: 14 rows.
[2026-08-16T06:17:01Z] Merged section: statistics_second_half
[2026-08-16T06:17:01Z] Opening lineups...
[2026-08-16T06:17:01Z] Navigate: https://www.flashscore.com/match/football/clermont-IRuMRua1/nantes-veuetnGG/summary/lineups/?mid=Ox0rt4Ya
[2026-08-16T06:17:03Z] Page loaded. Waiting for statistics DOM...
[2026-08-16T06:17:05Z] Script [readiness] result prefix: {"body_text_length":4175,"ready":true,"row_count":112,"section":"lineups","title":"CLE 0-1 NAN | Clermont v Nantes 17/09/2023, Lineups - Flashscore.com | Match"}
[2026-08-16T06:17:05Z] Reading rendered DOM...
[2026-08-16T06:17:05Z] Executing extraction script for phase 4; length: 20701.
[2026-08-16T06:17:05Z] Script [extract] result prefix: {"schema_version":"1.3","section":"lineups","statistic_period":null,"source_url":"https://www.flashscore.com/match/football/clermont-IRuMRua1/nantes-veuetnGG/summary/lineups/?mid=Ox0rt4Ya","match_id":"Ox0rt4Ya","collected_at_utc":"2026-08-16T06:17:05.553Z","page_title":"CLE 0-1 NAN | Clermont v Nantes 17/09/2023, Lineups - Flashscore.com | Match","competition":"WORLD CUP","status":"FINISHED","date_time":"17.09.2023 17:00","home_team":"Clermont","away_team":"Nantes","score":{"home":"0","away":"1"
[2026-08-16T06:17:05Z] Merged section: lineups
[2026-08-16T06:17:06Z] French Ligue 1 2023/2024: Player Stats are unavailable in the source profile.
[2026-08-16T06:17:06Z] Marked all Player Stats categories as not_available; collection continues.
[2026-08-16T06:17:06Z] Opening commentary...
[2026-08-16T06:17:06Z] Navigate: https://www.flashscore.com/match/football/clermont-IRuMRua1/nantes-veuetnGG/summary/live-commentary/?mid=Ox0rt4Ya
[2026-08-16T06:17:08Z] Page loaded. Waiting for statistics DOM...
[2026-08-16T06:17:10Z] Script [readiness] result prefix: {"body_text_length":12361,"ready":true,"row_count":242,"section":"commentary","title":"CLE 0-1 NAN | Clermont v Nantes 17/09/2023 | Football - Flashscore | Match"}
[2026-08-16T06:17:10Z] Reading rendered DOM...
[2026-08-16T06:17:10Z] Executing extraction script for phase 12; length: 11834.
[2026-08-16T06:17:10Z] Script [extract] result prefix: {"schema_version":"1.3","section":"commentary","statistic_period":null,"source_url":"https://www.flashscore.com/match/football/clermont-IRuMRua1/nantes-veuetnGG/summary/live-commentary/all-comments/?mid=Ox0rt4Ya","match_id":"Ox0rt4Ya","collected_at_utc":"2026-08-16T06:17:10.549Z","page_title":"CLE 0-1 NAN | Clermont v Nantes 17/09/2023 | Football - Flashscore | Match","competition":"WORLD CUP","status":"FINISHED","date_time":"17.09.2023 17:00","home_team":"Clermont","away_team":"Nantes","score":
[2026-08-16T06:17:10Z] Merged section: commentary
[2026-08-16T06:17:10Z] Saving complete match JSON...
[2026-08-16T06:17:11Z] Player Stats category unavailable; status=not_available: top_stats
[2026-08-16T06:17:11Z] Player Stats category unavailable; status=not_available: shots
[2026-08-16T06:17:11Z] Player Stats category unavailable; status=not_available: attack
[2026-08-16T06:17:11Z] Player Stats category unavailable; status=not_available: passes
[2026-08-16T06:17:12Z] Player Stats category unavailable; status=not_available: defense
[2026-08-16T06:17:12Z] Player Stats category unavailable; status=not_available: goalkeeping
[2026-08-16T06:17:12Z] Player Stats category unavailable; status=not_available: general
[2026-08-16T06:17:12Z] Structured goals, cards and VAR events enriched.
[2026-08-16T06:17:12Z] Saved match JSON with 14 statistics: G:\Mirza\VSCode\FlashscoreFootballCollector_\Data\Matches\Ligue1\2023_2024\2023-09-17_Clermont_vs_Nantes_Ox0rt4Ya.json
[2026-08-16T06:17:12Z] Finished: 2023-09-17_Clermont_vs_Nantes_Ox0rt4Ya.json
[2026-08-16T06:17:12Z] Opening overall statistics...
[2026-08-16T06:17:12Z] Navigate: https://www.flashscore.com/match/football/marseille-SblU3Hee/toulouse-MLmY2yB1/summary/stats/overall/?mid=hAcz15AP
[2026-08-16T06:17:14Z] Page loaded. Waiting for statistics DOM...
[2026-08-16T06:17:16Z] Script [readiness] result prefix: {"body_text_length":3251,"ready":true,"row_count":19,"section":"statistics_overall","title":"MAR 0-0 TOU | Marseille v Toulouse 17/09/2023, Stats - Flashscore.com | Match"}
[2026-08-16T06:17:16Z] Reading rendered DOM...
[2026-08-16T06:17:16Z] Executing extraction script for phase 0; length: 5174.
[2026-08-16T06:17:16Z] Script [extract] result prefix: {"schema_version":"1.3","section":"statistics_overall","statistic_period":"overall","source_url":"https://www.flashscore.com/match/football/marseille-SblU3Hee/toulouse-MLmY2yB1/summary/stats/overall/?mid=hAcz15AP","match_id":"hAcz15AP","collected_at_utc":"2026-08-16T06:17:16.482Z","page_title":"MAR 0-0 TOU | Marseille v Toulouse 17/09/2023, Stats - Flashscore.com | Match","competition":"WORLD CUP","status":"FINISHED","date_time":"17.09.2023 19:05","home_team":"Marseille","away_team":"Toulouse","
[2026-08-16T06:17:16Z] Stored overall statistics: 14 rows.
[2026-08-16T06:17:16Z] Merged section: statistics_overall
[2026-08-16T06:17:16Z] Opening 1st half statistics...
[2026-08-16T06:17:17Z] Navigate: https://www.flashscore.com/match/football/marseille-SblU3Hee/toulouse-MLmY2yB1/summary/stats/1st-half/?mid=hAcz15AP
[2026-08-16T06:17:19Z] Page loaded. Waiting for statistics DOM...
[2026-08-16T06:17:20Z] Script [readiness] result prefix: {"body_text_length":3266,"ready":true,"row_count":19,"section":"statistics_first_half","title":"MAR 0-0 TOU | Marseille v Toulouse 17/09/2023, Stats - Flashscore.com | Match"}
[2026-08-16T06:17:20Z] Reading rendered DOM...
[2026-08-16T06:17:20Z] Executing extraction script for phase 1; length: 5174.
[2026-08-16T06:17:21Z] Script [extract] result prefix: {"schema_version":"1.3","section":"statistics_first_half","statistic_period":"first_half","source_url":"https://www.flashscore.com/match/football/marseille-SblU3Hee/toulouse-MLmY2yB1/summary/stats/1st-half/?mid=hAcz15AP","match_id":"hAcz15AP","collected_at_utc":"2026-08-16T06:17:20.954Z","page_title":"MAR 0-0 TOU | Marseille v Toulouse 17/09/2023, Stats - Flashscore.com | Match","competition":"WORLD CUP","status":"FINISHED","date_time":"17.09.2023 19:05","home_team":"Marseille","away_team":"Toul
[2026-08-16T06:17:21Z] Stored first_half statistics: 14 rows.
[2026-08-16T06:17:21Z] Merged section: statistics_first_half
[2026-08-16T06:17:21Z] Opening 2nd half statistics...
[2026-08-16T06:17:21Z] Navigate: https://www.flashscore.com/match/football/marseille-SblU3Hee/toulouse-MLmY2yB1/summary/stats/2nd-half/?mid=hAcz15AP
[2026-08-16T06:17:23Z] Page loaded. Waiting for statistics DOM...
[2026-08-16T06:17:24Z] Script [readiness] result prefix: {"body_text_length":3266,"ready":true,"row_count":19,"section":"statistics_second_half","title":"MAR 0-0 TOU | Marseille v Toulouse 17/09/2023, Stats - Flashscore.com | Match"}
[2026-08-16T06:17:24Z] Reading rendered DOM...
[2026-08-16T06:17:24Z] Executing extraction script for phase 2; length: 5174.
[2026-08-16T06:17:24Z] Script [extract] result prefix: {"schema_version":"1.3","section":"statistics_second_half","statistic_period":"second_half","source_url":"https://www.flashscore.com/match/football/marseille-SblU3Hee/toulouse-MLmY2yB1/summary/stats/2nd-half/?mid=hAcz15AP","match_id":"hAcz15AP","collected_at_utc":"2026-08-16T06:17:24.981Z","page_title":"MAR 0-0 TOU | Marseille v Toulouse 17/09/2023, Stats - Flashscore.com | Match","competition":"WORLD CUP","status":"FINISHED","date_time":"17.09.2023 19:05","home_team":"Marseille","away_team":"To
[2026-08-16T06:17:25Z] Stored second_half statistics: 14 rows.
[2026-08-16T06:17:25Z] Merged section: statistics_second_half
[2026-08-16T06:17:25Z] Opening lineups...
[2026-08-16T06:17:25Z] Navigate: https://www.flashscore.com/match/football/marseille-SblU3Hee/toulouse-MLmY2yB1/summary/lineups/?mid=hAcz15AP
[2026-08-16T06:17:27Z] Page loaded. Waiting for statistics DOM...
[2026-08-16T06:17:29Z] Script [readiness] result prefix: {"body_text_length":4187,"ready":true,"row_count":113,"section":"lineups","title":"MAR 0-0 TOU | Marseille v Toulouse 17/09/2023, Lineups - Flashscore.com | Match"}
[2026-08-16T06:17:29Z] Reading rendered DOM...
[2026-08-16T06:17:29Z] Executing extraction script for phase 4; length: 20701.
[2026-08-16T06:17:29Z] Script [extract] result prefix: {"schema_version":"1.3","section":"lineups","statistic_period":null,"source_url":"https://www.flashscore.com/match/football/marseille-SblU3Hee/toulouse-MLmY2yB1/summary/lineups/?mid=hAcz15AP","match_id":"hAcz15AP","collected_at_utc":"2026-08-16T06:17:29.226Z","page_title":"MAR 0-0 TOU | Marseille v Toulouse 17/09/2023, Lineups - Flashscore.com | Match","competition":"WORLD CUP","status":"FINISHED","date_time":"17.09.2023 19:05","home_team":"Marseille","away_team":"Toulouse","score":{"home":"0","
[2026-08-16T06:17:29Z] Merged section: lineups
[2026-08-16T06:17:29Z] French Ligue 1 2023/2024: Player Stats are unavailable in the source profile.
[2026-08-16T06:17:29Z] Marked all Player Stats categories as not_available; collection continues.
[2026-08-16T06:17:29Z] Opening commentary...
[2026-08-16T06:17:29Z] Navigate: https://www.flashscore.com/match/football/marseille-SblU3Hee/toulouse-MLmY2yB1/summary/live-commentary/?mid=hAcz15AP
[2026-08-16T06:17:32Z] Page loaded. Waiting for statistics DOM...
[2026-08-16T06:17:33Z] Script [readiness] result prefix: {"body_text_length":13758,"ready":true,"row_count":248,"section":"commentary","title":"MAR 0-0 TOU | Marseille v Toulouse 17/09/2023 | Football - Flashscore | Match"}
[2026-08-16T06:17:33Z] Reading rendered DOM...
[2026-08-16T06:17:33Z] Executing extraction script for phase 12; length: 11834.
[2026-08-16T06:17:33Z] Script [extract] result prefix: {"schema_version":"1.3","section":"commentary","statistic_period":null,"source_url":"https://www.flashscore.com/match/football/marseille-SblU3Hee/toulouse-MLmY2yB1/summary/live-commentary/all-comments/?mid=hAcz15AP","match_id":"hAcz15AP","collected_at_utc":"2026-08-16T06:17:33.870Z","page_title":"MAR 0-0 TOU | Marseille v Toulouse 17/09/2023 | Football - Flashscore | Match","competition":"WORLD CUP","status":"FINISHED","date_time":"17.09.2023 19:05","home_team":"Marseille","away_team":"Toulouse"
[2026-08-16T06:17:33Z] Merged section: commentary
[2026-08-16T06:17:34Z] Saving complete match JSON...
[2026-08-16T06:17:34Z] Player Stats category unavailable; status=not_available: top_stats
[2026-08-16T06:17:34Z] Player Stats category unavailable; status=not_available: shots
[2026-08-16T06:17:34Z] Player Stats category unavailable; status=not_available: attack
[2026-08-16T06:17:34Z] Player Stats category unavailable; status=not_available: passes
[2026-08-16T06:17:34Z] Player Stats category unavailable; status=not_available: defense
[2026-08-16T06:17:34Z] Player Stats category unavailable; status=not_available: goalkeeping
[2026-08-16T06:17:35Z] Player Stats category unavailable; status=not_available: general
[2026-08-16T06:17:35Z] Structured goals, cards and VAR events enriched.
[2026-08-16T06:17:35Z] Saved match JSON with 14 statistics: G:\Mirza\VSCode\FlashscoreFootballCollector_\Data\Matches\Ligue1\2023_2024\2023-09-17_Marseille_vs_Toulouse_hAcz15AP.json
[2026-08-16T06:17:35Z] Finished: 2023-09-17_Marseille_vs_Toulouse_hAcz15AP.json
[2026-08-16T06:17:35Z] Opening overall statistics...
[2026-08-16T06:17:35Z] Navigate: https://www.flashscore.com/match/football/le-havre-CIEe04GT/lyon-2akflumR/summary/stats/overall/?mid=4lHuuOm6
[2026-08-16T06:17:37Z] Page loaded. Waiting for statistics DOM...
[2026-08-16T06:17:39Z] Script [readiness] result prefix: {"body_text_length":3246,"ready":true,"row_count":19,"section":"statistics_overall","title":"LYO 0-0 HAV | Lyon v Le Havre 17/09/2023, Stats - Flashscore.com | Match"}
[2026-08-16T06:17:39Z] Reading rendered DOM...
[2026-08-16T06:17:39Z] Executing extraction script for phase 0; length: 5174.
[2026-08-16T06:17:39Z] Script [extract] result prefix: {"schema_version":"1.3","section":"statistics_overall","statistic_period":"overall","source_url":"https://www.flashscore.com/match/football/le-havre-CIEe04GT/lyon-2akflumR/summary/stats/overall/?mid=4lHuuOm6","match_id":"4lHuuOm6","collected_at_utc":"2026-08-16T06:17:39.708Z","page_title":"LYO 0-0 HAV | Lyon v Le Havre 17/09/2023, Stats - Flashscore.com | Match","competition":"WORLD CUP","status":"FINISHED","date_time":"17.09.2023 22:45","home_team":"Lyon","away_team":"Le Havre","score":{"home":
[2026-08-16T06:17:39Z] Stored overall statistics: 14 rows.
[2026-08-16T06:17:40Z] Merged section: statistics_overall
[2026-08-16T06:17:40Z] Opening 1st half statistics...
[2026-08-16T06:17:40Z] Navigate: https://www.flashscore.com/match/football/le-havre-CIEe04GT/lyon-2akflumR/summary/stats/1st-half/?mid=4lHuuOm6
[2026-08-16T06:17:42Z] Page loaded. Waiting for statistics DOM...
[2026-08-16T06:17:43Z] Script [readiness] result prefix: {"body_text_length":3239,"ready":true,"row_count":19,"section":"statistics_first_half","title":"LYO 0-0 HAV | Lyon v Le Havre 17/09/2023, Stats - Flashscore.com | Match"}
[2026-08-16T06:17:43Z] Reading rendered DOM...
[2026-08-16T06:17:43Z] Executing extraction script for phase 1; length: 5174.
[2026-08-16T06:17:43Z] Script [extract] result prefix: {"schema_version":"1.3","section":"statistics_first_half","statistic_period":"first_half","source_url":"https://www.flashscore.com/match/football/le-havre-CIEe04GT/lyon-2akflumR/summary/stats/1st-half/?mid=4lHuuOm6","match_id":"4lHuuOm6","collected_at_utc":"2026-08-16T06:17:43.567Z","page_title":"LYO 0-0 HAV | Lyon v Le Havre 17/09/2023, Stats - Flashscore.com | Match","competition":"WORLD CUP","status":"FINISHED","date_time":"17.09.2023 22:45","home_team":"Lyon","away_team":"Le Havre","score":{
[2026-08-16T06:17:43Z] Stored first_half statistics: 14 rows.
[2026-08-16T06:17:43Z] Merged section: statistics_first_half
[2026-08-16T06:17:43Z] Opening 2nd half statistics...
[2026-08-16T06:17:43Z] Navigate: https://www.flashscore.com/match/football/le-havre-CIEe04GT/lyon-2akflumR/summary/stats/2nd-half/?mid=4lHuuOm6
[2026-08-16T06:17:46Z] Page loaded. Waiting for statistics DOM...
[2026-08-16T06:17:47Z] Script [readiness] result prefix: {"body_text_length":3241,"ready":true,"row_count":19,"section":"statistics_second_half","title":"LYO 0-0 HAV | Lyon v Le Havre 17/09/2023, Stats - Flashscore.com | Match"}
[2026-08-16T06:17:47Z] Reading rendered DOM...
[2026-08-16T06:17:48Z] Executing extraction script for phase 2; length: 5174.
[2026-08-16T06:17:48Z] Script [extract] result prefix: {"schema_version":"1.3","section":"statistics_second_half","statistic_period":"second_half","source_url":"https://www.flashscore.com/match/football/le-havre-CIEe04GT/lyon-2akflumR/summary/stats/2nd-half/?mid=4lHuuOm6","match_id":"4lHuuOm6","collected_at_utc":"2026-08-16T06:17:48.122Z","page_title":"LYO 0-0 HAV | Lyon v Le Havre 17/09/2023, Stats - Flashscore.com | Match","competition":"WORLD CUP","status":"FINISHED","date_time":"17.09.2023 22:45","home_team":"Lyon","away_team":"Le Havre","score"
[2026-08-16T06:17:48Z] Stored second_half statistics: 14 rows.
[2026-08-16T06:17:48Z] Merged section: statistics_second_half
[2026-08-16T06:17:48Z] Opening lineups...
[2026-08-16T06:17:48Z] Navigate: https://www.flashscore.com/match/football/le-havre-CIEe04GT/lyon-2akflumR/summary/lineups/?mid=4lHuuOm6
[2026-08-16T06:17:50Z] Page loaded. Waiting for statistics DOM...
[2026-08-16T06:17:51Z] Script [readiness] result prefix: {"body_text_length":3978,"ready":true,"row_count":104,"section":"lineups","title":"LYO 0-0 HAV | Lyon v Le Havre 17/09/2023, Lineups - Flashscore.com | Match"}
[2026-08-16T06:17:51Z] Reading rendered DOM...
[2026-08-16T06:17:51Z] Executing extraction script for phase 4; length: 20701.
[2026-08-16T06:17:52Z] Script [extract] result prefix: {"schema_version":"1.3","section":"lineups","statistic_period":null,"source_url":"https://www.flashscore.com/match/football/le-havre-CIEe04GT/lyon-2akflumR/summary/lineups/?mid=4lHuuOm6","match_id":"4lHuuOm6","collected_at_utc":"2026-08-16T06:17:52.344Z","page_title":"LYO 0-0 HAV | Lyon v Le Havre 17/09/2023, Lineups - Flashscore.com | Match","competition":"WORLD CUP","status":"FINISHED","date_time":"17.09.2023 22:45","home_team":"Lyon","away_team":"Le Havre","score":{"home":"0","away":"0","disp
[2026-08-16T06:17:52Z] Merged section: lineups
[2026-08-16T06:17:52Z] French Ligue 1 2023/2024: Player Stats are unavailable in the source profile.
[2026-08-16T06:17:52Z] Marked all Player Stats categories as not_available; collection continues.
[2026-08-16T06:17:53Z] Opening commentary...
[2026-08-16T06:17:53Z] Navigate: https://www.flashscore.com/match/football/le-havre-CIEe04GT/lyon-2akflumR/summary/live-commentary/?mid=4lHuuOm6
[2026-08-16T06:17:54Z] Page loaded. Waiting for statistics DOM...
[2026-08-16T06:17:56Z] Script [readiness] result prefix: {"body_text_length":11134,"ready":true,"row_count":193,"section":"commentary","title":"LYO 0-0 HAV | Lyon v Le Havre 17/09/2023 | Football - Flashscore | Match"}
[2026-08-16T06:17:56Z] Reading rendered DOM...
[2026-08-16T06:17:56Z] Executing extraction script for phase 12; length: 11834.
[2026-08-16T06:17:56Z] Script [extract] result prefix: {"schema_version":"1.3","section":"commentary","statistic_period":null,"source_url":"https://www.flashscore.com/match/football/le-havre-CIEe04GT/lyon-2akflumR/summary/live-commentary/all-comments/?mid=4lHuuOm6","match_id":"4lHuuOm6","collected_at_utc":"2026-08-16T06:17:56.649Z","page_title":"LYO 0-0 HAV | Lyon v Le Havre 17/09/2023 | Football - Flashscore | Match","competition":"WORLD CUP","status":"FINISHED","date_time":"17.09.2023 22:45","home_team":"Lyon","away_team":"Le Havre","score":{"home
[2026-08-16T06:17:56Z] Merged section: commentary
[2026-08-16T06:17:56Z] Saving complete match JSON...
[2026-08-16T06:17:56Z] Player Stats category unavailable; status=not_available: top_stats
[2026-08-16T06:17:56Z] Player Stats category unavailable; status=not_available: shots
[2026-08-16T06:17:57Z] Player Stats category unavailable; status=not_available: attack
[2026-08-16T06:17:57Z] Player Stats category unavailable; status=not_available: passes
[2026-08-16T06:17:57Z] Player Stats category unavailable; status=not_available: defense
[2026-08-16T06:17:57Z] Player Stats category unavailable; status=not_available: goalkeeping
[2026-08-16T06:17:57Z] Player Stats category unavailable; status=not_available: general
[2026-08-16T06:17:57Z] Structured goals, cards and VAR events enriched.
[2026-08-16T06:17:57Z] Saved match JSON with 14 statistics: G:\Mirza\VSCode\FlashscoreFootballCollector_\Data\Matches\Ligue1\2023_2024\2023-09-17_Lyon_vs_Le_Havre_4lHuuOm6.json
[2026-08-16T06:17:57Z] Finished: 2023-09-17_Lyon_vs_Le_Havre_4lHuuOm6.json
[2026-08-16T06:17:57Z] Opening overall statistics...
[2026-08-16T06:17:57Z] Navigate: https://www.flashscore.com/match/football/monaco-2PIvr8o4/nice-YagoQJpq/summary/stats/overall/?mid=ImqztTyg
[2026-08-16T06:17:59Z] Page loaded. Waiting for statistics DOM...
[2026-08-16T06:18:00Z] Script [readiness] result prefix: {"body_text_length":3235,"ready":true,"row_count":19,"section":"statistics_overall","title":"MON 0-1 NIC | Monaco v Nice 22/09/2023, Stats - Flashscore.com | Match"}
[2026-08-16T06:18:00Z] Reading rendered DOM...
[2026-08-16T06:18:00Z] Executing extraction script for phase 0; length: 5174.
[2026-08-16T06:18:01Z] Script [extract] result prefix: {"schema_version":"1.3","section":"statistics_overall","statistic_period":"overall","source_url":"https://www.flashscore.com/match/football/monaco-2PIvr8o4/nice-YagoQJpq/summary/stats/overall/?mid=ImqztTyg","match_id":"ImqztTyg","collected_at_utc":"2026-08-16T06:18:01.016Z","page_title":"MON 0-1 NIC | Monaco v Nice 22/09/2023, Stats - Flashscore.com | Match","competition":"WORLD CUP","status":"FINISHED","date_time":"22.09.2023 23:00","home_team":"Monaco","away_team":"Nice","score":{"home":"0","a
[2026-08-16T06:18:01Z] Stored overall statistics: 14 rows.
[2026-08-16T06:18:01Z] Merged section: statistics_overall
[2026-08-16T06:18:01Z] Opening 1st half statistics...
[2026-08-16T06:18:01Z] Navigate: https://www.flashscore.com/match/football/monaco-2PIvr8o4/nice-YagoQJpq/summary/stats/1st-half/?mid=ImqztTyg
[2026-08-16T06:18:03Z] Page loaded. Waiting for statistics DOM...
[2026-08-16T06:18:04Z] Script [readiness] result prefix: {"body_text_length":3211,"ready":true,"row_count":18,"section":"statistics_first_half","title":"MON 0-1 NIC | Monaco v Nice 22/09/2023, Stats - Flashscore.com | Match"}
[2026-08-16T06:18:04Z] Reading rendered DOM...
[2026-08-16T06:18:05Z] Executing extraction script for phase 1; length: 5174.
[2026-08-16T06:18:05Z] Script [extract] result prefix: {"schema_version":"1.3","section":"statistics_first_half","statistic_period":"first_half","source_url":"https://www.flashscore.com/match/football/monaco-2PIvr8o4/nice-YagoQJpq/summary/stats/1st-half/?mid=ImqztTyg","match_id":"ImqztTyg","collected_at_utc":"2026-08-16T06:18:05.120Z","page_title":"MON 0-1 NIC | Monaco v Nice 22/09/2023, Stats - Flashscore.com | Match","competition":"WORLD CUP","status":"FINISHED","date_time":"22.09.2023 23:00","home_team":"Monaco","away_team":"Nice","score":{"home"
[2026-08-16T06:18:05Z] Stored first_half statistics: 13 rows.
[2026-08-16T06:18:05Z] Merged section: statistics_first_half
[2026-08-16T06:18:05Z] Opening 2nd half statistics...
[2026-08-16T06:18:05Z] Navigate: https://www.flashscore.com/match/football/monaco-2PIvr8o4/nice-YagoQJpq/summary/stats/2nd-half/?mid=ImqztTyg
[2026-08-16T06:18:07Z] Page loaded. Waiting for statistics DOM...
[2026-08-16T06:18:08Z] Script [readiness] result prefix: {"body_text_length":3228,"ready":true,"row_count":19,"section":"statistics_second_half","title":"MON 0-1 NIC | Monaco v Nice 22/09/2023, Stats - Flashscore.com | Match"}
[2026-08-16T06:18:08Z] Reading rendered DOM...
[2026-08-16T06:18:08Z] Executing extraction script for phase 2; length: 5174.
[2026-08-16T06:18:08Z] Script [extract] result prefix: {"schema_version":"1.3","section":"statistics_second_half","statistic_period":"second_half","source_url":"https://www.flashscore.com/match/football/monaco-2PIvr8o4/nice-YagoQJpq/summary/stats/2nd-half/?mid=ImqztTyg","match_id":"ImqztTyg","collected_at_utc":"2026-08-16T06:18:08.854Z","page_title":"MON 0-1 NIC | Monaco v Nice 22/09/2023, Stats - Flashscore.com | Match","competition":"WORLD CUP","status":"FINISHED","date_time":"22.09.2023 23:00","home_team":"Monaco","away_team":"Nice","score":{"hom
[2026-08-16T06:18:09Z] Stored second_half statistics: 14 rows.
[2026-08-16T06:18:09Z] Merged section: statistics_second_half
[2026-08-16T06:18:09Z] Opening lineups...
[2026-08-16T06:18:09Z] Navigate: https://www.flashscore.com/match/football/monaco-2PIvr8o4/nice-YagoQJpq/summary/lineups/?mid=ImqztTyg
[2026-08-16T06:18:12Z] Page loaded. Waiting for statistics DOM...
[2026-08-16T06:18:14Z] Script [readiness] result prefix: {"body_text_length":4149,"ready":true,"row_count":114,"section":"lineups","title":"MON 0-1 NIC | Monaco v Nice 22/09/2023, Lineups - Flashscore.com | Match"}
[2026-08-16T06:18:14Z] Reading rendered DOM...
[2026-08-16T06:18:14Z] Executing extraction script for phase 4; length: 20701.
[2026-08-16T06:18:14Z] Script [extract] result prefix: {"schema_version":"1.3","section":"lineups","statistic_period":null,"source_url":"https://www.flashscore.com/match/football/monaco-2PIvr8o4/nice-YagoQJpq/summary/lineups/?mid=ImqztTyg","match_id":"ImqztTyg","collected_at_utc":"2026-08-16T06:18:14.418Z","page_title":"MON 0-1 NIC | Monaco v Nice 22/09/2023, Lineups - Flashscore.com | Match","competition":"WORLD CUP","status":"FINISHED","date_time":"22.09.2023 23:00","home_team":"Monaco","away_team":"Nice","score":{"home":"0","away":"1","display":"
[2026-08-16T06:18:14Z] Merged section: lineups
[2026-08-16T06:18:14Z] French Ligue 1 2023/2024: Player Stats are unavailable in the source profile.
[2026-08-16T06:18:14Z] Marked all Player Stats categories as not_available; collection continues.
[2026-08-16T06:18:14Z] Opening commentary...
[2026-08-16T06:18:14Z] Navigate: https://www.flashscore.com/match/football/monaco-2PIvr8o4/nice-YagoQJpq/summary/live-commentary/?mid=ImqztTyg
[2026-08-16T06:18:17Z] Page loaded. Waiting for statistics DOM...
[2026-08-16T06:18:18Z] Script [readiness] result prefix: {"body_text_length":11867,"ready":true,"row_count":222,"section":"commentary","title":"MON 0-1 NIC | Monaco v Nice 22/09/2023 | Football - Flashscore | Match"}
[2026-08-16T06:18:18Z] Reading rendered DOM...
[2026-08-16T06:18:18Z] Executing extraction script for phase 12; length: 11834.
[2026-08-16T06:18:19Z] Script [extract] result prefix: {"schema_version":"1.3","section":"commentary","statistic_period":null,"source_url":"https://www.flashscore.com/match/football/monaco-2PIvr8o4/nice-YagoQJpq/summary/live-commentary/all-comments/?mid=ImqztTyg","match_id":"ImqztTyg","collected_at_utc":"2026-08-16T06:18:19.011Z","page_title":"MON 0-1 NIC | Monaco v Nice 22/09/2023 | Football - Flashscore | Match","competition":"WORLD CUP","status":"FINISHED","date_time":"22.09.2023 23:00","home_team":"Monaco","away_team":"Nice","score":{"home":"0",
[2026-08-16T06:18:19Z] Merged section: commentary
[2026-08-16T06:18:19Z] Saving complete match JSON...
[2026-08-16T06:18:19Z] Player Stats category unavailable; status=not_available: top_stats
[2026-08-16T06:18:19Z] Player Stats category unavailable; status=not_available: shots
[2026-08-16T06:18:19Z] Player Stats category unavailable; status=not_available: attack
[2026-08-16T06:18:19Z] Player Stats category unavailable; status=not_available: passes
[2026-08-16T06:18:19Z] Player Stats category unavailable; status=not_available: defense
[2026-08-16T06:18:19Z] Player Stats category unavailable; status=not_available: goalkeeping
[2026-08-16T06:18:19Z] Player Stats category unavailable; status=not_available: general
[2026-08-16T06:18:19Z] Structured goals, cards and VAR events enriched.
[2026-08-16T06:18:19Z] Saved match JSON with 14 statistics: G:\Mirza\VSCode\FlashscoreFootballCollector_\Data\Matches\Ligue1\2023_2024\2023-09-22_Monaco_vs_Nice_ImqztTyg.json
[2026-08-16T06:18:19Z] Finished: 2023-09-22_Monaco_vs_Nice_ImqztTyg.json
[2026-08-16T06:18:19Z] Opening overall statistics...
[2026-08-16T06:18:20Z] Navigate: https://www.flashscore.com/match/football/lorient-jgNAYRGi/nantes-veuetnGG/summary/stats/overall/?mid=8xxmwRLB
[2026-08-16T06:18:23Z] Page loaded. Waiting for statistics DOM...
[2026-08-16T06:18:25Z] Script [readiness] result prefix: {"body_text_length":3246,"ready":true,"row_count":19,"section":"statistics_overall","title":"NAN 5-3 LOR | Nantes v Lorient 23/09/2023, Stats - Flashscore.com | Match"}
[2026-08-16T06:18:25Z] Reading rendered DOM...
[2026-08-16T06:18:25Z] Executing extraction script for phase 0; length: 5174.
[2026-08-16T06:18:25Z] Script [extract] result prefix: {"schema_version":"1.3","section":"statistics_overall","statistic_period":"overall","source_url":"https://www.flashscore.com/match/football/lorient-jgNAYRGi/nantes-veuetnGG/summary/stats/overall/?mid=8xxmwRLB","match_id":"8xxmwRLB","collected_at_utc":"2026-08-16T06:18:25.420Z","page_title":"NAN 5-3 LOR | Nantes v Lorient 23/09/2023, Stats - Flashscore.com | Match","competition":"WORLD CUP","status":"FINISHED","date_time":"23.09.2023 19:00","home_team":"Nantes","away_team":"Lorient","score":{"hom
[2026-08-16T06:18:25Z] Stored overall statistics: 14 rows.
[2026-08-16T06:18:25Z] Merged section: statistics_overall
[2026-08-16T06:18:25Z] Opening 1st half statistics...
[2026-08-16T06:18:25Z] Navigate: https://www.flashscore.com/match/football/lorient-jgNAYRGi/nantes-veuetnGG/summary/stats/1st-half/?mid=8xxmwRLB
[2026-08-16T06:18:28Z] Page loaded. Waiting for statistics DOM...
[2026-08-16T06:18:29Z] Script [readiness] result prefix: {"body_text_length":3223,"ready":true,"row_count":18,"section":"statistics_first_half","title":"NAN 5-3 LOR | Nantes v Lorient 23/09/2023, Stats - Flashscore.com | Match"}
[2026-08-16T06:18:29Z] Reading rendered DOM...
[2026-08-16T06:18:29Z] Executing extraction script for phase 1; length: 5174.
[2026-08-16T06:18:29Z] Script [extract] result prefix: {"schema_version":"1.3","section":"statistics_first_half","statistic_period":"first_half","source_url":"https://www.flashscore.com/match/football/lorient-jgNAYRGi/nantes-veuetnGG/summary/stats/1st-half/?mid=8xxmwRLB","match_id":"8xxmwRLB","collected_at_utc":"2026-08-16T06:18:29.636Z","page_title":"NAN 5-3 LOR | Nantes v Lorient 23/09/2023, Stats - Flashscore.com | Match","competition":"WORLD CUP","status":"FINISHED","date_time":"23.09.2023 19:00","home_team":"Nantes","away_team":"Lorient","score
[2026-08-16T06:18:29Z] Stored first_half statistics: 13 rows.
[2026-08-16T06:18:29Z] Merged section: statistics_first_half
[2026-08-16T06:18:29Z] Opening 2nd half statistics...
[2026-08-16T06:18:29Z] Navigate: https://www.flashscore.com/match/football/lorient-jgNAYRGi/nantes-veuetnGG/summary/stats/2nd-half/?mid=8xxmwRLB
[2026-08-16T06:18:31Z] Page loaded. Waiting for statistics DOM...
[2026-08-16T06:18:33Z] Script [readiness] result prefix: {"body_text_length":3239,"ready":true,"row_count":19,"section":"statistics_second_half","title":"NAN 5-3 LOR | Nantes v Lorient 23/09/2023, Stats - Flashscore.com | Match"}
[2026-08-16T06:18:33Z] Reading rendered DOM...
[2026-08-16T06:18:33Z] Executing extraction script for phase 2; length: 5174.
[2026-08-16T06:18:33Z] Script [extract] result prefix: {"schema_version":"1.3","section":"statistics_second_half","statistic_period":"second_half","source_url":"https://www.flashscore.com/match/football/lorient-jgNAYRGi/nantes-veuetnGG/summary/stats/2nd-half/?mid=8xxmwRLB","match_id":"8xxmwRLB","collected_at_utc":"2026-08-16T06:18:33.253Z","page_title":"NAN 5-3 LOR | Nantes v Lorient 23/09/2023, Stats - Flashscore.com | Match","competition":"WORLD CUP","status":"FINISHED","date_time":"23.09.2023 19:00","home_team":"Nantes","away_team":"Lorient","sco
[2026-08-16T06:18:33Z] Stored second_half statistics: 14 rows.
[2026-08-16T06:18:33Z] Merged section: statistics_second_half
[2026-08-16T06:18:33Z] Opening lineups...
[2026-08-16T06:18:33Z] Navigate: https://www.flashscore.com/match/football/lorient-jgNAYRGi/nantes-veuetnGG/summary/lineups/?mid=8xxmwRLB
[2026-08-16T06:18:35Z] Page loaded. Waiting for statistics DOM...
[2026-08-16T06:18:37Z] Script [readiness] result prefix: {"body_text_length":4186,"ready":true,"row_count":112,"section":"lineups","title":"NAN 5-3 LOR | Nantes v Lorient 23/09/2023, Lineups - Flashscore.com | Match"}
[2026-08-16T06:18:37Z] Reading rendered DOM...
[2026-08-16T06:18:37Z] Executing extraction script for phase 4; length: 20701.
[2026-08-16T06:18:37Z] Script [extract] result prefix: {"schema_version":"1.3","section":"lineups","statistic_period":null,"source_url":"https://www.flashscore.com/match/football/lorient-jgNAYRGi/nantes-veuetnGG/summary/lineups/?mid=8xxmwRLB","match_id":"8xxmwRLB","collected_at_utc":"2026-08-16T06:18:37.278Z","page_title":"NAN 5-3 LOR | Nantes v Lorient 23/09/2023, Lineups - Flashscore.com | Match","competition":"WORLD CUP","status":"FINISHED","date_time":"23.09.2023 19:00","home_team":"Nantes","away_team":"Lorient","score":{"home":"5","away":"3","d
[2026-08-16T06:18:37Z] Merged section: lineups
[2026-08-16T06:18:37Z] French Ligue 1 2023/2024: Player Stats are unavailable in the source profile.
[2026-08-16T06:18:37Z] Marked all Player Stats categories as not_available; collection continues.
[2026-08-16T06:18:37Z] Opening commentary...
[2026-08-16T06:18:38Z] Navigate: https://www.flashscore.com/match/football/lorient-jgNAYRGi/nantes-veuetnGG/summary/live-commentary/?mid=8xxmwRLB
[2026-08-16T06:18:39Z] Page loaded. Waiting for statistics DOM...
[2026-08-16T06:18:41Z] Script [readiness] result prefix: {"body_text_length":12179,"ready":true,"row_count":224,"section":"commentary","title":"NAN 5-3 LOR | Nantes v Lorient 23/09/2023 | Football - Flashscore | Match"}
[2026-08-16T06:18:41Z] Reading rendered DOM...
[2026-08-16T06:18:41Z] Executing extraction script for phase 12; length: 11834.
[2026-08-16T06:18:41Z] Script [extract] result prefix: {"schema_version":"1.3","section":"commentary","statistic_period":null,"source_url":"https://www.flashscore.com/match/football/lorient-jgNAYRGi/nantes-veuetnGG/summary/live-commentary/all-comments/?mid=8xxmwRLB","match_id":"8xxmwRLB","collected_at_utc":"2026-08-16T06:18:41.453Z","page_title":"NAN 5-3 LOR | Nantes v Lorient 23/09/2023 | Football - Flashscore | Match","competition":"WORLD CUP","status":"FINISHED","date_time":"23.09.2023 19:00","home_team":"Nantes","away_team":"Lorient","score":{"h
[2026-08-16T06:18:41Z] Merged section: commentary
[2026-08-16T06:18:41Z] Saving complete match JSON...
[2026-08-16T06:18:42Z] Player Stats category unavailable; status=not_available: top_stats
[2026-08-16T06:18:42Z] Player Stats category unavailable; status=not_available: shots
[2026-08-16T06:18:42Z] Player Stats category unavailable; status=not_available: attack
[2026-08-16T06:18:42Z] Player Stats category unavailable; status=not_available: passes
[2026-08-16T06:18:42Z] Player Stats category unavailable; status=not_available: defense
[2026-08-16T06:18:42Z] Player Stats category unavailable; status=not_available: goalkeeping
[2026-08-16T06:18:42Z] Player Stats category unavailable; status=not_available: general
[2026-08-16T06:18:42Z] Structured goals, cards and VAR events enriched.
[2026-08-16T06:18:42Z] Saved match JSON with 14 statistics: G:\Mirza\VSCode\FlashscoreFootballCollector_\Data\Matches\Ligue1\2023_2024\2023-09-23_Nantes_vs_Lorient_8xxmwRLB.json
[2026-08-16T06:18:42Z] Finished: 2023-09-23_Nantes_vs_Lorient_8xxmwRLB.json
[2026-08-16T06:18:42Z] Opening overall statistics...
[2026-08-16T06:18:42Z] Navigate: https://www.flashscore.com/match/football/brest-Cr4VGaUl/lyon-2akflumR/summary/stats/overall/?mid=4Ence8yt
[2026-08-16T06:18:44Z] Page loaded. Waiting for statistics DOM...
[2026-08-16T06:18:46Z] Script [readiness] result prefix: {"body_text_length":3216,"ready":true,"row_count":19,"section":"statistics_overall","title":"BRE 1-0 LYO | Brest v Lyon 23/09/2023, Stats - Flashscore.com | Match"}
[2026-08-16T06:18:46Z] Reading rendered DOM...
[2026-08-16T06:18:46Z] Executing extraction script for phase 0; length: 5174.
[2026-08-16T06:18:46Z] Script [extract] result prefix: {"schema_version":"1.3","section":"statistics_overall","statistic_period":"overall","source_url":"https://www.flashscore.com/match/football/brest-Cr4VGaUl/lyon-2akflumR/summary/stats/overall/?mid=4Ence8yt","match_id":"4Ence8yt","collected_at_utc":"2026-08-16T06:18:46.214Z","page_title":"BRE 1-0 LYO | Brest v Lyon 23/09/2023, Stats - Flashscore.com | Match","competition":"WORLD CUP","status":"FINISHED","date_time":"23.09.2023 23:00","home_team":"Brest","away_team":"Lyon","score":{"home":"1","away
[2026-08-16T06:18:46Z] Stored overall statistics: 14 rows.
[2026-08-16T06:18:46Z] Merged section: statistics_overall
[2026-08-16T06:18:46Z] Opening 1st half statistics...
[2026-08-16T06:18:46Z] Navigate: https://www.flashscore.com/match/football/brest-Cr4VGaUl/lyon-2akflumR/summary/stats/1st-half/?mid=4Ence8yt
[2026-08-16T06:18:48Z] Page loaded. Waiting for statistics DOM...
[2026-08-16T06:18:49Z] Script [readiness] result prefix: {"body_text_length":3208,"ready":true,"row_count":19,"section":"statistics_first_half","title":"BRE 1-0 LYO | Brest v Lyon 23/09/2023, Stats - Flashscore.com | Match"}
[2026-08-16T06:18:49Z] Reading rendered DOM...
[2026-08-16T06:18:49Z] Executing extraction script for phase 1; length: 5174.
[2026-08-16T06:18:49Z] Script [extract] result prefix: {"schema_version":"1.3","section":"statistics_first_half","statistic_period":"first_half","source_url":"https://www.flashscore.com/match/football/brest-Cr4VGaUl/lyon-2akflumR/summary/stats/1st-half/?mid=4Ence8yt","match_id":"4Ence8yt","collected_at_utc":"2026-08-16T06:18:49.916Z","page_title":"BRE 1-0 LYO | Brest v Lyon 23/09/2023, Stats - Flashscore.com | Match","competition":"WORLD CUP","status":"FINISHED","date_time":"23.09.2023 23:00","home_team":"Brest","away_team":"Lyon","score":{"home":"1
[2026-08-16T06:18:50Z] Stored first_half statistics: 14 rows.
[2026-08-16T06:18:50Z] Merged section: statistics_first_half
[2026-08-16T06:18:50Z] Opening 2nd half statistics...
[2026-08-16T06:18:50Z] Navigate: https://www.flashscore.com/match/football/brest-Cr4VGaUl/lyon-2akflumR/summary/stats/2nd-half/?mid=4Ence8yt
[2026-08-16T06:18:51Z] Page loaded. Waiting for statistics DOM...
[2026-08-16T06:18:53Z] Script [readiness] result prefix: {"body_text_length":3225,"ready":true,"row_count":19,"section":"statistics_second_half","title":"BRE 1-0 LYO | Brest v Lyon 23/09/2023, Stats - Flashscore.com | Match"}
[2026-08-16T06:18:53Z] Reading rendered DOM...
[2026-08-16T06:18:53Z] Executing extraction script for phase 2; length: 5174.
[2026-08-16T06:18:53Z] Script [extract] result prefix: {"schema_version":"1.3","section":"statistics_second_half","statistic_period":"second_half","source_url":"https://www.flashscore.com/match/football/brest-Cr4VGaUl/lyon-2akflumR/summary/stats/2nd-half/?mid=4Ence8yt","match_id":"4Ence8yt","collected_at_utc":"2026-08-16T06:18:53.543Z","page_title":"BRE 1-0 LYO | Brest v Lyon 23/09/2023, Stats - Flashscore.com | Match","competition":"WORLD CUP","status":"FINISHED","date_time":"23.09.2023 23:00","home_team":"Brest","away_team":"Lyon","score":{"home":
[2026-08-16T06:18:53Z] Stored second_half statistics: 14 rows.
[2026-08-16T06:18:53Z] Merged section: statistics_second_half
[2026-08-16T06:18:53Z] Opening lineups...
[2026-08-16T06:18:54Z] Navigate: https://www.flashscore.com/match/football/brest-Cr4VGaUl/lyon-2akflumR/summary/lineups/?mid=4Ence8yt
[2026-08-16T06:18:57Z] Page loaded. Waiting for statistics DOM...
[2026-08-16T06:18:58Z] Script [readiness] result prefix: {"body_text_length":4088,"ready":true,"row_count":107,"section":"lineups","title":"BRE 1-0 LYO | Brest v Lyon 23/09/2023, Lineups - Flashscore.com | Match"}
[2026-08-16T06:18:58Z] Reading rendered DOM...
[2026-08-16T06:18:58Z] Executing extraction script for phase 4; length: 20701.
[2026-08-16T06:18:58Z] Script [extract] result prefix: {"schema_version":"1.3","section":"lineups","statistic_period":null,"source_url":"https://www.flashscore.com/match/football/brest-Cr4VGaUl/lyon-2akflumR/summary/lineups/?mid=4Ence8yt","match_id":"4Ence8yt","collected_at_utc":"2026-08-16T06:18:58.671Z","page_title":"BRE 1-0 LYO | Brest v Lyon 23/09/2023, Lineups - Flashscore.com | Match","competition":"WORLD CUP","status":"FINISHED","date_time":"23.09.2023 23:00","home_team":"Brest","away_team":"Lyon","score":{"home":"1","away":"0","display":"1 -
[2026-08-16T06:18:58Z] Merged section: lineups
[2026-08-16T06:18:58Z] French Ligue 1 2023/2024: Player Stats are unavailable in the source profile.
[2026-08-16T06:18:58Z] Marked all Player Stats categories as not_available; collection continues.
[2026-08-16T06:18:58Z] Opening commentary...
[2026-08-16T06:18:59Z] Navigate: https://www.flashscore.com/match/football/brest-Cr4VGaUl/lyon-2akflumR/summary/live-commentary/?mid=4Ence8yt
[2026-08-16T06:19:01Z] Page loaded. Waiting for statistics DOM...
[2026-08-16T06:19:03Z] Script [readiness] result prefix: {"body_text_length":14348,"ready":true,"row_count":236,"section":"commentary","title":"BRE 1-0 LYO | Brest v Lyon 23/09/2023 | Football - Flashscore | Match"}
[2026-08-16T06:19:03Z] Reading rendered DOM...
[2026-08-16T06:19:03Z] Executing extraction script for phase 12; length: 11834.
[2026-08-16T06:19:03Z] Script [extract] result prefix: {"schema_version":"1.3","section":"commentary","statistic_period":null,"source_url":"https://www.flashscore.com/match/football/brest-Cr4VGaUl/lyon-2akflumR/summary/live-commentary/all-comments/?mid=4Ence8yt","match_id":"4Ence8yt","collected_at_utc":"2026-08-16T06:19:03.438Z","page_title":"BRE 1-0 LYO | Brest v Lyon 23/09/2023 | Football - Flashscore | Match","competition":"WORLD CUP","status":"FINISHED","date_time":"23.09.2023 23:00","home_team":"Brest","away_team":"Lyon","score":{"home":"1","aw
[2026-08-16T06:19:03Z] Merged section: commentary
[2026-08-16T06:19:03Z] Saving complete match JSON...
[2026-08-16T06:19:04Z] Player Stats category unavailable; status=not_available: top_stats
[2026-08-16T06:19:04Z] Player Stats category unavailable; status=not_available: shots
[2026-08-16T06:19:04Z] Player Stats category unavailable; status=not_available: attack
[2026-08-16T06:19:04Z] Player Stats category unavailable; status=not_available: passes
[2026-08-16T06:19:04Z] Player Stats category unavailable; status=not_available: defense
[2026-08-16T06:19:04Z] Player Stats category unavailable; status=not_available: goalkeeping
[2026-08-16T06:19:04Z] Player Stats category unavailable; status=not_available: general
[2026-08-16T06:19:04Z] Structured goals, cards and VAR events enriched.
[2026-08-16T06:19:04Z] Saved match JSON with 14 statistics: G:\Mirza\VSCode\FlashscoreFootballCollector_\Data\Matches\Ligue1\2023_2024\2023-09-23_Brest_vs_Lyon_4Ence8yt.json
[2026-08-16T06:19:04Z] Finished: 2023-09-23_Brest_vs_Lyon_4Ence8yt.json
[2026-08-16T06:19:05Z] Opening overall statistics...
[2026-08-16T06:19:05Z] Navigate: https://www.flashscore.com/match/football/metz-4v0yqlWc/strasbourg-nP6UzIU1/summary/stats/overall/?mid=G2uey5jO
[2026-08-16T06:19:07Z] Page loaded. Waiting for statistics DOM...
[2026-08-16T06:19:09Z] Script [readiness] result prefix: {"body_text_length":3256,"ready":true,"row_count":19,"section":"statistics_overall","title":"MET 0-1 STR | Metz v Strasbourg 24/09/2023, Stats - Flashscore.com | Match"}
[2026-08-16T06:19:09Z] Reading rendered DOM...
[2026-08-16T06:19:09Z] Executing extraction script for phase 0; length: 5174.
[2026-08-16T06:19:09Z] Script [extract] result prefix: {"schema_version":"1.3","section":"statistics_overall","statistic_period":"overall","source_url":"https://www.flashscore.com/match/football/metz-4v0yqlWc/strasbourg-nP6UzIU1/summary/stats/overall/?mid=G2uey5jO","match_id":"G2uey5jO","collected_at_utc":"2026-08-16T06:19:09.523Z","page_title":"MET 0-1 STR | Metz v Strasbourg 24/09/2023, Stats - Flashscore.com | Match","competition":"WORLD CUP","status":"FINISHED","date_time":"24.09.2023 15:00","home_team":"Metz","away_team":"Strasbourg","score":{"
[2026-08-16T06:19:09Z] Stored overall statistics: 14 rows.
[2026-08-16T06:19:09Z] Merged section: statistics_overall
[2026-08-16T06:19:09Z] Opening 1st half statistics...
[2026-08-16T06:19:09Z] Navigate: https://www.flashscore.com/match/football/metz-4v0yqlWc/strasbourg-nP6UzIU1/summary/stats/1st-half/?mid=G2uey5jO
[2026-08-16T06:19:11Z] Page loaded. Waiting for statistics DOM...
[2026-08-16T06:19:13Z] Script [readiness] result prefix: {"body_text_length":3252,"ready":true,"row_count":19,"section":"statistics_first_half","title":"MET 0-1 STR | Metz v Strasbourg 24/09/2023, Stats - Flashscore.com | Match"}
[2026-08-16T06:19:13Z] Reading rendered DOM...
[2026-08-16T06:19:13Z] Executing extraction script for phase 1; length: 5174.
[2026-08-16T06:19:13Z] Script [extract] result prefix: {"schema_version":"1.3","section":"statistics_first_half","statistic_period":"first_half","source_url":"https://www.flashscore.com/match/football/metz-4v0yqlWc/strasbourg-nP6UzIU1/summary/stats/1st-half/?mid=G2uey5jO","match_id":"G2uey5jO","collected_at_utc":"2026-08-16T06:19:13.091Z","page_title":"MET 0-1 STR | Metz v Strasbourg 24/09/2023, Stats - Flashscore.com | Match","competition":"WORLD CUP","status":"FINISHED","date_time":"24.09.2023 15:00","home_team":"Metz","away_team":"Strasbourg","sc
[2026-08-16T06:19:13Z] Stored first_half statistics: 14 rows.
[2026-08-16T06:19:13Z] Merged section: statistics_first_half
[2026-08-16T06:19:13Z] Opening 2nd half statistics...
[2026-08-16T06:19:13Z] Navigate: https://www.flashscore.com/match/football/metz-4v0yqlWc/strasbourg-nP6UzIU1/summary/stats/2nd-half/?mid=G2uey5jO
[2026-08-16T06:19:15Z] Page loaded. Waiting for statistics DOM...
[2026-08-16T06:19:16Z] Script [readiness] result prefix: {"body_text_length":3250,"ready":true,"row_count":19,"section":"statistics_second_half","title":"MET 0-1 STR | Metz v Strasbourg 24/09/2023, Stats - Flashscore.com | Match"}
[2026-08-16T06:19:16Z] Reading rendered DOM...
[2026-08-16T06:19:17Z] Executing extraction script for phase 2; length: 5174.
[2026-08-16T06:19:17Z] Script [extract] result prefix: {"schema_version":"1.3","section":"statistics_second_half","statistic_period":"second_half","source_url":"https://www.flashscore.com/match/football/metz-4v0yqlWc/strasbourg-nP6UzIU1/summary/stats/2nd-half/?mid=G2uey5jO","match_id":"G2uey5jO","collected_at_utc":"2026-08-16T06:19:17.088Z","page_title":"MET 0-1 STR | Metz v Strasbourg 24/09/2023, Stats - Flashscore.com | Match","competition":"WORLD CUP","status":"FINISHED","date_time":"24.09.2023 15:00","home_team":"Metz","away_team":"Strasbourg","
[2026-08-16T06:19:17Z] Stored second_half statistics: 14 rows.
[2026-08-16T06:19:17Z] Merged section: statistics_second_half
[2026-08-16T06:19:17Z] Opening lineups...
[2026-08-16T06:19:17Z] Navigate: https://www.flashscore.com/match/football/metz-4v0yqlWc/strasbourg-nP6UzIU1/summary/lineups/?mid=G2uey5jO
[2026-08-16T06:19:19Z] Page loaded. Waiting for statistics DOM...
[2026-08-16T06:19:20Z] Script [readiness] result prefix: {"body_text_length":4060,"ready":true,"row_count":109,"section":"lineups","title":"MET 0-1 STR | Metz v Strasbourg 24/09/2023, Lineups - Flashscore.com | Match"}
[2026-08-16T06:19:20Z] Reading rendered DOM...
[2026-08-16T06:19:21Z] Executing extraction script for phase 4; length: 20701.
[2026-08-16T06:19:21Z] Script [extract] result prefix: {"schema_version":"1.3","section":"lineups","statistic_period":null,"source_url":"https://www.flashscore.com/match/football/metz-4v0yqlWc/strasbourg-nP6UzIU1/summary/lineups/?mid=G2uey5jO","match_id":"G2uey5jO","collected_at_utc":"2026-08-16T06:19:21.083Z","page_title":"MET 0-1 STR | Metz v Strasbourg 24/09/2023, Lineups - Flashscore.com | Match","competition":"WORLD CUP","status":"FINISHED","date_time":"24.09.2023 15:00","home_team":"Metz","away_team":"Strasbourg","score":{"home":"0","away":"1"
[2026-08-16T06:19:21Z] Merged section: lineups
[2026-08-16T06:19:21Z] French Ligue 1 2023/2024: Player Stats are unavailable in the source profile.
[2026-08-16T06:19:21Z] Marked all Player Stats categories as not_available; collection continues.
[2026-08-16T06:19:21Z] Opening commentary...
[2026-08-16T06:19:21Z] Navigate: https://www.flashscore.com/match/football/metz-4v0yqlWc/strasbourg-nP6UzIU1/summary/live-commentary/?mid=G2uey5jO
[2026-08-16T06:19:23Z] Page loaded. Waiting for statistics DOM...
